pair,label,split,comparator,stratum,repetitions,left_units,right_units,retained_units,retained_observations
mkgw_mhyper_native,W-N,dev_oof,Center-0.5,0,1,910,837,837,837
mkgw_mhyper_native,W-N,dev_oof,Center-0.5,1,2,22,22,22,44
mkgw_mhyper_native,W-N,dev_oof,Center-0.5,2,3,4,4,4,12
mkgw_mhyper_native,W-N,dev_oof,Center-0.5,3,4,0,0,0,0
mkgw_mhyper_native,W-N,dev_oof,Center-0.5,4,5,0,0,0,0
mkgw_mhyper_native,W-N,dev_oof,Center-0.5,5,7,1,1,1,7
mkgw_mhyper_native,W-N,dev_oof,Center-0.5,6,8,1,1,1,8
mkgw_mhyper_native,W-N,dev_oof,Center-0.5,7,13,1,1,1,13
mkgw_mhyper_native,W-N,dev_oof,Center-0.5,8,86,1,1,1,86
mkgw_mhyper_native,W-N,dev_oof,Center-0.5,9,1,845,762,762,762
mkgw_mhyper_native,W-N,dev_oof,Center-0.5,10,2,25,25,25,50
mkgw_mhyper_native,W-N,dev_oof,Center-0.5,11,3,1,1,1,3
mkgw_mhyper_native,W-N,dev_oof,Center-0.5,12,4,1,1,1,4
mkgw_mhyper_native,W-N,dev_oof,Center-0.5,13,5,1,1,1,5
mkgw_mhyper_native,W-N,dev_oof,Center-0.5,14,6,0,0,0,0
mkgw_mhyper_native,W-N,dev_oof,Center-0.5,15,7,0,0,0,0
mkgw_mhyper_native,W-N,dev_oof,Center-0.5,16,8,1,1,1,8
mkgw_mhyper_native,W-N,dev_oof,Center-0.5,17,10,1,1,1,10
mkgw_mhyper_native,W-N,dev_oof,Center-0.5,18,11,1,1,1,11
mkgw_mhyper_native,W-N,dev_oof,Center-0.5,19,13,0,0,0,0
mkgw_mhyper_native,W-N,dev_oof,Center-0.5,20,91,1,1,1,91
mkgw_mhyper_native,W-N,dev_oof,Center-0.5,21,1,861,861,861,861
mkgw_mhyper_native,W-N,dev_oof,Center-0.5,22,2,34,34,34,68
mkgw_mhyper_native,W-N,dev_oof,Center-0.5,23,3,1,1,1,3
mkgw_mhyper_native,W-N,dev_oof,Center-0.5,24,4,4,4,4,16
mkgw_mhyper_native,W-N,dev_oof,Center-0.5,25,5,0,0,0,0
mkgw_mhyper_native,W-N,dev_oof,Center-0.5,26,6,0,0,0,0
mkgw_mhyper_native,W-N,dev_oof,Center-0.5,27,9,1,1,1,9
mkgw_mhyper_native,W-N,dev_oof,Center-0.5,28,10,1,1,1,10
mkgw_mhyper_native,W-N,dev_oof,Center-0.5,29,12,0,0,0,0
mkgw_mhyper_native,W-N,dev_oof,Center-0.5,30,15,1,1,1,15
mkgw_mhyper_native,W-N,dev_oof,Center-0.5,31,89,1,1,1,89
mkgw_mhyper_native,W-N,dev_oof,Center-0.5,32,1,885,885,885,885
mkgw_mhyper_native,W-N,dev_oof,Center-0.5,33,2,36,36,36,72
mkgw_mhyper_native,W-N,dev_oof,Center-0.5,34,3,5,5,5,15
mkgw_mhyper_native,W-N,dev_oof,Center-0.5,35,4,3,3,3,12
mkgw_mhyper_native,W-N,dev_oof,Center-0.5,36,6,0,0,0,0
mkgw_mhyper_native,W-N,dev_oof,Center-0.5,37,7,0,0,0,0
mkgw_mhyper_native,W-N,dev_oof,Center-0.5,38,8,0,0,0,0
mkgw_mhyper_native,W-N,dev_oof,Center-0.5,39,13,0,0,0,0
mkgw_mhyper_native,W-N,dev_oof,Center-0.5,40,16,1,1,1,16
mkgw_mhyper_native,W-N,dev_oof,Center-0.5,41,85,1,1,1,85
mkgw_mhyper_native,W-N,dev_oof,Center-0.5,42,1,873,873,873,873
mkgw_mhyper_native,W-N,dev_oof,Center-0.5,43,2,36,36,36,72
mkgw_mhyper_native,W-N,dev_oof,Center-0.5,44,3,5,5,5,15
mkgw_mhyper_native,W-N,dev_oof,Center-0.5,45,4,1,1,1,4
mkgw_mhyper_native,W-N,dev_oof,Center-0.5,46,6,1,1,1,6
mkgw_mhyper_native,W-N,dev_oof,Center-0.5,47,9,0,0,0,0
mkgw_mhyper_native,W-N,dev_oof,Center-0.5,48,13,1,1,1,13
mkgw_mhyper_native,W-N,dev_oof,Center-0.5,49,91,1,1,1,91
mkgw_mhyper_native,W-N,dev_oof,Center-0.5,50,1,923,847,847,847
mkgw_mhyper_native,W-N,dev_oof,Center-0.5,51,2,16,16,16,32
mkgw_mhyper_native,W-N,dev_oof,Center-0.5,52,3,3,3,3,9
mkgw_mhyper_native,W-N,dev_oof,Center-0.5,53,4,1,0,0,0
mkgw_mhyper_native,W-N,dev_oof,Center-0.5,54,5,0,0,0,0
mkgw_mhyper_native,W-N,dev_oof,Center-0.5,55,7,1,1,1,7
mkgw_mhyper_native,W-N,dev_oof,Center-0.5,56,8,1,1,1,8
mkgw_mhyper_native,W-N,dev_oof,Center-0.5,57,13,1,1,1,13
mkgw_mhyper_native,W-N,dev_oof,Center-0.5,58,86,1,1,1,86
mkgw_mhyper_native,W-N,dev_oof,Center-0.5,59,1,894,817,817,817
mkgw_mhyper_native,W-N,dev_oof,Center-0.5,60,2,25,23,23,46
mkgw_mhyper_native,W-N,dev_oof,Center-0.5,61,3,0,0,0,0
mkgw_mhyper_native,W-N,dev_oof,Center-0.5,62,4,0,0,0,0
mkgw_mhyper_native,W-N,dev_oof,Center-0.5,63,5,0,0,0,0
mkgw_mhyper_native,W-N,dev_oof,Center-0.5,64,6,0,0,0,0
mkgw_mhyper_native,W-N,dev_oof,Center-0.5,65,7,0,0,0,0
mkgw_mhyper_native,W-N,dev_oof,Center-0.5,66,8,1,1,1,8
mkgw_mhyper_native,W-N,dev_oof,Center-0.5,67,10,0,0,0,0
mkgw_mhyper_native,W-N,dev_oof,Center-0.5,68,11,1,1,1,11
mkgw_mhyper_native,W-N,dev_oof,Center-0.5,69,13,0,0,0,0
mkgw_mhyper_native,W-N,dev_oof,Center-0.5,70,91,1,1,1,91
mkgw_mhyper_native,W-N,dev_oof,Center-0.5,71,1,945,945,945,945
mkgw_mhyper_native,W-N,dev_oof,Center-0.5,72,2,27,27,27,54
mkgw_mhyper_native,W-N,dev_oof,Center-0.5,73,3,2,2,2,6
mkgw_mhyper_native,W-N,dev_oof,Center-0.5,74,4,3,3,3,12
mkgw_mhyper_native,W-N,dev_oof,Center-0.5,75,5,0,0,0,0
mkgw_mhyper_native,W-N,dev_oof,Center-0.5,76,6,0,0,0,0
mkgw_mhyper_native,W-N,dev_oof,Center-0.5,77,9,1,1,1,9
mkgw_mhyper_native,W-N,dev_oof,Center-0.5,78,10,1,1,1,10
mkgw_mhyper_native,W-N,dev_oof,Center-0.5,79,12,0,0,0,0
mkgw_mhyper_native,W-N,dev_oof,Center-0.5,80,15,0,0,0,0
mkgw_mhyper_native,W-N,dev_oof,Center-0.5,81,89,1,1,1,89
mkgw_mhyper_native,W-N,dev_oof,Center-0.5,82,1,969,969,969,969
mkgw_mhyper_native,W-N,dev_oof,Center-0.5,83,2,37,37,37,74
mkgw_mhyper_native,W-N,dev_oof,Center-0.5,84,3,7,7,7,21
mkgw_mhyper_native,W-N,dev_oof,Center-0.5,85,4,3,3,3,12
mkgw_mhyper_native,W-N,dev_oof,Center-0.5,86,6,0,0,0,0
mkgw_mhyper_native,W-N,dev_oof,Center-0.5,87,7,0,0,0,0
mkgw_mhyper_native,W-N,dev_oof,Center-0.5,88,8,0,0,0,0
mkgw_mhyper_native,W-N,dev_oof,Center-0.5,89,13,0,0,0,0
mkgw_mhyper_native,W-N,dev_oof,Center-0.5,90,16,1,1,1,16
mkgw_mhyper_native,W-N,dev_oof,Center-0.5,91,85,1,1,1,85
mkgw_mhyper_native,W-N,dev_oof,Center-0.5,92,1,943,943,943,943
mkgw_mhyper_native,W-N,dev_oof,Center-0.5,93,2,35,35,35,70
mkgw_mhyper_native,W-N,dev_oof,Center-0.5,94,3,3,3,3,9
mkgw_mhyper_native,W-N,dev_oof,Center-0.5,95,4,1,1,1,4
mkgw_mhyper_native,W-N,dev_oof,Center-0.5,96,6,1,1,1,6
mkgw_mhyper_native,W-N,dev_oof,Center-0.5,97,9,0,0,0,0
mkgw_mhyper_native,W-N,dev_oof,Center-0.5,98,13,1,1,1,13
mkgw_mhyper_native,W-N,dev_oof,Center-0.5,99,91,1,1,1,91
mkgw_mhyper_native,W-N,dev_oof,Center-0.5,100,1,902,807,807,807
mkgw_mhyper_native,W-N,dev_oof,Center-0.5,101,2,21,21,21,42
mkgw_mhyper_native,W-N,dev_oof,Center-0.5,102,3,4,4,4,12
mkgw_mhyper_native,W-N,dev_oof,Center-0.5,103,4,0,0,0,0
mkgw_mhyper_native,W-N,dev_oof,Center-0.5,104,5,1,1,1,5
mkgw_mhyper_native,W-N,dev_oof,Center-0.5,105,7,1,1,1,7
mkgw_mhyper_native,W-N,dev_oof,Center-0.5,106,8,1,1,1,8
mkgw_mhyper_native,W-N,dev_oof,Center-0.5,107,13,1,1,1,13
mkgw_mhyper_native,W-N,dev_oof,Center-0.5,108,86,1,1,1,86
mkgw_mhyper_native,W-N,dev_oof,Center-0.5,109,1,849,776,776,776
mkgw_mhyper_native,W-N,dev_oof,Center-0.5,110,2,26,25,25,50
mkgw_mhyper_native,W-N,dev_oof,Center-0.5,111,3,1,1,1,3
mkgw_mhyper_native,W-N,dev_oof,Center-0.5,112,4,1,1,1,4
mkgw_mhyper_native,W-N,dev_oof,Center-0.5,113,5,1,1,1,5
mkgw_mhyper_native,W-N,dev_oof,Center-0.5,114,6,0,0,0,0
mkgw_mhyper_native,W-N,dev_oof,Center-0.5,115,7,0,0,0,0
mkgw_mhyper_native,W-N,dev_oof,Center-0.5,116,8,1,1,1,8
mkgw_mhyper_native,W-N,dev_oof,Center-0.5,117,10,1,1,1,10
mkgw_mhyper_native,W-N,dev_oof,Center-0.5,118,11,1,1,1,11
mkgw_mhyper_native,W-N,dev_oof,Center-0.5,119,13,0,0,0,0
mkgw_mhyper_native,W-N,dev_oof,Center-0.5,120,91,1,1,1,91
mkgw_mhyper_native,W-N,dev_oof,Center-0.5,121,1,841,841,841,841
mkgw_mhyper_native,W-N,dev_oof,Center-0.5,122,2,35,35,35,70
mkgw_mhyper_native,W-N,dev_oof,Center-0.5,123,3,1,1,1,3
mkgw_mhyper_native,W-N,dev_oof,Center-0.5,124,4,5,5,5,20
mkgw_mhyper_native,W-N,dev_oof,Center-0.5,125,5,0,0,0,0
mkgw_mhyper_native,W-N,dev_oof,Center-0.5,126,6,0,0,0,0
mkgw_mhyper_native,W-N,dev_oof,Center-0.5,127,9,1,1,1,9
mkgw_mhyper_native,W-N,dev_oof,Center-0.5,128,10,1,1,1,10
mkgw_mhyper_native,W-N,dev_oof,Center-0.5,129,12,0,0,0,0
mkgw_mhyper_native,W-N,dev_oof,Center-0.5,130,15,1,1,1,15
mkgw_mhyper_native,W-N,dev_oof,Center-0.5,131,89,1,1,1,89
mkgw_mhyper_native,W-N,dev_oof,Center-0.5,132,1,873,873,873,873
mkgw_mhyper_native,W-N,dev_oof,Center-0.5,133,2,38,38,38,76
mkgw_mhyper_native,W-N,dev_oof,Center-0.5,134,3,6,6,6,18
mkgw_mhyper_native,W-N,dev_oof,Center-0.5,135,4,3,3,3,12
mkgw_mhyper_native,W-N,dev_oof,Center-0.5,136,6,1,1,1,6
mkgw_mhyper_native,W-N,dev_oof,Center-0.5,137,7,0,0,0,0
mkgw_mhyper_native,W-N,dev_oof,Center-0.5,138,8,0,0,0,0
mkgw_mhyper_native,W-N,dev_oof,Center-0.5,139,13,0,0,0,0
mkgw_mhyper_native,W-N,dev_oof,Center-0.5,140,16,1,1,1,16
mkgw_mhyper_native,W-N,dev_oof,Center-0.5,141,85,1,1,1,85
mkgw_mhyper_native,W-N,dev_oof,Center-0.5,142,1,877,877,877,877
mkgw_mhyper_native,W-N,dev_oof,Center-0.5,143,2,37,37,37,74
mkgw_mhyper_native,W-N,dev_oof,Center-0.5,144,3,5,5,5,15
mkgw_mhyper_native,W-N,dev_oof,Center-0.5,145,4,0,0,0,0
mkgw_mhyper_native,W-N,dev_oof,Center-0.5,146,6,1,1,1,6
mkgw_mhyper_native,W-N,dev_oof,Center-0.5,147,9,0,0,0,0
mkgw_mhyper_native,W-N,dev_oof,Center-0.5,148,13,1,1,1,13
mkgw_mhyper_native,W-N,dev_oof,Center-0.5,149,91,1,1,1,91
mkgw_mhyper_native,W-N,dev_oof,Linear-p,0,1,910,910,910,910
mkgw_mhyper_native,W-N,dev_oof,Linear-p,1,2,22,22,22,44
mkgw_mhyper_native,W-N,dev_oof,Linear-p,2,3,4,4,4,12
mkgw_mhyper_native,W-N,dev_oof,Linear-p,3,4,0,0,0,0
mkgw_mhyper_native,W-N,dev_oof,Linear-p,4,5,0,0,0,0
mkgw_mhyper_native,W-N,dev_oof,Linear-p,5,7,1,1,1,7
mkgw_mhyper_native,W-N,dev_oof,Linear-p,6,8,1,1,1,8
mkgw_mhyper_native,W-N,dev_oof,Linear-p,7,13,1,1,1,13
mkgw_mhyper_native,W-N,dev_oof,Linear-p,8,86,1,1,1,86
mkgw_mhyper_native,W-N,dev_oof,Linear-p,9,1,845,845,845,845
mkgw_mhyper_native,W-N,dev_oof,Linear-p,10,2,25,25,25,50
mkgw_mhyper_native,W-N,dev_oof,Linear-p,11,3,1,1,1,3
mkgw_mhyper_native,W-N,dev_oof,Linear-p,12,4,1,1,1,4
mkgw_mhyper_native,W-N,dev_oof,Linear-p,13,5,1,1,1,5
mkgw_mhyper_native,W-N,dev_oof,Linear-p,14,6,0,0,0,0
mkgw_mhyper_native,W-N,dev_oof,Linear-p,15,7,0,0,0,0
mkgw_mhyper_native,W-N,dev_oof,Linear-p,16,8,1,1,1,8
mkgw_mhyper_native,W-N,dev_oof,Linear-p,17,10,1,1,1,10
mkgw_mhyper_native,W-N,dev_oof,Linear-p,18,11,1,1,1,11
mkgw_mhyper_native,W-N,dev_oof,Linear-p,19,13,0,0,0,0
mkgw_mhyper_native,W-N,dev_oof,Linear-p,20,91,1,1,1,91
mkgw_mhyper_native,W-N,dev_oof,Linear-p,21,1,861,861,861,861
mkgw_mhyper_native,W-N,dev_oof,Linear-p,22,2,34,34,34,68
mkgw_mhyper_native,W-N,dev_oof,Linear-p,23,3,1,1,1,3
mkgw_mhyper_native,W-N,dev_oof,Linear-p,24,4,4,4,4,16
mkgw_mhyper_native,W-N,dev_oof,Linear-p,25,5,0,0,0,0
mkgw_mhyper_native,W-N,dev_oof,Linear-p,26,6,0,0,0,0
mkgw_mhyper_native,W-N,dev_oof,Linear-p,27,9,1,1,1,9
mkgw_mhyper_native,W-N,dev_oof,Linear-p,28,10,1,1,1,10
mkgw_mhyper_native,W-N,dev_oof,Linear-p,29,12,0,0,0,0
mkgw_mhyper_native,W-N,dev_oof,Linear-p,30,15,1,1,1,15
mkgw_mhyper_native,W-N,dev_oof,Linear-p,31,89,1,1,1,89
mkgw_mhyper_native,W-N,dev_oof,Linear-p,32,1,885,885,885,885
mkgw_mhyper_native,W-N,dev_oof,Linear-p,33,2,36,36,36,72
mkgw_mhyper_native,W-N,dev_oof,Linear-p,34,3,5,5,5,15
mkgw_mhyper_native,W-N,dev_oof,Linear-p,35,4,3,3,3,12
mkgw_mhyper_native,W-N,dev_oof,Linear-p,36,6,0,0,0,0
mkgw_mhyper_native,W-N,dev_oof,Linear-p,37,7,0,0,0,0
mkgw_mhyper_native,W-N,dev_oof,Linear-p,38,8,0,0,0,0
mkgw_mhyper_native,W-N,dev_oof,Linear-p,39,13,0,0,0,0
mkgw_mhyper_native,W-N,dev_oof,Linear-p,40,16,1,1,1,16
mkgw_mhyper_native,W-N,dev_oof,Linear-p,41,85,1,1,1,85
mkgw_mhyper_native,W-N,dev_oof,Linear-p,42,1,873,873,873,873
mkgw_mhyper_native,W-N,dev_oof,Linear-p,43,2,36,36,36,72
mkgw_mhyper_native,W-N,dev_oof,Linear-p,44,3,5,5,5,15
mkgw_mhyper_native,W-N,dev_oof,Linear-p,45,4,1,1,1,4
mkgw_mhyper_native,W-N,dev_oof,Linear-p,46,6,1,1,1,6
mkgw_mhyper_native,W-N,dev_oof,Linear-p,47,9,0,0,0,0
mkgw_mhyper_native,W-N,dev_oof,Linear-p,48,13,1,1,1,13
mkgw_mhyper_native,W-N,dev_oof,Linear-p,49,91,1,1,1,91
mkgw_mhyper_native,W-N,dev_oof,Linear-p,50,1,923,923,923,923
mkgw_mhyper_native,W-N,dev_oof,Linear-p,51,2,16,16,16,32
mkgw_mhyper_native,W-N,dev_oof,Linear-p,52,3,3,3,3,9
mkgw_mhyper_native,W-N,dev_oof,Linear-p,53,4,1,1,1,4
mkgw_mhyper_native,W-N,dev_oof,Linear-p,54,5,0,0,0,0
mkgw_mhyper_native,W-N,dev_oof,Linear-p,55,7,1,1,1,7
mkgw_mhyper_native,W-N,dev_oof,Linear-p,56,8,1,1,1,8
mkgw_mhyper_native,W-N,dev_oof,Linear-p,57,13,1,1,1,13
mkgw_mhyper_native,W-N,dev_oof,Linear-p,58,86,1,1,1,86
mkgw_mhyper_native,W-N,dev_oof,Linear-p,59,1,894,894,894,894
mkgw_mhyper_native,W-N,dev_oof,Linear-p,60,2,25,25,25,50
mkgw_mhyper_native,W-N,dev_oof,Linear-p,61,3,0,0,0,0
mkgw_mhyper_native,W-N,dev_oof,Linear-p,62,4,0,0,0,0
mkgw_mhyper_native,W-N,dev_oof,Linear-p,63,5,0,0,0,0
mkgw_mhyper_native,W-N,dev_oof,Linear-p,64,6,0,0,0,0
mkgw_mhyper_native,W-N,dev_oof,Linear-p,65,7,0,0,0,0
mkgw_mhyper_native,W-N,dev_oof,Linear-p,66,8,1,1,1,8
mkgw_mhyper_native,W-N,dev_oof,Linear-p,67,10,0,0,0,0
mkgw_mhyper_native,W-N,dev_oof,Linear-p,68,11,1,1,1,11
mkgw_mhyper_native,W-N,dev_oof,Linear-p,69,13,0,0,0,0
mkgw_mhyper_native,W-N,dev_oof,Linear-p,70,91,1,1,1,91
mkgw_mhyper_native,W-N,dev_oof,Linear-p,71,1,945,945,945,945
mkgw_mhyper_native,W-N,dev_oof,Linear-p,72,2,27,27,27,54
mkgw_mhyper_native,W-N,dev_oof,Linear-p,73,3,2,2,2,6
mkgw_mhyper_native,W-N,dev_oof,Linear-p,74,4,3,3,3,12
mkgw_mhyper_native,W-N,dev_oof,Linear-p,75,5,0,0,0,0
mkgw_mhyper_native,W-N,dev_oof,Linear-p,76,6,0,0,0,0
mkgw_mhyper_native,W-N,dev_oof,Linear-p,77,9,1,1,1,9
mkgw_mhyper_native,W-N,dev_oof,Linear-p,78,10,1,1,1,10
mkgw_mhyper_native,W-N,dev_oof,Linear-p,79,12,0,0,0,0
mkgw_mhyper_native,W-N,dev_oof,Linear-p,80,15,0,0,0,0
mkgw_mhyper_native,W-N,dev_oof,Linear-p,81,89,1,1,1,89
mkgw_mhyper_native,W-N,dev_oof,Linear-p,82,1,969,969,969,969
mkgw_mhyper_native,W-N,dev_oof,Linear-p,83,2,37,37,37,74
mkgw_mhyper_native,W-N,dev_oof,Linear-p,84,3,7,7,7,21
mkgw_mhyper_native,W-N,dev_oof,Linear-p,85,4,3,3,3,12
mkgw_mhyper_native,W-N,dev_oof,Linear-p,86,6,0,0,0,0
mkgw_mhyper_native,W-N,dev_oof,Linear-p,87,7,0,0,0,0
mkgw_mhyper_native,W-N,dev_oof,Linear-p,88,8,0,0,0,0
mkgw_mhyper_native,W-N,dev_oof,Linear-p,89,13,0,0,0,0
mkgw_mhyper_native,W-N,dev_oof,Linear-p,90,16,1,1,1,16
mkgw_mhyper_native,W-N,dev_oof,Linear-p,91,85,1,1,1,85
mkgw_mhyper_native,W-N,dev_oof,Linear-p,92,1,943,943,943,943
mkgw_mhyper_native,W-N,dev_oof,Linear-p,93,2,35,35,35,70
mkgw_mhyper_native,W-N,dev_oof,Linear-p,94,3,3,3,3,9
mkgw_mhyper_native,W-N,dev_oof,Linear-p,95,4,1,1,1,4
mkgw_mhyper_native,W-N,dev_oof,Linear-p,96,6,1,1,1,6
mkgw_mhyper_native,W-N,dev_oof,Linear-p,97,9,0,0,0,0
mkgw_mhyper_native,W-N,dev_oof,Linear-p,98,13,1,1,1,13
mkgw_mhyper_native,W-N,dev_oof,Linear-p,99,91,1,1,1,91
mkgw_mhyper_native,W-N,dev_oof,Linear-p,100,1,902,902,902,902
mkgw_mhyper_native,W-N,dev_oof,Linear-p,101,2,21,21,21,42
mkgw_mhyper_native,W-N,dev_oof,Linear-p,102,3,4,4,4,12
mkgw_mhyper_native,W-N,dev_oof,Linear-p,103,4,0,0,0,0
mkgw_mhyper_native,W-N,dev_oof,Linear-p,104,5,1,1,1,5
mkgw_mhyper_native,W-N,dev_oof,Linear-p,105,7,1,1,1,7
mkgw_mhyper_native,W-N,dev_oof,Linear-p,106,8,1,1,1,8
mkgw_mhyper_native,W-N,dev_oof,Linear-p,107,13,1,1,1,13
mkgw_mhyper_native,W-N,dev_oof,Linear-p,108,86,1,1,1,86
mkgw_mhyper_native,W-N,dev_oof,Linear-p,109,1,849,849,849,849
mkgw_mhyper_native,W-N,dev_oof,Linear-p,110,2,26,26,26,52
mkgw_mhyper_native,W-N,dev_oof,Linear-p,111,3,1,1,1,3
mkgw_mhyper_native,W-N,dev_oof,Linear-p,112,4,1,1,1,4
mkgw_mhyper_native,W-N,dev_oof,Linear-p,113,5,1,1,1,5
mkgw_mhyper_native,W-N,dev_oof,Linear-p,114,6,0,0,0,0
mkgw_mhyper_native,W-N,dev_oof,Linear-p,115,7,0,0,0,0
mkgw_mhyper_native,W-N,dev_oof,Linear-p,116,8,1,1,1,8
mkgw_mhyper_native,W-N,dev_oof,Linear-p,117,10,1,1,1,10
mkgw_mhyper_native,W-N,dev_oof,Linear-p,118,11,1,1,1,11
mkgw_mhyper_native,W-N,dev_oof,Linear-p,119,13,0,0,0,0
mkgw_mhyper_native,W-N,dev_oof,Linear-p,120,91,1,1,1,91
mkgw_mhyper_native,W-N,dev_oof,Linear-p,121,1,841,841,841,841
mkgw_mhyper_native,W-N,dev_oof,Linear-p,122,2,35,35,35,70
mkgw_mhyper_native,W-N,dev_oof,Linear-p,123,3,1,1,1,3
mkgw_mhyper_native,W-N,dev_oof,Linear-p,124,4,5,5,5,20
mkgw_mhyper_native,W-N,dev_oof,Linear-p,125,5,0,0,0,0
mkgw_mhyper_native,W-N,dev_oof,Linear-p,126,6,0,0,0,0
mkgw_mhyper_native,W-N,dev_oof,Linear-p,127,9,1,1,1,9
mkgw_mhyper_native,W-N,dev_oof,Linear-p,128,10,1,1,1,10
mkgw_mhyper_native,W-N,dev_oof,Linear-p,129,12,0,0,0,0
mkgw_mhyper_native,W-N,dev_oof,Linear-p,130,15,1,1,1,15
mkgw_mhyper_native,W-N,dev_oof,Linear-p,131,89,1,1,1,89
mkgw_mhyper_native,W-N,dev_oof,Linear-p,132,1,873,873,873,873
mkgw_mhyper_native,W-N,dev_oof,Linear-p,133,2,38,38,38,76
mkgw_mhyper_native,W-N,dev_oof,Linear-p,134,3,6,6,6,18
mkgw_mhyper_native,W-N,dev_oof,Linear-p,135,4,3,3,3,12
mkgw_mhyper_native,W-N,dev_oof,Linear-p,136,6,1,1,1,6
mkgw_mhyper_native,W-N,dev_oof,Linear-p,137,7,0,0,0,0
mkgw_mhyper_native,W-N,dev_oof,Linear-p,138,8,0,0,0,0
mkgw_mhyper_native,W-N,dev_oof,Linear-p,139,13,0,0,0,0
mkgw_mhyper_native,W-N,dev_oof,Linear-p,140,16,1,1,1,16
mkgw_mhyper_native,W-N,dev_oof,Linear-p,141,85,1,1,1,85
mkgw_mhyper_native,W-N,dev_oof,Linear-p,142,1,877,877,877,877
mkgw_mhyper_native,W-N,dev_oof,Linear-p,143,2,37,37,37,74
mkgw_mhyper_native,W-N,dev_oof,Linear-p,144,3,5,5,5,15
mkgw_mhyper_native,W-N,dev_oof,Linear-p,145,4,0,0,0,0
mkgw_mhyper_native,W-N,dev_oof,Linear-p,146,6,1,1,1,6
mkgw_mhyper_native,W-N,dev_oof,Linear-p,147,9,0,0,0,0
mkgw_mhyper_native,W-N,dev_oof,Linear-p,148,13,1,1,1,13
mkgw_mhyper_native,W-N,dev_oof,Linear-p,149,91,1,1,1,91
mkgw_mhyper_native,W-N,dev_oof,Clip-g,0,1,910,910,910,910
mkgw_mhyper_native,W-N,dev_oof,Clip-g,1,2,22,22,22,44
mkgw_mhyper_native,W-N,dev_oof,Clip-g,2,3,4,4,4,12
mkgw_mhyper_native,W-N,dev_oof,Clip-g,3,4,0,0,0,0
mkgw_mhyper_native,W-N,dev_oof,Clip-g,4,5,0,0,0,0
mkgw_mhyper_native,W-N,dev_oof,Clip-g,5,7,1,1,1,7
mkgw_mhyper_native,W-N,dev_oof,Clip-g,6,8,1,1,1,8
mkgw_mhyper_native,W-N,dev_oof,Clip-g,7,13,1,1,1,13
mkgw_mhyper_native,W-N,dev_oof,Clip-g,8,86,1,1,1,86
mkgw_mhyper_native,W-N,dev_oof,Clip-g,9,1,845,845,845,845
mkgw_mhyper_native,W-N,dev_oof,Clip-g,10,2,25,25,25,50
mkgw_mhyper_native,W-N,dev_oof,Clip-g,11,3,1,1,1,3
mkgw_mhyper_native,W-N,dev_oof,Clip-g,12,4,1,1,1,4
mkgw_mhyper_native,W-N,dev_oof,Clip-g,13,5,1,1,1,5
mkgw_mhyper_native,W-N,dev_oof,Clip-g,14,6,0,0,0,0
mkgw_mhyper_native,W-N,dev_oof,Clip-g,15,7,0,0,0,0
mkgw_mhyper_native,W-N,dev_oof,Clip-g,16,8,1,1,1,8
mkgw_mhyper_native,W-N,dev_oof,Clip-g,17,10,1,1,1,10
mkgw_mhyper_native,W-N,dev_oof,Clip-g,18,11,1,1,1,11
mkgw_mhyper_native,W-N,dev_oof,Clip-g,19,13,0,0,0,0
mkgw_mhyper_native,W-N,dev_oof,Clip-g,20,91,1,1,1,91
mkgw_mhyper_native,W-N,dev_oof,Clip-g,21,1,861,861,861,861
mkgw_mhyper_native,W-N,dev_oof,Clip-g,22,2,34,34,34,68
mkgw_mhyper_native,W-N,dev_oof,Clip-g,23,3,1,1,1,3
mkgw_mhyper_native,W-N,dev_oof,Clip-g,24,4,4,4,4,16
mkgw_mhyper_native,W-N,dev_oof,Clip-g,25,5,0,0,0,0
mkgw_mhyper_native,W-N,dev_oof,Clip-g,26,6,0,0,0,0
mkgw_mhyper_native,W-N,dev_oof,Clip-g,27,9,1,1,1,9
mkgw_mhyper_native,W-N,dev_oof,Clip-g,28,10,1,1,1,10
mkgw_mhyper_native,W-N,dev_oof,Clip-g,29,12,0,0,0,0
mkgw_mhyper_native,W-N,dev_oof,Clip-g,30,15,1,1,1,15
mkgw_mhyper_native,W-N,dev_oof,Clip-g,31,89,1,1,1,89
mkgw_mhyper_native,W-N,dev_oof,Clip-g,32,1,885,885,885,885
mkgw_mhyper_native,W-N,dev_oof,Clip-g,33,2,36,36,36,72
mkgw_mhyper_native,W-N,dev_oof,Clip-g,34,3,5,5,5,15
mkgw_mhyper_native,W-N,dev_oof,Clip-g,35,4,3,3,3,12
mkgw_mhyper_native,W-N,dev_oof,Clip-g,36,6,0,0,0,0
mkgw_mhyper_native,W-N,dev_oof,Clip-g,37,7,0,0,0,0
mkgw_mhyper_native,W-N,dev_oof,Clip-g,38,8,0,0,0,0
mkgw_mhyper_native,W-N,dev_oof,Clip-g,39,13,0,0,0,0
mkgw_mhyper_native,W-N,dev_oof,Clip-g,40,16,1,1,1,16
mkgw_mhyper_native,W-N,dev_oof,Clip-g,41,85,1,1,1,85
mkgw_mhyper_native,W-N,dev_oof,Clip-g,42,1,873,873,873,873
mkgw_mhyper_native,W-N,dev_oof,Clip-g,43,2,36,36,36,72
mkgw_mhyper_native,W-N,dev_oof,Clip-g,44,3,5,5,5,15
mkgw_mhyper_native,W-N,dev_oof,Clip-g,45,4,1,1,1,4
mkgw_mhyper_native,W-N,dev_oof,Clip-g,46,6,1,1,1,6
mkgw_mhyper_native,W-N,dev_oof,Clip-g,47,9,0,0,0,0
mkgw_mhyper_native,W-N,dev_oof,Clip-g,48,13,1,1,1,13
mkgw_mhyper_native,W-N,dev_oof,Clip-g,49,91,1,1,1,91
mkgw_mhyper_native,W-N,dev_oof,Clip-g,50,1,923,923,923,923
mkgw_mhyper_native,W-N,dev_oof,Clip-g,51,2,16,16,16,32
mkgw_mhyper_native,W-N,dev_oof,Clip-g,52,3,3,3,3,9
mkgw_mhyper_native,W-N,dev_oof,Clip-g,53,4,1,1,1,4
mkgw_mhyper_native,W-N,dev_oof,Clip-g,54,5,0,0,0,0
mkgw_mhyper_native,W-N,dev_oof,Clip-g,55,7,1,1,1,7
mkgw_mhyper_native,W-N,dev_oof,Clip-g,56,8,1,1,1,8
mkgw_mhyper_native,W-N,dev_oof,Clip-g,57,13,1,1,1,13
mkgw_mhyper_native,W-N,dev_oof,Clip-g,58,86,1,1,1,86
mkgw_mhyper_native,W-N,dev_oof,Clip-g,59,1,894,894,894,894
mkgw_mhyper_native,W-N,dev_oof,Clip-g,60,2,25,25,25,50
mkgw_mhyper_native,W-N,dev_oof,Clip-g,61,3,0,0,0,0
mkgw_mhyper_native,W-N,dev_oof,Clip-g,62,4,0,0,0,0
mkgw_mhyper_native,W-N,dev_oof,Clip-g,63,5,0,0,0,0
mkgw_mhyper_native,W-N,dev_oof,Clip-g,64,6,0,0,0,0
mkgw_mhyper_native,W-N,dev_oof,Clip-g,65,7,0,0,0,0
mkgw_mhyper_native,W-N,dev_oof,Clip-g,66,8,1,1,1,8
mkgw_mhyper_native,W-N,dev_oof,Clip-g,67,10,0,0,0,0
mkgw_mhyper_native,W-N,dev_oof,Clip-g,68,11,1,1,1,11
mkgw_mhyper_native,W-N,dev_oof,Clip-g,69,13,0,0,0,0
mkgw_mhyper_native,W-N,dev_oof,Clip-g,70,91,1,1,1,91
mkgw_mhyper_native,W-N,dev_oof,Clip-g,71,1,945,945,945,945
mkgw_mhyper_native,W-N,dev_oof,Clip-g,72,2,27,27,27,54
mkgw_mhyper_native,W-N,dev_oof,Clip-g,73,3,2,2,2,6
mkgw_mhyper_native,W-N,dev_oof,Clip-g,74,4,3,3,3,12
mkgw_mhyper_native,W-N,dev_oof,Clip-g,75,5,0,0,0,0
mkgw_mhyper_native,W-N,dev_oof,Clip-g,76,6,0,0,0,0
mkgw_mhyper_native,W-N,dev_oof,Clip-g,77,9,1,1,1,9
mkgw_mhyper_native,W-N,dev_oof,Clip-g,78,10,1,1,1,10
mkgw_mhyper_native,W-N,dev_oof,Clip-g,79,12,0,0,0,0
mkgw_mhyper_native,W-N,dev_oof,Clip-g,80,15,0,0,0,0
mkgw_mhyper_native,W-N,dev_oof,Clip-g,81,89,1,1,1,89
mkgw_mhyper_native,W-N,dev_oof,Clip-g,82,1,969,969,969,969
mkgw_mhyper_native,W-N,dev_oof,Clip-g,83,2,37,37,37,74
mkgw_mhyper_native,W-N,dev_oof,Clip-g,84,3,7,7,7,21
mkgw_mhyper_native,W-N,dev_oof,Clip-g,85,4,3,3,3,12
mkgw_mhyper_native,W-N,dev_oof,Clip-g,86,6,0,0,0,0
mkgw_mhyper_native,W-N,dev_oof,Clip-g,87,7,0,0,0,0
mkgw_mhyper_native,W-N,dev_oof,Clip-g,88,8,0,0,0,0
mkgw_mhyper_native,W-N,dev_oof,Clip-g,89,13,0,0,0,0
mkgw_mhyper_native,W-N,dev_oof,Clip-g,90,16,1,1,1,16
mkgw_mhyper_native,W-N,dev_oof,Clip-g,91,85,1,1,1,85
mkgw_mhyper_native,W-N,dev_oof,Clip-g,92,1,943,943,943,943
mkgw_mhyper_native,W-N,dev_oof,Clip-g,93,2,35,35,35,70
mkgw_mhyper_native,W-N,dev_oof,Clip-g,94,3,3,3,3,9
mkgw_mhyper_native,W-N,dev_oof,Clip-g,95,4,1,1,1,4
mkgw_mhyper_native,W-N,dev_oof,Clip-g,96,6,1,1,1,6
mkgw_mhyper_native,W-N,dev_oof,Clip-g,97,9,0,0,0,0
mkgw_mhyper_native,W-N,dev_oof,Clip-g,98,13,1,1,1,13
mkgw_mhyper_native,W-N,dev_oof,Clip-g,99,91,1,1,1,91
mkgw_mhyper_native,W-N,dev_oof,Clip-g,100,1,902,902,902,902
mkgw_mhyper_native,W-N,dev_oof,Clip-g,101,2,21,21,21,42
mkgw_mhyper_native,W-N,dev_oof,Clip-g,102,3,4,4,4,12
mkgw_mhyper_native,W-N,dev_oof,Clip-g,103,4,0,0,0,0
mkgw_mhyper_native,W-N,dev_oof,Clip-g,104,5,1,1,1,5
mkgw_mhyper_native,W-N,dev_oof,Clip-g,105,7,1,1,1,7
mkgw_mhyper_native,W-N,dev_oof,Clip-g,106,8,1,1,1,8
mkgw_mhyper_native,W-N,dev_oof,Clip-g,107,13,1,1,1,13
mkgw_mhyper_native,W-N,dev_oof,Clip-g,108,86,1,1,1,86
mkgw_mhyper_native,W-N,dev_oof,Clip-g,109,1,849,849,849,849
mkgw_mhyper_native,W-N,dev_oof,Clip-g,110,2,26,26,26,52
mkgw_mhyper_native,W-N,dev_oof,Clip-g,111,3,1,1,1,3
mkgw_mhyper_native,W-N,dev_oof,Clip-g,112,4,1,1,1,4
mkgw_mhyper_native,W-N,dev_oof,Clip-g,113,5,1,1,1,5
mkgw_mhyper_native,W-N,dev_oof,Clip-g,114,6,0,0,0,0
mkgw_mhyper_native,W-N,dev_oof,Clip-g,115,7,0,0,0,0
mkgw_mhyper_native,W-N,dev_oof,Clip-g,116,8,1,1,1,8
mkgw_mhyper_native,W-N,dev_oof,Clip-g,117,10,1,1,1,10
mkgw_mhyper_native,W-N,dev_oof,Clip-g,118,11,1,1,1,11
mkgw_mhyper_native,W-N,dev_oof,Clip-g,119,13,0,0,0,0
mkgw_mhyper_native,W-N,dev_oof,Clip-g,120,91,1,1,1,91
mkgw_mhyper_native,W-N,dev_oof,Clip-g,121,1,841,841,841,841
mkgw_mhyper_native,W-N,dev_oof,Clip-g,122,2,35,35,35,70
mkgw_mhyper_native,W-N,dev_oof,Clip-g,123,3,1,1,1,3
mkgw_mhyper_native,W-N,dev_oof,Clip-g,124,4,5,5,5,20
mkgw_mhyper_native,W-N,dev_oof,Clip-g,125,5,0,0,0,0
mkgw_mhyper_native,W-N,dev_oof,Clip-g,126,6,0,0,0,0
mkgw_mhyper_native,W-N,dev_oof,Clip-g,127,9,1,1,1,9
mkgw_mhyper_native,W-N,dev_oof,Clip-g,128,10,1,1,1,10
mkgw_mhyper_native,W-N,dev_oof,Clip-g,129,12,0,0,0,0
mkgw_mhyper_native,W-N,dev_oof,Clip-g,130,15,1,1,1,15
mkgw_mhyper_native,W-N,dev_oof,Clip-g,131,89,1,1,1,89
mkgw_mhyper_native,W-N,dev_oof,Clip-g,132,1,873,873,873,873
mkgw_mhyper_native,W-N,dev_oof,Clip-g,133,2,38,38,38,76
mkgw_mhyper_native,W-N,dev_oof,Clip-g,134,3,6,6,6,18
mkgw_mhyper_native,W-N,dev_oof,Clip-g,135,4,3,3,3,12
mkgw_mhyper_native,W-N,dev_oof,Clip-g,136,6,1,1,1,6
mkgw_mhyper_native,W-N,dev_oof,Clip-g,137,7,0,0,0,0
mkgw_mhyper_native,W-N,dev_oof,Clip-g,138,8,0,0,0,0
mkgw_mhyper_native,W-N,dev_oof,Clip-g,139,13,0,0,0,0
mkgw_mhyper_native,W-N,dev_oof,Clip-g,140,16,1,1,1,16
mkgw_mhyper_native,W-N,dev_oof,Clip-g,141,85,1,1,1,85
mkgw_mhyper_native,W-N,dev_oof,Clip-g,142,1,877,877,877,877
mkgw_mhyper_native,W-N,dev_oof,Clip-g,143,2,37,37,37,74
mkgw_mhyper_native,W-N,dev_oof,Clip-g,144,3,5,5,5,15
mkgw_mhyper_native,W-N,dev_oof,Clip-g,145,4,0,0,0,0
mkgw_mhyper_native,W-N,dev_oof,Clip-g,146,6,1,1,1,6
mkgw_mhyper_native,W-N,dev_oof,Clip-g,147,9,0,0,0,0
mkgw_mhyper_native,W-N,dev_oof,Clip-g,148,13,1,1,1,13
mkgw_mhyper_native,W-N,dev_oof,Clip-g,149,91,1,1,1,91
mkgw_mhyper_native,W-N,dev_oof,Shrink-fixed,0,1,910,444,444,444
mkgw_mhyper_native,W-N,dev_oof,Shrink-fixed,1,2,22,18,18,36
mkgw_mhyper_native,W-N,dev_oof,Shrink-fixed,2,3,4,4,4,12
mkgw_mhyper_native,W-N,dev_oof,Shrink-fixed,3,4,0,0,0,0
mkgw_mhyper_native,W-N,dev_oof,Shrink-fixed,4,5,0,0,0,0
mkgw_mhyper_native,W-N,dev_oof,Shrink-fixed,5,7,1,1,1,7
mkgw_mhyper_native,W-N,dev_oof,Shrink-fixed,6,8,1,1,1,8
mkgw_mhyper_native,W-N,dev_oof,Shrink-fixed,7,13,1,1,1,13
mkgw_mhyper_native,W-N,dev_oof,Shrink-fixed,8,86,1,1,1,86
mkgw_mhyper_native,W-N,dev_oof,Shrink-fixed,9,1,845,413,413,413
mkgw_mhyper_native,W-N,dev_oof,Shrink-fixed,10,2,25,24,24,48
mkgw_mhyper_native,W-N,dev_oof,Shrink-fixed,11,3,1,1,1,3
mkgw_mhyper_native,W-N,dev_oof,Shrink-fixed,12,4,1,1,1,4
mkgw_mhyper_native,W-N,dev_oof,Shrink-fixed,13,5,1,1,1,5
mkgw_mhyper_native,W-N,dev_oof,Shrink-fixed,14,6,0,0,0,0
mkgw_mhyper_native,W-N,dev_oof,Shrink-fixed,15,7,0,0,0,0
mkgw_mhyper_native,W-N,dev_oof,Shrink-fixed,16,8,1,1,1,8
mkgw_mhyper_native,W-N,dev_oof,Shrink-fixed,17,10,1,1,1,10
mkgw_mhyper_native,W-N,dev_oof,Shrink-fixed,18,11,1,1,1,11
mkgw_mhyper_native,W-N,dev_oof,Shrink-fixed,19,13,0,0,0,0
mkgw_mhyper_native,W-N,dev_oof,Shrink-fixed,20,91,1,1,1,91
mkgw_mhyper_native,W-N,dev_oof,Shrink-fixed,21,1,861,579,579,579
mkgw_mhyper_native,W-N,dev_oof,Shrink-fixed,22,2,34,32,32,64
mkgw_mhyper_native,W-N,dev_oof,Shrink-fixed,23,3,1,1,1,3
mkgw_mhyper_native,W-N,dev_oof,Shrink-fixed,24,4,4,3,3,12
mkgw_mhyper_native,W-N,dev_oof,Shrink-fixed,25,5,0,0,0,0
mkgw_mhyper_native,W-N,dev_oof,Shrink-fixed,26,6,0,0,0,0
mkgw_mhyper_native,W-N,dev_oof,Shrink-fixed,27,9,1,1,1,9
mkgw_mhyper_native,W-N,dev_oof,Shrink-fixed,28,10,1,0,0,0
mkgw_mhyper_native,W-N,dev_oof,Shrink-fixed,29,12,0,0,0,0
mkgw_mhyper_native,W-N,dev_oof,Shrink-fixed,30,15,1,1,1,15
mkgw_mhyper_native,W-N,dev_oof,Shrink-fixed,31,89,1,1,1,89
mkgw_mhyper_native,W-N,dev_oof,Shrink-fixed,32,1,885,613,613,613
mkgw_mhyper_native,W-N,dev_oof,Shrink-fixed,33,2,36,30,30,60
mkgw_mhyper_native,W-N,dev_oof,Shrink-fixed,34,3,5,5,5,15
mkgw_mhyper_native,W-N,dev_oof,Shrink-fixed,35,4,3,3,3,12
mkgw_mhyper_native,W-N,dev_oof,Shrink-fixed,36,6,0,0,0,0
mkgw_mhyper_native,W-N,dev_oof,Shrink-fixed,37,7,0,0,0,0
mkgw_mhyper_native,W-N,dev_oof,Shrink-fixed,38,8,0,0,0,0
mkgw_mhyper_native,W-N,dev_oof,Shrink-fixed,39,13,0,0,0,0
mkgw_mhyper_native,W-N,dev_oof,Shrink-fixed,40,16,1,1,1,16
mkgw_mhyper_native,W-N,dev_oof,Shrink-fixed,41,85,1,1,1,85
mkgw_mhyper_native,W-N,dev_oof,Shrink-fixed,42,1,873,612,612,612
mkgw_mhyper_native,W-N,dev_oof,Shrink-fixed,43,2,36,33,33,66
mkgw_mhyper_native,W-N,dev_oof,Shrink-fixed,44,3,5,5,5,15
mkgw_mhyper_native,W-N,dev_oof,Shrink-fixed,45,4,1,0,0,0
mkgw_mhyper_native,W-N,dev_oof,Shrink-fixed,46,6,1,1,1,6
mkgw_mhyper_native,W-N,dev_oof,Shrink-fixed,47,9,0,0,0,0
mkgw_mhyper_native,W-N,dev_oof,Shrink-fixed,48,13,1,1,1,13
mkgw_mhyper_native,W-N,dev_oof,Shrink-fixed,49,91,1,1,1,91
mkgw_mhyper_native,W-N,dev_oof,Shrink-fixed,50,1,923,433,433,433
mkgw_mhyper_native,W-N,dev_oof,Shrink-fixed,51,2,16,12,12,24
mkgw_mhyper_native,W-N,dev_oof,Shrink-fixed,52,3,3,3,3,9
mkgw_mhyper_native,W-N,dev_oof,Shrink-fixed,53,4,1,0,0,0
mkgw_mhyper_native,W-N,dev_oof,Shrink-fixed,54,5,0,0,0,0
mkgw_mhyper_native,W-N,dev_oof,Shrink-fixed,55,7,1,1,1,7
mkgw_mhyper_native,W-N,dev_oof,Shrink-fixed,56,8,1,1,1,8
mkgw_mhyper_native,W-N,dev_oof,Shrink-fixed,57,13,1,1,1,13
mkgw_mhyper_native,W-N,dev_oof,Shrink-fixed,58,86,1,1,1,86
mkgw_mhyper_native,W-N,dev_oof,Shrink-fixed,59,1,894,408,408,408
mkgw_mhyper_native,W-N,dev_oof,Shrink-fixed,60,2,25,20,20,40
mkgw_mhyper_native,W-N,dev_oof,Shrink-fixed,61,3,0,0,0,0
mkgw_mhyper_native,W-N,dev_oof,Shrink-fixed,62,4,0,0,0,0
mkgw_mhyper_native,W-N,dev_oof,Shrink-fixed,63,5,0,0,0,0
mkgw_mhyper_native,W-N,dev_oof,Shrink-fixed,64,6,0,0,0,0
mkgw_mhyper_native,W-N,dev_oof,Shrink-fixed,65,7,0,0,0,0
mkgw_mhyper_native,W-N,dev_oof,Shrink-fixed,66,8,1,1,1,8
mkgw_mhyper_native,W-N,dev_oof,Shrink-fixed,67,10,0,0,0,0
mkgw_mhyper_native,W-N,dev_oof,Shrink-fixed,68,11,1,1,1,11
mkgw_mhyper_native,W-N,dev_oof,Shrink-fixed,69,13,0,0,0,0
mkgw_mhyper_native,W-N,dev_oof,Shrink-fixed,70,91,1,1,1,91
mkgw_mhyper_native,W-N,dev_oof,Shrink-fixed,71,1,945,603,603,603
mkgw_mhyper_native,W-N,dev_oof,Shrink-fixed,72,2,27,23,23,46
mkgw_mhyper_native,W-N,dev_oof,Shrink-fixed,73,3,2,1,1,3
mkgw_mhyper_native,W-N,dev_oof,Shrink-fixed,74,4,3,2,2,8
mkgw_mhyper_native,W-N,dev_oof,Shrink-fixed,75,5,0,0,0,0
mkgw_mhyper_native,W-N,dev_oof,Shrink-fixed,76,6,0,0,0,0
mkgw_mhyper_native,W-N,dev_oof,Shrink-fixed,77,9,1,1,1,9
mkgw_mhyper_native,W-N,dev_oof,Shrink-fixed,78,10,1,0,0,0
mkgw_mhyper_native,W-N,dev_oof,Shrink-fixed,79,12,0,0,0,0
mkgw_mhyper_native,W-N,dev_oof,Shrink-fixed,80,15,0,0,0,0
mkgw_mhyper_native,W-N,dev_oof,Shrink-fixed,81,89,1,1,1,89
mkgw_mhyper_native,W-N,dev_oof,Shrink-fixed,82,1,969,639,639,639
mkgw_mhyper_native,W-N,dev_oof,Shrink-fixed,83,2,37,28,28,56
mkgw_mhyper_native,W-N,dev_oof,Shrink-fixed,84,3,7,4,4,12
mkgw_mhyper_native,W-N,dev_oof,Shrink-fixed,85,4,3,3,3,12
mkgw_mhyper_native,W-N,dev_oof,Shrink-fixed,86,6,0,0,0,0
mkgw_mhyper_native,W-N,dev_oof,Shrink-fixed,87,7,0,0,0,0
mkgw_mhyper_native,W-N,dev_oof,Shrink-fixed,88,8,0,0,0,0
mkgw_mhyper_native,W-N,dev_oof,Shrink-fixed,89,13,0,0,0,0
mkgw_mhyper_native,W-N,dev_oof,Shrink-fixed,90,16,1,1,1,16
mkgw_mhyper_native,W-N,dev_oof,Shrink-fixed,91,85,1,1,1,85
mkgw_mhyper_native,W-N,dev_oof,Shrink-fixed,92,1,943,619,619,619
mkgw_mhyper_native,W-N,dev_oof,Shrink-fixed,93,2,35,30,30,60
mkgw_mhyper_native,W-N,dev_oof,Shrink-fixed,94,3,3,2,2,6
mkgw_mhyper_native,W-N,dev_oof,Shrink-fixed,95,4,1,0,0,0
mkgw_mhyper_native,W-N,dev_oof,Shrink-fixed,96,6,1,1,1,6
mkgw_mhyper_native,W-N,dev_oof,Shrink-fixed,97,9,0,0,0,0
mkgw_mhyper_native,W-N,dev_oof,Shrink-fixed,98,13,1,1,1,13
mkgw_mhyper_native,W-N,dev_oof,Shrink-fixed,99,91,1,1,1,91
mkgw_mhyper_native,W-N,dev_oof,Shrink-fixed,100,1,902,451,451,451
mkgw_mhyper_native,W-N,dev_oof,Shrink-fixed,101,2,21,17,17,34
mkgw_mhyper_native,W-N,dev_oof,Shrink-fixed,102,3,4,4,4,12
mkgw_mhyper_native,W-N,dev_oof,Shrink-fixed,103,4,0,0,0,0
mkgw_mhyper_native,W-N,dev_oof,Shrink-fixed,104,5,1,1,1,5
mkgw_mhyper_native,W-N,dev_oof,Shrink-fixed,105,7,1,1,1,7
mkgw_mhyper_native,W-N,dev_oof,Shrink-fixed,106,8,1,1,1,8
mkgw_mhyper_native,W-N,dev_oof,Shrink-fixed,107,13,1,1,1,13
mkgw_mhyper_native,W-N,dev_oof,Shrink-fixed,108,86,1,1,1,86
mkgw_mhyper_native,W-N,dev_oof,Shrink-fixed,109,1,849,435,435,435
mkgw_mhyper_native,W-N,dev_oof,Shrink-fixed,110,2,26,24,24,48
mkgw_mhyper_native,W-N,dev_oof,Shrink-fixed,111,3,1,1,1,3
mkgw_mhyper_native,W-N,dev_oof,Shrink-fixed,112,4,1,1,1,4
mkgw_mhyper_native,W-N,dev_oof,Shrink-fixed,113,5,1,1,1,5
mkgw_mhyper_native,W-N,dev_oof,Shrink-fixed,114,6,0,0,0,0
mkgw_mhyper_native,W-N,dev_oof,Shrink-fixed,115,7,0,0,0,0
mkgw_mhyper_native,W-N,dev_oof,Shrink-fixed,116,8,1,1,1,8
mkgw_mhyper_native,W-N,dev_oof,Shrink-fixed,117,10,1,1,1,10
mkgw_mhyper_native,W-N,dev_oof,Shrink-fixed,118,11,1,1,1,11
mkgw_mhyper_native,W-N,dev_oof,Shrink-fixed,119,13,0,0,0,0
mkgw_mhyper_native,W-N,dev_oof,Shrink-fixed,120,91,1,1,1,91
mkgw_mhyper_native,W-N,dev_oof,Shrink-fixed,121,1,841,566,566,566
mkgw_mhyper_native,W-N,dev_oof,Shrink-fixed,122,2,35,32,32,64
mkgw_mhyper_native,W-N,dev_oof,Shrink-fixed,123,3,1,1,1,3
mkgw_mhyper_native,W-N,dev_oof,Shrink-fixed,124,4,5,4,4,16
mkgw_mhyper_native,W-N,dev_oof,Shrink-fixed,125,5,0,0,0,0
mkgw_mhyper_native,W-N,dev_oof,Shrink-fixed,126,6,0,0,0,0
mkgw_mhyper_native,W-N,dev_oof,Shrink-fixed,127,9,1,1,1,9
mkgw_mhyper_native,W-N,dev_oof,Shrink-fixed,128,10,1,0,0,0
mkgw_mhyper_native,W-N,dev_oof,Shrink-fixed,129,12,0,0,0,0
mkgw_mhyper_native,W-N,dev_oof,Shrink-fixed,130,15,1,1,1,15
mkgw_mhyper_native,W-N,dev_oof,Shrink-fixed,131,89,1,1,1,89
mkgw_mhyper_native,W-N,dev_oof,Shrink-fixed,132,1,873,616,616,616
mkgw_mhyper_native,W-N,dev_oof,Shrink-fixed,133,2,38,31,31,62
mkgw_mhyper_native,W-N,dev_oof,Shrink-fixed,134,3,6,5,5,15
mkgw_mhyper_native,W-N,dev_oof,Shrink-fixed,135,4,3,3,3,12
mkgw_mhyper_native,W-N,dev_oof,Shrink-fixed,136,6,1,1,1,6
mkgw_mhyper_native,W-N,dev_oof,Shrink-fixed,137,7,0,0,0,0
mkgw_mhyper_native,W-N,dev_oof,Shrink-fixed,138,8,0,0,0,0
mkgw_mhyper_native,W-N,dev_oof,Shrink-fixed,139,13,0,0,0,0
mkgw_mhyper_native,W-N,dev_oof,Shrink-fixed,140,16,1,1,1,16
mkgw_mhyper_native,W-N,dev_oof,Shrink-fixed,141,85,1,1,1,85
mkgw_mhyper_native,W-N,dev_oof,Shrink-fixed,142,1,877,599,599,599
mkgw_mhyper_native,W-N,dev_oof,Shrink-fixed,143,2,37,35,35,70
mkgw_mhyper_native,W-N,dev_oof,Shrink-fixed,144,3,5,5,5,15
mkgw_mhyper_native,W-N,dev_oof,Shrink-fixed,145,4,0,0,0,0
mkgw_mhyper_native,W-N,dev_oof,Shrink-fixed,146,6,1,1,1,6
mkgw_mhyper_native,W-N,dev_oof,Shrink-fixed,147,9,0,0,0,0
mkgw_mhyper_native,W-N,dev_oof,Shrink-fixed,148,13,1,1,1,13
mkgw_mhyper_native,W-N,dev_oof,Shrink-fixed,149,91,1,1,1,91
mkgw_mhyper_native,W-N,dev_oof,Radius-1,0,1,910,910,910,910
mkgw_mhyper_native,W-N,dev_oof,Radius-1,1,2,22,22,22,44
mkgw_mhyper_native,W-N,dev_oof,Radius-1,2,3,4,4,4,12
mkgw_mhyper_native,W-N,dev_oof,Radius-1,3,4,0,0,0,0
mkgw_mhyper_native,W-N,dev_oof,Radius-1,4,5,0,0,0,0
mkgw_mhyper_native,W-N,dev_oof,Radius-1,5,7,1,1,1,7
mkgw_mhyper_native,W-N,dev_oof,Radius-1,6,8,1,1,1,8
mkgw_mhyper_native,W-N,dev_oof,Radius-1,7,13,1,1,1,13
mkgw_mhyper_native,W-N,dev_oof,Radius-1,8,86,1,1,1,86
mkgw_mhyper_native,W-N,dev_oof,Radius-1,9,1,845,845,845,845
mkgw_mhyper_native,W-N,dev_oof,Radius-1,10,2,25,25,25,50
mkgw_mhyper_native,W-N,dev_oof,Radius-1,11,3,1,1,1,3
mkgw_mhyper_native,W-N,dev_oof,Radius-1,12,4,1,1,1,4
mkgw_mhyper_native,W-N,dev_oof,Radius-1,13,5,1,1,1,5
mkgw_mhyper_native,W-N,dev_oof,Radius-1,14,6,0,0,0,0
mkgw_mhyper_native,W-N,dev_oof,Radius-1,15,7,0,0,0,0
mkgw_mhyper_native,W-N,dev_oof,Radius-1,16,8,1,1,1,8
mkgw_mhyper_native,W-N,dev_oof,Radius-1,17,10,1,1,1,10
mkgw_mhyper_native,W-N,dev_oof,Radius-1,18,11,1,1,1,11
mkgw_mhyper_native,W-N,dev_oof,Radius-1,19,13,0,0,0,0
mkgw_mhyper_native,W-N,dev_oof,Radius-1,20,91,1,1,1,91
mkgw_mhyper_native,W-N,dev_oof,Radius-1,21,1,861,861,861,861
mkgw_mhyper_native,W-N,dev_oof,Radius-1,22,2,34,34,34,68
mkgw_mhyper_native,W-N,dev_oof,Radius-1,23,3,1,1,1,3
mkgw_mhyper_native,W-N,dev_oof,Radius-1,24,4,4,4,4,16
mkgw_mhyper_native,W-N,dev_oof,Radius-1,25,5,0,0,0,0
mkgw_mhyper_native,W-N,dev_oof,Radius-1,26,6,0,0,0,0
mkgw_mhyper_native,W-N,dev_oof,Radius-1,27,9,1,1,1,9
mkgw_mhyper_native,W-N,dev_oof,Radius-1,28,10,1,1,1,10
mkgw_mhyper_native,W-N,dev_oof,Radius-1,29,12,0,0,0,0
mkgw_mhyper_native,W-N,dev_oof,Radius-1,30,15,1,1,1,15
mkgw_mhyper_native,W-N,dev_oof,Radius-1,31,89,1,1,1,89
mkgw_mhyper_native,W-N,dev_oof,Radius-1,32,1,885,885,885,885
mkgw_mhyper_native,W-N,dev_oof,Radius-1,33,2,36,36,36,72
mkgw_mhyper_native,W-N,dev_oof,Radius-1,34,3,5,5,5,15
mkgw_mhyper_native,W-N,dev_oof,Radius-1,35,4,3,3,3,12
mkgw_mhyper_native,W-N,dev_oof,Radius-1,36,6,0,0,0,0
mkgw_mhyper_native,W-N,dev_oof,Radius-1,37,7,0,0,0,0
mkgw_mhyper_native,W-N,dev_oof,Radius-1,38,8,0,0,0,0
mkgw_mhyper_native,W-N,dev_oof,Radius-1,39,13,0,0,0,0
mkgw_mhyper_native,W-N,dev_oof,Radius-1,40,16,1,1,1,16
mkgw_mhyper_native,W-N,dev_oof,Radius-1,41,85,1,1,1,85
mkgw_mhyper_native,W-N,dev_oof,Radius-1,42,1,873,873,873,873
mkgw_mhyper_native,W-N,dev_oof,Radius-1,43,2,36,36,36,72
mkgw_mhyper_native,W-N,dev_oof,Radius-1,44,3,5,5,5,15
mkgw_mhyper_native,W-N,dev_oof,Radius-1,45,4,1,1,1,4
mkgw_mhyper_native,W-N,dev_oof,Radius-1,46,6,1,1,1,6
mkgw_mhyper_native,W-N,dev_oof,Radius-1,47,9,0,0,0,0
mkgw_mhyper_native,W-N,dev_oof,Radius-1,48,13,1,1,1,13
mkgw_mhyper_native,W-N,dev_oof,Radius-1,49,91,1,1,1,91
mkgw_mhyper_native,W-N,dev_oof,Radius-1,50,1,923,923,923,923
mkgw_mhyper_native,W-N,dev_oof,Radius-1,51,2,16,16,16,32
mkgw_mhyper_native,W-N,dev_oof,Radius-1,52,3,3,3,3,9
mkgw_mhyper_native,W-N,dev_oof,Radius-1,53,4,1,1,1,4
mkgw_mhyper_native,W-N,dev_oof,Radius-1,54,5,0,0,0,0
mkgw_mhyper_native,W-N,dev_oof,Radius-1,55,7,1,1,1,7
mkgw_mhyper_native,W-N,dev_oof,Radius-1,56,8,1,1,1,8
mkgw_mhyper_native,W-N,dev_oof,Radius-1,57,13,1,1,1,13
mkgw_mhyper_native,W-N,dev_oof,Radius-1,58,86,1,1,1,86
mkgw_mhyper_native,W-N,dev_oof,Radius-1,59,1,894,894,894,894
mkgw_mhyper_native,W-N,dev_oof,Radius-1,60,2,25,25,25,50
mkgw_mhyper_native,W-N,dev_oof,Radius-1,61,3,0,0,0,0
mkgw_mhyper_native,W-N,dev_oof,Radius-1,62,4,0,0,0,0
mkgw_mhyper_native,W-N,dev_oof,Radius-1,63,5,0,0,0,0
mkgw_mhyper_native,W-N,dev_oof,Radius-1,64,6,0,0,0,0
mkgw_mhyper_native,W-N,dev_oof,Radius-1,65,7,0,0,0,0
mkgw_mhyper_native,W-N,dev_oof,Radius-1,66,8,1,1,1,8
mkgw_mhyper_native,W-N,dev_oof,Radius-1,67,10,0,0,0,0
mkgw_mhyper_native,W-N,dev_oof,Radius-1,68,11,1,1,1,11
mkgw_mhyper_native,W-N,dev_oof,Radius-1,69,13,0,0,0,0
mkgw_mhyper_native,W-N,dev_oof,Radius-1,70,91,1,1,1,91
mkgw_mhyper_native,W-N,dev_oof,Radius-1,71,1,945,945,945,945
mkgw_mhyper_native,W-N,dev_oof,Radius-1,72,2,27,27,27,54
mkgw_mhyper_native,W-N,dev_oof,Radius-1,73,3,2,2,2,6
mkgw_mhyper_native,W-N,dev_oof,Radius-1,74,4,3,3,3,12
mkgw_mhyper_native,W-N,dev_oof,Radius-1,75,5,0,0,0,0
mkgw_mhyper_native,W-N,dev_oof,Radius-1,76,6,0,0,0,0
mkgw_mhyper_native,W-N,dev_oof,Radius-1,77,9,1,1,1,9
mkgw_mhyper_native,W-N,dev_oof,Radius-1,78,10,1,1,1,10
mkgw_mhyper_native,W-N,dev_oof,Radius-1,79,12,0,0,0,0
mkgw_mhyper_native,W-N,dev_oof,Radius-1,80,15,0,0,0,0
mkgw_mhyper_native,W-N,dev_oof,Radius-1,81,89,1,1,1,89
mkgw_mhyper_native,W-N,dev_oof,Radius-1,82,1,969,969,969,969
mkgw_mhyper_native,W-N,dev_oof,Radius-1,83,2,37,37,37,74
mkgw_mhyper_native,W-N,dev_oof,Radius-1,84,3,7,7,7,21
mkgw_mhyper_native,W-N,dev_oof,Radius-1,85,4,3,3,3,12
mkgw_mhyper_native,W-N,dev_oof,Radius-1,86,6,0,0,0,0
mkgw_mhyper_native,W-N,dev_oof,Radius-1,87,7,0,0,0,0
mkgw_mhyper_native,W-N,dev_oof,Radius-1,88,8,0,0,0,0
mkgw_mhyper_native,W-N,dev_oof,Radius-1,89,13,0,0,0,0
mkgw_mhyper_native,W-N,dev_oof,Radius-1,90,16,1,1,1,16
mkgw_mhyper_native,W-N,dev_oof,Radius-1,91,85,1,1,1,85
mkgw_mhyper_native,W-N,dev_oof,Radius-1,92,1,943,943,943,943
mkgw_mhyper_native,W-N,dev_oof,Radius-1,93,2,35,35,35,70
mkgw_mhyper_native,W-N,dev_oof,Radius-1,94,3,3,3,3,9
mkgw_mhyper_native,W-N,dev_oof,Radius-1,95,4,1,1,1,4
mkgw_mhyper_native,W-N,dev_oof,Radius-1,96,6,1,1,1,6
mkgw_mhyper_native,W-N,dev_oof,Radius-1,97,9,0,0,0,0
mkgw_mhyper_native,W-N,dev_oof,Radius-1,98,13,1,1,1,13
mkgw_mhyper_native,W-N,dev_oof,Radius-1,99,91,1,1,1,91
mkgw_mhyper_native,W-N,dev_oof,Radius-1,100,1,902,902,902,902
mkgw_mhyper_native,W-N,dev_oof,Radius-1,101,2,21,21,21,42
mkgw_mhyper_native,W-N,dev_oof,Radius-1,102,3,4,4,4,12
mkgw_mhyper_native,W-N,dev_oof,Radius-1,103,4,0,0,0,0
mkgw_mhyper_native,W-N,dev_oof,Radius-1,104,5,1,1,1,5
mkgw_mhyper_native,W-N,dev_oof,Radius-1,105,7,1,1,1,7
mkgw_mhyper_native,W-N,dev_oof,Radius-1,106,8,1,1,1,8
mkgw_mhyper_native,W-N,dev_oof,Radius-1,107,13,1,1,1,13
mkgw_mhyper_native,W-N,dev_oof,Radius-1,108,86,1,1,1,86
mkgw_mhyper_native,W-N,dev_oof,Radius-1,109,1,849,849,849,849
mkgw_mhyper_native,W-N,dev_oof,Radius-1,110,2,26,26,26,52
mkgw_mhyper_native,W-N,dev_oof,Radius-1,111,3,1,1,1,3
mkgw_mhyper_native,W-N,dev_oof,Radius-1,112,4,1,1,1,4
mkgw_mhyper_native,W-N,dev_oof,Radius-1,113,5,1,1,1,5
mkgw_mhyper_native,W-N,dev_oof,Radius-1,114,6,0,0,0,0
mkgw_mhyper_native,W-N,dev_oof,Radius-1,115,7,0,0,0,0
mkgw_mhyper_native,W-N,dev_oof,Radius-1,116,8,1,1,1,8
mkgw_mhyper_native,W-N,dev_oof,Radius-1,117,10,1,1,1,10
mkgw_mhyper_native,W-N,dev_oof,Radius-1,118,11,1,1,1,11
mkgw_mhyper_native,W-N,dev_oof,Radius-1,119,13,0,0,0,0
mkgw_mhyper_native,W-N,dev_oof,Radius-1,120,91,1,1,1,91
mkgw_mhyper_native,W-N,dev_oof,Radius-1,121,1,841,841,841,841
mkgw_mhyper_native,W-N,dev_oof,Radius-1,122,2,35,35,35,70
mkgw_mhyper_native,W-N,dev_oof,Radius-1,123,3,1,1,1,3
mkgw_mhyper_native,W-N,dev_oof,Radius-1,124,4,5,5,5,20
mkgw_mhyper_native,W-N,dev_oof,Radius-1,125,5,0,0,0,0
mkgw_mhyper_native,W-N,dev_oof,Radius-1,126,6,0,0,0,0
mkgw_mhyper_native,W-N,dev_oof,Radius-1,127,9,1,1,1,9
mkgw_mhyper_native,W-N,dev_oof,Radius-1,128,10,1,1,1,10
mkgw_mhyper_native,W-N,dev_oof,Radius-1,129,12,0,0,0,0
mkgw_mhyper_native,W-N,dev_oof,Radius-1,130,15,1,1,1,15
mkgw_mhyper_native,W-N,dev_oof,Radius-1,131,89,1,1,1,89
mkgw_mhyper_native,W-N,dev_oof,Radius-1,132,1,873,873,873,873
mkgw_mhyper_native,W-N,dev_oof,Radius-1,133,2,38,38,38,76
mkgw_mhyper_native,W-N,dev_oof,Radius-1,134,3,6,6,6,18
mkgw_mhyper_native,W-N,dev_oof,Radius-1,135,4,3,3,3,12
mkgw_mhyper_native,W-N,dev_oof,Radius-1,136,6,1,1,1,6
mkgw_mhyper_native,W-N,dev_oof,Radius-1,137,7,0,0,0,0
mkgw_mhyper_native,W-N,dev_oof,Radius-1,138,8,0,0,0,0
mkgw_mhyper_native,W-N,dev_oof,Radius-1,139,13,0,0,0,0
mkgw_mhyper_native,W-N,dev_oof,Radius-1,140,16,1,1,1,16
mkgw_mhyper_native,W-N,dev_oof,Radius-1,141,85,1,1,1,85
mkgw_mhyper_native,W-N,dev_oof,Radius-1,142,1,877,877,877,877
mkgw_mhyper_native,W-N,dev_oof,Radius-1,143,2,37,37,37,74
mkgw_mhyper_native,W-N,dev_oof,Radius-1,144,3,5,5,5,15
mkgw_mhyper_native,W-N,dev_oof,Radius-1,145,4,0,0,0,0
mkgw_mhyper_native,W-N,dev_oof,Radius-1,146,6,1,1,1,6
mkgw_mhyper_native,W-N,dev_oof,Radius-1,147,9,0,0,0,0
mkgw_mhyper_native,W-N,dev_oof,Radius-1,148,13,1,1,1,13
mkgw_mhyper_native,W-N,dev_oof,Radius-1,149,91,1,1,1,91
mkgw_mhyper_native,W-N,dev_oof,No-gate,0,1,910,1308,910,910
mkgw_mhyper_native,W-N,dev_oof,No-gate,1,2,22,30,22,44
mkgw_mhyper_native,W-N,dev_oof,No-gate,2,3,4,11,4,12
mkgw_mhyper_native,W-N,dev_oof,No-gate,3,4,0,3,0,0
mkgw_mhyper_native,W-N,dev_oof,No-gate,4,5,0,1,0,0
mkgw_mhyper_native,W-N,dev_oof,No-gate,5,7,1,1,1,7
mkgw_mhyper_native,W-N,dev_oof,No-gate,6,8,1,3,1,8
mkgw_mhyper_native,W-N,dev_oof,No-gate,7,13,1,1,1,13
mkgw_mhyper_native,W-N,dev_oof,No-gate,8,86,1,1,1,86
mkgw_mhyper_native,W-N,dev_oof,No-gate,9,1,845,1247,845,845
mkgw_mhyper_native,W-N,dev_oof,No-gate,10,2,25,41,25,50
mkgw_mhyper_native,W-N,dev_oof,No-gate,11,3,1,8,1,3
mkgw_mhyper_native,W-N,dev_oof,No-gate,12,4,1,2,1,4
mkgw_mhyper_native,W-N,dev_oof,No-gate,13,5,1,2,1,5
mkgw_mhyper_native,W-N,dev_oof,No-gate,14,6,0,0,0,0
mkgw_mhyper_native,W-N,dev_oof,No-gate,15,7,0,1,0,0
mkgw_mhyper_native,W-N,dev_oof,No-gate,16,8,1,1,1,8
mkgw_mhyper_native,W-N,dev_oof,No-gate,17,10,1,1,1,10
mkgw_mhyper_native,W-N,dev_oof,No-gate,18,11,1,1,1,11
mkgw_mhyper_native,W-N,dev_oof,No-gate,19,13,0,1,0,0
mkgw_mhyper_native,W-N,dev_oof,No-gate,20,91,1,1,1,91
mkgw_mhyper_native,W-N,dev_oof,No-gate,21,1,861,1235,861,861
mkgw_mhyper_native,W-N,dev_oof,No-gate,22,2,34,58,34,68
mkgw_mhyper_native,W-N,dev_oof,No-gate,23,3,1,3,1,3
mkgw_mhyper_native,W-N,dev_oof,No-gate,24,4,4,5,4,16
mkgw_mhyper_native,W-N,dev_oof,No-gate,25,5,0,0,0,0
mkgw_mhyper_native,W-N,dev_oof,No-gate,26,6,0,1,0,0
mkgw_mhyper_native,W-N,dev_oof,No-gate,27,9,1,1,1,9
mkgw_mhyper_native,W-N,dev_oof,No-gate,28,10,1,1,1,10
mkgw_mhyper_native,W-N,dev_oof,No-gate,29,12,0,1,0,0
mkgw_mhyper_native,W-N,dev_oof,No-gate,30,15,1,1,1,15
mkgw_mhyper_native,W-N,dev_oof,No-gate,31,89,1,1,1,89
mkgw_mhyper_native,W-N,dev_oof,No-gate,32,1,885,1282,885,885
mkgw_mhyper_native,W-N,dev_oof,No-gate,33,2,36,53,36,72
mkgw_mhyper_native,W-N,dev_oof,No-gate,34,3,5,10,5,15
mkgw_mhyper_native,W-N,dev_oof,No-gate,35,4,3,3,3,12
mkgw_mhyper_native,W-N,dev_oof,No-gate,36,6,0,1,0,0
mkgw_mhyper_native,W-N,dev_oof,No-gate,37,7,0,1,0,0
mkgw_mhyper_native,W-N,dev_oof,No-gate,38,8,0,0,0,0
mkgw_mhyper_native,W-N,dev_oof,No-gate,39,13,0,1,0,0
mkgw_mhyper_native,W-N,dev_oof,No-gate,40,16,1,1,1,16
mkgw_mhyper_native,W-N,dev_oof,No-gate,41,85,1,1,1,85
mkgw_mhyper_native,W-N,dev_oof,No-gate,42,1,873,1236,873,873
mkgw_mhyper_native,W-N,dev_oof,No-gate,43,2,36,52,36,72
mkgw_mhyper_native,W-N,dev_oof,No-gate,44,3,5,9,5,15
mkgw_mhyper_native,W-N,dev_oof,No-gate,45,4,1,3,1,4
mkgw_mhyper_native,W-N,dev_oof,No-gate,46,6,1,1,1,6
mkgw_mhyper_native,W-N,dev_oof,No-gate,47,9,0,1,0,0
mkgw_mhyper_native,W-N,dev_oof,No-gate,48,13,1,1,1,13
mkgw_mhyper_native,W-N,dev_oof,No-gate,49,91,1,1,1,91
mkgw_mhyper_native,W-N,dev_oof,No-gate,50,1,923,1325,923,923
mkgw_mhyper_native,W-N,dev_oof,No-gate,51,2,16,30,16,32
mkgw_mhyper_native,W-N,dev_oof,No-gate,52,3,3,9,3,9
mkgw_mhyper_native,W-N,dev_oof,No-gate,53,4,1,4,1,4
mkgw_mhyper_native,W-N,dev_oof,No-gate,54,5,0,1,0,0
mkgw_mhyper_native,W-N,dev_oof,No-gate,55,7,1,1,1,7
mkgw_mhyper_native,W-N,dev_oof,No-gate,56,8,1,2,1,8
mkgw_mhyper_native,W-N,dev_oof,No-gate,57,13,1,1,1,13
mkgw_mhyper_native,W-N,dev_oof,No-gate,58,86,1,1,1,86
mkgw_mhyper_native,W-N,dev_oof,No-gate,59,1,894,1296,894,894
mkgw_mhyper_native,W-N,dev_oof,No-gate,60,2,25,44,25,50
mkgw_mhyper_native,W-N,dev_oof,No-gate,61,3,0,6,0,0
mkgw_mhyper_native,W-N,dev_oof,No-gate,62,4,0,2,0,0
mkgw_mhyper_native,W-N,dev_oof,No-gate,63,5,0,2,0,0
mkgw_mhyper_native,W-N,dev_oof,No-gate,64,6,0,1,0,0
mkgw_mhyper_native,W-N,dev_oof,No-gate,65,7,0,0,0,0
mkgw_mhyper_native,W-N,dev_oof,No-gate,66,8,1,1,1,8
mkgw_mhyper_native,W-N,dev_oof,No-gate,67,10,0,1,0,0
mkgw_mhyper_native,W-N,dev_oof,No-gate,68,11,1,1,1,11
mkgw_mhyper_native,W-N,dev_oof,No-gate,69,13,0,0,0,0
mkgw_mhyper_native,W-N,dev_oof,No-gate,70,91,1,1,1,91
mkgw_mhyper_native,W-N,dev_oof,No-gate,71,1,945,1291,945,945
mkgw_mhyper_native,W-N,dev_oof,No-gate,72,2,27,54,27,54
mkgw_mhyper_native,W-N,dev_oof,No-gate,73,3,2,4,2,6
mkgw_mhyper_native,W-N,dev_oof,No-gate,74,4,3,5,3,12
mkgw_mhyper_native,W-N,dev_oof,No-gate,75,5,0,1,0,0
mkgw_mhyper_native,W-N,dev_oof,No-gate,76,6,0,0,0,0
mkgw_mhyper_native,W-N,dev_oof,No-gate,77,9,1,1,1,9
mkgw_mhyper_native,W-N,dev_oof,No-gate,78,10,1,1,1,10
mkgw_mhyper_native,W-N,dev_oof,No-gate,79,12,0,0,0,0
mkgw_mhyper_native,W-N,dev_oof,No-gate,80,15,0,1,0,0
mkgw_mhyper_native,W-N,dev_oof,No-gate,81,89,1,1,1,89
mkgw_mhyper_native,W-N,dev_oof,No-gate,82,1,969,1335,969,969
mkgw_mhyper_native,W-N,dev_oof,No-gate,83,2,37,50,37,74
mkgw_mhyper_native,W-N,dev_oof,No-gate,84,3,7,10,7,21
mkgw_mhyper_native,W-N,dev_oof,No-gate,85,4,3,3,3,12
mkgw_mhyper_native,W-N,dev_oof,No-gate,86,6,0,1,0,0
mkgw_mhyper_native,W-N,dev_oof,No-gate,87,7,0,0,0,0
mkgw_mhyper_native,W-N,dev_oof,No-gate,88,8,0,1,0,0
mkgw_mhyper_native,W-N,dev_oof,No-gate,89,13,0,0,0,0
mkgw_mhyper_native,W-N,dev_oof,No-gate,90,16,1,1,1,16
mkgw_mhyper_native,W-N,dev_oof,No-gate,91,85,1,1,1,85
mkgw_mhyper_native,W-N,dev_oof,No-gate,92,1,943,1286,943,943
mkgw_mhyper_native,W-N,dev_oof,No-gate,93,2,35,49,35,70
mkgw_mhyper_native,W-N,dev_oof,No-gate,94,3,3,11,3,9
mkgw_mhyper_native,W-N,dev_oof,No-gate,95,4,1,2,1,4
mkgw_mhyper_native,W-N,dev_oof,No-gate,96,6,1,1,1,6
mkgw_mhyper_native,W-N,dev_oof,No-gate,97,9,0,1,0,0
mkgw_mhyper_native,W-N,dev_oof,No-gate,98,13,1,1,1,13
mkgw_mhyper_native,W-N,dev_oof,No-gate,99,91,1,1,1,91
mkgw_mhyper_native,W-N,dev_oof,No-gate,100,1,902,1284,902,902
mkgw_mhyper_native,W-N,dev_oof,No-gate,101,2,21,32,21,42
mkgw_mhyper_native,W-N,dev_oof,No-gate,102,3,4,10,4,12
mkgw_mhyper_native,W-N,dev_oof,No-gate,103,4,0,3,0,0
mkgw_mhyper_native,W-N,dev_oof,No-gate,104,5,1,1,1,5
mkgw_mhyper_native,W-N,dev_oof,No-gate,105,7,1,1,1,7
mkgw_mhyper_native,W-N,dev_oof,No-gate,106,8,1,3,1,8
mkgw_mhyper_native,W-N,dev_oof,No-gate,107,13,1,1,1,13
mkgw_mhyper_native,W-N,dev_oof,No-gate,108,86,1,1,1,86
mkgw_mhyper_native,W-N,dev_oof,No-gate,109,1,849,1262,849,849
mkgw_mhyper_native,W-N,dev_oof,No-gate,110,2,26,42,26,52
mkgw_mhyper_native,W-N,dev_oof,No-gate,111,3,1,6,1,3
mkgw_mhyper_native,W-N,dev_oof,No-gate,112,4,1,2,1,4
mkgw_mhyper_native,W-N,dev_oof,No-gate,113,5,1,2,1,5
mkgw_mhyper_native,W-N,dev_oof,No-gate,114,6,0,0,0,0
mkgw_mhyper_native,W-N,dev_oof,No-gate,115,7,0,1,0,0
mkgw_mhyper_native,W-N,dev_oof,No-gate,116,8,1,1,1,8
mkgw_mhyper_native,W-N,dev_oof,No-gate,117,10,1,1,1,10
mkgw_mhyper_native,W-N,dev_oof,No-gate,118,11,1,1,1,11
mkgw_mhyper_native,W-N,dev_oof,No-gate,119,13,0,1,0,0
mkgw_mhyper_native,W-N,dev_oof,No-gate,120,91,1,1,1,91
mkgw_mhyper_native,W-N,dev_oof,No-gate,121,1,841,1251,841,841
mkgw_mhyper_native,W-N,dev_oof,No-gate,122,2,35,55,35,70
mkgw_mhyper_native,W-N,dev_oof,No-gate,123,3,1,4,1,3
mkgw_mhyper_native,W-N,dev_oof,No-gate,124,4,5,5,5,20
mkgw_mhyper_native,W-N,dev_oof,No-gate,125,5,0,0,0,0
mkgw_mhyper_native,W-N,dev_oof,No-gate,126,6,0,1,0,0
mkgw_mhyper_native,W-N,dev_oof,No-gate,127,9,1,1,1,9
mkgw_mhyper_native,W-N,dev_oof,No-gate,128,10,1,1,1,10
mkgw_mhyper_native,W-N,dev_oof,No-gate,129,12,0,1,0,0
mkgw_mhyper_native,W-N,dev_oof,No-gate,130,15,1,1,1,15
mkgw_mhyper_native,W-N,dev_oof,No-gate,131,89,1,1,1,89
mkgw_mhyper_native,W-N,dev_oof,No-gate,132,1,873,1254,873,873
mkgw_mhyper_native,W-N,dev_oof,No-gate,133,2,38,57,38,76
mkgw_mhyper_native,W-N,dev_oof,No-gate,134,3,6,10,6,18
mkgw_mhyper_native,W-N,dev_oof,No-gate,135,4,3,4,3,12
mkgw_mhyper_native,W-N,dev_oof,No-gate,136,6,1,1,1,6
mkgw_mhyper_native,W-N,dev_oof,No-gate,137,7,0,1,0,0
mkgw_mhyper_native,W-N,dev_oof,No-gate,138,8,0,0,0,0
mkgw_mhyper_native,W-N,dev_oof,No-gate,139,13,0,1,0,0
mkgw_mhyper_native,W-N,dev_oof,No-gate,140,16,1,1,1,16
mkgw_mhyper_native,W-N,dev_oof,No-gate,141,85,1,1,1,85
mkgw_mhyper_native,W-N,dev_oof,No-gate,142,1,877,1237,877,877
mkgw_mhyper_native,W-N,dev_oof,No-gate,143,2,37,56,37,74
mkgw_mhyper_native,W-N,dev_oof,No-gate,144,3,5,8,5,15
mkgw_mhyper_native,W-N,dev_oof,No-gate,145,4,0,4,0,0
mkgw_mhyper_native,W-N,dev_oof,No-gate,146,6,1,1,1,6
mkgw_mhyper_native,W-N,dev_oof,No-gate,147,9,0,1,0,0
mkgw_mhyper_native,W-N,dev_oof,No-gate,148,13,1,1,1,13
mkgw_mhyper_native,W-N,dev_oof,No-gate,149,91,1,1,1,91
mkgw_mhyper_native,W-N,test,Center-0.5,0,1,3350,3350,3350,3350
mkgw_mhyper_native,W-N,test,Center-0.5,1,2,323,323,323,646
mkgw_mhyper_native,W-N,test,Center-0.5,2,3,111,111,111,333
mkgw_mhyper_native,W-N,test,Center-0.5,3,4,42,42,42,168
mkgw_mhyper_native,W-N,test,Center-0.5,4,5,18,18,18,90
mkgw_mhyper_native,W-N,test,Center-0.5,5,6,5,5,5,30
mkgw_mhyper_native,W-N,test,Center-0.5,6,7,4,4,4,28
mkgw_mhyper_native,W-N,test,Center-0.5,7,8,0,0,0,0
mkgw_mhyper_native,W-N,test,Center-0.5,8,9,0,0,0,0
mkgw_mhyper_native,W-N,test,Center-0.5,9,11,0,0,0,0
mkgw_mhyper_native,W-N,test,Center-0.5,10,12,1,1,1,12
mkgw_mhyper_native,W-N,test,Center-0.5,11,13,1,1,1,13
mkgw_mhyper_native,W-N,test,Center-0.5,12,14,0,0,0,0
mkgw_mhyper_native,W-N,test,Center-0.5,13,15,1,1,1,15
mkgw_mhyper_native,W-N,test,Center-0.5,14,22,0,0,0,0
mkgw_mhyper_native,W-N,test,Center-0.5,15,27,0,0,0,0
mkgw_mhyper_native,W-N,test,Center-0.5,16,30,1,1,1,30
mkgw_mhyper_native,W-N,test,Center-0.5,17,43,0,0,0,0
mkgw_mhyper_native,W-N,test,Center-0.5,18,46,1,1,1,46
mkgw_mhyper_native,W-N,test,Center-0.5,19,55,0,0,0,0
mkgw_mhyper_native,W-N,test,Center-0.5,20,56,0,0,0,0
mkgw_mhyper_native,W-N,test,Center-0.5,21,69,1,1,1,69
mkgw_mhyper_native,W-N,test,Center-0.5,22,467,1,1,1,467
mkgw_mhyper_native,W-N,test,Center-0.5,23,1,3792,3792,3792,3792
mkgw_mhyper_native,W-N,test,Center-0.5,24,2,308,308,308,616
mkgw_mhyper_native,W-N,test,Center-0.5,25,3,105,105,105,315
mkgw_mhyper_native,W-N,test,Center-0.5,26,4,40,40,40,160
mkgw_mhyper_native,W-N,test,Center-0.5,27,5,15,15,15,75
mkgw_mhyper_native,W-N,test,Center-0.5,28,6,6,6,6,36
mkgw_mhyper_native,W-N,test,Center-0.5,29,7,2,2,2,14
mkgw_mhyper_native,W-N,test,Center-0.5,30,8,0,0,0,0
mkgw_mhyper_native,W-N,test,Center-0.5,31,9,1,1,1,9
mkgw_mhyper_native,W-N,test,Center-0.5,32,11,0,0,0,0
mkgw_mhyper_native,W-N,test,Center-0.5,33,12,0,0,0,0
mkgw_mhyper_native,W-N,test,Center-0.5,34,13,0,0,0,0
mkgw_mhyper_native,W-N,test,Center-0.5,35,14,0,0,0,0
mkgw_mhyper_native,W-N,test,Center-0.5,36,15,1,1,1,15
mkgw_mhyper_native,W-N,test,Center-0.5,37,22,1,1,1,22
mkgw_mhyper_native,W-N,test,Center-0.5,38,27,0,0,0,0
mkgw_mhyper_native,W-N,test,Center-0.5,39,30,1,1,1,30
mkgw_mhyper_native,W-N,test,Center-0.5,40,43,0,0,0,0
mkgw_mhyper_native,W-N,test,Center-0.5,41,46,1,1,1,46
mkgw_mhyper_native,W-N,test,Center-0.5,42,55,0,0,0,0
mkgw_mhyper_native,W-N,test,Center-0.5,43,56,0,0,0,0
mkgw_mhyper_native,W-N,test,Center-0.5,44,69,1,1,1,69
mkgw_mhyper_native,W-N,test,Center-0.5,45,467,1,1,1,467
mkgw_mhyper_native,W-N,test,Center-0.5,46,1,3331,3331,3331,3331
mkgw_mhyper_native,W-N,test,Center-0.5,47,2,308,308,308,616
mkgw_mhyper_native,W-N,test,Center-0.5,48,3,109,109,109,327
mkgw_mhyper_native,W-N,test,Center-0.5,49,4,43,43,43,172
mkgw_mhyper_native,W-N,test,Center-0.5,50,5,17,17,17,85
mkgw_mhyper_native,W-N,test,Center-0.5,51,6,5,5,5,30
mkgw_mhyper_native,W-N,test,Center-0.5,52,7,4,4,4,28
mkgw_mhyper_native,W-N,test,Center-0.5,53,8,0,0,0,0
mkgw_mhyper_native,W-N,test,Center-0.5,54,9,1,1,1,9
mkgw_mhyper_native,W-N,test,Center-0.5,55,11,0,0,0,0
mkgw_mhyper_native,W-N,test,Center-0.5,56,12,1,1,1,12
mkgw_mhyper_native,W-N,test,Center-0.5,57,13,1,1,1,13
mkgw_mhyper_native,W-N,test,Center-0.5,58,14,0,0,0,0
mkgw_mhyper_native,W-N,test,Center-0.5,59,15,1,1,1,15
mkgw_mhyper_native,W-N,test,Center-0.5,60,22,0,0,0,0
mkgw_mhyper_native,W-N,test,Center-0.5,61,27,1,1,1,27
mkgw_mhyper_native,W-N,test,Center-0.5,62,30,1,1,1,30
mkgw_mhyper_native,W-N,test,Center-0.5,63,43,0,0,0,0
mkgw_mhyper_native,W-N,test,Center-0.5,64,46,1,1,1,46
mkgw_mhyper_native,W-N,test,Center-0.5,65,55,0,0,0,0
mkgw_mhyper_native,W-N,test,Center-0.5,66,56,0,0,0,0
mkgw_mhyper_native,W-N,test,Center-0.5,67,69,1,1,1,69
mkgw_mhyper_native,W-N,test,Center-0.5,68,467,1,1,1,467
mkgw_mhyper_native,W-N,test,Linear-p,0,1,3350,3350,3350,3350
mkgw_mhyper_native,W-N,test,Linear-p,1,2,323,323,323,646
mkgw_mhyper_native,W-N,test,Linear-p,2,3,111,111,111,333
mkgw_mhyper_native,W-N,test,Linear-p,3,4,42,42,42,168
mkgw_mhyper_native,W-N,test,Linear-p,4,5,18,18,18,90
mkgw_mhyper_native,W-N,test,Linear-p,5,6,5,5,5,30
mkgw_mhyper_native,W-N,test,Linear-p,6,7,4,4,4,28
mkgw_mhyper_native,W-N,test,Linear-p,7,8,0,0,0,0
mkgw_mhyper_native,W-N,test,Linear-p,8,9,0,0,0,0
mkgw_mhyper_native,W-N,test,Linear-p,9,11,0,0,0,0
mkgw_mhyper_native,W-N,test,Linear-p,10,12,1,1,1,12
mkgw_mhyper_native,W-N,test,Linear-p,11,13,1,1,1,13
mkgw_mhyper_native,W-N,test,Linear-p,12,14,0,0,0,0
mkgw_mhyper_native,W-N,test,Linear-p,13,15,1,1,1,15
mkgw_mhyper_native,W-N,test,Linear-p,14,22,0,0,0,0
mkgw_mhyper_native,W-N,test,Linear-p,15,27,0,0,0,0
mkgw_mhyper_native,W-N,test,Linear-p,16,30,1,1,1,30
mkgw_mhyper_native,W-N,test,Linear-p,17,43,0,0,0,0
mkgw_mhyper_native,W-N,test,Linear-p,18,46,1,1,1,46
mkgw_mhyper_native,W-N,test,Linear-p,19,55,0,0,0,0
mkgw_mhyper_native,W-N,test,Linear-p,20,56,0,0,0,0
mkgw_mhyper_native,W-N,test,Linear-p,21,69,1,1,1,69
mkgw_mhyper_native,W-N,test,Linear-p,22,467,1,1,1,467
mkgw_mhyper_native,W-N,test,Linear-p,23,1,3792,3792,3792,3792
mkgw_mhyper_native,W-N,test,Linear-p,24,2,308,308,308,616
mkgw_mhyper_native,W-N,test,Linear-p,25,3,105,105,105,315
mkgw_mhyper_native,W-N,test,Linear-p,26,4,40,40,40,160
mkgw_mhyper_native,W-N,test,Linear-p,27,5,15,15,15,75
mkgw_mhyper_native,W-N,test,Linear-p,28,6,6,6,6,36
mkgw_mhyper_native,W-N,test,Linear-p,29,7,2,2,2,14
mkgw_mhyper_native,W-N,test,Linear-p,30,8,0,0,0,0
mkgw_mhyper_native,W-N,test,Linear-p,31,9,1,1,1,9
mkgw_mhyper_native,W-N,test,Linear-p,32,11,0,0,0,0
mkgw_mhyper_native,W-N,test,Linear-p,33,12,0,0,0,0
mkgw_mhyper_native,W-N,test,Linear-p,34,13,0,0,0,0
mkgw_mhyper_native,W-N,test,Linear-p,35,14,0,0,0,0
mkgw_mhyper_native,W-N,test,Linear-p,36,15,1,1,1,15
mkgw_mhyper_native,W-N,test,Linear-p,37,22,1,1,1,22
mkgw_mhyper_native,W-N,test,Linear-p,38,27,0,0,0,0
mkgw_mhyper_native,W-N,test,Linear-p,39,30,1,1,1,30
mkgw_mhyper_native,W-N,test,Linear-p,40,43,0,0,0,0
mkgw_mhyper_native,W-N,test,Linear-p,41,46,1,1,1,46
mkgw_mhyper_native,W-N,test,Linear-p,42,55,0,0,0,0
mkgw_mhyper_native,W-N,test,Linear-p,43,56,0,0,0,0
mkgw_mhyper_native,W-N,test,Linear-p,44,69,1,1,1,69
mkgw_mhyper_native,W-N,test,Linear-p,45,467,1,1,1,467
mkgw_mhyper_native,W-N,test,Linear-p,46,1,3331,3331,3331,3331
mkgw_mhyper_native,W-N,test,Linear-p,47,2,308,308,308,616
mkgw_mhyper_native,W-N,test,Linear-p,48,3,109,109,109,327
mkgw_mhyper_native,W-N,test,Linear-p,49,4,43,43,43,172
mkgw_mhyper_native,W-N,test,Linear-p,50,5,17,17,17,85
mkgw_mhyper_native,W-N,test,Linear-p,51,6,5,5,5,30
mkgw_mhyper_native,W-N,test,Linear-p,52,7,4,4,4,28
mkgw_mhyper_native,W-N,test,Linear-p,53,8,0,0,0,0
mkgw_mhyper_native,W-N,test,Linear-p,54,9,1,1,1,9
mkgw_mhyper_native,W-N,test,Linear-p,55,11,0,0,0,0
mkgw_mhyper_native,W-N,test,Linear-p,56,12,1,1,1,12
mkgw_mhyper_native,W-N,test,Linear-p,57,13,1,1,1,13
mkgw_mhyper_native,W-N,test,Linear-p,58,14,0,0,0,0
mkgw_mhyper_native,W-N,test,Linear-p,59,15,1,1,1,15
mkgw_mhyper_native,W-N,test,Linear-p,60,22,0,0,0,0
mkgw_mhyper_native,W-N,test,Linear-p,61,27,1,1,1,27
mkgw_mhyper_native,W-N,test,Linear-p,62,30,1,1,1,30
mkgw_mhyper_native,W-N,test,Linear-p,63,43,0,0,0,0
mkgw_mhyper_native,W-N,test,Linear-p,64,46,1,1,1,46
mkgw_mhyper_native,W-N,test,Linear-p,65,55,0,0,0,0
mkgw_mhyper_native,W-N,test,Linear-p,66,56,0,0,0,0
mkgw_mhyper_native,W-N,test,Linear-p,67,69,1,1,1,69
mkgw_mhyper_native,W-N,test,Linear-p,68,467,1,1,1,467
mkgw_mhyper_native,W-N,test,Clip-g,0,1,3350,3350,3350,3350
mkgw_mhyper_native,W-N,test,Clip-g,1,2,323,323,323,646
mkgw_mhyper_native,W-N,test,Clip-g,2,3,111,111,111,333
mkgw_mhyper_native,W-N,test,Clip-g,3,4,42,42,42,168
mkgw_mhyper_native,W-N,test,Clip-g,4,5,18,18,18,90
mkgw_mhyper_native,W-N,test,Clip-g,5,6,5,5,5,30
mkgw_mhyper_native,W-N,test,Clip-g,6,7,4,4,4,28
mkgw_mhyper_native,W-N,test,Clip-g,7,8,0,0,0,0
mkgw_mhyper_native,W-N,test,Clip-g,8,9,0,0,0,0
mkgw_mhyper_native,W-N,test,Clip-g,9,11,0,0,0,0
mkgw_mhyper_native,W-N,test,Clip-g,10,12,1,1,1,12
mkgw_mhyper_native,W-N,test,Clip-g,11,13,1,1,1,13
mkgw_mhyper_native,W-N,test,Clip-g,12,14,0,0,0,0
mkgw_mhyper_native,W-N,test,Clip-g,13,15,1,1,1,15
mkgw_mhyper_native,W-N,test,Clip-g,14,22,0,0,0,0
mkgw_mhyper_native,W-N,test,Clip-g,15,27,0,0,0,0
mkgw_mhyper_native,W-N,test,Clip-g,16,30,1,1,1,30
mkgw_mhyper_native,W-N,test,Clip-g,17,43,0,0,0,0
mkgw_mhyper_native,W-N,test,Clip-g,18,46,1,1,1,46
mkgw_mhyper_native,W-N,test,Clip-g,19,55,0,0,0,0
mkgw_mhyper_native,W-N,test,Clip-g,20,56,0,0,0,0
mkgw_mhyper_native,W-N,test,Clip-g,21,69,1,1,1,69
mkgw_mhyper_native,W-N,test,Clip-g,22,467,1,1,1,467
mkgw_mhyper_native,W-N,test,Clip-g,23,1,3792,3792,3792,3792
mkgw_mhyper_native,W-N,test,Clip-g,24,2,308,308,308,616
mkgw_mhyper_native,W-N,test,Clip-g,25,3,105,105,105,315
mkgw_mhyper_native,W-N,test,Clip-g,26,4,40,40,40,160
mkgw_mhyper_native,W-N,test,Clip-g,27,5,15,15,15,75
mkgw_mhyper_native,W-N,test,Clip-g,28,6,6,6,6,36
mkgw_mhyper_native,W-N,test,Clip-g,29,7,2,2,2,14
mkgw_mhyper_native,W-N,test,Clip-g,30,8,0,0,0,0
mkgw_mhyper_native,W-N,test,Clip-g,31,9,1,1,1,9
mkgw_mhyper_native,W-N,test,Clip-g,32,11,0,0,0,0
mkgw_mhyper_native,W-N,test,Clip-g,33,12,0,0,0,0
mkgw_mhyper_native,W-N,test,Clip-g,34,13,0,0,0,0
mkgw_mhyper_native,W-N,test,Clip-g,35,14,0,0,0,0
mkgw_mhyper_native,W-N,test,Clip-g,36,15,1,1,1,15
mkgw_mhyper_native,W-N,test,Clip-g,37,22,1,1,1,22
mkgw_mhyper_native,W-N,test,Clip-g,38,27,0,0,0,0
mkgw_mhyper_native,W-N,test,Clip-g,39,30,1,1,1,30
mkgw_mhyper_native,W-N,test,Clip-g,40,43,0,0,0,0
mkgw_mhyper_native,W-N,test,Clip-g,41,46,1,1,1,46
mkgw_mhyper_native,W-N,test,Clip-g,42,55,0,0,0,0
mkgw_mhyper_native,W-N,test,Clip-g,43,56,0,0,0,0
mkgw_mhyper_native,W-N,test,Clip-g,44,69,1,1,1,69
mkgw_mhyper_native,W-N,test,Clip-g,45,467,1,1,1,467
mkgw_mhyper_native,W-N,test,Clip-g,46,1,3331,3331,3331,3331
mkgw_mhyper_native,W-N,test,Clip-g,47,2,308,308,308,616
mkgw_mhyper_native,W-N,test,Clip-g,48,3,109,109,109,327
mkgw_mhyper_native,W-N,test,Clip-g,49,4,43,43,43,172
mkgw_mhyper_native,W-N,test,Clip-g,50,5,17,17,17,85
mkgw_mhyper_native,W-N,test,Clip-g,51,6,5,5,5,30
mkgw_mhyper_native,W-N,test,Clip-g,52,7,4,4,4,28
mkgw_mhyper_native,W-N,test,Clip-g,53,8,0,0,0,0
mkgw_mhyper_native,W-N,test,Clip-g,54,9,1,1,1,9
mkgw_mhyper_native,W-N,test,Clip-g,55,11,0,0,0,0
mkgw_mhyper_native,W-N,test,Clip-g,56,12,1,1,1,12
mkgw_mhyper_native,W-N,test,Clip-g,57,13,1,1,1,13
mkgw_mhyper_native,W-N,test,Clip-g,58,14,0,0,0,0
mkgw_mhyper_native,W-N,test,Clip-g,59,15,1,1,1,15
mkgw_mhyper_native,W-N,test,Clip-g,60,22,0,0,0,0
mkgw_mhyper_native,W-N,test,Clip-g,61,27,1,1,1,27
mkgw_mhyper_native,W-N,test,Clip-g,62,30,1,1,1,30
mkgw_mhyper_native,W-N,test,Clip-g,63,43,0,0,0,0
mkgw_mhyper_native,W-N,test,Clip-g,64,46,1,1,1,46
mkgw_mhyper_native,W-N,test,Clip-g,65,55,0,0,0,0
mkgw_mhyper_native,W-N,test,Clip-g,66,56,0,0,0,0
mkgw_mhyper_native,W-N,test,Clip-g,67,69,1,1,1,69
mkgw_mhyper_native,W-N,test,Clip-g,68,467,1,1,1,467
mkgw_mhyper_native,W-N,test,Shrink-fixed,0,1,3350,2122,2122,2122
mkgw_mhyper_native,W-N,test,Shrink-fixed,1,2,323,273,273,546
mkgw_mhyper_native,W-N,test,Shrink-fixed,2,3,111,96,96,288
mkgw_mhyper_native,W-N,test,Shrink-fixed,3,4,42,40,40,160
mkgw_mhyper_native,W-N,test,Shrink-fixed,4,5,18,18,18,90
mkgw_mhyper_native,W-N,test,Shrink-fixed,5,6,5,4,4,24
mkgw_mhyper_native,W-N,test,Shrink-fixed,6,7,4,4,4,28
mkgw_mhyper_native,W-N,test,Shrink-fixed,7,8,0,0,0,0
mkgw_mhyper_native,W-N,test,Shrink-fixed,8,9,0,0,0,0
mkgw_mhyper_native,W-N,test,Shrink-fixed,9,11,0,0,0,0
mkgw_mhyper_native,W-N,test,Shrink-fixed,10,12,1,1,1,12
mkgw_mhyper_native,W-N,test,Shrink-fixed,11,13,1,1,1,13
mkgw_mhyper_native,W-N,test,Shrink-fixed,12,14,0,0,0,0
mkgw_mhyper_native,W-N,test,Shrink-fixed,13,15,1,1,1,15
mkgw_mhyper_native,W-N,test,Shrink-fixed,14,22,0,0,0,0
mkgw_mhyper_native,W-N,test,Shrink-fixed,15,27,0,0,0,0
mkgw_mhyper_native,W-N,test,Shrink-fixed,16,30,1,1,1,30
mkgw_mhyper_native,W-N,test,Shrink-fixed,17,43,0,0,0,0
mkgw_mhyper_native,W-N,test,Shrink-fixed,18,46,1,1,1,46
mkgw_mhyper_native,W-N,test,Shrink-fixed,19,55,0,0,0,0
mkgw_mhyper_native,W-N,test,Shrink-fixed,20,56,0,0,0,0
mkgw_mhyper_native,W-N,test,Shrink-fixed,21,69,1,1,1,69
mkgw_mhyper_native,W-N,test,Shrink-fixed,22,467,1,1,1,467
mkgw_mhyper_native,W-N,test,Shrink-fixed,23,1,3792,2306,2306,2306
mkgw_mhyper_native,W-N,test,Shrink-fixed,24,2,308,239,239,478
mkgw_mhyper_native,W-N,test,Shrink-fixed,25,3,105,85,85,255
mkgw_mhyper_native,W-N,test,Shrink-fixed,26,4,40,35,35,140
mkgw_mhyper_native,W-N,test,Shrink-fixed,27,5,15,14,14,70
mkgw_mhyper_native,W-N,test,Shrink-fixed,28,6,6,4,4,24
mkgw_mhyper_native,W-N,test,Shrink-fixed,29,7,2,2,2,14
mkgw_mhyper_native,W-N,test,Shrink-fixed,30,8,0,0,0,0
mkgw_mhyper_native,W-N,test,Shrink-fixed,31,9,1,0,0,0
mkgw_mhyper_native,W-N,test,Shrink-fixed,32,11,0,0,0,0
mkgw_mhyper_native,W-N,test,Shrink-fixed,33,12,0,0,0,0
mkgw_mhyper_native,W-N,test,Shrink-fixed,34,13,0,0,0,0
mkgw_mhyper_native,W-N,test,Shrink-fixed,35,14,0,0,0,0
mkgw_mhyper_native,W-N,test,Shrink-fixed,36,15,1,1,1,15
mkgw_mhyper_native,W-N,test,Shrink-fixed,37,22,1,0,0,0
mkgw_mhyper_native,W-N,test,Shrink-fixed,38,27,0,0,0,0
mkgw_mhyper_native,W-N,test,Shrink-fixed,39,30,1,1,1,30
mkgw_mhyper_native,W-N,test,Shrink-fixed,40,43,0,0,0,0
mkgw_mhyper_native,W-N,test,Shrink-fixed,41,46,1,1,1,46
mkgw_mhyper_native,W-N,test,Shrink-fixed,42,55,0,0,0,0
mkgw_mhyper_native,W-N,test,Shrink-fixed,43,56,0,0,0,0
mkgw_mhyper_native,W-N,test,Shrink-fixed,44,69,1,1,1,69
mkgw_mhyper_native,W-N,test,Shrink-fixed,45,467,1,1,1,467
mkgw_mhyper_native,W-N,test,Shrink-fixed,46,1,3331,2147,2147,2147
mkgw_mhyper_native,W-N,test,Shrink-fixed,47,2,308,257,257,514
mkgw_mhyper_native,W-N,test,Shrink-fixed,48,3,109,97,97,291
mkgw_mhyper_native,W-N,test,Shrink-fixed,49,4,43,41,41,164
mkgw_mhyper_native,W-N,test,Shrink-fixed,50,5,17,17,17,85
mkgw_mhyper_native,W-N,test,Shrink-fixed,51,6,5,4,4,24
mkgw_mhyper_native,W-N,test,Shrink-fixed,52,7,4,4,4,28
mkgw_mhyper_native,W-N,test,Shrink-fixed,53,8,0,0,0,0
mkgw_mhyper_native,W-N,test,Shrink-fixed,54,9,1,0,0,0
mkgw_mhyper_native,W-N,test,Shrink-fixed,55,11,0,0,0,0
mkgw_mhyper_native,W-N,test,Shrink-fixed,56,12,1,1,1,12
mkgw_mhyper_native,W-N,test,Shrink-fixed,57,13,1,1,1,13
mkgw_mhyper_native,W-N,test,Shrink-fixed,58,14,0,0,0,0
mkgw_mhyper_native,W-N,test,Shrink-fixed,59,15,1,1,1,15
mkgw_mhyper_native,W-N,test,Shrink-fixed,60,22,0,0,0,0
mkgw_mhyper_native,W-N,test,Shrink-fixed,61,27,1,1,1,27
mkgw_mhyper_native,W-N,test,Shrink-fixed,62,30,1,1,1,30
mkgw_mhyper_native,W-N,test,Shrink-fixed,63,43,0,0,0,0
mkgw_mhyper_native,W-N,test,Shrink-fixed,64,46,1,1,1,46
mkgw_mhyper_native,W-N,test,Shrink-fixed,65,55,0,0,0,0
mkgw_mhyper_native,W-N,test,Shrink-fixed,66,56,0,0,0,0
mkgw_mhyper_native,W-N,test,Shrink-fixed,67,69,1,1,1,69
mkgw_mhyper_native,W-N,test,Shrink-fixed,68,467,1,1,1,467
mkgw_mhyper_native,W-N,test,Radius-1,0,1,3350,3350,3350,3350
mkgw_mhyper_native,W-N,test,Radius-1,1,2,323,323,323,646
mkgw_mhyper_native,W-N,test,Radius-1,2,3,111,111,111,333
mkgw_mhyper_native,W-N,test,Radius-1,3,4,42,42,42,168
mkgw_mhyper_native,W-N,test,Radius-1,4,5,18,18,18,90
mkgw_mhyper_native,W-N,test,Radius-1,5,6,5,5,5,30
mkgw_mhyper_native,W-N,test,Radius-1,6,7,4,4,4,28
mkgw_mhyper_native,W-N,test,Radius-1,7,8,0,0,0,0
mkgw_mhyper_native,W-N,test,Radius-1,8,9,0,0,0,0
mkgw_mhyper_native,W-N,test,Radius-1,9,11,0,0,0,0
mkgw_mhyper_native,W-N,test,Radius-1,10,12,1,1,1,12
mkgw_mhyper_native,W-N,test,Radius-1,11,13,1,1,1,13
mkgw_mhyper_native,W-N,test,Radius-1,12,14,0,0,0,0
mkgw_mhyper_native,W-N,test,Radius-1,13,15,1,1,1,15
mkgw_mhyper_native,W-N,test,Radius-1,14,22,0,0,0,0
mkgw_mhyper_native,W-N,test,Radius-1,15,27,0,0,0,0
mkgw_mhyper_native,W-N,test,Radius-1,16,30,1,1,1,30
mkgw_mhyper_native,W-N,test,Radius-1,17,43,0,0,0,0
mkgw_mhyper_native,W-N,test,Radius-1,18,46,1,1,1,46
mkgw_mhyper_native,W-N,test,Radius-1,19,55,0,0,0,0
mkgw_mhyper_native,W-N,test,Radius-1,20,56,0,0,0,0
mkgw_mhyper_native,W-N,test,Radius-1,21,69,1,1,1,69
mkgw_mhyper_native,W-N,test,Radius-1,22,467,1,1,1,467
mkgw_mhyper_native,W-N,test,Radius-1,23,1,3792,3792,3792,3792
mkgw_mhyper_native,W-N,test,Radius-1,24,2,308,308,308,616
mkgw_mhyper_native,W-N,test,Radius-1,25,3,105,105,105,315
mkgw_mhyper_native,W-N,test,Radius-1,26,4,40,40,40,160
mkgw_mhyper_native,W-N,test,Radius-1,27,5,15,15,15,75
mkgw_mhyper_native,W-N,test,Radius-1,28,6,6,6,6,36
mkgw_mhyper_native,W-N,test,Radius-1,29,7,2,2,2,14
mkgw_mhyper_native,W-N,test,Radius-1,30,8,0,0,0,0
mkgw_mhyper_native,W-N,test,Radius-1,31,9,1,1,1,9
mkgw_mhyper_native,W-N,test,Radius-1,32,11,0,0,0,0
mkgw_mhyper_native,W-N,test,Radius-1,33,12,0,0,0,0
mkgw_mhyper_native,W-N,test,Radius-1,34,13,0,0,0,0
mkgw_mhyper_native,W-N,test,Radius-1,35,14,0,0,0,0
mkgw_mhyper_native,W-N,test,Radius-1,36,15,1,1,1,15
mkgw_mhyper_native,W-N,test,Radius-1,37,22,1,1,1,22
mkgw_mhyper_native,W-N,test,Radius-1,38,27,0,0,0,0
mkgw_mhyper_native,W-N,test,Radius-1,39,30,1,1,1,30
mkgw_mhyper_native,W-N,test,Radius-1,40,43,0,0,0,0
mkgw_mhyper_native,W-N,test,Radius-1,41,46,1,1,1,46
mkgw_mhyper_native,W-N,test,Radius-1,42,55,0,0,0,0
mkgw_mhyper_native,W-N,test,Radius-1,43,56,0,0,0,0
mkgw_mhyper_native,W-N,test,Radius-1,44,69,1,1,1,69
mkgw_mhyper_native,W-N,test,Radius-1,45,467,1,1,1,467
mkgw_mhyper_native,W-N,test,Radius-1,46,1,3331,3331,3331,3331
mkgw_mhyper_native,W-N,test,Radius-1,47,2,308,308,308,616
mkgw_mhyper_native,W-N,test,Radius-1,48,3,109,109,109,327
mkgw_mhyper_native,W-N,test,Radius-1,49,4,43,43,43,172
mkgw_mhyper_native,W-N,test,Radius-1,50,5,17,17,17,85
mkgw_mhyper_native,W-N,test,Radius-1,51,6,5,5,5,30
mkgw_mhyper_native,W-N,test,Radius-1,52,7,4,4,4,28
mkgw_mhyper_native,W-N,test,Radius-1,53,8,0,0,0,0
mkgw_mhyper_native,W-N,test,Radius-1,54,9,1,1,1,9
mkgw_mhyper_native,W-N,test,Radius-1,55,11,0,0,0,0
mkgw_mhyper_native,W-N,test,Radius-1,56,12,1,1,1,12
mkgw_mhyper_native,W-N,test,Radius-1,57,13,1,1,1,13
mkgw_mhyper_native,W-N,test,Radius-1,58,14,0,0,0,0
mkgw_mhyper_native,W-N,test,Radius-1,59,15,1,1,1,15
mkgw_mhyper_native,W-N,test,Radius-1,60,22,0,0,0,0
mkgw_mhyper_native,W-N,test,Radius-1,61,27,1,1,1,27
mkgw_mhyper_native,W-N,test,Radius-1,62,30,1,1,1,30
mkgw_mhyper_native,W-N,test,Radius-1,63,43,0,0,0,0
mkgw_mhyper_native,W-N,test,Radius-1,64,46,1,1,1,46
mkgw_mhyper_native,W-N,test,Radius-1,65,55,0,0,0,0
mkgw_mhyper_native,W-N,test,Radius-1,66,56,0,0,0,0
mkgw_mhyper_native,W-N,test,Radius-1,67,69,1,1,1,69
mkgw_mhyper_native,W-N,test,Radius-1,68,467,1,1,1,467
mkgw_mhyper_native,W-N,test,No-gate,0,1,3350,4901,3350,3350
mkgw_mhyper_native,W-N,test,No-gate,1,2,323,453,323,646
mkgw_mhyper_native,W-N,test,No-gate,2,3,111,157,111,333
mkgw_mhyper_native,W-N,test,No-gate,3,4,42,58,42,168
mkgw_mhyper_native,W-N,test,No-gate,4,5,18,22,18,90
mkgw_mhyper_native,W-N,test,No-gate,5,6,5,6,5,30
mkgw_mhyper_native,W-N,test,No-gate,6,7,4,6,4,28
mkgw_mhyper_native,W-N,test,No-gate,7,8,0,0,0,0
mkgw_mhyper_native,W-N,test,No-gate,8,9,0,2,0,0
mkgw_mhyper_native,W-N,test,No-gate,9,11,0,1,0,0
mkgw_mhyper_native,W-N,test,No-gate,10,12,1,1,1,12
mkgw_mhyper_native,W-N,test,No-gate,11,13,1,2,1,13
mkgw_mhyper_native,W-N,test,No-gate,12,14,0,0,0,0
mkgw_mhyper_native,W-N,test,No-gate,13,15,1,2,1,15
mkgw_mhyper_native,W-N,test,No-gate,14,22,0,1,0,0
mkgw_mhyper_native,W-N,test,No-gate,15,27,0,1,0,0
mkgw_mhyper_native,W-N,test,No-gate,16,30,1,1,1,30
mkgw_mhyper_native,W-N,test,No-gate,17,43,0,1,0,0
mkgw_mhyper_native,W-N,test,No-gate,18,46,1,1,1,46
mkgw_mhyper_native,W-N,test,No-gate,19,55,0,0,0,0
mkgw_mhyper_native,W-N,test,No-gate,20,56,0,1,0,0
mkgw_mhyper_native,W-N,test,No-gate,21,69,1,1,1,69
mkgw_mhyper_native,W-N,test,No-gate,22,467,1,1,1,467
mkgw_mhyper_native,W-N,test,No-gate,23,1,3792,5176,3792,3792
mkgw_mhyper_native,W-N,test,No-gate,24,2,308,452,308,616
mkgw_mhyper_native,W-N,test,No-gate,25,3,105,148,105,315
mkgw_mhyper_native,W-N,test,No-gate,26,4,40,51,40,160
mkgw_mhyper_native,W-N,test,No-gate,27,5,15,21,15,75
mkgw_mhyper_native,W-N,test,No-gate,28,6,6,6,6,36
mkgw_mhyper_native,W-N,test,No-gate,29,7,2,5,2,14
mkgw_mhyper_native,W-N,test,No-gate,30,8,0,0,0,0
mkgw_mhyper_native,W-N,test,No-gate,31,9,1,3,1,9
mkgw_mhyper_native,W-N,test,No-gate,32,11,0,1,0,0
mkgw_mhyper_native,W-N,test,No-gate,33,12,0,2,0,0
mkgw_mhyper_native,W-N,test,No-gate,34,13,0,1,0,0
mkgw_mhyper_native,W-N,test,No-gate,35,14,0,1,0,0
mkgw_mhyper_native,W-N,test,No-gate,36,15,1,2,1,15
mkgw_mhyper_native,W-N,test,No-gate,37,22,1,1,1,22
mkgw_mhyper_native,W-N,test,No-gate,38,27,0,1,0,0
mkgw_mhyper_native,W-N,test,No-gate,39,30,1,1,1,30
mkgw_mhyper_native,W-N,test,No-gate,40,43,0,0,0,0
mkgw_mhyper_native,W-N,test,No-gate,41,46,1,1,1,46
mkgw_mhyper_native,W-N,test,No-gate,42,55,0,1,0,0
mkgw_mhyper_native,W-N,test,No-gate,43,56,0,0,0,0
mkgw_mhyper_native,W-N,test,No-gate,44,69,1,1,1,69
mkgw_mhyper_native,W-N,test,No-gate,45,467,1,1,1,467
mkgw_mhyper_native,W-N,test,No-gate,46,1,3331,4925,3331,3331
mkgw_mhyper_native,W-N,test,No-gate,47,2,308,445,308,616
mkgw_mhyper_native,W-N,test,No-gate,48,3,109,153,109,327
mkgw_mhyper_native,W-N,test,No-gate,49,4,43,56,43,172
mkgw_mhyper_native,W-N,test,No-gate,50,5,17,21,17,85
mkgw_mhyper_native,W-N,test,No-gate,51,6,5,8,5,30
mkgw_mhyper_native,W-N,test,No-gate,52,7,4,7,4,28
mkgw_mhyper_native,W-N,test,No-gate,53,8,0,1,0,0
mkgw_mhyper_native,W-N,test,No-gate,54,9,1,2,1,9
mkgw_mhyper_native,W-N,test,No-gate,55,11,0,0,0,0
mkgw_mhyper_native,W-N,test,No-gate,56,12,1,1,1,12
mkgw_mhyper_native,W-N,test,No-gate,57,13,1,2,1,13
mkgw_mhyper_native,W-N,test,No-gate,58,14,0,0,0,0
mkgw_mhyper_native,W-N,test,No-gate,59,15,1,2,1,15
mkgw_mhyper_native,W-N,test,No-gate,60,22,0,1,0,0
mkgw_mhyper_native,W-N,test,No-gate,61,27,1,1,1,27
mkgw_mhyper_native,W-N,test,No-gate,62,30,1,1,1,30
mkgw_mhyper_native,W-N,test,No-gate,63,43,0,1,0,0
mkgw_mhyper_native,W-N,test,No-gate,64,46,1,1,1,46
mkgw_mhyper_native,W-N,test,No-gate,65,55,0,0,0,0
mkgw_mhyper_native,W-N,test,No-gate,66,56,0,1,0,0
mkgw_mhyper_native,W-N,test,No-gate,67,69,1,1,1,69
mkgw_mhyper_native,W-N,test,No-gate,68,467,1,1,1,467
mkgw_mhyper_adamf,W-A,dev_oof,Center-0.5,0,1,172,769,172,172
mkgw_mhyper_adamf,W-A,dev_oof,Center-0.5,1,2,8,18,8,16
mkgw_mhyper_adamf,W-A,dev_oof,Center-0.5,2,3,5,5,5,15
mkgw_mhyper_adamf,W-A,dev_oof,Center-0.5,3,4,1,2,1,4
mkgw_mhyper_adamf,W-A,dev_oof,Center-0.5,4,5,0,0,0,0
mkgw_mhyper_adamf,W-A,dev_oof,Center-0.5,5,7,1,1,1,7
mkgw_mhyper_adamf,W-A,dev_oof,Center-0.5,6,8,3,3,3,24
mkgw_mhyper_adamf,W-A,dev_oof,Center-0.5,7,13,1,1,1,13
mkgw_mhyper_adamf,W-A,dev_oof,Center-0.5,8,86,1,1,1,86
mkgw_mhyper_adamf,W-A,dev_oof,Center-0.5,9,1,170,811,170,170
mkgw_mhyper_adamf,W-A,dev_oof,Center-0.5,10,2,7,15,7,14
mkgw_mhyper_adamf,W-A,dev_oof,Center-0.5,11,3,2,2,2,6
mkgw_mhyper_adamf,W-A,dev_oof,Center-0.5,12,4,0,0,0,0
mkgw_mhyper_adamf,W-A,dev_oof,Center-0.5,13,5,0,0,0,0
mkgw_mhyper_adamf,W-A,dev_oof,Center-0.5,14,6,0,0,0,0
mkgw_mhyper_adamf,W-A,dev_oof,Center-0.5,15,7,0,0,0,0
mkgw_mhyper_adamf,W-A,dev_oof,Center-0.5,16,8,1,1,1,8
mkgw_mhyper_adamf,W-A,dev_oof,Center-0.5,17,10,0,0,0,0
mkgw_mhyper_adamf,W-A,dev_oof,Center-0.5,18,11,1,1,1,11
mkgw_mhyper_adamf,W-A,dev_oof,Center-0.5,19,13,1,1,1,13
mkgw_mhyper_adamf,W-A,dev_oof,Center-0.5,20,91,1,1,1,91
mkgw_mhyper_adamf,W-A,dev_oof,Center-0.5,21,1,156,729,156,156
mkgw_mhyper_adamf,W-A,dev_oof,Center-0.5,22,2,11,23,11,22
mkgw_mhyper_adamf,W-A,dev_oof,Center-0.5,23,3,1,1,1,3
mkgw_mhyper_adamf,W-A,dev_oof,Center-0.5,24,4,1,1,1,4
mkgw_mhyper_adamf,W-A,dev_oof,Center-0.5,25,5,0,0,0,0
mkgw_mhyper_adamf,W-A,dev_oof,Center-0.5,26,6,0,0,0,0
mkgw_mhyper_adamf,W-A,dev_oof,Center-0.5,27,9,1,1,1,9
mkgw_mhyper_adamf,W-A,dev_oof,Center-0.5,28,10,0,0,0,0
mkgw_mhyper_adamf,W-A,dev_oof,Center-0.5,29,12,1,1,1,12
mkgw_mhyper_adamf,W-A,dev_oof,Center-0.5,30,15,0,0,0,0
mkgw_mhyper_adamf,W-A,dev_oof,Center-0.5,31,89,1,1,1,89
mkgw_mhyper_adamf,W-A,dev_oof,Center-0.5,32,1,155,839,155,155
mkgw_mhyper_adamf,W-A,dev_oof,Center-0.5,33,2,9,19,9,18
mkgw_mhyper_adamf,W-A,dev_oof,Center-0.5,34,3,2,4,2,6
mkgw_mhyper_adamf,W-A,dev_oof,Center-0.5,35,4,2,2,2,8
mkgw_mhyper_adamf,W-A,dev_oof,Center-0.5,36,6,0,0,0,0
mkgw_mhyper_adamf,W-A,dev_oof,Center-0.5,37,7,1,1,1,7
mkgw_mhyper_adamf,W-A,dev_oof,Center-0.5,38,8,0,0,0,0
mkgw_mhyper_adamf,W-A,dev_oof,Center-0.5,39,13,1,1,1,13
mkgw_mhyper_adamf,W-A,dev_oof,Center-0.5,40,16,1,1,1,16
mkgw_mhyper_adamf,W-A,dev_oof,Center-0.5,41,85,1,1,1,85
mkgw_mhyper_adamf,W-A,dev_oof,Center-0.5,42,1,151,723,151,151
mkgw_mhyper_adamf,W-A,dev_oof,Center-0.5,43,2,9,17,9,18
mkgw_mhyper_adamf,W-A,dev_oof,Center-0.5,44,3,3,3,3,9
mkgw_mhyper_adamf,W-A,dev_oof,Center-0.5,45,4,0,1,0,0
mkgw_mhyper_adamf,W-A,dev_oof,Center-0.5,46,6,1,1,1,6
mkgw_mhyper_adamf,W-A,dev_oof,Center-0.5,47,9,1,1,1,9
mkgw_mhyper_adamf,W-A,dev_oof,Center-0.5,48,13,0,0,0,0
mkgw_mhyper_adamf,W-A,dev_oof,Center-0.5,49,91,1,1,1,91
mkgw_mhyper_adamf,W-A,dev_oof,Center-0.5,50,1,205,674,205,205
mkgw_mhyper_adamf,W-A,dev_oof,Center-0.5,51,2,16,17,16,32
mkgw_mhyper_adamf,W-A,dev_oof,Center-0.5,52,3,3,3,3,9
mkgw_mhyper_adamf,W-A,dev_oof,Center-0.5,53,4,0,0,0,0
mkgw_mhyper_adamf,W-A,dev_oof,Center-0.5,54,5,1,1,1,5
mkgw_mhyper_adamf,W-A,dev_oof,Center-0.5,55,7,1,1,1,7
mkgw_mhyper_adamf,W-A,dev_oof,Center-0.5,56,8,3,3,3,24
mkgw_mhyper_adamf,W-A,dev_oof,Center-0.5,57,13,1,1,1,13
mkgw_mhyper_adamf,W-A,dev_oof,Center-0.5,58,86,1,1,1,86
mkgw_mhyper_adamf,W-A,dev_oof,Center-0.5,59,1,213,696,213,213
mkgw_mhyper_adamf,W-A,dev_oof,Center-0.5,60,2,14,16,14,28
mkgw_mhyper_adamf,W-A,dev_oof,Center-0.5,61,3,1,1,1,3
mkgw_mhyper_adamf,W-A,dev_oof,Center-0.5,62,4,1,1,1,4
mkgw_mhyper_adamf,W-A,dev_oof,Center-0.5,63,5,1,1,1,5
mkgw_mhyper_adamf,W-A,dev_oof,Center-0.5,64,6,1,1,1,6
mkgw_mhyper_adamf,W-A,dev_oof,Center-0.5,65,7,0,0,0,0
mkgw_mhyper_adamf,W-A,dev_oof,Center-0.5,66,8,1,1,1,8
mkgw_mhyper_adamf,W-A,dev_oof,Center-0.5,67,10,1,1,1,10
mkgw_mhyper_adamf,W-A,dev_oof,Center-0.5,68,11,1,1,1,11
mkgw_mhyper_adamf,W-A,dev_oof,Center-0.5,69,13,1,1,1,13
mkgw_mhyper_adamf,W-A,dev_oof,Center-0.5,70,91,1,1,1,91
mkgw_mhyper_adamf,W-A,dev_oof,Center-0.5,71,1,192,623,192,192
mkgw_mhyper_adamf,W-A,dev_oof,Center-0.5,72,2,19,23,19,38
mkgw_mhyper_adamf,W-A,dev_oof,Center-0.5,73,3,1,1,1,3
mkgw_mhyper_adamf,W-A,dev_oof,Center-0.5,74,4,3,3,3,12
mkgw_mhyper_adamf,W-A,dev_oof,Center-0.5,75,5,0,0,0,0
mkgw_mhyper_adamf,W-A,dev_oof,Center-0.5,76,6,0,0,0,0
mkgw_mhyper_adamf,W-A,dev_oof,Center-0.5,77,9,1,1,1,9
mkgw_mhyper_adamf,W-A,dev_oof,Center-0.5,78,10,0,0,0,0
mkgw_mhyper_adamf,W-A,dev_oof,Center-0.5,79,12,1,1,1,12
mkgw_mhyper_adamf,W-A,dev_oof,Center-0.5,80,15,1,1,1,15
mkgw_mhyper_adamf,W-A,dev_oof,Center-0.5,81,89,1,1,1,89
mkgw_mhyper_adamf,W-A,dev_oof,Center-0.5,82,1,176,723,176,176
mkgw_mhyper_adamf,W-A,dev_oof,Center-0.5,83,2,19,24,19,38
mkgw_mhyper_adamf,W-A,dev_oof,Center-0.5,84,3,2,3,2,6
mkgw_mhyper_adamf,W-A,dev_oof,Center-0.5,85,4,4,4,4,16
mkgw_mhyper_adamf,W-A,dev_oof,Center-0.5,86,6,1,1,1,6
mkgw_mhyper_adamf,W-A,dev_oof,Center-0.5,87,7,0,0,0,0
mkgw_mhyper_adamf,W-A,dev_oof,Center-0.5,88,8,1,1,1,8
mkgw_mhyper_adamf,W-A,dev_oof,Center-0.5,89,13,1,1,1,13
mkgw_mhyper_adamf,W-A,dev_oof,Center-0.5,90,16,1,1,1,16
mkgw_mhyper_adamf,W-A,dev_oof,Center-0.5,91,85,1,1,1,85
mkgw_mhyper_adamf,W-A,dev_oof,Center-0.5,92,1,225,673,225,225
mkgw_mhyper_adamf,W-A,dev_oof,Center-0.5,93,2,14,19,14,28
mkgw_mhyper_adamf,W-A,dev_oof,Center-0.5,94,3,3,4,3,9
mkgw_mhyper_adamf,W-A,dev_oof,Center-0.5,95,4,1,1,1,4
mkgw_mhyper_adamf,W-A,dev_oof,Center-0.5,96,6,1,1,1,6
mkgw_mhyper_adamf,W-A,dev_oof,Center-0.5,97,9,1,1,1,9
mkgw_mhyper_adamf,W-A,dev_oof,Center-0.5,98,13,1,1,1,13
mkgw_mhyper_adamf,W-A,dev_oof,Center-0.5,99,91,1,1,1,91
mkgw_mhyper_adamf,W-A,dev_oof,Center-0.5,100,1,176,708,176,176
mkgw_mhyper_adamf,W-A,dev_oof,Center-0.5,101,2,9,11,9,18
mkgw_mhyper_adamf,W-A,dev_oof,Center-0.5,102,3,3,3,3,9
mkgw_mhyper_adamf,W-A,dev_oof,Center-0.5,103,4,1,1,1,4
mkgw_mhyper_adamf,W-A,dev_oof,Center-0.5,104,5,1,1,1,5
mkgw_mhyper_adamf,W-A,dev_oof,Center-0.5,105,7,1,1,1,7
mkgw_mhyper_adamf,W-A,dev_oof,Center-0.5,106,8,1,1,1,8
mkgw_mhyper_adamf,W-A,dev_oof,Center-0.5,107,13,1,1,1,13
mkgw_mhyper_adamf,W-A,dev_oof,Center-0.5,108,86,1,1,1,86
mkgw_mhyper_adamf,W-A,dev_oof,Center-0.5,109,1,169,701,169,169
mkgw_mhyper_adamf,W-A,dev_oof,Center-0.5,110,2,9,20,9,18
mkgw_mhyper_adamf,W-A,dev_oof,Center-0.5,111,3,0,0,0,0
mkgw_mhyper_adamf,W-A,dev_oof,Center-0.5,112,4,1,1,1,4
mkgw_mhyper_adamf,W-A,dev_oof,Center-0.5,113,5,0,0,0,0
mkgw_mhyper_adamf,W-A,dev_oof,Center-0.5,114,6,0,0,0,0
mkgw_mhyper_adamf,W-A,dev_oof,Center-0.5,115,7,0,0,0,0
mkgw_mhyper_adamf,W-A,dev_oof,Center-0.5,116,8,1,1,1,8
mkgw_mhyper_adamf,W-A,dev_oof,Center-0.5,117,10,1,1,1,10
mkgw_mhyper_adamf,W-A,dev_oof,Center-0.5,118,11,0,0,0,0
mkgw_mhyper_adamf,W-A,dev_oof,Center-0.5,119,13,1,1,1,13
mkgw_mhyper_adamf,W-A,dev_oof,Center-0.5,120,91,1,1,1,91
mkgw_mhyper_adamf,W-A,dev_oof,Center-0.5,121,1,158,646,158,158
mkgw_mhyper_adamf,W-A,dev_oof,Center-0.5,122,2,14,16,14,28
mkgw_mhyper_adamf,W-A,dev_oof,Center-0.5,123,3,1,1,1,3
mkgw_mhyper_adamf,W-A,dev_oof,Center-0.5,124,4,1,1,1,4
mkgw_mhyper_adamf,W-A,dev_oof,Center-0.5,125,5,0,0,0,0
mkgw_mhyper_adamf,W-A,dev_oof,Center-0.5,126,6,0,0,0,0
mkgw_mhyper_adamf,W-A,dev_oof,Center-0.5,127,9,0,0,0,0
mkgw_mhyper_adamf,W-A,dev_oof,Center-0.5,128,10,0,0,0,0
mkgw_mhyper_adamf,W-A,dev_oof,Center-0.5,129,12,0,0,0,0
mkgw_mhyper_adamf,W-A,dev_oof,Center-0.5,130,15,1,1,1,15
mkgw_mhyper_adamf,W-A,dev_oof,Center-0.5,131,89,1,1,1,89
mkgw_mhyper_adamf,W-A,dev_oof,Center-0.5,132,1,161,744,161,161
mkgw_mhyper_adamf,W-A,dev_oof,Center-0.5,133,2,11,18,11,22
mkgw_mhyper_adamf,W-A,dev_oof,Center-0.5,134,3,3,4,3,9
mkgw_mhyper_adamf,W-A,dev_oof,Center-0.5,135,4,2,3,2,8
mkgw_mhyper_adamf,W-A,dev_oof,Center-0.5,136,6,1,1,1,6
mkgw_mhyper_adamf,W-A,dev_oof,Center-0.5,137,7,0,0,0,0
mkgw_mhyper_adamf,W-A,dev_oof,Center-0.5,138,8,0,0,0,0
mkgw_mhyper_adamf,W-A,dev_oof,Center-0.5,139,13,1,1,1,13
mkgw_mhyper_adamf,W-A,dev_oof,Center-0.5,140,16,1,1,1,16
mkgw_mhyper_adamf,W-A,dev_oof,Center-0.5,141,85,1,1,1,85
mkgw_mhyper_adamf,W-A,dev_oof,Center-0.5,142,1,166,662,166,166
mkgw_mhyper_adamf,W-A,dev_oof,Center-0.5,143,2,9,14,9,18
mkgw_mhyper_adamf,W-A,dev_oof,Center-0.5,144,3,4,4,4,12
mkgw_mhyper_adamf,W-A,dev_oof,Center-0.5,145,4,1,1,1,4
mkgw_mhyper_adamf,W-A,dev_oof,Center-0.5,146,6,0,0,0,0
mkgw_mhyper_adamf,W-A,dev_oof,Center-0.5,147,9,1,1,1,9
mkgw_mhyper_adamf,W-A,dev_oof,Center-0.5,148,13,1,1,1,13
mkgw_mhyper_adamf,W-A,dev_oof,Center-0.5,149,91,1,1,1,91
mkgw_mhyper_adamf,W-A,dev_oof,Linear-p,0,1,172,172,172,172
mkgw_mhyper_adamf,W-A,dev_oof,Linear-p,1,2,8,8,8,16
mkgw_mhyper_adamf,W-A,dev_oof,Linear-p,2,3,5,5,5,15
mkgw_mhyper_adamf,W-A,dev_oof,Linear-p,3,4,1,1,1,4
mkgw_mhyper_adamf,W-A,dev_oof,Linear-p,4,5,0,0,0,0
mkgw_mhyper_adamf,W-A,dev_oof,Linear-p,5,7,1,1,1,7
mkgw_mhyper_adamf,W-A,dev_oof,Linear-p,6,8,3,3,3,24
mkgw_mhyper_adamf,W-A,dev_oof,Linear-p,7,13,1,1,1,13
mkgw_mhyper_adamf,W-A,dev_oof,Linear-p,8,86,1,1,1,86
mkgw_mhyper_adamf,W-A,dev_oof,Linear-p,9,1,170,170,170,170
mkgw_mhyper_adamf,W-A,dev_oof,Linear-p,10,2,7,7,7,14
mkgw_mhyper_adamf,W-A,dev_oof,Linear-p,11,3,2,2,2,6
mkgw_mhyper_adamf,W-A,dev_oof,Linear-p,12,4,0,0,0,0
mkgw_mhyper_adamf,W-A,dev_oof,Linear-p,13,5,0,0,0,0
mkgw_mhyper_adamf,W-A,dev_oof,Linear-p,14,6,0,0,0,0
mkgw_mhyper_adamf,W-A,dev_oof,Linear-p,15,7,0,0,0,0
mkgw_mhyper_adamf,W-A,dev_oof,Linear-p,16,8,1,1,1,8
mkgw_mhyper_adamf,W-A,dev_oof,Linear-p,17,10,0,0,0,0
mkgw_mhyper_adamf,W-A,dev_oof,Linear-p,18,11,1,1,1,11
mkgw_mhyper_adamf,W-A,dev_oof,Linear-p,19,13,1,1,1,13
mkgw_mhyper_adamf,W-A,dev_oof,Linear-p,20,91,1,1,1,91
mkgw_mhyper_adamf,W-A,dev_oof,Linear-p,21,1,156,156,156,156
mkgw_mhyper_adamf,W-A,dev_oof,Linear-p,22,2,11,11,11,22
mkgw_mhyper_adamf,W-A,dev_oof,Linear-p,23,3,1,1,1,3
mkgw_mhyper_adamf,W-A,dev_oof,Linear-p,24,4,1,1,1,4
mkgw_mhyper_adamf,W-A,dev_oof,Linear-p,25,5,0,0,0,0
mkgw_mhyper_adamf,W-A,dev_oof,Linear-p,26,6,0,0,0,0
mkgw_mhyper_adamf,W-A,dev_oof,Linear-p,27,9,1,1,1,9
mkgw_mhyper_adamf,W-A,dev_oof,Linear-p,28,10,0,0,0,0
mkgw_mhyper_adamf,W-A,dev_oof,Linear-p,29,12,1,1,1,12
mkgw_mhyper_adamf,W-A,dev_oof,Linear-p,30,15,0,0,0,0
mkgw_mhyper_adamf,W-A,dev_oof,Linear-p,31,89,1,1,1,89
mkgw_mhyper_adamf,W-A,dev_oof,Linear-p,32,1,155,155,155,155
mkgw_mhyper_adamf,W-A,dev_oof,Linear-p,33,2,9,9,9,18
mkgw_mhyper_adamf,W-A,dev_oof,Linear-p,34,3,2,2,2,6
mkgw_mhyper_adamf,W-A,dev_oof,Linear-p,35,4,2,2,2,8
mkgw_mhyper_adamf,W-A,dev_oof,Linear-p,36,6,0,0,0,0
mkgw_mhyper_adamf,W-A,dev_oof,Linear-p,37,7,1,1,1,7
mkgw_mhyper_adamf,W-A,dev_oof,Linear-p,38,8,0,0,0,0
mkgw_mhyper_adamf,W-A,dev_oof,Linear-p,39,13,1,1,1,13
mkgw_mhyper_adamf,W-A,dev_oof,Linear-p,40,16,1,1,1,16
mkgw_mhyper_adamf,W-A,dev_oof,Linear-p,41,85,1,1,1,85
mkgw_mhyper_adamf,W-A,dev_oof,Linear-p,42,1,151,151,151,151
mkgw_mhyper_adamf,W-A,dev_oof,Linear-p,43,2,9,9,9,18
mkgw_mhyper_adamf,W-A,dev_oof,Linear-p,44,3,3,3,3,9
mkgw_mhyper_adamf,W-A,dev_oof,Linear-p,45,4,0,0,0,0
mkgw_mhyper_adamf,W-A,dev_oof,Linear-p,46,6,1,1,1,6
mkgw_mhyper_adamf,W-A,dev_oof,Linear-p,47,9,1,1,1,9
mkgw_mhyper_adamf,W-A,dev_oof,Linear-p,48,13,0,0,0,0
mkgw_mhyper_adamf,W-A,dev_oof,Linear-p,49,91,1,1,1,91
mkgw_mhyper_adamf,W-A,dev_oof,Linear-p,50,1,205,205,205,205
mkgw_mhyper_adamf,W-A,dev_oof,Linear-p,51,2,16,16,16,32
mkgw_mhyper_adamf,W-A,dev_oof,Linear-p,52,3,3,3,3,9
mkgw_mhyper_adamf,W-A,dev_oof,Linear-p,53,4,0,0,0,0
mkgw_mhyper_adamf,W-A,dev_oof,Linear-p,54,5,1,1,1,5
mkgw_mhyper_adamf,W-A,dev_oof,Linear-p,55,7,1,1,1,7
mkgw_mhyper_adamf,W-A,dev_oof,Linear-p,56,8,3,3,3,24
mkgw_mhyper_adamf,W-A,dev_oof,Linear-p,57,13,1,1,1,13
mkgw_mhyper_adamf,W-A,dev_oof,Linear-p,58,86,1,1,1,86
mkgw_mhyper_adamf,W-A,dev_oof,Linear-p,59,1,213,213,213,213
mkgw_mhyper_adamf,W-A,dev_oof,Linear-p,60,2,14,14,14,28
mkgw_mhyper_adamf,W-A,dev_oof,Linear-p,61,3,1,1,1,3
mkgw_mhyper_adamf,W-A,dev_oof,Linear-p,62,4,1,1,1,4
mkgw_mhyper_adamf,W-A,dev_oof,Linear-p,63,5,1,1,1,5
mkgw_mhyper_adamf,W-A,dev_oof,Linear-p,64,6,1,1,1,6
mkgw_mhyper_adamf,W-A,dev_oof,Linear-p,65,7,0,0,0,0
mkgw_mhyper_adamf,W-A,dev_oof,Linear-p,66,8,1,1,1,8
mkgw_mhyper_adamf,W-A,dev_oof,Linear-p,67,10,1,1,1,10
mkgw_mhyper_adamf,W-A,dev_oof,Linear-p,68,11,1,1,1,11
mkgw_mhyper_adamf,W-A,dev_oof,Linear-p,69,13,1,1,1,13
mkgw_mhyper_adamf,W-A,dev_oof,Linear-p,70,91,1,1,1,91
mkgw_mhyper_adamf,W-A,dev_oof,Linear-p,71,1,192,192,192,192
mkgw_mhyper_adamf,W-A,dev_oof,Linear-p,72,2,19,19,19,38
mkgw_mhyper_adamf,W-A,dev_oof,Linear-p,73,3,1,1,1,3
mkgw_mhyper_adamf,W-A,dev_oof,Linear-p,74,4,3,3,3,12
mkgw_mhyper_adamf,W-A,dev_oof,Linear-p,75,5,0,0,0,0
mkgw_mhyper_adamf,W-A,dev_oof,Linear-p,76,6,0,0,0,0
mkgw_mhyper_adamf,W-A,dev_oof,Linear-p,77,9,1,1,1,9
mkgw_mhyper_adamf,W-A,dev_oof,Linear-p,78,10,0,0,0,0
mkgw_mhyper_adamf,W-A,dev_oof,Linear-p,79,12,1,1,1,12
mkgw_mhyper_adamf,W-A,dev_oof,Linear-p,80,15,1,1,1,15
mkgw_mhyper_adamf,W-A,dev_oof,Linear-p,81,89,1,1,1,89
mkgw_mhyper_adamf,W-A,dev_oof,Linear-p,82,1,176,176,176,176
mkgw_mhyper_adamf,W-A,dev_oof,Linear-p,83,2,19,19,19,38
mkgw_mhyper_adamf,W-A,dev_oof,Linear-p,84,3,2,2,2,6
mkgw_mhyper_adamf,W-A,dev_oof,Linear-p,85,4,4,4,4,16
mkgw_mhyper_adamf,W-A,dev_oof,Linear-p,86,6,1,1,1,6
mkgw_mhyper_adamf,W-A,dev_oof,Linear-p,87,7,0,0,0,0
mkgw_mhyper_adamf,W-A,dev_oof,Linear-p,88,8,1,1,1,8
mkgw_mhyper_adamf,W-A,dev_oof,Linear-p,89,13,1,1,1,13
mkgw_mhyper_adamf,W-A,dev_oof,Linear-p,90,16,1,1,1,16
mkgw_mhyper_adamf,W-A,dev_oof,Linear-p,91,85,1,1,1,85
mkgw_mhyper_adamf,W-A,dev_oof,Linear-p,92,1,225,225,225,225
mkgw_mhyper_adamf,W-A,dev_oof,Linear-p,93,2,14,14,14,28
mkgw_mhyper_adamf,W-A,dev_oof,Linear-p,94,3,3,3,3,9
mkgw_mhyper_adamf,W-A,dev_oof,Linear-p,95,4,1,1,1,4
mkgw_mhyper_adamf,W-A,dev_oof,Linear-p,96,6,1,1,1,6
mkgw_mhyper_adamf,W-A,dev_oof,Linear-p,97,9,1,1,1,9
mkgw_mhyper_adamf,W-A,dev_oof,Linear-p,98,13,1,1,1,13
mkgw_mhyper_adamf,W-A,dev_oof,Linear-p,99,91,1,1,1,91
mkgw_mhyper_adamf,W-A,dev_oof,Linear-p,100,1,176,176,176,176
mkgw_mhyper_adamf,W-A,dev_oof,Linear-p,101,2,9,9,9,18
mkgw_mhyper_adamf,W-A,dev_oof,Linear-p,102,3,3,3,3,9
mkgw_mhyper_adamf,W-A,dev_oof,Linear-p,103,4,1,1,1,4
mkgw_mhyper_adamf,W-A,dev_oof,Linear-p,104,5,1,1,1,5
mkgw_mhyper_adamf,W-A,dev_oof,Linear-p,105,7,1,1,1,7
mkgw_mhyper_adamf,W-A,dev_oof,Linear-p,106,8,1,1,1,8
mkgw_mhyper_adamf,W-A,dev_oof,Linear-p,107,13,1,1,1,13
mkgw_mhyper_adamf,W-A,dev_oof,Linear-p,108,86,1,1,1,86
mkgw_mhyper_adamf,W-A,dev_oof,Linear-p,109,1,169,169,169,169
mkgw_mhyper_adamf,W-A,dev_oof,Linear-p,110,2,9,9,9,18
mkgw_mhyper_adamf,W-A,dev_oof,Linear-p,111,3,0,0,0,0
mkgw_mhyper_adamf,W-A,dev_oof,Linear-p,112,4,1,1,1,4
mkgw_mhyper_adamf,W-A,dev_oof,Linear-p,113,5,0,0,0,0
mkgw_mhyper_adamf,W-A,dev_oof,Linear-p,114,6,0,0,0,0
mkgw_mhyper_adamf,W-A,dev_oof,Linear-p,115,7,0,0,0,0
mkgw_mhyper_adamf,W-A,dev_oof,Linear-p,116,8,1,1,1,8
mkgw_mhyper_adamf,W-A,dev_oof,Linear-p,117,10,1,1,1,10
mkgw_mhyper_adamf,W-A,dev_oof,Linear-p,118,11,0,0,0,0
mkgw_mhyper_adamf,W-A,dev_oof,Linear-p,119,13,1,1,1,13
mkgw_mhyper_adamf,W-A,dev_oof,Linear-p,120,91,1,1,1,91
mkgw_mhyper_adamf,W-A,dev_oof,Linear-p,121,1,158,158,158,158
mkgw_mhyper_adamf,W-A,dev_oof,Linear-p,122,2,14,14,14,28
mkgw_mhyper_adamf,W-A,dev_oof,Linear-p,123,3,1,1,1,3
mkgw_mhyper_adamf,W-A,dev_oof,Linear-p,124,4,1,1,1,4
mkgw_mhyper_adamf,W-A,dev_oof,Linear-p,125,5,0,0,0,0
mkgw_mhyper_adamf,W-A,dev_oof,Linear-p,126,6,0,0,0,0
mkgw_mhyper_adamf,W-A,dev_oof,Linear-p,127,9,0,0,0,0
mkgw_mhyper_adamf,W-A,dev_oof,Linear-p,128,10,0,0,0,0
mkgw_mhyper_adamf,W-A,dev_oof,Linear-p,129,12,0,0,0,0
mkgw_mhyper_adamf,W-A,dev_oof,Linear-p,130,15,1,1,1,15
mkgw_mhyper_adamf,W-A,dev_oof,Linear-p,131,89,1,1,1,89
mkgw_mhyper_adamf,W-A,dev_oof,Linear-p,132,1,161,161,161,161
mkgw_mhyper_adamf,W-A,dev_oof,Linear-p,133,2,11,11,11,22
mkgw_mhyper_adamf,W-A,dev_oof,Linear-p,134,3,3,3,3,9
mkgw_mhyper_adamf,W-A,dev_oof,Linear-p,135,4,2,2,2,8
mkgw_mhyper_adamf,W-A,dev_oof,Linear-p,136,6,1,1,1,6
mkgw_mhyper_adamf,W-A,dev_oof,Linear-p,137,7,0,0,0,0
mkgw_mhyper_adamf,W-A,dev_oof,Linear-p,138,8,0,0,0,0
mkgw_mhyper_adamf,W-A,dev_oof,Linear-p,139,13,1,1,1,13
mkgw_mhyper_adamf,W-A,dev_oof,Linear-p,140,16,1,1,1,16
mkgw_mhyper_adamf,W-A,dev_oof,Linear-p,141,85,1,1,1,85
mkgw_mhyper_adamf,W-A,dev_oof,Linear-p,142,1,166,166,166,166
mkgw_mhyper_adamf,W-A,dev_oof,Linear-p,143,2,9,9,9,18
mkgw_mhyper_adamf,W-A,dev_oof,Linear-p,144,3,4,4,4,12
mkgw_mhyper_adamf,W-A,dev_oof,Linear-p,145,4,1,1,1,4
mkgw_mhyper_adamf,W-A,dev_oof,Linear-p,146,6,0,0,0,0
mkgw_mhyper_adamf,W-A,dev_oof,Linear-p,147,9,1,1,1,9
mkgw_mhyper_adamf,W-A,dev_oof,Linear-p,148,13,1,1,1,13
mkgw_mhyper_adamf,W-A,dev_oof,Linear-p,149,91,1,1,1,91
mkgw_mhyper_adamf,W-A,dev_oof,Clip-g,0,1,172,172,172,172
mkgw_mhyper_adamf,W-A,dev_oof,Clip-g,1,2,8,8,8,16
mkgw_mhyper_adamf,W-A,dev_oof,Clip-g,2,3,5,5,5,15
mkgw_mhyper_adamf,W-A,dev_oof,Clip-g,3,4,1,1,1,4
mkgw_mhyper_adamf,W-A,dev_oof,Clip-g,4,5,0,0,0,0
mkgw_mhyper_adamf,W-A,dev_oof,Clip-g,5,7,1,1,1,7
mkgw_mhyper_adamf,W-A,dev_oof,Clip-g,6,8,3,3,3,24
mkgw_mhyper_adamf,W-A,dev_oof,Clip-g,7,13,1,1,1,13
mkgw_mhyper_adamf,W-A,dev_oof,Clip-g,8,86,1,1,1,86
mkgw_mhyper_adamf,W-A,dev_oof,Clip-g,9,1,170,170,170,170
mkgw_mhyper_adamf,W-A,dev_oof,Clip-g,10,2,7,7,7,14
mkgw_mhyper_adamf,W-A,dev_oof,Clip-g,11,3,2,2,2,6
mkgw_mhyper_adamf,W-A,dev_oof,Clip-g,12,4,0,0,0,0
mkgw_mhyper_adamf,W-A,dev_oof,Clip-g,13,5,0,0,0,0
mkgw_mhyper_adamf,W-A,dev_oof,Clip-g,14,6,0,0,0,0
mkgw_mhyper_adamf,W-A,dev_oof,Clip-g,15,7,0,0,0,0
mkgw_mhyper_adamf,W-A,dev_oof,Clip-g,16,8,1,1,1,8
mkgw_mhyper_adamf,W-A,dev_oof,Clip-g,17,10,0,0,0,0
mkgw_mhyper_adamf,W-A,dev_oof,Clip-g,18,11,1,1,1,11
mkgw_mhyper_adamf,W-A,dev_oof,Clip-g,19,13,1,1,1,13
mkgw_mhyper_adamf,W-A,dev_oof,Clip-g,20,91,1,1,1,91
mkgw_mhyper_adamf,W-A,dev_oof,Clip-g,21,1,156,156,156,156
mkgw_mhyper_adamf,W-A,dev_oof,Clip-g,22,2,11,11,11,22
mkgw_mhyper_adamf,W-A,dev_oof,Clip-g,23,3,1,1,1,3
mkgw_mhyper_adamf,W-A,dev_oof,Clip-g,24,4,1,1,1,4
mkgw_mhyper_adamf,W-A,dev_oof,Clip-g,25,5,0,0,0,0
mkgw_mhyper_adamf,W-A,dev_oof,Clip-g,26,6,0,0,0,0
mkgw_mhyper_adamf,W-A,dev_oof,Clip-g,27,9,1,1,1,9
mkgw_mhyper_adamf,W-A,dev_oof,Clip-g,28,10,0,0,0,0
mkgw_mhyper_adamf,W-A,dev_oof,Clip-g,29,12,1,1,1,12
mkgw_mhyper_adamf,W-A,dev_oof,Clip-g,30,15,0,0,0,0
mkgw_mhyper_adamf,W-A,dev_oof,Clip-g,31,89,1,1,1,89
mkgw_mhyper_adamf,W-A,dev_oof,Clip-g,32,1,155,155,155,155
mkgw_mhyper_adamf,W-A,dev_oof,Clip-g,33,2,9,9,9,18
mkgw_mhyper_adamf,W-A,dev_oof,Clip-g,34,3,2,2,2,6
mkgw_mhyper_adamf,W-A,dev_oof,Clip-g,35,4,2,2,2,8
mkgw_mhyper_adamf,W-A,dev_oof,Clip-g,36,6,0,0,0,0
mkgw_mhyper_adamf,W-A,dev_oof,Clip-g,37,7,1,1,1,7
mkgw_mhyper_adamf,W-A,dev_oof,Clip-g,38,8,0,0,0,0
mkgw_mhyper_adamf,W-A,dev_oof,Clip-g,39,13,1,1,1,13
mkgw_mhyper_adamf,W-A,dev_oof,Clip-g,40,16,1,1,1,16
mkgw_mhyper_adamf,W-A,dev_oof,Clip-g,41,85,1,1,1,85
mkgw_mhyper_adamf,W-A,dev_oof,Clip-g,42,1,151,151,151,151
mkgw_mhyper_adamf,W-A,dev_oof,Clip-g,43,2,9,9,9,18
mkgw_mhyper_adamf,W-A,dev_oof,Clip-g,44,3,3,3,3,9
mkgw_mhyper_adamf,W-A,dev_oof,Clip-g,45,4,0,0,0,0
mkgw_mhyper_adamf,W-A,dev_oof,Clip-g,46,6,1,1,1,6
mkgw_mhyper_adamf,W-A,dev_oof,Clip-g,47,9,1,1,1,9
mkgw_mhyper_adamf,W-A,dev_oof,Clip-g,48,13,0,0,0,0
mkgw_mhyper_adamf,W-A,dev_oof,Clip-g,49,91,1,1,1,91
mkgw_mhyper_adamf,W-A,dev_oof,Clip-g,50,1,205,205,205,205
mkgw_mhyper_adamf,W-A,dev_oof,Clip-g,51,2,16,16,16,32
mkgw_mhyper_adamf,W-A,dev_oof,Clip-g,52,3,3,3,3,9
mkgw_mhyper_adamf,W-A,dev_oof,Clip-g,53,4,0,0,0,0
mkgw_mhyper_adamf,W-A,dev_oof,Clip-g,54,5,1,1,1,5
mkgw_mhyper_adamf,W-A,dev_oof,Clip-g,55,7,1,1,1,7
mkgw_mhyper_adamf,W-A,dev_oof,Clip-g,56,8,3,3,3,24
mkgw_mhyper_adamf,W-A,dev_oof,Clip-g,57,13,1,1,1,13
mkgw_mhyper_adamf,W-A,dev_oof,Clip-g,58,86,1,1,1,86
mkgw_mhyper_adamf,W-A,dev_oof,Clip-g,59,1,213,213,213,213
mkgw_mhyper_adamf,W-A,dev_oof,Clip-g,60,2,14,14,14,28
mkgw_mhyper_adamf,W-A,dev_oof,Clip-g,61,3,1,1,1,3
mkgw_mhyper_adamf,W-A,dev_oof,Clip-g,62,4,1,1,1,4
mkgw_mhyper_adamf,W-A,dev_oof,Clip-g,63,5,1,1,1,5
mkgw_mhyper_adamf,W-A,dev_oof,Clip-g,64,6,1,1,1,6
mkgw_mhyper_adamf,W-A,dev_oof,Clip-g,65,7,0,0,0,0
mkgw_mhyper_adamf,W-A,dev_oof,Clip-g,66,8,1,1,1,8
mkgw_mhyper_adamf,W-A,dev_oof,Clip-g,67,10,1,1,1,10
mkgw_mhyper_adamf,W-A,dev_oof,Clip-g,68,11,1,1,1,11
mkgw_mhyper_adamf,W-A,dev_oof,Clip-g,69,13,1,1,1,13
mkgw_mhyper_adamf,W-A,dev_oof,Clip-g,70,91,1,1,1,91
mkgw_mhyper_adamf,W-A,dev_oof,Clip-g,71,1,192,192,192,192
mkgw_mhyper_adamf,W-A,dev_oof,Clip-g,72,2,19,19,19,38
mkgw_mhyper_adamf,W-A,dev_oof,Clip-g,73,3,1,1,1,3
mkgw_mhyper_adamf,W-A,dev_oof,Clip-g,74,4,3,3,3,12
mkgw_mhyper_adamf,W-A,dev_oof,Clip-g,75,5,0,0,0,0
mkgw_mhyper_adamf,W-A,dev_oof,Clip-g,76,6,0,0,0,0
mkgw_mhyper_adamf,W-A,dev_oof,Clip-g,77,9,1,1,1,9
mkgw_mhyper_adamf,W-A,dev_oof,Clip-g,78,10,0,0,0,0
mkgw_mhyper_adamf,W-A,dev_oof,Clip-g,79,12,1,1,1,12
mkgw_mhyper_adamf,W-A,dev_oof,Clip-g,80,15,1,1,1,15
mkgw_mhyper_adamf,W-A,dev_oof,Clip-g,81,89,1,1,1,89
mkgw_mhyper_adamf,W-A,dev_oof,Clip-g,82,1,176,176,176,176
mkgw_mhyper_adamf,W-A,dev_oof,Clip-g,83,2,19,19,19,38
mkgw_mhyper_adamf,W-A,dev_oof,Clip-g,84,3,2,2,2,6
mkgw_mhyper_adamf,W-A,dev_oof,Clip-g,85,4,4,4,4,16
mkgw_mhyper_adamf,W-A,dev_oof,Clip-g,86,6,1,1,1,6
mkgw_mhyper_adamf,W-A,dev_oof,Clip-g,87,7,0,0,0,0
mkgw_mhyper_adamf,W-A,dev_oof,Clip-g,88,8,1,1,1,8
mkgw_mhyper_adamf,W-A,dev_oof,Clip-g,89,13,1,1,1,13
mkgw_mhyper_adamf,W-A,dev_oof,Clip-g,90,16,1,1,1,16
mkgw_mhyper_adamf,W-A,dev_oof,Clip-g,91,85,1,1,1,85
mkgw_mhyper_adamf,W-A,dev_oof,Clip-g,92,1,225,225,225,225
mkgw_mhyper_adamf,W-A,dev_oof,Clip-g,93,2,14,14,14,28
mkgw_mhyper_adamf,W-A,dev_oof,Clip-g,94,3,3,3,3,9
mkgw_mhyper_adamf,W-A,dev_oof,Clip-g,95,4,1,1,1,4
mkgw_mhyper_adamf,W-A,dev_oof,Clip-g,96,6,1,1,1,6
mkgw_mhyper_adamf,W-A,dev_oof,Clip-g,97,9,1,1,1,9
mkgw_mhyper_adamf,W-A,dev_oof,Clip-g,98,13,1,1,1,13
mkgw_mhyper_adamf,W-A,dev_oof,Clip-g,99,91,1,1,1,91
mkgw_mhyper_adamf,W-A,dev_oof,Clip-g,100,1,176,176,176,176
mkgw_mhyper_adamf,W-A,dev_oof,Clip-g,101,2,9,9,9,18
mkgw_mhyper_adamf,W-A,dev_oof,Clip-g,102,3,3,3,3,9
mkgw_mhyper_adamf,W-A,dev_oof,Clip-g,103,4,1,1,1,4
mkgw_mhyper_adamf,W-A,dev_oof,Clip-g,104,5,1,1,1,5
mkgw_mhyper_adamf,W-A,dev_oof,Clip-g,105,7,1,1,1,7
mkgw_mhyper_adamf,W-A,dev_oof,Clip-g,106,8,1,1,1,8
mkgw_mhyper_adamf,W-A,dev_oof,Clip-g,107,13,1,1,1,13
mkgw_mhyper_adamf,W-A,dev_oof,Clip-g,108,86,1,1,1,86
mkgw_mhyper_adamf,W-A,dev_oof,Clip-g,109,1,169,169,169,169
mkgw_mhyper_adamf,W-A,dev_oof,Clip-g,110,2,9,9,9,18
mkgw_mhyper_adamf,W-A,dev_oof,Clip-g,111,3,0,0,0,0
mkgw_mhyper_adamf,W-A,dev_oof,Clip-g,112,4,1,1,1,4
mkgw_mhyper_adamf,W-A,dev_oof,Clip-g,113,5,0,0,0,0
mkgw_mhyper_adamf,W-A,dev_oof,Clip-g,114,6,0,0,0,0
mkgw_mhyper_adamf,W-A,dev_oof,Clip-g,115,7,0,0,0,0
mkgw_mhyper_adamf,W-A,dev_oof,Clip-g,116,8,1,1,1,8
mkgw_mhyper_adamf,W-A,dev_oof,Clip-g,117,10,1,1,1,10
mkgw_mhyper_adamf,W-A,dev_oof,Clip-g,118,11,0,0,0,0
mkgw_mhyper_adamf,W-A,dev_oof,Clip-g,119,13,1,1,1,13
mkgw_mhyper_adamf,W-A,dev_oof,Clip-g,120,91,1,1,1,91
mkgw_mhyper_adamf,W-A,dev_oof,Clip-g,121,1,158,158,158,158
mkgw_mhyper_adamf,W-A,dev_oof,Clip-g,122,2,14,14,14,28
mkgw_mhyper_adamf,W-A,dev_oof,Clip-g,123,3,1,1,1,3
mkgw_mhyper_adamf,W-A,dev_oof,Clip-g,124,4,1,1,1,4
mkgw_mhyper_adamf,W-A,dev_oof,Clip-g,125,5,0,0,0,0
mkgw_mhyper_adamf,W-A,dev_oof,Clip-g,126,6,0,0,0,0
mkgw_mhyper_adamf,W-A,dev_oof,Clip-g,127,9,0,0,0,0
mkgw_mhyper_adamf,W-A,dev_oof,Clip-g,128,10,0,0,0,0
mkgw_mhyper_adamf,W-A,dev_oof,Clip-g,129,12,0,0,0,0
mkgw_mhyper_adamf,W-A,dev_oof,Clip-g,130,15,1,1,1,15
mkgw_mhyper_adamf,W-A,dev_oof,Clip-g,131,89,1,1,1,89
mkgw_mhyper_adamf,W-A,dev_oof,Clip-g,132,1,161,161,161,161
mkgw_mhyper_adamf,W-A,dev_oof,Clip-g,133,2,11,11,11,22
mkgw_mhyper_adamf,W-A,dev_oof,Clip-g,134,3,3,3,3,9
mkgw_mhyper_adamf,W-A,dev_oof,Clip-g,135,4,2,2,2,8
mkgw_mhyper_adamf,W-A,dev_oof,Clip-g,136,6,1,1,1,6
mkgw_mhyper_adamf,W-A,dev_oof,Clip-g,137,7,0,0,0,0
mkgw_mhyper_adamf,W-A,dev_oof,Clip-g,138,8,0,0,0,0
mkgw_mhyper_adamf,W-A,dev_oof,Clip-g,139,13,1,1,1,13
mkgw_mhyper_adamf,W-A,dev_oof,Clip-g,140,16,1,1,1,16
mkgw_mhyper_adamf,W-A,dev_oof,Clip-g,141,85,1,1,1,85
mkgw_mhyper_adamf,W-A,dev_oof,Clip-g,142,1,166,166,166,166
mkgw_mhyper_adamf,W-A,dev_oof,Clip-g,143,2,9,9,9,18
mkgw_mhyper_adamf,W-A,dev_oof,Clip-g,144,3,4,4,4,12
mkgw_mhyper_adamf,W-A,dev_oof,Clip-g,145,4,1,1,1,4
mkgw_mhyper_adamf,W-A,dev_oof,Clip-g,146,6,0,0,0,0
mkgw_mhyper_adamf,W-A,dev_oof,Clip-g,147,9,1,1,1,9
mkgw_mhyper_adamf,W-A,dev_oof,Clip-g,148,13,1,1,1,13
mkgw_mhyper_adamf,W-A,dev_oof,Clip-g,149,91,1,1,1,91
mkgw_mhyper_adamf,W-A,dev_oof,Shrink-fixed,0,1,172,769,172,172
mkgw_mhyper_adamf,W-A,dev_oof,Shrink-fixed,1,2,8,18,8,16
mkgw_mhyper_adamf,W-A,dev_oof,Shrink-fixed,2,3,5,5,5,15
mkgw_mhyper_adamf,W-A,dev_oof,Shrink-fixed,3,4,1,2,1,4
mkgw_mhyper_adamf,W-A,dev_oof,Shrink-fixed,4,5,0,0,0,0
mkgw_mhyper_adamf,W-A,dev_oof,Shrink-fixed,5,7,1,1,1,7
mkgw_mhyper_adamf,W-A,dev_oof,Shrink-fixed,6,8,3,3,3,24
mkgw_mhyper_adamf,W-A,dev_oof,Shrink-fixed,7,13,1,1,1,13
mkgw_mhyper_adamf,W-A,dev_oof,Shrink-fixed,8,86,1,1,1,86
mkgw_mhyper_adamf,W-A,dev_oof,Shrink-fixed,9,1,170,811,170,170
mkgw_mhyper_adamf,W-A,dev_oof,Shrink-fixed,10,2,7,15,7,14
mkgw_mhyper_adamf,W-A,dev_oof,Shrink-fixed,11,3,2,2,2,6
mkgw_mhyper_adamf,W-A,dev_oof,Shrink-fixed,12,4,0,0,0,0
mkgw_mhyper_adamf,W-A,dev_oof,Shrink-fixed,13,5,0,0,0,0
mkgw_mhyper_adamf,W-A,dev_oof,Shrink-fixed,14,6,0,0,0,0
mkgw_mhyper_adamf,W-A,dev_oof,Shrink-fixed,15,7,0,0,0,0
mkgw_mhyper_adamf,W-A,dev_oof,Shrink-fixed,16,8,1,1,1,8
mkgw_mhyper_adamf,W-A,dev_oof,Shrink-fixed,17,10,0,0,0,0
mkgw_mhyper_adamf,W-A,dev_oof,Shrink-fixed,18,11,1,1,1,11
mkgw_mhyper_adamf,W-A,dev_oof,Shrink-fixed,19,13,1,1,1,13
mkgw_mhyper_adamf,W-A,dev_oof,Shrink-fixed,20,91,1,1,1,91
mkgw_mhyper_adamf,W-A,dev_oof,Shrink-fixed,21,1,156,730,156,156
mkgw_mhyper_adamf,W-A,dev_oof,Shrink-fixed,22,2,11,23,11,22
mkgw_mhyper_adamf,W-A,dev_oof,Shrink-fixed,23,3,1,1,1,3
mkgw_mhyper_adamf,W-A,dev_oof,Shrink-fixed,24,4,1,1,1,4
mkgw_mhyper_adamf,W-A,dev_oof,Shrink-fixed,25,5,0,0,0,0
mkgw_mhyper_adamf,W-A,dev_oof,Shrink-fixed,26,6,0,0,0,0
mkgw_mhyper_adamf,W-A,dev_oof,Shrink-fixed,27,9,1,1,1,9
mkgw_mhyper_adamf,W-A,dev_oof,Shrink-fixed,28,10,0,0,0,0
mkgw_mhyper_adamf,W-A,dev_oof,Shrink-fixed,29,12,1,1,1,12
mkgw_mhyper_adamf,W-A,dev_oof,Shrink-fixed,30,15,0,0,0,0
mkgw_mhyper_adamf,W-A,dev_oof,Shrink-fixed,31,89,1,1,1,89
mkgw_mhyper_adamf,W-A,dev_oof,Shrink-fixed,32,1,155,839,155,155
mkgw_mhyper_adamf,W-A,dev_oof,Shrink-fixed,33,2,9,19,9,18
mkgw_mhyper_adamf,W-A,dev_oof,Shrink-fixed,34,3,2,4,2,6
mkgw_mhyper_adamf,W-A,dev_oof,Shrink-fixed,35,4,2,2,2,8
mkgw_mhyper_adamf,W-A,dev_oof,Shrink-fixed,36,6,0,0,0,0
mkgw_mhyper_adamf,W-A,dev_oof,Shrink-fixed,37,7,1,1,1,7
mkgw_mhyper_adamf,W-A,dev_oof,Shrink-fixed,38,8,0,0,0,0
mkgw_mhyper_adamf,W-A,dev_oof,Shrink-fixed,39,13,1,1,1,13
mkgw_mhyper_adamf,W-A,dev_oof,Shrink-fixed,40,16,1,1,1,16
mkgw_mhyper_adamf,W-A,dev_oof,Shrink-fixed,41,85,1,1,1,85
mkgw_mhyper_adamf,W-A,dev_oof,Shrink-fixed,42,1,151,726,151,151
mkgw_mhyper_adamf,W-A,dev_oof,Shrink-fixed,43,2,9,17,9,18
mkgw_mhyper_adamf,W-A,dev_oof,Shrink-fixed,44,3,3,3,3,9
mkgw_mhyper_adamf,W-A,dev_oof,Shrink-fixed,45,4,0,1,0,0
mkgw_mhyper_adamf,W-A,dev_oof,Shrink-fixed,46,6,1,1,1,6
mkgw_mhyper_adamf,W-A,dev_oof,Shrink-fixed,47,9,1,1,1,9
mkgw_mhyper_adamf,W-A,dev_oof,Shrink-fixed,48,13,0,0,0,0
mkgw_mhyper_adamf,W-A,dev_oof,Shrink-fixed,49,91,1,1,1,91
mkgw_mhyper_adamf,W-A,dev_oof,Shrink-fixed,50,1,205,674,205,205
mkgw_mhyper_adamf,W-A,dev_oof,Shrink-fixed,51,2,16,17,16,32
mkgw_mhyper_adamf,W-A,dev_oof,Shrink-fixed,52,3,3,3,3,9
mkgw_mhyper_adamf,W-A,dev_oof,Shrink-fixed,53,4,0,0,0,0
mkgw_mhyper_adamf,W-A,dev_oof,Shrink-fixed,54,5,1,1,1,5
mkgw_mhyper_adamf,W-A,dev_oof,Shrink-fixed,55,7,1,1,1,7
mkgw_mhyper_adamf,W-A,dev_oof,Shrink-fixed,56,8,3,3,3,24
mkgw_mhyper_adamf,W-A,dev_oof,Shrink-fixed,57,13,1,1,1,13
mkgw_mhyper_adamf,W-A,dev_oof,Shrink-fixed,58,86,1,1,1,86
mkgw_mhyper_adamf,W-A,dev_oof,Shrink-fixed,59,1,213,696,213,213
mkgw_mhyper_adamf,W-A,dev_oof,Shrink-fixed,60,2,14,16,14,28
mkgw_mhyper_adamf,W-A,dev_oof,Shrink-fixed,61,3,1,1,1,3
mkgw_mhyper_adamf,W-A,dev_oof,Shrink-fixed,62,4,1,1,1,4
mkgw_mhyper_adamf,W-A,dev_oof,Shrink-fixed,63,5,1,1,1,5
mkgw_mhyper_adamf,W-A,dev_oof,Shrink-fixed,64,6,1,1,1,6
mkgw_mhyper_adamf,W-A,dev_oof,Shrink-fixed,65,7,0,0,0,0
mkgw_mhyper_adamf,W-A,dev_oof,Shrink-fixed,66,8,1,1,1,8
mkgw_mhyper_adamf,W-A,dev_oof,Shrink-fixed,67,10,1,1,1,10
mkgw_mhyper_adamf,W-A,dev_oof,Shrink-fixed,68,11,1,1,1,11
mkgw_mhyper_adamf,W-A,dev_oof,Shrink-fixed,69,13,1,1,1,13
mkgw_mhyper_adamf,W-A,dev_oof,Shrink-fixed,70,91,1,1,1,91
mkgw_mhyper_adamf,W-A,dev_oof,Shrink-fixed,71,1,192,623,192,192
mkgw_mhyper_adamf,W-A,dev_oof,Shrink-fixed,72,2,19,23,19,38
mkgw_mhyper_adamf,W-A,dev_oof,Shrink-fixed,73,3,1,1,1,3
mkgw_mhyper_adamf,W-A,dev_oof,Shrink-fixed,74,4,3,3,3,12
mkgw_mhyper_adamf,W-A,dev_oof,Shrink-fixed,75,5,0,0,0,0
mkgw_mhyper_adamf,W-A,dev_oof,Shrink-fixed,76,6,0,0,0,0
mkgw_mhyper_adamf,W-A,dev_oof,Shrink-fixed,77,9,1,1,1,9
mkgw_mhyper_adamf,W-A,dev_oof,Shrink-fixed,78,10,0,0,0,0
mkgw_mhyper_adamf,W-A,dev_oof,Shrink-fixed,79,12,1,1,1,12
mkgw_mhyper_adamf,W-A,dev_oof,Shrink-fixed,80,15,1,1,1,15
mkgw_mhyper_adamf,W-A,dev_oof,Shrink-fixed,81,89,1,1,1,89
mkgw_mhyper_adamf,W-A,dev_oof,Shrink-fixed,82,1,176,723,176,176
mkgw_mhyper_adamf,W-A,dev_oof,Shrink-fixed,83,2,19,24,19,38
mkgw_mhyper_adamf,W-A,dev_oof,Shrink-fixed,84,3,2,3,2,6
mkgw_mhyper_adamf,W-A,dev_oof,Shrink-fixed,85,4,4,4,4,16
mkgw_mhyper_adamf,W-A,dev_oof,Shrink-fixed,86,6,1,1,1,6
mkgw_mhyper_adamf,W-A,dev_oof,Shrink-fixed,87,7,0,0,0,0
mkgw_mhyper_adamf,W-A,dev_oof,Shrink-fixed,88,8,1,1,1,8
mkgw_mhyper_adamf,W-A,dev_oof,Shrink-fixed,89,13,1,1,1,13
mkgw_mhyper_adamf,W-A,dev_oof,Shrink-fixed,90,16,1,1,1,16
mkgw_mhyper_adamf,W-A,dev_oof,Shrink-fixed,91,85,1,1,1,85
mkgw_mhyper_adamf,W-A,dev_oof,Shrink-fixed,92,1,225,673,225,225
mkgw_mhyper_adamf,W-A,dev_oof,Shrink-fixed,93,2,14,19,14,28
mkgw_mhyper_adamf,W-A,dev_oof,Shrink-fixed,94,3,3,4,3,9
mkgw_mhyper_adamf,W-A,dev_oof,Shrink-fixed,95,4,1,1,1,4
mkgw_mhyper_adamf,W-A,dev_oof,Shrink-fixed,96,6,1,1,1,6
mkgw_mhyper_adamf,W-A,dev_oof,Shrink-fixed,97,9,1,1,1,9
mkgw_mhyper_adamf,W-A,dev_oof,Shrink-fixed,98,13,1,1,1,13
mkgw_mhyper_adamf,W-A,dev_oof,Shrink-fixed,99,91,1,1,1,91
mkgw_mhyper_adamf,W-A,dev_oof,Shrink-fixed,100,1,176,708,176,176
mkgw_mhyper_adamf,W-A,dev_oof,Shrink-fixed,101,2,9,11,9,18
mkgw_mhyper_adamf,W-A,dev_oof,Shrink-fixed,102,3,3,3,3,9
mkgw_mhyper_adamf,W-A,dev_oof,Shrink-fixed,103,4,1,1,1,4
mkgw_mhyper_adamf,W-A,dev_oof,Shrink-fixed,104,5,1,1,1,5
mkgw_mhyper_adamf,W-A,dev_oof,Shrink-fixed,105,7,1,1,1,7
mkgw_mhyper_adamf,W-A,dev_oof,Shrink-fixed,106,8,1,1,1,8
mkgw_mhyper_adamf,W-A,dev_oof,Shrink-fixed,107,13,1,1,1,13
mkgw_mhyper_adamf,W-A,dev_oof,Shrink-fixed,108,86,1,1,1,86
mkgw_mhyper_adamf,W-A,dev_oof,Shrink-fixed,109,1,169,701,169,169
mkgw_mhyper_adamf,W-A,dev_oof,Shrink-fixed,110,2,9,20,9,18
mkgw_mhyper_adamf,W-A,dev_oof,Shrink-fixed,111,3,0,0,0,0
mkgw_mhyper_adamf,W-A,dev_oof,Shrink-fixed,112,4,1,1,1,4
mkgw_mhyper_adamf,W-A,dev_oof,Shrink-fixed,113,5,0,0,0,0
mkgw_mhyper_adamf,W-A,dev_oof,Shrink-fixed,114,6,0,0,0,0
mkgw_mhyper_adamf,W-A,dev_oof,Shrink-fixed,115,7,0,0,0,0
mkgw_mhyper_adamf,W-A,dev_oof,Shrink-fixed,116,8,1,1,1,8
mkgw_mhyper_adamf,W-A,dev_oof,Shrink-fixed,117,10,1,1,1,10
mkgw_mhyper_adamf,W-A,dev_oof,Shrink-fixed,118,11,0,0,0,0
mkgw_mhyper_adamf,W-A,dev_oof,Shrink-fixed,119,13,1,1,1,13
mkgw_mhyper_adamf,W-A,dev_oof,Shrink-fixed,120,91,1,1,1,91
mkgw_mhyper_adamf,W-A,dev_oof,Shrink-fixed,121,1,158,646,158,158
mkgw_mhyper_adamf,W-A,dev_oof,Shrink-fixed,122,2,14,16,14,28
mkgw_mhyper_adamf,W-A,dev_oof,Shrink-fixed,123,3,1,1,1,3
mkgw_mhyper_adamf,W-A,dev_oof,Shrink-fixed,124,4,1,1,1,4
mkgw_mhyper_adamf,W-A,dev_oof,Shrink-fixed,125,5,0,0,0,0
mkgw_mhyper_adamf,W-A,dev_oof,Shrink-fixed,126,6,0,0,0,0
mkgw_mhyper_adamf,W-A,dev_oof,Shrink-fixed,127,9,0,0,0,0
mkgw_mhyper_adamf,W-A,dev_oof,Shrink-fixed,128,10,0,0,0,0
mkgw_mhyper_adamf,W-A,dev_oof,Shrink-fixed,129,12,0,0,0,0
mkgw_mhyper_adamf,W-A,dev_oof,Shrink-fixed,130,15,1,1,1,15
mkgw_mhyper_adamf,W-A,dev_oof,Shrink-fixed,131,89,1,1,1,89
mkgw_mhyper_adamf,W-A,dev_oof,Shrink-fixed,132,1,161,744,161,161
mkgw_mhyper_adamf,W-A,dev_oof,Shrink-fixed,133,2,11,18,11,22
mkgw_mhyper_adamf,W-A,dev_oof,Shrink-fixed,134,3,3,4,3,9
mkgw_mhyper_adamf,W-A,dev_oof,Shrink-fixed,135,4,2,3,2,8
mkgw_mhyper_adamf,W-A,dev_oof,Shrink-fixed,136,6,1,1,1,6
mkgw_mhyper_adamf,W-A,dev_oof,Shrink-fixed,137,7,0,0,0,0
mkgw_mhyper_adamf,W-A,dev_oof,Shrink-fixed,138,8,0,0,0,0
mkgw_mhyper_adamf,W-A,dev_oof,Shrink-fixed,139,13,1,1,1,13
mkgw_mhyper_adamf,W-A,dev_oof,Shrink-fixed,140,16,1,1,1,16
mkgw_mhyper_adamf,W-A,dev_oof,Shrink-fixed,141,85,1,1,1,85
mkgw_mhyper_adamf,W-A,dev_oof,Shrink-fixed,142,1,166,662,166,166
mkgw_mhyper_adamf,W-A,dev_oof,Shrink-fixed,143,2,9,14,9,18
mkgw_mhyper_adamf,W-A,dev_oof,Shrink-fixed,144,3,4,4,4,12
mkgw_mhyper_adamf,W-A,dev_oof,Shrink-fixed,145,4,1,1,1,4
mkgw_mhyper_adamf,W-A,dev_oof,Shrink-fixed,146,6,0,0,0,0
mkgw_mhyper_adamf,W-A,dev_oof,Shrink-fixed,147,9,1,1,1,9
mkgw_mhyper_adamf,W-A,dev_oof,Shrink-fixed,148,13,1,1,1,13
mkgw_mhyper_adamf,W-A,dev_oof,Shrink-fixed,149,91,1,1,1,91
mkgw_mhyper_adamf,W-A,dev_oof,Radius-1,0,1,172,172,172,172
mkgw_mhyper_adamf,W-A,dev_oof,Radius-1,1,2,8,8,8,16
mkgw_mhyper_adamf,W-A,dev_oof,Radius-1,2,3,5,5,5,15
mkgw_mhyper_adamf,W-A,dev_oof,Radius-1,3,4,1,1,1,4
mkgw_mhyper_adamf,W-A,dev_oof,Radius-1,4,5,0,0,0,0
mkgw_mhyper_adamf,W-A,dev_oof,Radius-1,5,7,1,1,1,7
mkgw_mhyper_adamf,W-A,dev_oof,Radius-1,6,8,3,3,3,24
mkgw_mhyper_adamf,W-A,dev_oof,Radius-1,7,13,1,1,1,13
mkgw_mhyper_adamf,W-A,dev_oof,Radius-1,8,86,1,1,1,86
mkgw_mhyper_adamf,W-A,dev_oof,Radius-1,9,1,170,170,170,170
mkgw_mhyper_adamf,W-A,dev_oof,Radius-1,10,2,7,7,7,14
mkgw_mhyper_adamf,W-A,dev_oof,Radius-1,11,3,2,2,2,6
mkgw_mhyper_adamf,W-A,dev_oof,Radius-1,12,4,0,0,0,0
mkgw_mhyper_adamf,W-A,dev_oof,Radius-1,13,5,0,0,0,0
mkgw_mhyper_adamf,W-A,dev_oof,Radius-1,14,6,0,0,0,0
mkgw_mhyper_adamf,W-A,dev_oof,Radius-1,15,7,0,0,0,0
mkgw_mhyper_adamf,W-A,dev_oof,Radius-1,16,8,1,1,1,8
mkgw_mhyper_adamf,W-A,dev_oof,Radius-1,17,10,0,0,0,0
mkgw_mhyper_adamf,W-A,dev_oof,Radius-1,18,11,1,1,1,11
mkgw_mhyper_adamf,W-A,dev_oof,Radius-1,19,13,1,1,1,13
mkgw_mhyper_adamf,W-A,dev_oof,Radius-1,20,91,1,1,1,91
mkgw_mhyper_adamf,W-A,dev_oof,Radius-1,21,1,156,156,156,156
mkgw_mhyper_adamf,W-A,dev_oof,Radius-1,22,2,11,11,11,22
mkgw_mhyper_adamf,W-A,dev_oof,Radius-1,23,3,1,1,1,3
mkgw_mhyper_adamf,W-A,dev_oof,Radius-1,24,4,1,1,1,4
mkgw_mhyper_adamf,W-A,dev_oof,Radius-1,25,5,0,0,0,0
mkgw_mhyper_adamf,W-A,dev_oof,Radius-1,26,6,0,0,0,0
mkgw_mhyper_adamf,W-A,dev_oof,Radius-1,27,9,1,1,1,9
mkgw_mhyper_adamf,W-A,dev_oof,Radius-1,28,10,0,0,0,0
mkgw_mhyper_adamf,W-A,dev_oof,Radius-1,29,12,1,1,1,12
mkgw_mhyper_adamf,W-A,dev_oof,Radius-1,30,15,0,0,0,0
mkgw_mhyper_adamf,W-A,dev_oof,Radius-1,31,89,1,1,1,89
mkgw_mhyper_adamf,W-A,dev_oof,Radius-1,32,1,155,155,155,155
mkgw_mhyper_adamf,W-A,dev_oof,Radius-1,33,2,9,9,9,18
mkgw_mhyper_adamf,W-A,dev_oof,Radius-1,34,3,2,2,2,6
mkgw_mhyper_adamf,W-A,dev_oof,Radius-1,35,4,2,2,2,8
mkgw_mhyper_adamf,W-A,dev_oof,Radius-1,36,6,0,0,0,0
mkgw_mhyper_adamf,W-A,dev_oof,Radius-1,37,7,1,1,1,7
mkgw_mhyper_adamf,W-A,dev_oof,Radius-1,38,8,0,0,0,0
mkgw_mhyper_adamf,W-A,dev_oof,Radius-1,39,13,1,1,1,13
mkgw_mhyper_adamf,W-A,dev_oof,Radius-1,40,16,1,1,1,16
mkgw_mhyper_adamf,W-A,dev_oof,Radius-1,41,85,1,1,1,85
mkgw_mhyper_adamf,W-A,dev_oof,Radius-1,42,1,151,151,151,151
mkgw_mhyper_adamf,W-A,dev_oof,Radius-1,43,2,9,9,9,18
mkgw_mhyper_adamf,W-A,dev_oof,Radius-1,44,3,3,3,3,9
mkgw_mhyper_adamf,W-A,dev_oof,Radius-1,45,4,0,0,0,0
mkgw_mhyper_adamf,W-A,dev_oof,Radius-1,46,6,1,1,1,6
mkgw_mhyper_adamf,W-A,dev_oof,Radius-1,47,9,1,1,1,9
mkgw_mhyper_adamf,W-A,dev_oof,Radius-1,48,13,0,0,0,0
mkgw_mhyper_adamf,W-A,dev_oof,Radius-1,49,91,1,1,1,91
mkgw_mhyper_adamf,W-A,dev_oof,Radius-1,50,1,205,205,205,205
mkgw_mhyper_adamf,W-A,dev_oof,Radius-1,51,2,16,16,16,32
mkgw_mhyper_adamf,W-A,dev_oof,Radius-1,52,3,3,3,3,9
mkgw_mhyper_adamf,W-A,dev_oof,Radius-1,53,4,0,0,0,0
mkgw_mhyper_adamf,W-A,dev_oof,Radius-1,54,5,1,1,1,5
mkgw_mhyper_adamf,W-A,dev_oof,Radius-1,55,7,1,1,1,7
mkgw_mhyper_adamf,W-A,dev_oof,Radius-1,56,8,3,3,3,24
mkgw_mhyper_adamf,W-A,dev_oof,Radius-1,57,13,1,1,1,13
mkgw_mhyper_adamf,W-A,dev_oof,Radius-1,58,86,1,1,1,86
mkgw_mhyper_adamf,W-A,dev_oof,Radius-1,59,1,213,213,213,213
mkgw_mhyper_adamf,W-A,dev_oof,Radius-1,60,2,14,14,14,28
mkgw_mhyper_adamf,W-A,dev_oof,Radius-1,61,3,1,1,1,3
mkgw_mhyper_adamf,W-A,dev_oof,Radius-1,62,4,1,1,1,4
mkgw_mhyper_adamf,W-A,dev_oof,Radius-1,63,5,1,1,1,5
mkgw_mhyper_adamf,W-A,dev_oof,Radius-1,64,6,1,1,1,6
mkgw_mhyper_adamf,W-A,dev_oof,Radius-1,65,7,0,0,0,0
mkgw_mhyper_adamf,W-A,dev_oof,Radius-1,66,8,1,1,1,8
mkgw_mhyper_adamf,W-A,dev_oof,Radius-1,67,10,1,1,1,10
mkgw_mhyper_adamf,W-A,dev_oof,Radius-1,68,11,1,1,1,11
mkgw_mhyper_adamf,W-A,dev_oof,Radius-1,69,13,1,1,1,13
mkgw_mhyper_adamf,W-A,dev_oof,Radius-1,70,91,1,1,1,91
mkgw_mhyper_adamf,W-A,dev_oof,Radius-1,71,1,192,192,192,192
mkgw_mhyper_adamf,W-A,dev_oof,Radius-1,72,2,19,19,19,38
mkgw_mhyper_adamf,W-A,dev_oof,Radius-1,73,3,1,1,1,3
mkgw_mhyper_adamf,W-A,dev_oof,Radius-1,74,4,3,3,3,12
mkgw_mhyper_adamf,W-A,dev_oof,Radius-1,75,5,0,0,0,0
mkgw_mhyper_adamf,W-A,dev_oof,Radius-1,76,6,0,0,0,0
mkgw_mhyper_adamf,W-A,dev_oof,Radius-1,77,9,1,1,1,9
mkgw_mhyper_adamf,W-A,dev_oof,Radius-1,78,10,0,0,0,0
mkgw_mhyper_adamf,W-A,dev_oof,Radius-1,79,12,1,1,1,12
mkgw_mhyper_adamf,W-A,dev_oof,Radius-1,80,15,1,1,1,15
mkgw_mhyper_adamf,W-A,dev_oof,Radius-1,81,89,1,1,1,89
mkgw_mhyper_adamf,W-A,dev_oof,Radius-1,82,1,176,176,176,176
mkgw_mhyper_adamf,W-A,dev_oof,Radius-1,83,2,19,19,19,38
mkgw_mhyper_adamf,W-A,dev_oof,Radius-1,84,3,2,2,2,6
mkgw_mhyper_adamf,W-A,dev_oof,Radius-1,85,4,4,4,4,16
mkgw_mhyper_adamf,W-A,dev_oof,Radius-1,86,6,1,1,1,6
mkgw_mhyper_adamf,W-A,dev_oof,Radius-1,87,7,0,0,0,0
mkgw_mhyper_adamf,W-A,dev_oof,Radius-1,88,8,1,1,1,8
mkgw_mhyper_adamf,W-A,dev_oof,Radius-1,89,13,1,1,1,13
mkgw_mhyper_adamf,W-A,dev_oof,Radius-1,90,16,1,1,1,16
mkgw_mhyper_adamf,W-A,dev_oof,Radius-1,91,85,1,1,1,85
mkgw_mhyper_adamf,W-A,dev_oof,Radius-1,92,1,225,225,225,225
mkgw_mhyper_adamf,W-A,dev_oof,Radius-1,93,2,14,14,14,28
mkgw_mhyper_adamf,W-A,dev_oof,Radius-1,94,3,3,3,3,9
mkgw_mhyper_adamf,W-A,dev_oof,Radius-1,95,4,1,1,1,4
mkgw_mhyper_adamf,W-A,dev_oof,Radius-1,96,6,1,1,1,6
mkgw_mhyper_adamf,W-A,dev_oof,Radius-1,97,9,1,1,1,9
mkgw_mhyper_adamf,W-A,dev_oof,Radius-1,98,13,1,1,1,13
mkgw_mhyper_adamf,W-A,dev_oof,Radius-1,99,91,1,1,1,91
mkgw_mhyper_adamf,W-A,dev_oof,Radius-1,100,1,176,176,176,176
mkgw_mhyper_adamf,W-A,dev_oof,Radius-1,101,2,9,9,9,18
mkgw_mhyper_adamf,W-A,dev_oof,Radius-1,102,3,3,3,3,9
mkgw_mhyper_adamf,W-A,dev_oof,Radius-1,103,4,1,1,1,4
mkgw_mhyper_adamf,W-A,dev_oof,Radius-1,104,5,1,1,1,5
mkgw_mhyper_adamf,W-A,dev_oof,Radius-1,105,7,1,1,1,7
mkgw_mhyper_adamf,W-A,dev_oof,Radius-1,106,8,1,1,1,8
mkgw_mhyper_adamf,W-A,dev_oof,Radius-1,107,13,1,1,1,13
mkgw_mhyper_adamf,W-A,dev_oof,Radius-1,108,86,1,1,1,86
mkgw_mhyper_adamf,W-A,dev_oof,Radius-1,109,1,169,169,169,169
mkgw_mhyper_adamf,W-A,dev_oof,Radius-1,110,2,9,9,9,18
mkgw_mhyper_adamf,W-A,dev_oof,Radius-1,111,3,0,0,0,0
mkgw_mhyper_adamf,W-A,dev_oof,Radius-1,112,4,1,1,1,4
mkgw_mhyper_adamf,W-A,dev_oof,Radius-1,113,5,0,0,0,0
mkgw_mhyper_adamf,W-A,dev_oof,Radius-1,114,6,0,0,0,0
mkgw_mhyper_adamf,W-A,dev_oof,Radius-1,115,7,0,0,0,0
mkgw_mhyper_adamf,W-A,dev_oof,Radius-1,116,8,1,1,1,8
mkgw_mhyper_adamf,W-A,dev_oof,Radius-1,117,10,1,1,1,10
mkgw_mhyper_adamf,W-A,dev_oof,Radius-1,118,11,0,0,0,0
mkgw_mhyper_adamf,W-A,dev_oof,Radius-1,119,13,1,1,1,13
mkgw_mhyper_adamf,W-A,dev_oof,Radius-1,120,91,1,1,1,91
mkgw_mhyper_adamf,W-A,dev_oof,Radius-1,121,1,158,158,158,158
mkgw_mhyper_adamf,W-A,dev_oof,Radius-1,122,2,14,14,14,28
mkgw_mhyper_adamf,W-A,dev_oof,Radius-1,123,3,1,1,1,3
mkgw_mhyper_adamf,W-A,dev_oof,Radius-1,124,4,1,1,1,4
mkgw_mhyper_adamf,W-A,dev_oof,Radius-1,125,5,0,0,0,0
mkgw_mhyper_adamf,W-A,dev_oof,Radius-1,126,6,0,0,0,0
mkgw_mhyper_adamf,W-A,dev_oof,Radius-1,127,9,0,0,0,0
mkgw_mhyper_adamf,W-A,dev_oof,Radius-1,128,10,0,0,0,0
mkgw_mhyper_adamf,W-A,dev_oof,Radius-1,129,12,0,0,0,0
mkgw_mhyper_adamf,W-A,dev_oof,Radius-1,130,15,1,1,1,15
mkgw_mhyper_adamf,W-A,dev_oof,Radius-1,131,89,1,1,1,89
mkgw_mhyper_adamf,W-A,dev_oof,Radius-1,132,1,161,161,161,161
mkgw_mhyper_adamf,W-A,dev_oof,Radius-1,133,2,11,11,11,22
mkgw_mhyper_adamf,W-A,dev_oof,Radius-1,134,3,3,3,3,9
mkgw_mhyper_adamf,W-A,dev_oof,Radius-1,135,4,2,2,2,8
mkgw_mhyper_adamf,W-A,dev_oof,Radius-1,136,6,1,1,1,6
mkgw_mhyper_adamf,W-A,dev_oof,Radius-1,137,7,0,0,0,0
mkgw_mhyper_adamf,W-A,dev_oof,Radius-1,138,8,0,0,0,0
mkgw_mhyper_adamf,W-A,dev_oof,Radius-1,139,13,1,1,1,13
mkgw_mhyper_adamf,W-A,dev_oof,Radius-1,140,16,1,1,1,16
mkgw_mhyper_adamf,W-A,dev_oof,Radius-1,141,85,1,1,1,85
mkgw_mhyper_adamf,W-A,dev_oof,Radius-1,142,1,166,166,166,166
mkgw_mhyper_adamf,W-A,dev_oof,Radius-1,143,2,9,9,9,18
mkgw_mhyper_adamf,W-A,dev_oof,Radius-1,144,3,4,4,4,12
mkgw_mhyper_adamf,W-A,dev_oof,Radius-1,145,4,1,1,1,4
mkgw_mhyper_adamf,W-A,dev_oof,Radius-1,146,6,0,0,0,0
mkgw_mhyper_adamf,W-A,dev_oof,Radius-1,147,9,1,1,1,9
mkgw_mhyper_adamf,W-A,dev_oof,Radius-1,148,13,1,1,1,13
mkgw_mhyper_adamf,W-A,dev_oof,Radius-1,149,91,1,1,1,91
mkgw_mhyper_adamf,W-A,dev_oof,No-gate,0,1,172,430,172,172
mkgw_mhyper_adamf,W-A,dev_oof,No-gate,1,2,8,18,8,16
mkgw_mhyper_adamf,W-A,dev_oof,No-gate,2,3,5,8,5,15
mkgw_mhyper_adamf,W-A,dev_oof,No-gate,3,4,1,2,1,4
mkgw_mhyper_adamf,W-A,dev_oof,No-gate,4,5,0,1,0,0
mkgw_mhyper_adamf,W-A,dev_oof,No-gate,5,7,1,1,1,7
mkgw_mhyper_adamf,W-A,dev_oof,No-gate,6,8,3,4,3,24
mkgw_mhyper_adamf,W-A,dev_oof,No-gate,7,13,1,1,1,13
mkgw_mhyper_adamf,W-A,dev_oof,No-gate,8,86,1,1,1,86
mkgw_mhyper_adamf,W-A,dev_oof,No-gate,9,1,170,373,170,170
mkgw_mhyper_adamf,W-A,dev_oof,No-gate,10,2,7,22,7,14
mkgw_mhyper_adamf,W-A,dev_oof,No-gate,11,3,2,4,2,6
mkgw_mhyper_adamf,W-A,dev_oof,No-gate,12,4,0,2,0,0
mkgw_mhyper_adamf,W-A,dev_oof,No-gate,13,5,0,1,0,0
mkgw_mhyper_adamf,W-A,dev_oof,No-gate,14,6,0,1,0,0
mkgw_mhyper_adamf,W-A,dev_oof,No-gate,15,7,0,1,0,0
mkgw_mhyper_adamf,W-A,dev_oof,No-gate,16,8,1,1,1,8
mkgw_mhyper_adamf,W-A,dev_oof,No-gate,17,10,0,1,0,0
mkgw_mhyper_adamf,W-A,dev_oof,No-gate,18,11,1,1,1,11
mkgw_mhyper_adamf,W-A,dev_oof,No-gate,19,13,1,1,1,13
mkgw_mhyper_adamf,W-A,dev_oof,No-gate,20,91,1,1,1,91
mkgw_mhyper_adamf,W-A,dev_oof,No-gate,21,1,156,387,156,156
mkgw_mhyper_adamf,W-A,dev_oof,No-gate,22,2,11,28,11,22
mkgw_mhyper_adamf,W-A,dev_oof,No-gate,23,3,1,2,1,3
mkgw_mhyper_adamf,W-A,dev_oof,No-gate,24,4,1,3,1,4
mkgw_mhyper_adamf,W-A,dev_oof,No-gate,25,5,0,1,0,0
mkgw_mhyper_adamf,W-A,dev_oof,No-gate,26,6,0,1,0,0
mkgw_mhyper_adamf,W-A,dev_oof,No-gate,27,9,1,1,1,9
mkgw_mhyper_adamf,W-A,dev_oof,No-gate,28,10,0,0,0,0
mkgw_mhyper_adamf,W-A,dev_oof,No-gate,29,12,1,1,1,12
mkgw_mhyper_adamf,W-A,dev_oof,No-gate,30,15,0,1,0,0
mkgw_mhyper_adamf,W-A,dev_oof,No-gate,31,89,1,1,1,89
mkgw_mhyper_adamf,W-A,dev_oof,No-gate,32,1,155,372,155,155
mkgw_mhyper_adamf,W-A,dev_oof,No-gate,33,2,9,29,9,18
mkgw_mhyper_adamf,W-A,dev_oof,No-gate,34,3,2,4,2,6
mkgw_mhyper_adamf,W-A,dev_oof,No-gate,35,4,2,2,2,8
mkgw_mhyper_adamf,W-A,dev_oof,No-gate,36,6,0,1,0,0
mkgw_mhyper_adamf,W-A,dev_oof,No-gate,37,7,1,1,1,7
mkgw_mhyper_adamf,W-A,dev_oof,No-gate,38,8,0,1,0,0
mkgw_mhyper_adamf,W-A,dev_oof,No-gate,39,13,1,1,1,13
mkgw_mhyper_adamf,W-A,dev_oof,No-gate,40,16,1,1,1,16
mkgw_mhyper_adamf,W-A,dev_oof,No-gate,41,85,1,1,1,85
mkgw_mhyper_adamf,W-A,dev_oof,No-gate,42,1,151,399,151,151
mkgw_mhyper_adamf,W-A,dev_oof,No-gate,43,2,9,27,9,18
mkgw_mhyper_adamf,W-A,dev_oof,No-gate,44,3,3,6,3,9
mkgw_mhyper_adamf,W-A,dev_oof,No-gate,45,4,0,1,0,0
mkgw_mhyper_adamf,W-A,dev_oof,No-gate,46,6,1,1,1,6
mkgw_mhyper_adamf,W-A,dev_oof,No-gate,47,9,1,2,1,9
mkgw_mhyper_adamf,W-A,dev_oof,No-gate,48,13,0,1,0,0
mkgw_mhyper_adamf,W-A,dev_oof,No-gate,49,91,1,1,1,91
mkgw_mhyper_adamf,W-A,dev_oof,No-gate,50,1,205,504,205,205
mkgw_mhyper_adamf,W-A,dev_oof,No-gate,51,2,16,25,16,32
mkgw_mhyper_adamf,W-A,dev_oof,No-gate,52,3,3,8,3,9
mkgw_mhyper_adamf,W-A,dev_oof,No-gate,53,4,0,3,0,0
mkgw_mhyper_adamf,W-A,dev_oof,No-gate,54,5,1,1,1,5
mkgw_mhyper_adamf,W-A,dev_oof,No-gate,55,7,1,1,1,7
mkgw_mhyper_adamf,W-A,dev_oof,No-gate,56,8,3,4,3,24
mkgw_mhyper_adamf,W-A,dev_oof,No-gate,57,13,1,1,1,13
mkgw_mhyper_adamf,W-A,dev_oof,No-gate,58,86,1,1,1,86
mkgw_mhyper_adamf,W-A,dev_oof,No-gate,59,1,213,498,213,213
mkgw_mhyper_adamf,W-A,dev_oof,No-gate,60,2,14,31,14,28
mkgw_mhyper_adamf,W-A,dev_oof,No-gate,61,3,1,6,1,3
mkgw_mhyper_adamf,W-A,dev_oof,No-gate,62,4,1,2,1,4
mkgw_mhyper_adamf,W-A,dev_oof,No-gate,63,5,1,2,1,5
mkgw_mhyper_adamf,W-A,dev_oof,No-gate,64,6,1,1,1,6
mkgw_mhyper_adamf,W-A,dev_oof,No-gate,65,7,0,1,0,0
mkgw_mhyper_adamf,W-A,dev_oof,No-gate,66,8,1,1,1,8
mkgw_mhyper_adamf,W-A,dev_oof,No-gate,67,10,1,1,1,10
mkgw_mhyper_adamf,W-A,dev_oof,No-gate,68,11,1,1,1,11
mkgw_mhyper_adamf,W-A,dev_oof,No-gate,69,13,1,1,1,13
mkgw_mhyper_adamf,W-A,dev_oof,No-gate,70,91,1,1,1,91
mkgw_mhyper_adamf,W-A,dev_oof,No-gate,71,1,192,494,192,192
mkgw_mhyper_adamf,W-A,dev_oof,No-gate,72,2,19,39,19,38
mkgw_mhyper_adamf,W-A,dev_oof,No-gate,73,3,1,4,1,3
mkgw_mhyper_adamf,W-A,dev_oof,No-gate,74,4,3,4,3,12
mkgw_mhyper_adamf,W-A,dev_oof,No-gate,75,5,0,1,0,0
mkgw_mhyper_adamf,W-A,dev_oof,No-gate,76,6,0,1,0,0
mkgw_mhyper_adamf,W-A,dev_oof,No-gate,77,9,1,1,1,9
mkgw_mhyper_adamf,W-A,dev_oof,No-gate,78,10,0,0,0,0
mkgw_mhyper_adamf,W-A,dev_oof,No-gate,79,12,1,1,1,12
mkgw_mhyper_adamf,W-A,dev_oof,No-gate,80,15,1,1,1,15
mkgw_mhyper_adamf,W-A,dev_oof,No-gate,81,89,1,1,1,89
mkgw_mhyper_adamf,W-A,dev_oof,No-gate,82,1,176,453,176,176
mkgw_mhyper_adamf,W-A,dev_oof,No-gate,83,2,19,36,19,38
mkgw_mhyper_adamf,W-A,dev_oof,No-gate,84,3,2,6,2,6
mkgw_mhyper_adamf,W-A,dev_oof,No-gate,85,4,4,4,4,16
mkgw_mhyper_adamf,W-A,dev_oof,No-gate,86,6,1,1,1,6
mkgw_mhyper_adamf,W-A,dev_oof,No-gate,87,7,0,1,0,0
mkgw_mhyper_adamf,W-A,dev_oof,No-gate,88,8,1,1,1,8
mkgw_mhyper_adamf,W-A,dev_oof,No-gate,89,13,1,1,1,13
mkgw_mhyper_adamf,W-A,dev_oof,No-gate,90,16,1,1,1,16
mkgw_mhyper_adamf,W-A,dev_oof,No-gate,91,85,1,1,1,85
mkgw_mhyper_adamf,W-A,dev_oof,No-gate,92,1,225,544,225,225
mkgw_mhyper_adamf,W-A,dev_oof,No-gate,93,2,14,36,14,28
mkgw_mhyper_adamf,W-A,dev_oof,No-gate,94,3,3,7,3,9
mkgw_mhyper_adamf,W-A,dev_oof,No-gate,95,4,1,2,1,4
mkgw_mhyper_adamf,W-A,dev_oof,No-gate,96,6,1,1,1,6
mkgw_mhyper_adamf,W-A,dev_oof,No-gate,97,9,1,2,1,9
mkgw_mhyper_adamf,W-A,dev_oof,No-gate,98,13,1,1,1,13
mkgw_mhyper_adamf,W-A,dev_oof,No-gate,99,91,1,1,1,91
mkgw_mhyper_adamf,W-A,dev_oof,No-gate,100,1,176,448,176,176
mkgw_mhyper_adamf,W-A,dev_oof,No-gate,101,2,9,19,9,18
mkgw_mhyper_adamf,W-A,dev_oof,No-gate,102,3,3,7,3,9
mkgw_mhyper_adamf,W-A,dev_oof,No-gate,103,4,1,2,1,4
mkgw_mhyper_adamf,W-A,dev_oof,No-gate,104,5,1,1,1,5
mkgw_mhyper_adamf,W-A,dev_oof,No-gate,105,7,1,1,1,7
mkgw_mhyper_adamf,W-A,dev_oof,No-gate,106,8,1,4,1,8
mkgw_mhyper_adamf,W-A,dev_oof,No-gate,107,13,1,1,1,13
mkgw_mhyper_adamf,W-A,dev_oof,No-gate,108,86,1,1,1,86
mkgw_mhyper_adamf,W-A,dev_oof,No-gate,109,1,169,442,169,169
mkgw_mhyper_adamf,W-A,dev_oof,No-gate,110,2,9,26,9,18
mkgw_mhyper_adamf,W-A,dev_oof,No-gate,111,3,0,7,0,0
mkgw_mhyper_adamf,W-A,dev_oof,No-gate,112,4,1,2,1,4
mkgw_mhyper_adamf,W-A,dev_oof,No-gate,113,5,0,0,0,0
mkgw_mhyper_adamf,W-A,dev_oof,No-gate,114,6,0,1,0,0
mkgw_mhyper_adamf,W-A,dev_oof,No-gate,115,7,0,0,0,0
mkgw_mhyper_adamf,W-A,dev_oof,No-gate,116,8,1,1,1,8
mkgw_mhyper_adamf,W-A,dev_oof,No-gate,117,10,1,1,1,10
mkgw_mhyper_adamf,W-A,dev_oof,No-gate,118,11,0,0,0,0
mkgw_mhyper_adamf,W-A,dev_oof,No-gate,119,13,1,1,1,13
mkgw_mhyper_adamf,W-A,dev_oof,No-gate,120,91,1,1,1,91
mkgw_mhyper_adamf,W-A,dev_oof,No-gate,121,1,158,433,158,158
mkgw_mhyper_adamf,W-A,dev_oof,No-gate,122,2,14,34,14,28
mkgw_mhyper_adamf,W-A,dev_oof,No-gate,123,3,1,3,1,3
mkgw_mhyper_adamf,W-A,dev_oof,No-gate,124,4,1,4,1,4
mkgw_mhyper_adamf,W-A,dev_oof,No-gate,125,5,0,1,0,0
mkgw_mhyper_adamf,W-A,dev_oof,No-gate,126,6,0,0,0,0
mkgw_mhyper_adamf,W-A,dev_oof,No-gate,127,9,0,0,0,0
mkgw_mhyper_adamf,W-A,dev_oof,No-gate,128,10,0,0,0,0
mkgw_mhyper_adamf,W-A,dev_oof,No-gate,129,12,0,1,0,0
mkgw_mhyper_adamf,W-A,dev_oof,No-gate,130,15,1,1,1,15
mkgw_mhyper_adamf,W-A,dev_oof,No-gate,131,89,1,1,1,89
mkgw_mhyper_adamf,W-A,dev_oof,No-gate,132,1,161,418,161,161
mkgw_mhyper_adamf,W-A,dev_oof,No-gate,133,2,11,35,11,22
mkgw_mhyper_adamf,W-A,dev_oof,No-gate,134,3,3,6,3,9
mkgw_mhyper_adamf,W-A,dev_oof,No-gate,135,4,2,3,2,8
mkgw_mhyper_adamf,W-A,dev_oof,No-gate,136,6,1,1,1,6
mkgw_mhyper_adamf,W-A,dev_oof,No-gate,137,7,0,1,0,0
mkgw_mhyper_adamf,W-A,dev_oof,No-gate,138,8,0,1,0,0
mkgw_mhyper_adamf,W-A,dev_oof,No-gate,139,13,1,1,1,13
mkgw_mhyper_adamf,W-A,dev_oof,No-gate,140,16,1,1,1,16
mkgw_mhyper_adamf,W-A,dev_oof,No-gate,141,85,1,1,1,85
mkgw_mhyper_adamf,W-A,dev_oof,No-gate,142,1,166,453,166,166
mkgw_mhyper_adamf,W-A,dev_oof,No-gate,143,2,9,31,9,18
mkgw_mhyper_adamf,W-A,dev_oof,No-gate,144,3,4,8,4,12
mkgw_mhyper_adamf,W-A,dev_oof,No-gate,145,4,1,1,1,4
mkgw_mhyper_adamf,W-A,dev_oof,No-gate,146,6,0,0,0,0
mkgw_mhyper_adamf,W-A,dev_oof,No-gate,147,9,1,2,1,9
mkgw_mhyper_adamf,W-A,dev_oof,No-gate,148,13,1,1,1,13
mkgw_mhyper_adamf,W-A,dev_oof,No-gate,149,91,1,1,1,91
mkgw_mhyper_adamf,W-A,test,Center-0.5,0,1,550,3306,550,550
mkgw_mhyper_adamf,W-A,test,Center-0.5,1,2,70,193,70,140
mkgw_mhyper_adamf,W-A,test,Center-0.5,2,3,30,48,30,90
mkgw_mhyper_adamf,W-A,test,Center-0.5,3,4,14,21,14,56
mkgw_mhyper_adamf,W-A,test,Center-0.5,4,5,1,2,1,5
mkgw_mhyper_adamf,W-A,test,Center-0.5,5,6,6,6,6,36
mkgw_mhyper_adamf,W-A,test,Center-0.5,6,7,2,2,2,14
mkgw_mhyper_adamf,W-A,test,Center-0.5,7,8,0,0,0,0
mkgw_mhyper_adamf,W-A,test,Center-0.5,8,9,0,0,0,0
mkgw_mhyper_adamf,W-A,test,Center-0.5,9,11,0,0,0,0
mkgw_mhyper_adamf,W-A,test,Center-0.5,10,12,0,0,0,0
mkgw_mhyper_adamf,W-A,test,Center-0.5,11,13,1,1,1,13
mkgw_mhyper_adamf,W-A,test,Center-0.5,12,14,1,1,1,14
mkgw_mhyper_adamf,W-A,test,Center-0.5,13,15,0,0,0,0
mkgw_mhyper_adamf,W-A,test,Center-0.5,14,22,0,0,0,0
mkgw_mhyper_adamf,W-A,test,Center-0.5,15,27,0,0,0,0
mkgw_mhyper_adamf,W-A,test,Center-0.5,16,30,1,1,1,30
mkgw_mhyper_adamf,W-A,test,Center-0.5,17,43,1,1,1,43
mkgw_mhyper_adamf,W-A,test,Center-0.5,18,46,1,1,1,46
mkgw_mhyper_adamf,W-A,test,Center-0.5,19,55,0,0,0,0
mkgw_mhyper_adamf,W-A,test,Center-0.5,20,56,0,0,0,0
mkgw_mhyper_adamf,W-A,test,Center-0.5,21,69,1,1,1,69
mkgw_mhyper_adamf,W-A,test,Center-0.5,22,467,1,1,1,467
mkgw_mhyper_adamf,W-A,test,Center-0.5,23,1,670,2877,670,670
mkgw_mhyper_adamf,W-A,test,Center-0.5,24,2,108,170,108,216
mkgw_mhyper_adamf,W-A,test,Center-0.5,25,3,54,64,54,162
mkgw_mhyper_adamf,W-A,test,Center-0.5,26,4,25,28,25,100
mkgw_mhyper_adamf,W-A,test,Center-0.5,27,5,5,7,5,25
mkgw_mhyper_adamf,W-A,test,Center-0.5,28,6,4,4,4,24
mkgw_mhyper_adamf,W-A,test,Center-0.5,29,7,4,4,4,28
mkgw_mhyper_adamf,W-A,test,Center-0.5,30,8,0,0,0,0
mkgw_mhyper_adamf,W-A,test,Center-0.5,31,9,1,1,1,9
mkgw_mhyper_adamf,W-A,test,Center-0.5,32,11,0,0,0,0
mkgw_mhyper_adamf,W-A,test,Center-0.5,33,12,0,0,0,0
mkgw_mhyper_adamf,W-A,test,Center-0.5,34,13,1,1,1,13
mkgw_mhyper_adamf,W-A,test,Center-0.5,35,14,0,0,0,0
mkgw_mhyper_adamf,W-A,test,Center-0.5,36,15,1,1,1,15
mkgw_mhyper_adamf,W-A,test,Center-0.5,37,22,0,0,0,0
mkgw_mhyper_adamf,W-A,test,Center-0.5,38,27,1,1,1,27
mkgw_mhyper_adamf,W-A,test,Center-0.5,39,30,1,1,1,30
mkgw_mhyper_adamf,W-A,test,Center-0.5,40,43,1,1,1,43
mkgw_mhyper_adamf,W-A,test,Center-0.5,41,46,1,1,1,46
mkgw_mhyper_adamf,W-A,test,Center-0.5,42,55,1,1,1,55
mkgw_mhyper_adamf,W-A,test,Center-0.5,43,56,0,0,0,0
mkgw_mhyper_adamf,W-A,test,Center-0.5,44,69,1,1,1,69
mkgw_mhyper_adamf,W-A,test,Center-0.5,45,467,1,1,1,467
mkgw_mhyper_adamf,W-A,test,Center-0.5,46,1,589,3071,589,589
mkgw_mhyper_adamf,W-A,test,Center-0.5,47,2,72,162,72,144
mkgw_mhyper_adamf,W-A,test,Center-0.5,48,3,39,53,39,117
mkgw_mhyper_adamf,W-A,test,Center-0.5,49,4,15,16,15,60
mkgw_mhyper_adamf,W-A,test,Center-0.5,50,5,5,5,5,25
mkgw_mhyper_adamf,W-A,test,Center-0.5,51,6,2,2,2,12
mkgw_mhyper_adamf,W-A,test,Center-0.5,52,7,5,5,5,35
mkgw_mhyper_adamf,W-A,test,Center-0.5,53,8,0,0,0,0
mkgw_mhyper_adamf,W-A,test,Center-0.5,54,9,0,0,0,0
mkgw_mhyper_adamf,W-A,test,Center-0.5,55,11,0,0,0,0
mkgw_mhyper_adamf,W-A,test,Center-0.5,56,12,0,0,0,0
mkgw_mhyper_adamf,W-A,test,Center-0.5,57,13,0,0,0,0
mkgw_mhyper_adamf,W-A,test,Center-0.5,58,14,1,1,1,14
mkgw_mhyper_adamf,W-A,test,Center-0.5,59,15,0,0,0,0
mkgw_mhyper_adamf,W-A,test,Center-0.5,60,22,0,0,0,0
mkgw_mhyper_adamf,W-A,test,Center-0.5,61,27,1,1,1,27
mkgw_mhyper_adamf,W-A,test,Center-0.5,62,30,1,1,1,30
mkgw_mhyper_adamf,W-A,test,Center-0.5,63,43,1,1,1,43
mkgw_mhyper_adamf,W-A,test,Center-0.5,64,46,0,0,0,0
mkgw_mhyper_adamf,W-A,test,Center-0.5,65,55,0,0,0,0
mkgw_mhyper_adamf,W-A,test,Center-0.5,66,56,0,0,0,0
mkgw_mhyper_adamf,W-A,test,Center-0.5,67,69,1,1,1,69
mkgw_mhyper_adamf,W-A,test,Center-0.5,68,467,1,1,1,467
mkgw_mhyper_adamf,W-A,test,Linear-p,0,1,550,550,550,550
mkgw_mhyper_adamf,W-A,test,Linear-p,1,2,70,70,70,140
mkgw_mhyper_adamf,W-A,test,Linear-p,2,3,30,30,30,90
mkgw_mhyper_adamf,W-A,test,Linear-p,3,4,14,14,14,56
mkgw_mhyper_adamf,W-A,test,Linear-p,4,5,1,1,1,5
mkgw_mhyper_adamf,W-A,test,Linear-p,5,6,6,6,6,36
mkgw_mhyper_adamf,W-A,test,Linear-p,6,7,2,2,2,14
mkgw_mhyper_adamf,W-A,test,Linear-p,7,8,0,0,0,0
mkgw_mhyper_adamf,W-A,test,Linear-p,8,9,0,0,0,0
mkgw_mhyper_adamf,W-A,test,Linear-p,9,11,0,0,0,0
mkgw_mhyper_adamf,W-A,test,Linear-p,10,12,0,0,0,0
mkgw_mhyper_adamf,W-A,test,Linear-p,11,13,1,1,1,13
mkgw_mhyper_adamf,W-A,test,Linear-p,12,14,1,1,1,14
mkgw_mhyper_adamf,W-A,test,Linear-p,13,15,0,0,0,0
mkgw_mhyper_adamf,W-A,test,Linear-p,14,22,0,0,0,0
mkgw_mhyper_adamf,W-A,test,Linear-p,15,27,0,0,0,0
mkgw_mhyper_adamf,W-A,test,Linear-p,16,30,1,1,1,30
mkgw_mhyper_adamf,W-A,test,Linear-p,17,43,1,1,1,43
mkgw_mhyper_adamf,W-A,test,Linear-p,18,46,1,1,1,46
mkgw_mhyper_adamf,W-A,test,Linear-p,19,55,0,0,0,0
mkgw_mhyper_adamf,W-A,test,Linear-p,20,56,0,0,0,0
mkgw_mhyper_adamf,W-A,test,Linear-p,21,69,1,1,1,69
mkgw_mhyper_adamf,W-A,test,Linear-p,22,467,1,1,1,467
mkgw_mhyper_adamf,W-A,test,Linear-p,23,1,670,670,670,670
mkgw_mhyper_adamf,W-A,test,Linear-p,24,2,108,108,108,216
mkgw_mhyper_adamf,W-A,test,Linear-p,25,3,54,54,54,162
mkgw_mhyper_adamf,W-A,test,Linear-p,26,4,25,25,25,100
mkgw_mhyper_adamf,W-A,test,Linear-p,27,5,5,5,5,25
mkgw_mhyper_adamf,W-A,test,Linear-p,28,6,4,4,4,24
mkgw_mhyper_adamf,W-A,test,Linear-p,29,7,4,4,4,28
mkgw_mhyper_adamf,W-A,test,Linear-p,30,8,0,0,0,0
mkgw_mhyper_adamf,W-A,test,Linear-p,31,9,1,1,1,9
mkgw_mhyper_adamf,W-A,test,Linear-p,32,11,0,0,0,0
mkgw_mhyper_adamf,W-A,test,Linear-p,33,12,0,0,0,0
mkgw_mhyper_adamf,W-A,test,Linear-p,34,13,1,1,1,13
mkgw_mhyper_adamf,W-A,test,Linear-p,35,14,0,0,0,0
mkgw_mhyper_adamf,W-A,test,Linear-p,36,15,1,1,1,15
mkgw_mhyper_adamf,W-A,test,Linear-p,37,22,0,0,0,0
mkgw_mhyper_adamf,W-A,test,Linear-p,38,27,1,1,1,27
mkgw_mhyper_adamf,W-A,test,Linear-p,39,30,1,1,1,30
mkgw_mhyper_adamf,W-A,test,Linear-p,40,43,1,1,1,43
mkgw_mhyper_adamf,W-A,test,Linear-p,41,46,1,1,1,46
mkgw_mhyper_adamf,W-A,test,Linear-p,42,55,1,1,1,55
mkgw_mhyper_adamf,W-A,test,Linear-p,43,56,0,0,0,0
mkgw_mhyper_adamf,W-A,test,Linear-p,44,69,1,1,1,69
mkgw_mhyper_adamf,W-A,test,Linear-p,45,467,1,1,1,467
mkgw_mhyper_adamf,W-A,test,Linear-p,46,1,589,589,589,589
mkgw_mhyper_adamf,W-A,test,Linear-p,47,2,72,72,72,144
mkgw_mhyper_adamf,W-A,test,Linear-p,48,3,39,39,39,117
mkgw_mhyper_adamf,W-A,test,Linear-p,49,4,15,15,15,60
mkgw_mhyper_adamf,W-A,test,Linear-p,50,5,5,5,5,25
mkgw_mhyper_adamf,W-A,test,Linear-p,51,6,2,2,2,12
mkgw_mhyper_adamf,W-A,test,Linear-p,52,7,5,5,5,35
mkgw_mhyper_adamf,W-A,test,Linear-p,53,8,0,0,0,0
mkgw_mhyper_adamf,W-A,test,Linear-p,54,9,0,0,0,0
mkgw_mhyper_adamf,W-A,test,Linear-p,55,11,0,0,0,0
mkgw_mhyper_adamf,W-A,test,Linear-p,56,12,0,0,0,0
mkgw_mhyper_adamf,W-A,test,Linear-p,57,13,0,0,0,0
mkgw_mhyper_adamf,W-A,test,Linear-p,58,14,1,1,1,14
mkgw_mhyper_adamf,W-A,test,Linear-p,59,15,0,0,0,0
mkgw_mhyper_adamf,W-A,test,Linear-p,60,22,0,0,0,0
mkgw_mhyper_adamf,W-A,test,Linear-p,61,27,1,1,1,27
mkgw_mhyper_adamf,W-A,test,Linear-p,62,30,1,1,1,30
mkgw_mhyper_adamf,W-A,test,Linear-p,63,43,1,1,1,43
mkgw_mhyper_adamf,W-A,test,Linear-p,64,46,0,0,0,0
mkgw_mhyper_adamf,W-A,test,Linear-p,65,55,0,0,0,0
mkgw_mhyper_adamf,W-A,test,Linear-p,66,56,0,0,0,0
mkgw_mhyper_adamf,W-A,test,Linear-p,67,69,1,1,1,69
mkgw_mhyper_adamf,W-A,test,Linear-p,68,467,1,1,1,467
mkgw_mhyper_adamf,W-A,test,Clip-g,0,1,550,550,550,550
mkgw_mhyper_adamf,W-A,test,Clip-g,1,2,70,70,70,140
mkgw_mhyper_adamf,W-A,test,Clip-g,2,3,30,30,30,90
mkgw_mhyper_adamf,W-A,test,Clip-g,3,4,14,14,14,56
mkgw_mhyper_adamf,W-A,test,Clip-g,4,5,1,1,1,5
mkgw_mhyper_adamf,W-A,test,Clip-g,5,6,6,6,6,36
mkgw_mhyper_adamf,W-A,test,Clip-g,6,7,2,2,2,14
mkgw_mhyper_adamf,W-A,test,Clip-g,7,8,0,0,0,0
mkgw_mhyper_adamf,W-A,test,Clip-g,8,9,0,0,0,0
mkgw_mhyper_adamf,W-A,test,Clip-g,9,11,0,0,0,0
mkgw_mhyper_adamf,W-A,test,Clip-g,10,12,0,0,0,0
mkgw_mhyper_adamf,W-A,test,Clip-g,11,13,1,1,1,13
mkgw_mhyper_adamf,W-A,test,Clip-g,12,14,1,1,1,14
mkgw_mhyper_adamf,W-A,test,Clip-g,13,15,0,0,0,0
mkgw_mhyper_adamf,W-A,test,Clip-g,14,22,0,0,0,0
mkgw_mhyper_adamf,W-A,test,Clip-g,15,27,0,0,0,0
mkgw_mhyper_adamf,W-A,test,Clip-g,16,30,1,1,1,30
mkgw_mhyper_adamf,W-A,test,Clip-g,17,43,1,1,1,43
mkgw_mhyper_adamf,W-A,test,Clip-g,18,46,1,1,1,46
mkgw_mhyper_adamf,W-A,test,Clip-g,19,55,0,0,0,0
mkgw_mhyper_adamf,W-A,test,Clip-g,20,56,0,0,0,0
mkgw_mhyper_adamf,W-A,test,Clip-g,21,69,1,1,1,69
mkgw_mhyper_adamf,W-A,test,Clip-g,22,467,1,1,1,467
mkgw_mhyper_adamf,W-A,test,Clip-g,23,1,670,670,670,670
mkgw_mhyper_adamf,W-A,test,Clip-g,24,2,108,108,108,216
mkgw_mhyper_adamf,W-A,test,Clip-g,25,3,54,54,54,162
mkgw_mhyper_adamf,W-A,test,Clip-g,26,4,25,25,25,100
mkgw_mhyper_adamf,W-A,test,Clip-g,27,5,5,5,5,25
mkgw_mhyper_adamf,W-A,test,Clip-g,28,6,4,4,4,24
mkgw_mhyper_adamf,W-A,test,Clip-g,29,7,4,4,4,28
mkgw_mhyper_adamf,W-A,test,Clip-g,30,8,0,0,0,0
mkgw_mhyper_adamf,W-A,test,Clip-g,31,9,1,1,1,9
mkgw_mhyper_adamf,W-A,test,Clip-g,32,11,0,0,0,0
mkgw_mhyper_adamf,W-A,test,Clip-g,33,12,0,0,0,0
mkgw_mhyper_adamf,W-A,test,Clip-g,34,13,1,1,1,13
mkgw_mhyper_adamf,W-A,test,Clip-g,35,14,0,0,0,0
mkgw_mhyper_adamf,W-A,test,Clip-g,36,15,1,1,1,15
mkgw_mhyper_adamf,W-A,test,Clip-g,37,22,0,0,0,0
mkgw_mhyper_adamf,W-A,test,Clip-g,38,27,1,1,1,27
mkgw_mhyper_adamf,W-A,test,Clip-g,39,30,1,1,1,30
mkgw_mhyper_adamf,W-A,test,Clip-g,40,43,1,1,1,43
mkgw_mhyper_adamf,W-A,test,Clip-g,41,46,1,1,1,46
mkgw_mhyper_adamf,W-A,test,Clip-g,42,55,1,1,1,55
mkgw_mhyper_adamf,W-A,test,Clip-g,43,56,0,0,0,0
mkgw_mhyper_adamf,W-A,test,Clip-g,44,69,1,1,1,69
mkgw_mhyper_adamf,W-A,test,Clip-g,45,467,1,1,1,467
mkgw_mhyper_adamf,W-A,test,Clip-g,46,1,589,589,589,589
mkgw_mhyper_adamf,W-A,test,Clip-g,47,2,72,72,72,144
mkgw_mhyper_adamf,W-A,test,Clip-g,48,3,39,39,39,117
mkgw_mhyper_adamf,W-A,test,Clip-g,49,4,15,15,15,60
mkgw_mhyper_adamf,W-A,test,Clip-g,50,5,5,5,5,25
mkgw_mhyper_adamf,W-A,test,Clip-g,51,6,2,2,2,12
mkgw_mhyper_adamf,W-A,test,Clip-g,52,7,5,5,5,35
mkgw_mhyper_adamf,W-A,test,Clip-g,53,8,0,0,0,0
mkgw_mhyper_adamf,W-A,test,Clip-g,54,9,0,0,0,0
mkgw_mhyper_adamf,W-A,test,Clip-g,55,11,0,0,0,0
mkgw_mhyper_adamf,W-A,test,Clip-g,56,12,0,0,0,0
mkgw_mhyper_adamf,W-A,test,Clip-g,57,13,0,0,0,0
mkgw_mhyper_adamf,W-A,test,Clip-g,58,14,1,1,1,14
mkgw_mhyper_adamf,W-A,test,Clip-g,59,15,0,0,0,0
mkgw_mhyper_adamf,W-A,test,Clip-g,60,22,0,0,0,0
mkgw_mhyper_adamf,W-A,test,Clip-g,61,27,1,1,1,27
mkgw_mhyper_adamf,W-A,test,Clip-g,62,30,1,1,1,30
mkgw_mhyper_adamf,W-A,test,Clip-g,63,43,1,1,1,43
mkgw_mhyper_adamf,W-A,test,Clip-g,64,46,0,0,0,0
mkgw_mhyper_adamf,W-A,test,Clip-g,65,55,0,0,0,0
mkgw_mhyper_adamf,W-A,test,Clip-g,66,56,0,0,0,0
mkgw_mhyper_adamf,W-A,test,Clip-g,67,69,1,1,1,69
mkgw_mhyper_adamf,W-A,test,Clip-g,68,467,1,1,1,467
mkgw_mhyper_adamf,W-A,test,Shrink-fixed,0,1,550,3309,550,550
mkgw_mhyper_adamf,W-A,test,Shrink-fixed,1,2,70,193,70,140
mkgw_mhyper_adamf,W-A,test,Shrink-fixed,2,3,30,48,30,90
mkgw_mhyper_adamf,W-A,test,Shrink-fixed,3,4,14,21,14,56
mkgw_mhyper_adamf,W-A,test,Shrink-fixed,4,5,1,2,1,5
mkgw_mhyper_adamf,W-A,test,Shrink-fixed,5,6,6,6,6,36
mkgw_mhyper_adamf,W-A,test,Shrink-fixed,6,7,2,2,2,14
mkgw_mhyper_adamf,W-A,test,Shrink-fixed,7,8,0,0,0,0
mkgw_mhyper_adamf,W-A,test,Shrink-fixed,8,9,0,0,0,0
mkgw_mhyper_adamf,W-A,test,Shrink-fixed,9,11,0,0,0,0
mkgw_mhyper_adamf,W-A,test,Shrink-fixed,10,12,0,0,0,0
mkgw_mhyper_adamf,W-A,test,Shrink-fixed,11,13,1,1,1,13
mkgw_mhyper_adamf,W-A,test,Shrink-fixed,12,14,1,1,1,14
mkgw_mhyper_adamf,W-A,test,Shrink-fixed,13,15,0,0,0,0
mkgw_mhyper_adamf,W-A,test,Shrink-fixed,14,22,0,0,0,0
mkgw_mhyper_adamf,W-A,test,Shrink-fixed,15,27,0,0,0,0
mkgw_mhyper_adamf,W-A,test,Shrink-fixed,16,30,1,1,1,30
mkgw_mhyper_adamf,W-A,test,Shrink-fixed,17,43,1,1,1,43
mkgw_mhyper_adamf,W-A,test,Shrink-fixed,18,46,1,1,1,46
mkgw_mhyper_adamf,W-A,test,Shrink-fixed,19,55,0,0,0,0
mkgw_mhyper_adamf,W-A,test,Shrink-fixed,20,56,0,0,0,0
mkgw_mhyper_adamf,W-A,test,Shrink-fixed,21,69,1,1,1,69
mkgw_mhyper_adamf,W-A,test,Shrink-fixed,22,467,1,1,1,467
mkgw_mhyper_adamf,W-A,test,Shrink-fixed,23,1,670,2877,670,670
mkgw_mhyper_adamf,W-A,test,Shrink-fixed,24,2,108,170,108,216
mkgw_mhyper_adamf,W-A,test,Shrink-fixed,25,3,54,64,54,162
mkgw_mhyper_adamf,W-A,test,Shrink-fixed,26,4,25,28,25,100
mkgw_mhyper_adamf,W-A,test,Shrink-fixed,27,5,5,7,5,25
mkgw_mhyper_adamf,W-A,test,Shrink-fixed,28,6,4,4,4,24
mkgw_mhyper_adamf,W-A,test,Shrink-fixed,29,7,4,4,4,28
mkgw_mhyper_adamf,W-A,test,Shrink-fixed,30,8,0,0,0,0
mkgw_mhyper_adamf,W-A,test,Shrink-fixed,31,9,1,1,1,9
mkgw_mhyper_adamf,W-A,test,Shrink-fixed,32,11,0,0,0,0
mkgw_mhyper_adamf,W-A,test,Shrink-fixed,33,12,0,0,0,0
mkgw_mhyper_adamf,W-A,test,Shrink-fixed,34,13,1,1,1,13
mkgw_mhyper_adamf,W-A,test,Shrink-fixed,35,14,0,0,0,0
mkgw_mhyper_adamf,W-A,test,Shrink-fixed,36,15,1,1,1,15
mkgw_mhyper_adamf,W-A,test,Shrink-fixed,37,22,0,0,0,0
mkgw_mhyper_adamf,W-A,test,Shrink-fixed,38,27,1,1,1,27
mkgw_mhyper_adamf,W-A,test,Shrink-fixed,39,30,1,1,1,30
mkgw_mhyper_adamf,W-A,test,Shrink-fixed,40,43,1,1,1,43
mkgw_mhyper_adamf,W-A,test,Shrink-fixed,41,46,1,1,1,46
mkgw_mhyper_adamf,W-A,test,Shrink-fixed,42,55,1,1,1,55
mkgw_mhyper_adamf,W-A,test,Shrink-fixed,43,56,0,0,0,0
mkgw_mhyper_adamf,W-A,test,Shrink-fixed,44,69,1,1,1,69
mkgw_mhyper_adamf,W-A,test,Shrink-fixed,45,467,1,1,1,467
mkgw_mhyper_adamf,W-A,test,Shrink-fixed,46,1,589,3071,589,589
mkgw_mhyper_adamf,W-A,test,Shrink-fixed,47,2,72,162,72,144
mkgw_mhyper_adamf,W-A,test,Shrink-fixed,48,3,39,53,39,117
mkgw_mhyper_adamf,W-A,test,Shrink-fixed,49,4,15,16,15,60
mkgw_mhyper_adamf,W-A,test,Shrink-fixed,50,5,5,5,5,25
mkgw_mhyper_adamf,W-A,test,Shrink-fixed,51,6,2,2,2,12
mkgw_mhyper_adamf,W-A,test,Shrink-fixed,52,7,5,5,5,35
mkgw_mhyper_adamf,W-A,test,Shrink-fixed,53,8,0,0,0,0
mkgw_mhyper_adamf,W-A,test,Shrink-fixed,54,9,0,0,0,0
mkgw_mhyper_adamf,W-A,test,Shrink-fixed,55,11,0,0,0,0
mkgw_mhyper_adamf,W-A,test,Shrink-fixed,56,12,0,0,0,0
mkgw_mhyper_adamf,W-A,test,Shrink-fixed,57,13,0,0,0,0
mkgw_mhyper_adamf,W-A,test,Shrink-fixed,58,14,1,1,1,14
mkgw_mhyper_adamf,W-A,test,Shrink-fixed,59,15,0,0,0,0
mkgw_mhyper_adamf,W-A,test,Shrink-fixed,60,22,0,0,0,0
mkgw_mhyper_adamf,W-A,test,Shrink-fixed,61,27,1,1,1,27
mkgw_mhyper_adamf,W-A,test,Shrink-fixed,62,30,1,1,1,30
mkgw_mhyper_adamf,W-A,test,Shrink-fixed,63,43,1,1,1,43
mkgw_mhyper_adamf,W-A,test,Shrink-fixed,64,46,0,0,0,0
mkgw_mhyper_adamf,W-A,test,Shrink-fixed,65,55,0,0,0,0
mkgw_mhyper_adamf,W-A,test,Shrink-fixed,66,56,0,0,0,0
mkgw_mhyper_adamf,W-A,test,Shrink-fixed,67,69,1,1,1,69
mkgw_mhyper_adamf,W-A,test,Shrink-fixed,68,467,1,1,1,467
mkgw_mhyper_adamf,W-A,test,Radius-1,0,1,550,550,550,550
mkgw_mhyper_adamf,W-A,test,Radius-1,1,2,70,70,70,140
mkgw_mhyper_adamf,W-A,test,Radius-1,2,3,30,30,30,90
mkgw_mhyper_adamf,W-A,test,Radius-1,3,4,14,14,14,56
mkgw_mhyper_adamf,W-A,test,Radius-1,4,5,1,1,1,5
mkgw_mhyper_adamf,W-A,test,Radius-1,5,6,6,6,6,36
mkgw_mhyper_adamf,W-A,test,Radius-1,6,7,2,2,2,14
mkgw_mhyper_adamf,W-A,test,Radius-1,7,8,0,0,0,0
mkgw_mhyper_adamf,W-A,test,Radius-1,8,9,0,0,0,0
mkgw_mhyper_adamf,W-A,test,Radius-1,9,11,0,0,0,0
mkgw_mhyper_adamf,W-A,test,Radius-1,10,12,0,0,0,0
mkgw_mhyper_adamf,W-A,test,Radius-1,11,13,1,1,1,13
mkgw_mhyper_adamf,W-A,test,Radius-1,12,14,1,1,1,14
mkgw_mhyper_adamf,W-A,test,Radius-1,13,15,0,0,0,0
mkgw_mhyper_adamf,W-A,test,Radius-1,14,22,0,0,0,0
mkgw_mhyper_adamf,W-A,test,Radius-1,15,27,0,0,0,0
mkgw_mhyper_adamf,W-A,test,Radius-1,16,30,1,1,1,30
mkgw_mhyper_adamf,W-A,test,Radius-1,17,43,1,1,1,43
mkgw_mhyper_adamf,W-A,test,Radius-1,18,46,1,1,1,46
mkgw_mhyper_adamf,W-A,test,Radius-1,19,55,0,0,0,0
mkgw_mhyper_adamf,W-A,test,Radius-1,20,56,0,0,0,0
mkgw_mhyper_adamf,W-A,test,Radius-1,21,69,1,1,1,69
mkgw_mhyper_adamf,W-A,test,Radius-1,22,467,1,1,1,467
mkgw_mhyper_adamf,W-A,test,Radius-1,23,1,670,670,670,670
mkgw_mhyper_adamf,W-A,test,Radius-1,24,2,108,108,108,216
mkgw_mhyper_adamf,W-A,test,Radius-1,25,3,54,54,54,162
mkgw_mhyper_adamf,W-A,test,Radius-1,26,4,25,25,25,100
mkgw_mhyper_adamf,W-A,test,Radius-1,27,5,5,5,5,25
mkgw_mhyper_adamf,W-A,test,Radius-1,28,6,4,4,4,24
mkgw_mhyper_adamf,W-A,test,Radius-1,29,7,4,4,4,28
mkgw_mhyper_adamf,W-A,test,Radius-1,30,8,0,0,0,0
mkgw_mhyper_adamf,W-A,test,Radius-1,31,9,1,1,1,9
mkgw_mhyper_adamf,W-A,test,Radius-1,32,11,0,0,0,0
mkgw_mhyper_adamf,W-A,test,Radius-1,33,12,0,0,0,0
mkgw_mhyper_adamf,W-A,test,Radius-1,34,13,1,1,1,13
mkgw_mhyper_adamf,W-A,test,Radius-1,35,14,0,0,0,0
mkgw_mhyper_adamf,W-A,test,Radius-1,36,15,1,1,1,15
mkgw_mhyper_adamf,W-A,test,Radius-1,37,22,0,0,0,0
mkgw_mhyper_adamf,W-A,test,Radius-1,38,27,1,1,1,27
mkgw_mhyper_adamf,W-A,test,Radius-1,39,30,1,1,1,30
mkgw_mhyper_adamf,W-A,test,Radius-1,40,43,1,1,1,43
mkgw_mhyper_adamf,W-A,test,Radius-1,41,46,1,1,1,46
mkgw_mhyper_adamf,W-A,test,Radius-1,42,55,1,1,1,55
mkgw_mhyper_adamf,W-A,test,Radius-1,43,56,0,0,0,0
mkgw_mhyper_adamf,W-A,test,Radius-1,44,69,1,1,1,69
mkgw_mhyper_adamf,W-A,test,Radius-1,45,467,1,1,1,467
mkgw_mhyper_adamf,W-A,test,Radius-1,46,1,589,589,589,589
mkgw_mhyper_adamf,W-A,test,Radius-1,47,2,72,72,72,144
mkgw_mhyper_adamf,W-A,test,Radius-1,48,3,39,39,39,117
mkgw_mhyper_adamf,W-A,test,Radius-1,49,4,15,15,15,60
mkgw_mhyper_adamf,W-A,test,Radius-1,50,5,5,5,5,25
mkgw_mhyper_adamf,W-A,test,Radius-1,51,6,2,2,2,12
mkgw_mhyper_adamf,W-A,test,Radius-1,52,7,5,5,5,35
mkgw_mhyper_adamf,W-A,test,Radius-1,53,8,0,0,0,0
mkgw_mhyper_adamf,W-A,test,Radius-1,54,9,0,0,0,0
mkgw_mhyper_adamf,W-A,test,Radius-1,55,11,0,0,0,0
mkgw_mhyper_adamf,W-A,test,Radius-1,56,12,0,0,0,0
mkgw_mhyper_adamf,W-A,test,Radius-1,57,13,0,0,0,0
mkgw_mhyper_adamf,W-A,test,Radius-1,58,14,1,1,1,14
mkgw_mhyper_adamf,W-A,test,Radius-1,59,15,0,0,0,0
mkgw_mhyper_adamf,W-A,test,Radius-1,60,22,0,0,0,0
mkgw_mhyper_adamf,W-A,test,Radius-1,61,27,1,1,1,27
mkgw_mhyper_adamf,W-A,test,Radius-1,62,30,1,1,1,30
mkgw_mhyper_adamf,W-A,test,Radius-1,63,43,1,1,1,43
mkgw_mhyper_adamf,W-A,test,Radius-1,64,46,0,0,0,0
mkgw_mhyper_adamf,W-A,test,Radius-1,65,55,0,0,0,0
mkgw_mhyper_adamf,W-A,test,Radius-1,66,56,0,0,0,0
mkgw_mhyper_adamf,W-A,test,Radius-1,67,69,1,1,1,69
mkgw_mhyper_adamf,W-A,test,Radius-1,68,467,1,1,1,467
mkgw_mhyper_adamf,W-A,test,No-gate,0,1,550,1294,550,550
mkgw_mhyper_adamf,W-A,test,No-gate,1,2,70,196,70,140
mkgw_mhyper_adamf,W-A,test,No-gate,2,3,30,88,30,90
mkgw_mhyper_adamf,W-A,test,No-gate,3,4,14,38,14,56
mkgw_mhyper_adamf,W-A,test,No-gate,4,5,1,15,1,5
mkgw_mhyper_adamf,W-A,test,No-gate,5,6,6,6,6,36
mkgw_mhyper_adamf,W-A,test,No-gate,6,7,2,5,2,14
mkgw_mhyper_adamf,W-A,test,No-gate,7,8,0,0,0,0
mkgw_mhyper_adamf,W-A,test,No-gate,8,9,0,2,0,0
mkgw_mhyper_adamf,W-A,test,No-gate,9,11,0,0,0,0
mkgw_mhyper_adamf,W-A,test,No-gate,10,12,0,2,0,0
mkgw_mhyper_adamf,W-A,test,No-gate,11,13,1,2,1,13
mkgw_mhyper_adamf,W-A,test,No-gate,12,14,1,1,1,14
mkgw_mhyper_adamf,W-A,test,No-gate,13,15,0,1,0,0
mkgw_mhyper_adamf,W-A,test,No-gate,14,22,0,0,0,0
mkgw_mhyper_adamf,W-A,test,No-gate,15,27,0,1,0,0
mkgw_mhyper_adamf,W-A,test,No-gate,16,30,1,1,1,30
mkgw_mhyper_adamf,W-A,test,No-gate,17,43,1,1,1,43
mkgw_mhyper_adamf,W-A,test,No-gate,18,46,1,1,1,46
mkgw_mhyper_adamf,W-A,test,No-gate,19,55,0,1,0,0
mkgw_mhyper_adamf,W-A,test,No-gate,20,56,0,1,0,0
mkgw_mhyper_adamf,W-A,test,No-gate,21,69,1,1,1,69
mkgw_mhyper_adamf,W-A,test,No-gate,22,467,1,1,1,467
mkgw_mhyper_adamf,W-A,test,No-gate,23,1,670,1655,670,670
mkgw_mhyper_adamf,W-A,test,No-gate,24,2,108,253,108,216
mkgw_mhyper_adamf,W-A,test,No-gate,25,3,54,109,54,162
mkgw_mhyper_adamf,W-A,test,No-gate,26,4,25,48,25,100
mkgw_mhyper_adamf,W-A,test,No-gate,27,5,5,18,5,25
mkgw_mhyper_adamf,W-A,test,No-gate,28,6,4,7,4,24
mkgw_mhyper_adamf,W-A,test,No-gate,29,7,4,7,4,28
mkgw_mhyper_adamf,W-A,test,No-gate,30,8,0,1,0,0
mkgw_mhyper_adamf,W-A,test,No-gate,31,9,1,2,1,9
mkgw_mhyper_adamf,W-A,test,No-gate,32,11,0,0,0,0
mkgw_mhyper_adamf,W-A,test,No-gate,33,12,0,2,0,0
mkgw_mhyper_adamf,W-A,test,No-gate,34,13,1,2,1,13
mkgw_mhyper_adamf,W-A,test,No-gate,35,14,0,1,0,0
mkgw_mhyper_adamf,W-A,test,No-gate,36,15,1,1,1,15
mkgw_mhyper_adamf,W-A,test,No-gate,37,22,0,0,0,0
mkgw_mhyper_adamf,W-A,test,No-gate,38,27,1,1,1,27
mkgw_mhyper_adamf,W-A,test,No-gate,39,30,1,1,1,30
mkgw_mhyper_adamf,W-A,test,No-gate,40,43,1,1,1,43
mkgw_mhyper_adamf,W-A,test,No-gate,41,46,1,1,1,46
mkgw_mhyper_adamf,W-A,test,No-gate,42,55,1,1,1,55
mkgw_mhyper_adamf,W-A,test,No-gate,43,56,0,1,0,0
mkgw_mhyper_adamf,W-A,test,No-gate,44,69,1,1,1,69
mkgw_mhyper_adamf,W-A,test,No-gate,45,467,1,1,1,467
mkgw_mhyper_adamf,W-A,test,No-gate,46,1,589,1435,589,589
mkgw_mhyper_adamf,W-A,test,No-gate,47,2,72,196,72,144
mkgw_mhyper_adamf,W-A,test,No-gate,48,3,39,94,39,117
mkgw_mhyper_adamf,W-A,test,No-gate,49,4,15,39,15,60
mkgw_mhyper_adamf,W-A,test,No-gate,50,5,5,20,5,25
mkgw_mhyper_adamf,W-A,test,No-gate,51,6,2,6,2,12
mkgw_mhyper_adamf,W-A,test,No-gate,52,7,5,7,5,35
mkgw_mhyper_adamf,W-A,test,No-gate,53,8,0,1,0,0
mkgw_mhyper_adamf,W-A,test,No-gate,54,9,0,2,0,0
mkgw_mhyper_adamf,W-A,test,No-gate,55,11,0,1,0,0
mkgw_mhyper_adamf,W-A,test,No-gate,56,12,0,2,0,0
mkgw_mhyper_adamf,W-A,test,No-gate,57,13,0,1,0,0
mkgw_mhyper_adamf,W-A,test,No-gate,58,14,1,1,1,14
mkgw_mhyper_adamf,W-A,test,No-gate,59,15,0,2,0,0
mkgw_mhyper_adamf,W-A,test,No-gate,60,22,0,0,0,0
mkgw_mhyper_adamf,W-A,test,No-gate,61,27,1,1,1,27
mkgw_mhyper_adamf,W-A,test,No-gate,62,30,1,1,1,30
mkgw_mhyper_adamf,W-A,test,No-gate,63,43,1,1,1,43
mkgw_mhyper_adamf,W-A,test,No-gate,64,46,0,0,0,0
mkgw_mhyper_adamf,W-A,test,No-gate,65,55,0,1,0,0
mkgw_mhyper_adamf,W-A,test,No-gate,66,56,0,0,0,0
mkgw_mhyper_adamf,W-A,test,No-gate,67,69,1,1,1,69
mkgw_mhyper_adamf,W-A,test,No-gate,68,467,1,1,1,467
db15k_mhyper_native,D-N,dev_oof,Center-0.5,0,1,636,1300,636,636
db15k_mhyper_native,D-N,dev_oof,Center-0.5,1,2,67,69,67,134
db15k_mhyper_native,D-N,dev_oof,Center-0.5,2,3,8,8,8,24
db15k_mhyper_native,D-N,dev_oof,Center-0.5,3,4,3,3,3,12
db15k_mhyper_native,D-N,dev_oof,Center-0.5,4,5,2,2,2,10
db15k_mhyper_native,D-N,dev_oof,Center-0.5,5,6,0,0,0,0
db15k_mhyper_native,D-N,dev_oof,Center-0.5,6,7,0,0,0,0
db15k_mhyper_native,D-N,dev_oof,Center-0.5,7,8,0,0,0,0
db15k_mhyper_native,D-N,dev_oof,Center-0.5,8,11,0,0,0,0
db15k_mhyper_native,D-N,dev_oof,Center-0.5,9,20,0,2,0,0
db15k_mhyper_native,D-N,dev_oof,Center-0.5,10,26,0,1,0,0
db15k_mhyper_native,D-N,dev_oof,Center-0.5,11,138,0,1,0,0
db15k_mhyper_native,D-N,dev_oof,Center-0.5,12,1,190,310,190,190
db15k_mhyper_native,D-N,dev_oof,Center-0.5,13,2,11,11,11,22
db15k_mhyper_native,D-N,dev_oof,Center-0.5,14,3,1,1,1,3
db15k_mhyper_native,D-N,dev_oof,Center-0.5,15,4,0,0,0,0
db15k_mhyper_native,D-N,dev_oof,Center-0.5,16,5,0,0,0,0
db15k_mhyper_native,D-N,dev_oof,Center-0.5,17,6,0,0,0,0
db15k_mhyper_native,D-N,dev_oof,Center-0.5,18,7,0,0,0,0
db15k_mhyper_native,D-N,dev_oof,Center-0.5,19,9,0,0,0,0
db15k_mhyper_native,D-N,dev_oof,Center-0.5,20,21,0,0,0,0
db15k_mhyper_native,D-N,dev_oof,Center-0.5,21,27,0,0,0,0
db15k_mhyper_native,D-N,dev_oof,Center-0.5,22,132,0,1,0,0
db15k_mhyper_native,D-N,dev_oof,Center-0.5,23,1,7,29,7,7
db15k_mhyper_native,D-N,dev_oof,Center-0.5,24,2,1,2,1,2
db15k_mhyper_native,D-N,dev_oof,Center-0.5,25,3,0,0,0,0
db15k_mhyper_native,D-N,dev_oof,Center-0.5,26,4,0,0,0,0
db15k_mhyper_native,D-N,dev_oof,Center-0.5,27,5,0,0,0,0
db15k_mhyper_native,D-N,dev_oof,Center-0.5,28,6,0,0,0,0
db15k_mhyper_native,D-N,dev_oof,Center-0.5,29,7,0,0,0,0
db15k_mhyper_native,D-N,dev_oof,Center-0.5,30,8,0,0,0,0
db15k_mhyper_native,D-N,dev_oof,Center-0.5,31,9,0,0,0,0
db15k_mhyper_native,D-N,dev_oof,Center-0.5,32,20,0,0,0,0
db15k_mhyper_native,D-N,dev_oof,Center-0.5,33,26,0,0,0,0
db15k_mhyper_native,D-N,dev_oof,Center-0.5,34,31,0,0,0,0
db15k_mhyper_native,D-N,dev_oof,Center-0.5,35,124,0,1,0,0
db15k_mhyper_native,D-N,dev_oof,Center-0.5,36,1,169,336,169,169
db15k_mhyper_native,D-N,dev_oof,Center-0.5,37,2,12,14,12,24
db15k_mhyper_native,D-N,dev_oof,Center-0.5,38,3,0,0,0,0
db15k_mhyper_native,D-N,dev_oof,Center-0.5,39,4,0,0,0,0
db15k_mhyper_native,D-N,dev_oof,Center-0.5,40,5,0,0,0,0
db15k_mhyper_native,D-N,dev_oof,Center-0.5,41,6,0,0,0,0
db15k_mhyper_native,D-N,dev_oof,Center-0.5,42,7,0,0,0,0
db15k_mhyper_native,D-N,dev_oof,Center-0.5,43,8,0,0,0,0
db15k_mhyper_native,D-N,dev_oof,Center-0.5,44,20,0,0,0,0
db15k_mhyper_native,D-N,dev_oof,Center-0.5,45,25,0,0,0,0
db15k_mhyper_native,D-N,dev_oof,Center-0.5,46,27,0,0,0,0
db15k_mhyper_native,D-N,dev_oof,Center-0.5,47,139,0,1,0,0
db15k_mhyper_native,D-N,dev_oof,Center-0.5,48,1,149,301,149,149
db15k_mhyper_native,D-N,dev_oof,Center-0.5,49,2,19,20,19,38
db15k_mhyper_native,D-N,dev_oof,Center-0.5,50,3,0,0,0,0
db15k_mhyper_native,D-N,dev_oof,Center-0.5,51,4,1,1,1,4
db15k_mhyper_native,D-N,dev_oof,Center-0.5,52,5,0,0,0,0
db15k_mhyper_native,D-N,dev_oof,Center-0.5,53,6,0,0,0,0
db15k_mhyper_native,D-N,dev_oof,Center-0.5,54,7,0,0,0,0
db15k_mhyper_native,D-N,dev_oof,Center-0.5,55,9,0,0,0,0
db15k_mhyper_native,D-N,dev_oof,Center-0.5,56,11,0,0,0,0
db15k_mhyper_native,D-N,dev_oof,Center-0.5,57,18,0,0,0,0
db15k_mhyper_native,D-N,dev_oof,Center-0.5,58,23,0,0,0,0
db15k_mhyper_native,D-N,dev_oof,Center-0.5,59,31,0,0,0,0
db15k_mhyper_native,D-N,dev_oof,Center-0.5,60,127,0,1,0,0
db15k_mhyper_native,D-N,dev_oof,Center-0.5,61,1,463,1492,463,463
db15k_mhyper_native,D-N,dev_oof,Center-0.5,62,2,55,59,55,110
db15k_mhyper_native,D-N,dev_oof,Center-0.5,63,3,1,1,1,3
db15k_mhyper_native,D-N,dev_oof,Center-0.5,64,4,2,3,2,8
db15k_mhyper_native,D-N,dev_oof,Center-0.5,65,5,0,0,0,0
db15k_mhyper_native,D-N,dev_oof,Center-0.5,66,6,0,0,0,0
db15k_mhyper_native,D-N,dev_oof,Center-0.5,67,7,0,1,0,0
db15k_mhyper_native,D-N,dev_oof,Center-0.5,68,8,0,0,0,0
db15k_mhyper_native,D-N,dev_oof,Center-0.5,69,11,0,0,0,0
db15k_mhyper_native,D-N,dev_oof,Center-0.5,70,20,0,2,0,0
db15k_mhyper_native,D-N,dev_oof,Center-0.5,71,26,0,1,0,0
db15k_mhyper_native,D-N,dev_oof,Center-0.5,72,138,0,1,0,0
db15k_mhyper_native,D-N,dev_oof,Center-0.5,73,1,77,370,77,77
db15k_mhyper_native,D-N,dev_oof,Center-0.5,74,2,6,7,6,12
db15k_mhyper_native,D-N,dev_oof,Center-0.5,75,3,0,0,0,0
db15k_mhyper_native,D-N,dev_oof,Center-0.5,76,4,0,0,0,0
db15k_mhyper_native,D-N,dev_oof,Center-0.5,77,5,0,0,0,0
db15k_mhyper_native,D-N,dev_oof,Center-0.5,78,6,0,0,0,0
db15k_mhyper_native,D-N,dev_oof,Center-0.5,79,7,0,0,0,0
db15k_mhyper_native,D-N,dev_oof,Center-0.5,80,9,0,0,0,0
db15k_mhyper_native,D-N,dev_oof,Center-0.5,81,21,0,1,0,0
db15k_mhyper_native,D-N,dev_oof,Center-0.5,82,27,0,0,0,0
db15k_mhyper_native,D-N,dev_oof,Center-0.5,83,132,0,1,0,0
db15k_mhyper_native,D-N,dev_oof,Center-0.5,84,1,2,71,2,2
db15k_mhyper_native,D-N,dev_oof,Center-0.5,85,2,0,1,0,0
db15k_mhyper_native,D-N,dev_oof,Center-0.5,86,3,1,1,1,3
db15k_mhyper_native,D-N,dev_oof,Center-0.5,87,4,0,0,0,0
db15k_mhyper_native,D-N,dev_oof,Center-0.5,88,5,0,0,0,0
db15k_mhyper_native,D-N,dev_oof,Center-0.5,89,6,0,0,0,0
db15k_mhyper_native,D-N,dev_oof,Center-0.5,90,7,0,0,0,0
db15k_mhyper_native,D-N,dev_oof,Center-0.5,91,8,0,0,0,0
db15k_mhyper_native,D-N,dev_oof,Center-0.5,92,9,0,0,0,0
db15k_mhyper_native,D-N,dev_oof,Center-0.5,93,20,0,0,0,0
db15k_mhyper_native,D-N,dev_oof,Center-0.5,94,26,0,0,0,0
db15k_mhyper_native,D-N,dev_oof,Center-0.5,95,31,0,0,0,0
db15k_mhyper_native,D-N,dev_oof,Center-0.5,96,124,0,1,0,0
db15k_mhyper_native,D-N,dev_oof,Center-0.5,97,1,47,406,47,47
db15k_mhyper_native,D-N,dev_oof,Center-0.5,98,2,4,8,4,8
db15k_mhyper_native,D-N,dev_oof,Center-0.5,99,3,0,0,0,0
db15k_mhyper_native,D-N,dev_oof,Center-0.5,100,4,0,0,0,0
db15k_mhyper_native,D-N,dev_oof,Center-0.5,101,5,0,0,0,0
db15k_mhyper_native,D-N,dev_oof,Center-0.5,102,6,0,0,0,0
db15k_mhyper_native,D-N,dev_oof,Center-0.5,103,7,0,0,0,0
db15k_mhyper_native,D-N,dev_oof,Center-0.5,104,8,0,0,0,0
db15k_mhyper_native,D-N,dev_oof,Center-0.5,105,20,0,0,0,0
db15k_mhyper_native,D-N,dev_oof,Center-0.5,106,25,0,0,0,0
db15k_mhyper_native,D-N,dev_oof,Center-0.5,107,27,0,1,0,0
db15k_mhyper_native,D-N,dev_oof,Center-0.5,108,139,0,1,0,0
db15k_mhyper_native,D-N,dev_oof,Center-0.5,109,1,45,383,45,45
db15k_mhyper_native,D-N,dev_oof,Center-0.5,110,2,5,6,5,10
db15k_mhyper_native,D-N,dev_oof,Center-0.5,111,3,0,0,0,0
db15k_mhyper_native,D-N,dev_oof,Center-0.5,112,4,1,1,1,4
db15k_mhyper_native,D-N,dev_oof,Center-0.5,113,5,0,0,0,0
db15k_mhyper_native,D-N,dev_oof,Center-0.5,114,6,0,0,0,0
db15k_mhyper_native,D-N,dev_oof,Center-0.5,115,7,0,0,0,0
db15k_mhyper_native,D-N,dev_oof,Center-0.5,116,9,0,0,0,0
db15k_mhyper_native,D-N,dev_oof,Center-0.5,117,11,0,0,0,0
db15k_mhyper_native,D-N,dev_oof,Center-0.5,118,18,0,0,0,0
db15k_mhyper_native,D-N,dev_oof,Center-0.5,119,23,0,1,0,0
db15k_mhyper_native,D-N,dev_oof,Center-0.5,120,31,0,0,0,0
db15k_mhyper_native,D-N,dev_oof,Center-0.5,121,127,0,1,0,0
db15k_mhyper_native,D-N,dev_oof,Center-0.5,122,1,841,1284,841,841
db15k_mhyper_native,D-N,dev_oof,Center-0.5,123,2,86,89,86,172
db15k_mhyper_native,D-N,dev_oof,Center-0.5,124,3,14,14,14,42
db15k_mhyper_native,D-N,dev_oof,Center-0.5,125,4,6,6,6,24
db15k_mhyper_native,D-N,dev_oof,Center-0.5,126,5,4,4,4,20
db15k_mhyper_native,D-N,dev_oof,Center-0.5,127,6,1,1,1,6
db15k_mhyper_native,D-N,dev_oof,Center-0.5,128,7,0,0,0,0
db15k_mhyper_native,D-N,dev_oof,Center-0.5,129,8,1,1,1,8
db15k_mhyper_native,D-N,dev_oof,Center-0.5,130,11,0,0,0,0
db15k_mhyper_native,D-N,dev_oof,Center-0.5,131,20,0,1,0,0
db15k_mhyper_native,D-N,dev_oof,Center-0.5,132,26,0,0,0,0
db15k_mhyper_native,D-N,dev_oof,Center-0.5,133,138,0,1,0,0
db15k_mhyper_native,D-N,dev_oof,Center-0.5,134,1,383,482,383,383
db15k_mhyper_native,D-N,dev_oof,Center-0.5,135,2,37,37,37,74
db15k_mhyper_native,D-N,dev_oof,Center-0.5,136,3,6,6,6,18
db15k_mhyper_native,D-N,dev_oof,Center-0.5,137,4,1,1,1,4
db15k_mhyper_native,D-N,dev_oof,Center-0.5,138,5,0,0,0,0
db15k_mhyper_native,D-N,dev_oof,Center-0.5,139,6,0,0,0,0
db15k_mhyper_native,D-N,dev_oof,Center-0.5,140,7,0,0,0,0
db15k_mhyper_native,D-N,dev_oof,Center-0.5,141,9,0,0,0,0
db15k_mhyper_native,D-N,dev_oof,Center-0.5,142,21,0,0,0,0
db15k_mhyper_native,D-N,dev_oof,Center-0.5,143,27,0,0,0,0
db15k_mhyper_native,D-N,dev_oof,Center-0.5,144,132,0,1,0,0
db15k_mhyper_native,D-N,dev_oof,Center-0.5,145,1,37,48,37,37
db15k_mhyper_native,D-N,dev_oof,Center-0.5,146,2,2,3,2,4
db15k_mhyper_native,D-N,dev_oof,Center-0.5,147,3,2,2,2,6
db15k_mhyper_native,D-N,dev_oof,Center-0.5,148,4,0,0,0,0
db15k_mhyper_native,D-N,dev_oof,Center-0.5,149,5,0,0,0,0
db15k_mhyper_native,D-N,dev_oof,Center-0.5,150,6,0,0,0,0
db15k_mhyper_native,D-N,dev_oof,Center-0.5,151,7,0,0,0,0
db15k_mhyper_native,D-N,dev_oof,Center-0.5,152,8,0,0,0,0
db15k_mhyper_native,D-N,dev_oof,Center-0.5,153,9,0,0,0,0
db15k_mhyper_native,D-N,dev_oof,Center-0.5,154,20,0,0,0,0
db15k_mhyper_native,D-N,dev_oof,Center-0.5,155,26,0,0,0,0
db15k_mhyper_native,D-N,dev_oof,Center-0.5,156,31,0,0,0,0
db15k_mhyper_native,D-N,dev_oof,Center-0.5,157,124,0,1,0,0
db15k_mhyper_native,D-N,dev_oof,Center-0.5,158,1,404,514,404,404
db15k_mhyper_native,D-N,dev_oof,Center-0.5,159,2,35,37,35,70
db15k_mhyper_native,D-N,dev_oof,Center-0.5,160,3,6,6,6,18
db15k_mhyper_native,D-N,dev_oof,Center-0.5,161,4,3,3,3,12
db15k_mhyper_native,D-N,dev_oof,Center-0.5,162,5,0,0,0,0
db15k_mhyper_native,D-N,dev_oof,Center-0.5,163,6,0,0,0,0
db15k_mhyper_native,D-N,dev_oof,Center-0.5,164,7,0,0,0,0
db15k_mhyper_native,D-N,dev_oof,Center-0.5,165,8,0,0,0,0
db15k_mhyper_native,D-N,dev_oof,Center-0.5,166,20,0,0,0,0
db15k_mhyper_native,D-N,dev_oof,Center-0.5,167,25,0,0,0,0
db15k_mhyper_native,D-N,dev_oof,Center-0.5,168,27,0,0,0,0
db15k_mhyper_native,D-N,dev_oof,Center-0.5,169,139,0,1,0,0
db15k_mhyper_native,D-N,dev_oof,Center-0.5,170,1,351,462,351,351
db15k_mhyper_native,D-N,dev_oof,Center-0.5,171,2,45,47,45,90
db15k_mhyper_native,D-N,dev_oof,Center-0.5,172,3,1,1,1,3
db15k_mhyper_native,D-N,dev_oof,Center-0.5,173,4,1,1,1,4
db15k_mhyper_native,D-N,dev_oof,Center-0.5,174,5,0,0,0,0
db15k_mhyper_native,D-N,dev_oof,Center-0.5,175,6,0,0,0,0
db15k_mhyper_native,D-N,dev_oof,Center-0.5,176,7,0,0,0,0
db15k_mhyper_native,D-N,dev_oof,Center-0.5,177,9,0,0,0,0
db15k_mhyper_native,D-N,dev_oof,Center-0.5,178,11,0,0,0,0
db15k_mhyper_native,D-N,dev_oof,Center-0.5,179,18,0,0,0,0
db15k_mhyper_native,D-N,dev_oof,Center-0.5,180,23,0,0,0,0
db15k_mhyper_native,D-N,dev_oof,Center-0.5,181,31,0,0,0,0
db15k_mhyper_native,D-N,dev_oof,Center-0.5,182,127,0,1,0,0
db15k_mhyper_native,D-N,dev_oof,Linear-p,0,1,636,524,524,524
db15k_mhyper_native,D-N,dev_oof,Linear-p,1,2,67,61,61,122
db15k_mhyper_native,D-N,dev_oof,Linear-p,2,3,8,5,5,15
db15k_mhyper_native,D-N,dev_oof,Linear-p,3,4,3,1,1,4
db15k_mhyper_native,D-N,dev_oof,Linear-p,4,5,2,0,0,0
db15k_mhyper_native,D-N,dev_oof,Linear-p,5,6,0,0,0,0
db15k_mhyper_native,D-N,dev_oof,Linear-p,6,7,0,0,0,0
db15k_mhyper_native,D-N,dev_oof,Linear-p,7,8,0,0,0,0
db15k_mhyper_native,D-N,dev_oof,Linear-p,8,11,0,0,0,0
db15k_mhyper_native,D-N,dev_oof,Linear-p,9,20,0,0,0,0
db15k_mhyper_native,D-N,dev_oof,Linear-p,10,26,0,0,0,0
db15k_mhyper_native,D-N,dev_oof,Linear-p,11,138,0,0,0,0
db15k_mhyper_native,D-N,dev_oof,Linear-p,12,1,190,190,190,190
db15k_mhyper_native,D-N,dev_oof,Linear-p,13,2,11,11,11,22
db15k_mhyper_native,D-N,dev_oof,Linear-p,14,3,1,1,1,3
db15k_mhyper_native,D-N,dev_oof,Linear-p,15,4,0,0,0,0
db15k_mhyper_native,D-N,dev_oof,Linear-p,16,5,0,0,0,0
db15k_mhyper_native,D-N,dev_oof,Linear-p,17,6,0,0,0,0
db15k_mhyper_native,D-N,dev_oof,Linear-p,18,7,0,0,0,0
db15k_mhyper_native,D-N,dev_oof,Linear-p,19,9,0,0,0,0
db15k_mhyper_native,D-N,dev_oof,Linear-p,20,21,0,0,0,0
db15k_mhyper_native,D-N,dev_oof,Linear-p,21,27,0,0,0,0
db15k_mhyper_native,D-N,dev_oof,Linear-p,22,132,0,0,0,0
db15k_mhyper_native,D-N,dev_oof,Linear-p,23,1,7,7,7,7
db15k_mhyper_native,D-N,dev_oof,Linear-p,24,2,1,1,1,2
db15k_mhyper_native,D-N,dev_oof,Linear-p,25,3,0,0,0,0
db15k_mhyper_native,D-N,dev_oof,Linear-p,26,4,0,0,0,0
db15k_mhyper_native,D-N,dev_oof,Linear-p,27,5,0,0,0,0
db15k_mhyper_native,D-N,dev_oof,Linear-p,28,6,0,0,0,0
db15k_mhyper_native,D-N,dev_oof,Linear-p,29,7,0,0,0,0
db15k_mhyper_native,D-N,dev_oof,Linear-p,30,8,0,0,0,0
db15k_mhyper_native,D-N,dev_oof,Linear-p,31,9,0,0,0,0
db15k_mhyper_native,D-N,dev_oof,Linear-p,32,20,0,0,0,0
db15k_mhyper_native,D-N,dev_oof,Linear-p,33,26,0,0,0,0
db15k_mhyper_native,D-N,dev_oof,Linear-p,34,31,0,0,0,0
db15k_mhyper_native,D-N,dev_oof,Linear-p,35,124,0,0,0,0
db15k_mhyper_native,D-N,dev_oof,Linear-p,36,1,169,169,169,169
db15k_mhyper_native,D-N,dev_oof,Linear-p,37,2,12,12,12,24
db15k_mhyper_native,D-N,dev_oof,Linear-p,38,3,0,0,0,0
db15k_mhyper_native,D-N,dev_oof,Linear-p,39,4,0,0,0,0
db15k_mhyper_native,D-N,dev_oof,Linear-p,40,5,0,0,0,0
db15k_mhyper_native,D-N,dev_oof,Linear-p,41,6,0,0,0,0
db15k_mhyper_native,D-N,dev_oof,Linear-p,42,7,0,0,0,0
db15k_mhyper_native,D-N,dev_oof,Linear-p,43,8,0,0,0,0
db15k_mhyper_native,D-N,dev_oof,Linear-p,44,20,0,0,0,0
db15k_mhyper_native,D-N,dev_oof,Linear-p,45,25,0,0,0,0
db15k_mhyper_native,D-N,dev_oof,Linear-p,46,27,0,0,0,0
db15k_mhyper_native,D-N,dev_oof,Linear-p,47,139,0,0,0,0
db15k_mhyper_native,D-N,dev_oof,Linear-p,48,1,149,149,149,149
db15k_mhyper_native,D-N,dev_oof,Linear-p,49,2,19,19,19,38
db15k_mhyper_native,D-N,dev_oof,Linear-p,50,3,0,0,0,0
db15k_mhyper_native,D-N,dev_oof,Linear-p,51,4,1,1,1,4
db15k_mhyper_native,D-N,dev_oof,Linear-p,52,5,0,0,0,0
db15k_mhyper_native,D-N,dev_oof,Linear-p,53,6,0,0,0,0
db15k_mhyper_native,D-N,dev_oof,Linear-p,54,7,0,0,0,0
db15k_mhyper_native,D-N,dev_oof,Linear-p,55,9,0,0,0,0
db15k_mhyper_native,D-N,dev_oof,Linear-p,56,11,0,0,0,0
db15k_mhyper_native,D-N,dev_oof,Linear-p,57,18,0,0,0,0
db15k_mhyper_native,D-N,dev_oof,Linear-p,58,23,0,0,0,0
db15k_mhyper_native,D-N,dev_oof,Linear-p,59,31,0,0,0,0
db15k_mhyper_native,D-N,dev_oof,Linear-p,60,127,0,0,0,0
db15k_mhyper_native,D-N,dev_oof,Linear-p,61,1,463,360,360,360
db15k_mhyper_native,D-N,dev_oof,Linear-p,62,2,55,42,42,84
db15k_mhyper_native,D-N,dev_oof,Linear-p,63,3,1,1,1,3
db15k_mhyper_native,D-N,dev_oof,Linear-p,64,4,2,0,0,0
db15k_mhyper_native,D-N,dev_oof,Linear-p,65,5,0,0,0,0
db15k_mhyper_native,D-N,dev_oof,Linear-p,66,6,0,0,0,0
db15k_mhyper_native,D-N,dev_oof,Linear-p,67,7,0,0,0,0
db15k_mhyper_native,D-N,dev_oof,Linear-p,68,8,0,0,0,0
db15k_mhyper_native,D-N,dev_oof,Linear-p,69,11,0,0,0,0
db15k_mhyper_native,D-N,dev_oof,Linear-p,70,20,0,0,0,0
db15k_mhyper_native,D-N,dev_oof,Linear-p,71,26,0,0,0,0
db15k_mhyper_native,D-N,dev_oof,Linear-p,72,138,0,0,0,0
db15k_mhyper_native,D-N,dev_oof,Linear-p,73,1,77,77,77,77
db15k_mhyper_native,D-N,dev_oof,Linear-p,74,2,6,6,6,12
db15k_mhyper_native,D-N,dev_oof,Linear-p,75,3,0,0,0,0
db15k_mhyper_native,D-N,dev_oof,Linear-p,76,4,0,0,0,0
db15k_mhyper_native,D-N,dev_oof,Linear-p,77,5,0,0,0,0
db15k_mhyper_native,D-N,dev_oof,Linear-p,78,6,0,0,0,0
db15k_mhyper_native,D-N,dev_oof,Linear-p,79,7,0,0,0,0
db15k_mhyper_native,D-N,dev_oof,Linear-p,80,9,0,0,0,0
db15k_mhyper_native,D-N,dev_oof,Linear-p,81,21,0,0,0,0
db15k_mhyper_native,D-N,dev_oof,Linear-p,82,27,0,0,0,0
db15k_mhyper_native,D-N,dev_oof,Linear-p,83,132,0,0,0,0
db15k_mhyper_native,D-N,dev_oof,Linear-p,84,1,2,2,2,2
db15k_mhyper_native,D-N,dev_oof,Linear-p,85,2,0,0,0,0
db15k_mhyper_native,D-N,dev_oof,Linear-p,86,3,1,1,1,3
db15k_mhyper_native,D-N,dev_oof,Linear-p,87,4,0,0,0,0
db15k_mhyper_native,D-N,dev_oof,Linear-p,88,5,0,0,0,0
db15k_mhyper_native,D-N,dev_oof,Linear-p,89,6,0,0,0,0
db15k_mhyper_native,D-N,dev_oof,Linear-p,90,7,0,0,0,0
db15k_mhyper_native,D-N,dev_oof,Linear-p,91,8,0,0,0,0
db15k_mhyper_native,D-N,dev_oof,Linear-p,92,9,0,0,0,0
db15k_mhyper_native,D-N,dev_oof,Linear-p,93,20,0,0,0,0
db15k_mhyper_native,D-N,dev_oof,Linear-p,94,26,0,0,0,0
db15k_mhyper_native,D-N,dev_oof,Linear-p,95,31,0,0,0,0
db15k_mhyper_native,D-N,dev_oof,Linear-p,96,124,0,0,0,0
db15k_mhyper_native,D-N,dev_oof,Linear-p,97,1,47,47,47,47
db15k_mhyper_native,D-N,dev_oof,Linear-p,98,2,4,4,4,8
db15k_mhyper_native,D-N,dev_oof,Linear-p,99,3,0,0,0,0
db15k_mhyper_native,D-N,dev_oof,Linear-p,100,4,0,0,0,0
db15k_mhyper_native,D-N,dev_oof,Linear-p,101,5,0,0,0,0
db15k_mhyper_native,D-N,dev_oof,Linear-p,102,6,0,0,0,0
db15k_mhyper_native,D-N,dev_oof,Linear-p,103,7,0,0,0,0
db15k_mhyper_native,D-N,dev_oof,Linear-p,104,8,0,0,0,0
db15k_mhyper_native,D-N,dev_oof,Linear-p,105,20,0,0,0,0
db15k_mhyper_native,D-N,dev_oof,Linear-p,106,25,0,0,0,0
db15k_mhyper_native,D-N,dev_oof,Linear-p,107,27,0,0,0,0
db15k_mhyper_native,D-N,dev_oof,Linear-p,108,139,0,0,0,0
db15k_mhyper_native,D-N,dev_oof,Linear-p,109,1,45,45,45,45
db15k_mhyper_native,D-N,dev_oof,Linear-p,110,2,5,5,5,10
db15k_mhyper_native,D-N,dev_oof,Linear-p,111,3,0,0,0,0
db15k_mhyper_native,D-N,dev_oof,Linear-p,112,4,1,1,1,4
db15k_mhyper_native,D-N,dev_oof,Linear-p,113,5,0,0,0,0
db15k_mhyper_native,D-N,dev_oof,Linear-p,114,6,0,0,0,0
db15k_mhyper_native,D-N,dev_oof,Linear-p,115,7,0,0,0,0
db15k_mhyper_native,D-N,dev_oof,Linear-p,116,9,0,0,0,0
db15k_mhyper_native,D-N,dev_oof,Linear-p,117,11,0,0,0,0
db15k_mhyper_native,D-N,dev_oof,Linear-p,118,18,0,0,0,0
db15k_mhyper_native,D-N,dev_oof,Linear-p,119,23,0,0,0,0
db15k_mhyper_native,D-N,dev_oof,Linear-p,120,31,0,0,0,0
db15k_mhyper_native,D-N,dev_oof,Linear-p,121,127,0,0,0,0
db15k_mhyper_native,D-N,dev_oof,Linear-p,122,1,841,715,715,715
db15k_mhyper_native,D-N,dev_oof,Linear-p,123,2,86,79,79,158
db15k_mhyper_native,D-N,dev_oof,Linear-p,124,3,14,12,12,36
db15k_mhyper_native,D-N,dev_oof,Linear-p,125,4,6,6,6,24
db15k_mhyper_native,D-N,dev_oof,Linear-p,126,5,4,4,4,20
db15k_mhyper_native,D-N,dev_oof,Linear-p,127,6,1,0,0,0
db15k_mhyper_native,D-N,dev_oof,Linear-p,128,7,0,0,0,0
db15k_mhyper_native,D-N,dev_oof,Linear-p,129,8,1,0,0,0
db15k_mhyper_native,D-N,dev_oof,Linear-p,130,11,0,0,0,0
db15k_mhyper_native,D-N,dev_oof,Linear-p,131,20,0,0,0,0
db15k_mhyper_native,D-N,dev_oof,Linear-p,132,26,0,0,0,0
db15k_mhyper_native,D-N,dev_oof,Linear-p,133,138,0,0,0,0
db15k_mhyper_native,D-N,dev_oof,Linear-p,134,1,383,383,383,383
db15k_mhyper_native,D-N,dev_oof,Linear-p,135,2,37,37,37,74
db15k_mhyper_native,D-N,dev_oof,Linear-p,136,3,6,6,6,18
db15k_mhyper_native,D-N,dev_oof,Linear-p,137,4,1,1,1,4
db15k_mhyper_native,D-N,dev_oof,Linear-p,138,5,0,0,0,0
db15k_mhyper_native,D-N,dev_oof,Linear-p,139,6,0,0,0,0
db15k_mhyper_native,D-N,dev_oof,Linear-p,140,7,0,0,0,0
db15k_mhyper_native,D-N,dev_oof,Linear-p,141,9,0,0,0,0
db15k_mhyper_native,D-N,dev_oof,Linear-p,142,21,0,0,0,0
db15k_mhyper_native,D-N,dev_oof,Linear-p,143,27,0,0,0,0
db15k_mhyper_native,D-N,dev_oof,Linear-p,144,132,0,0,0,0
db15k_mhyper_native,D-N,dev_oof,Linear-p,145,1,37,37,37,37
db15k_mhyper_native,D-N,dev_oof,Linear-p,146,2,2,2,2,4
db15k_mhyper_native,D-N,dev_oof,Linear-p,147,3,2,2,2,6
db15k_mhyper_native,D-N,dev_oof,Linear-p,148,4,0,0,0,0
db15k_mhyper_native,D-N,dev_oof,Linear-p,149,5,0,0,0,0
db15k_mhyper_native,D-N,dev_oof,Linear-p,150,6,0,0,0,0
db15k_mhyper_native,D-N,dev_oof,Linear-p,151,7,0,0,0,0
db15k_mhyper_native,D-N,dev_oof,Linear-p,152,8,0,0,0,0
db15k_mhyper_native,D-N,dev_oof,Linear-p,153,9,0,0,0,0
db15k_mhyper_native,D-N,dev_oof,Linear-p,154,20,0,0,0,0
db15k_mhyper_native,D-N,dev_oof,Linear-p,155,26,0,0,0,0
db15k_mhyper_native,D-N,dev_oof,Linear-p,156,31,0,0,0,0
db15k_mhyper_native,D-N,dev_oof,Linear-p,157,124,0,0,0,0
db15k_mhyper_native,D-N,dev_oof,Linear-p,158,1,404,404,404,404
db15k_mhyper_native,D-N,dev_oof,Linear-p,159,2,35,35,35,70
db15k_mhyper_native,D-N,dev_oof,Linear-p,160,3,6,6,6,18
db15k_mhyper_native,D-N,dev_oof,Linear-p,161,4,3,3,3,12
db15k_mhyper_native,D-N,dev_oof,Linear-p,162,5,0,0,0,0
db15k_mhyper_native,D-N,dev_oof,Linear-p,163,6,0,0,0,0
db15k_mhyper_native,D-N,dev_oof,Linear-p,164,7,0,0,0,0
db15k_mhyper_native,D-N,dev_oof,Linear-p,165,8,0,0,0,0
db15k_mhyper_native,D-N,dev_oof,Linear-p,166,20,0,0,0,0
db15k_mhyper_native,D-N,dev_oof,Linear-p,167,25,0,0,0,0
db15k_mhyper_native,D-N,dev_oof,Linear-p,168,27,0,0,0,0
db15k_mhyper_native,D-N,dev_oof,Linear-p,169,139,0,0,0,0
db15k_mhyper_native,D-N,dev_oof,Linear-p,170,1,351,351,351,351
db15k_mhyper_native,D-N,dev_oof,Linear-p,171,2,45,45,45,90
db15k_mhyper_native,D-N,dev_oof,Linear-p,172,3,1,1,1,3
db15k_mhyper_native,D-N,dev_oof,Linear-p,173,4,1,1,1,4
db15k_mhyper_native,D-N,dev_oof,Linear-p,174,5,0,0,0,0
db15k_mhyper_native,D-N,dev_oof,Linear-p,175,6,0,0,0,0
db15k_mhyper_native,D-N,dev_oof,Linear-p,176,7,0,0,0,0
db15k_mhyper_native,D-N,dev_oof,Linear-p,177,9,0,0,0,0
db15k_mhyper_native,D-N,dev_oof,Linear-p,178,11,0,0,0,0
db15k_mhyper_native,D-N,dev_oof,Linear-p,179,18,0,0,0,0
db15k_mhyper_native,D-N,dev_oof,Linear-p,180,23,0,0,0,0
db15k_mhyper_native,D-N,dev_oof,Linear-p,181,31,0,0,0,0
db15k_mhyper_native,D-N,dev_oof,Linear-p,182,127,0,0,0,0
db15k_mhyper_native,D-N,dev_oof,Clip-g,0,1,636,636,636,636
db15k_mhyper_native,D-N,dev_oof,Clip-g,1,2,67,67,67,134
db15k_mhyper_native,D-N,dev_oof,Clip-g,2,3,8,8,8,24
db15k_mhyper_native,D-N,dev_oof,Clip-g,3,4,3,3,3,12
db15k_mhyper_native,D-N,dev_oof,Clip-g,4,5,2,2,2,10
db15k_mhyper_native,D-N,dev_oof,Clip-g,5,6,0,0,0,0
db15k_mhyper_native,D-N,dev_oof,Clip-g,6,7,0,0,0,0
db15k_mhyper_native,D-N,dev_oof,Clip-g,7,8,0,0,0,0
db15k_mhyper_native,D-N,dev_oof,Clip-g,8,11,0,0,0,0
db15k_mhyper_native,D-N,dev_oof,Clip-g,9,20,0,0,0,0
db15k_mhyper_native,D-N,dev_oof,Clip-g,10,26,0,0,0,0
db15k_mhyper_native,D-N,dev_oof,Clip-g,11,138,0,0,0,0
db15k_mhyper_native,D-N,dev_oof,Clip-g,12,1,190,190,190,190
db15k_mhyper_native,D-N,dev_oof,Clip-g,13,2,11,11,11,22
db15k_mhyper_native,D-N,dev_oof,Clip-g,14,3,1,1,1,3
db15k_mhyper_native,D-N,dev_oof,Clip-g,15,4,0,0,0,0
db15k_mhyper_native,D-N,dev_oof,Clip-g,16,5,0,0,0,0
db15k_mhyper_native,D-N,dev_oof,Clip-g,17,6,0,0,0,0
db15k_mhyper_native,D-N,dev_oof,Clip-g,18,7,0,0,0,0
db15k_mhyper_native,D-N,dev_oof,Clip-g,19,9,0,0,0,0
db15k_mhyper_native,D-N,dev_oof,Clip-g,20,21,0,0,0,0
db15k_mhyper_native,D-N,dev_oof,Clip-g,21,27,0,0,0,0
db15k_mhyper_native,D-N,dev_oof,Clip-g,22,132,0,0,0,0
db15k_mhyper_native,D-N,dev_oof,Clip-g,23,1,7,7,7,7
db15k_mhyper_native,D-N,dev_oof,Clip-g,24,2,1,1,1,2
db15k_mhyper_native,D-N,dev_oof,Clip-g,25,3,0,0,0,0
db15k_mhyper_native,D-N,dev_oof,Clip-g,26,4,0,0,0,0
db15k_mhyper_native,D-N,dev_oof,Clip-g,27,5,0,0,0,0
db15k_mhyper_native,D-N,dev_oof,Clip-g,28,6,0,0,0,0
db15k_mhyper_native,D-N,dev_oof,Clip-g,29,7,0,0,0,0
db15k_mhyper_native,D-N,dev_oof,Clip-g,30,8,0,0,0,0
db15k_mhyper_native,D-N,dev_oof,Clip-g,31,9,0,0,0,0
db15k_mhyper_native,D-N,dev_oof,Clip-g,32,20,0,0,0,0
db15k_mhyper_native,D-N,dev_oof,Clip-g,33,26,0,0,0,0
db15k_mhyper_native,D-N,dev_oof,Clip-g,34,31,0,0,0,0
db15k_mhyper_native,D-N,dev_oof,Clip-g,35,124,0,0,0,0
db15k_mhyper_native,D-N,dev_oof,Clip-g,36,1,169,169,169,169
db15k_mhyper_native,D-N,dev_oof,Clip-g,37,2,12,12,12,24
db15k_mhyper_native,D-N,dev_oof,Clip-g,38,3,0,0,0,0
db15k_mhyper_native,D-N,dev_oof,Clip-g,39,4,0,0,0,0
db15k_mhyper_native,D-N,dev_oof,Clip-g,40,5,0,0,0,0
db15k_mhyper_native,D-N,dev_oof,Clip-g,41,6,0,0,0,0
db15k_mhyper_native,D-N,dev_oof,Clip-g,42,7,0,0,0,0
db15k_mhyper_native,D-N,dev_oof,Clip-g,43,8,0,0,0,0
db15k_mhyper_native,D-N,dev_oof,Clip-g,44,20,0,0,0,0
db15k_mhyper_native,D-N,dev_oof,Clip-g,45,25,0,0,0,0
db15k_mhyper_native,D-N,dev_oof,Clip-g,46,27,0,0,0,0
db15k_mhyper_native,D-N,dev_oof,Clip-g,47,139,0,0,0,0
db15k_mhyper_native,D-N,dev_oof,Clip-g,48,1,149,149,149,149
db15k_mhyper_native,D-N,dev_oof,Clip-g,49,2,19,19,19,38
db15k_mhyper_native,D-N,dev_oof,Clip-g,50,3,0,0,0,0
db15k_mhyper_native,D-N,dev_oof,Clip-g,51,4,1,1,1,4
db15k_mhyper_native,D-N,dev_oof,Clip-g,52,5,0,0,0,0
db15k_mhyper_native,D-N,dev_oof,Clip-g,53,6,0,0,0,0
db15k_mhyper_native,D-N,dev_oof,Clip-g,54,7,0,0,0,0
db15k_mhyper_native,D-N,dev_oof,Clip-g,55,9,0,0,0,0
db15k_mhyper_native,D-N,dev_oof,Clip-g,56,11,0,0,0,0
db15k_mhyper_native,D-N,dev_oof,Clip-g,57,18,0,0,0,0
db15k_mhyper_native,D-N,dev_oof,Clip-g,58,23,0,0,0,0
db15k_mhyper_native,D-N,dev_oof,Clip-g,59,31,0,0,0,0
db15k_mhyper_native,D-N,dev_oof,Clip-g,60,127,0,0,0,0
db15k_mhyper_native,D-N,dev_oof,Clip-g,61,1,463,463,463,463
db15k_mhyper_native,D-N,dev_oof,Clip-g,62,2,55,55,55,110
db15k_mhyper_native,D-N,dev_oof,Clip-g,63,3,1,1,1,3
db15k_mhyper_native,D-N,dev_oof,Clip-g,64,4,2,2,2,8
db15k_mhyper_native,D-N,dev_oof,Clip-g,65,5,0,0,0,0
db15k_mhyper_native,D-N,dev_oof,Clip-g,66,6,0,0,0,0
db15k_mhyper_native,D-N,dev_oof,Clip-g,67,7,0,0,0,0
db15k_mhyper_native,D-N,dev_oof,Clip-g,68,8,0,0,0,0
db15k_mhyper_native,D-N,dev_oof,Clip-g,69,11,0,0,0,0
db15k_mhyper_native,D-N,dev_oof,Clip-g,70,20,0,0,0,0
db15k_mhyper_native,D-N,dev_oof,Clip-g,71,26,0,0,0,0
db15k_mhyper_native,D-N,dev_oof,Clip-g,72,138,0,0,0,0
db15k_mhyper_native,D-N,dev_oof,Clip-g,73,1,77,77,77,77
db15k_mhyper_native,D-N,dev_oof,Clip-g,74,2,6,6,6,12
db15k_mhyper_native,D-N,dev_oof,Clip-g,75,3,0,0,0,0
db15k_mhyper_native,D-N,dev_oof,Clip-g,76,4,0,0,0,0
db15k_mhyper_native,D-N,dev_oof,Clip-g,77,5,0,0,0,0
db15k_mhyper_native,D-N,dev_oof,Clip-g,78,6,0,0,0,0
db15k_mhyper_native,D-N,dev_oof,Clip-g,79,7,0,0,0,0
db15k_mhyper_native,D-N,dev_oof,Clip-g,80,9,0,0,0,0
db15k_mhyper_native,D-N,dev_oof,Clip-g,81,21,0,0,0,0
db15k_mhyper_native,D-N,dev_oof,Clip-g,82,27,0,0,0,0
db15k_mhyper_native,D-N,dev_oof,Clip-g,83,132,0,0,0,0
db15k_mhyper_native,D-N,dev_oof,Clip-g,84,1,2,2,2,2
db15k_mhyper_native,D-N,dev_oof,Clip-g,85,2,0,0,0,0
db15k_mhyper_native,D-N,dev_oof,Clip-g,86,3,1,1,1,3
db15k_mhyper_native,D-N,dev_oof,Clip-g,87,4,0,0,0,0
db15k_mhyper_native,D-N,dev_oof,Clip-g,88,5,0,0,0,0
db15k_mhyper_native,D-N,dev_oof,Clip-g,89,6,0,0,0,0
db15k_mhyper_native,D-N,dev_oof,Clip-g,90,7,0,0,0,0
db15k_mhyper_native,D-N,dev_oof,Clip-g,91,8,0,0,0,0
db15k_mhyper_native,D-N,dev_oof,Clip-g,92,9,0,0,0,0
db15k_mhyper_native,D-N,dev_oof,Clip-g,93,20,0,0,0,0
db15k_mhyper_native,D-N,dev_oof,Clip-g,94,26,0,0,0,0
db15k_mhyper_native,D-N,dev_oof,Clip-g,95,31,0,0,0,0
db15k_mhyper_native,D-N,dev_oof,Clip-g,96,124,0,0,0,0
db15k_mhyper_native,D-N,dev_oof,Clip-g,97,1,47,47,47,47
db15k_mhyper_native,D-N,dev_oof,Clip-g,98,2,4,4,4,8
db15k_mhyper_native,D-N,dev_oof,Clip-g,99,3,0,0,0,0
db15k_mhyper_native,D-N,dev_oof,Clip-g,100,4,0,0,0,0
db15k_mhyper_native,D-N,dev_oof,Clip-g,101,5,0,0,0,0
db15k_mhyper_native,D-N,dev_oof,Clip-g,102,6,0,0,0,0
db15k_mhyper_native,D-N,dev_oof,Clip-g,103,7,0,0,0,0
db15k_mhyper_native,D-N,dev_oof,Clip-g,104,8,0,0,0,0
db15k_mhyper_native,D-N,dev_oof,Clip-g,105,20,0,0,0,0
db15k_mhyper_native,D-N,dev_oof,Clip-g,106,25,0,0,0,0
db15k_mhyper_native,D-N,dev_oof,Clip-g,107,27,0,0,0,0
db15k_mhyper_native,D-N,dev_oof,Clip-g,108,139,0,0,0,0
db15k_mhyper_native,D-N,dev_oof,Clip-g,109,1,45,45,45,45
db15k_mhyper_native,D-N,dev_oof,Clip-g,110,2,5,5,5,10
db15k_mhyper_native,D-N,dev_oof,Clip-g,111,3,0,0,0,0
db15k_mhyper_native,D-N,dev_oof,Clip-g,112,4,1,1,1,4
db15k_mhyper_native,D-N,dev_oof,Clip-g,113,5,0,0,0,0
db15k_mhyper_native,D-N,dev_oof,Clip-g,114,6,0,0,0,0
db15k_mhyper_native,D-N,dev_oof,Clip-g,115,7,0,0,0,0
db15k_mhyper_native,D-N,dev_oof,Clip-g,116,9,0,0,0,0
db15k_mhyper_native,D-N,dev_oof,Clip-g,117,11,0,0,0,0
db15k_mhyper_native,D-N,dev_oof,Clip-g,118,18,0,0,0,0
db15k_mhyper_native,D-N,dev_oof,Clip-g,119,23,0,0,0,0
db15k_mhyper_native,D-N,dev_oof,Clip-g,120,31,0,0,0,0
db15k_mhyper_native,D-N,dev_oof,Clip-g,121,127,0,0,0,0
db15k_mhyper_native,D-N,dev_oof,Clip-g,122,1,841,841,841,841
db15k_mhyper_native,D-N,dev_oof,Clip-g,123,2,86,86,86,172
db15k_mhyper_native,D-N,dev_oof,Clip-g,124,3,14,14,14,42
db15k_mhyper_native,D-N,dev_oof,Clip-g,125,4,6,6,6,24
db15k_mhyper_native,D-N,dev_oof,Clip-g,126,5,4,4,4,20
db15k_mhyper_native,D-N,dev_oof,Clip-g,127,6,1,1,1,6
db15k_mhyper_native,D-N,dev_oof,Clip-g,128,7,0,0,0,0
db15k_mhyper_native,D-N,dev_oof,Clip-g,129,8,1,1,1,8
db15k_mhyper_native,D-N,dev_oof,Clip-g,130,11,0,0,0,0
db15k_mhyper_native,D-N,dev_oof,Clip-g,131,20,0,0,0,0
db15k_mhyper_native,D-N,dev_oof,Clip-g,132,26,0,0,0,0
db15k_mhyper_native,D-N,dev_oof,Clip-g,133,138,0,0,0,0
db15k_mhyper_native,D-N,dev_oof,Clip-g,134,1,383,383,383,383
db15k_mhyper_native,D-N,dev_oof,Clip-g,135,2,37,37,37,74
db15k_mhyper_native,D-N,dev_oof,Clip-g,136,3,6,6,6,18
db15k_mhyper_native,D-N,dev_oof,Clip-g,137,4,1,1,1,4
db15k_mhyper_native,D-N,dev_oof,Clip-g,138,5,0,0,0,0
db15k_mhyper_native,D-N,dev_oof,Clip-g,139,6,0,0,0,0
db15k_mhyper_native,D-N,dev_oof,Clip-g,140,7,0,0,0,0
db15k_mhyper_native,D-N,dev_oof,Clip-g,141,9,0,0,0,0
db15k_mhyper_native,D-N,dev_oof,Clip-g,142,21,0,0,0,0
db15k_mhyper_native,D-N,dev_oof,Clip-g,143,27,0,0,0,0
db15k_mhyper_native,D-N,dev_oof,Clip-g,144,132,0,0,0,0
db15k_mhyper_native,D-N,dev_oof,Clip-g,145,1,37,37,37,37
db15k_mhyper_native,D-N,dev_oof,Clip-g,146,2,2,2,2,4
db15k_mhyper_native,D-N,dev_oof,Clip-g,147,3,2,2,2,6
db15k_mhyper_native,D-N,dev_oof,Clip-g,148,4,0,0,0,0
db15k_mhyper_native,D-N,dev_oof,Clip-g,149,5,0,0,0,0
db15k_mhyper_native,D-N,dev_oof,Clip-g,150,6,0,0,0,0
db15k_mhyper_native,D-N,dev_oof,Clip-g,151,7,0,0,0,0
db15k_mhyper_native,D-N,dev_oof,Clip-g,152,8,0,0,0,0
db15k_mhyper_native,D-N,dev_oof,Clip-g,153,9,0,0,0,0
db15k_mhyper_native,D-N,dev_oof,Clip-g,154,20,0,0,0,0
db15k_mhyper_native,D-N,dev_oof,Clip-g,155,26,0,0,0,0
db15k_mhyper_native,D-N,dev_oof,Clip-g,156,31,0,0,0,0
db15k_mhyper_native,D-N,dev_oof,Clip-g,157,124,0,0,0,0
db15k_mhyper_native,D-N,dev_oof,Clip-g,158,1,404,404,404,404
db15k_mhyper_native,D-N,dev_oof,Clip-g,159,2,35,35,35,70
db15k_mhyper_native,D-N,dev_oof,Clip-g,160,3,6,6,6,18
db15k_mhyper_native,D-N,dev_oof,Clip-g,161,4,3,3,3,12
db15k_mhyper_native,D-N,dev_oof,Clip-g,162,5,0,0,0,0
db15k_mhyper_native,D-N,dev_oof,Clip-g,163,6,0,0,0,0
db15k_mhyper_native,D-N,dev_oof,Clip-g,164,7,0,0,0,0
db15k_mhyper_native,D-N,dev_oof,Clip-g,165,8,0,0,0,0
db15k_mhyper_native,D-N,dev_oof,Clip-g,166,20,0,0,0,0
db15k_mhyper_native,D-N,dev_oof,Clip-g,167,25,0,0,0,0
db15k_mhyper_native,D-N,dev_oof,Clip-g,168,27,0,0,0,0
db15k_mhyper_native,D-N,dev_oof,Clip-g,169,139,0,0,0,0
db15k_mhyper_native,D-N,dev_oof,Clip-g,170,1,351,351,351,351
db15k_mhyper_native,D-N,dev_oof,Clip-g,171,2,45,45,45,90
db15k_mhyper_native,D-N,dev_oof,Clip-g,172,3,1,1,1,3
db15k_mhyper_native,D-N,dev_oof,Clip-g,173,4,1,1,1,4
db15k_mhyper_native,D-N,dev_oof,Clip-g,174,5,0,0,0,0
db15k_mhyper_native,D-N,dev_oof,Clip-g,175,6,0,0,0,0
db15k_mhyper_native,D-N,dev_oof,Clip-g,176,7,0,0,0,0
db15k_mhyper_native,D-N,dev_oof,Clip-g,177,9,0,0,0,0
db15k_mhyper_native,D-N,dev_oof,Clip-g,178,11,0,0,0,0
db15k_mhyper_native,D-N,dev_oof,Clip-g,179,18,0,0,0,0
db15k_mhyper_native,D-N,dev_oof,Clip-g,180,23,0,0,0,0
db15k_mhyper_native,D-N,dev_oof,Clip-g,181,31,0,0,0,0
db15k_mhyper_native,D-N,dev_oof,Clip-g,182,127,0,0,0,0
db15k_mhyper_native,D-N,dev_oof,Shrink-fixed,0,1,636,1300,636,636
db15k_mhyper_native,D-N,dev_oof,Shrink-fixed,1,2,67,69,67,134
db15k_mhyper_native,D-N,dev_oof,Shrink-fixed,2,3,8,8,8,24
db15k_mhyper_native,D-N,dev_oof,Shrink-fixed,3,4,3,3,3,12
db15k_mhyper_native,D-N,dev_oof,Shrink-fixed,4,5,2,2,2,10
db15k_mhyper_native,D-N,dev_oof,Shrink-fixed,5,6,0,0,0,0
db15k_mhyper_native,D-N,dev_oof,Shrink-fixed,6,7,0,0,0,0
db15k_mhyper_native,D-N,dev_oof,Shrink-fixed,7,8,0,0,0,0
db15k_mhyper_native,D-N,dev_oof,Shrink-fixed,8,11,0,0,0,0
db15k_mhyper_native,D-N,dev_oof,Shrink-fixed,9,20,0,2,0,0
db15k_mhyper_native,D-N,dev_oof,Shrink-fixed,10,26,0,1,0,0
db15k_mhyper_native,D-N,dev_oof,Shrink-fixed,11,138,0,1,0,0
db15k_mhyper_native,D-N,dev_oof,Shrink-fixed,12,1,190,310,190,190
db15k_mhyper_native,D-N,dev_oof,Shrink-fixed,13,2,11,11,11,22
db15k_mhyper_native,D-N,dev_oof,Shrink-fixed,14,3,1,1,1,3
db15k_mhyper_native,D-N,dev_oof,Shrink-fixed,15,4,0,0,0,0
db15k_mhyper_native,D-N,dev_oof,Shrink-fixed,16,5,0,0,0,0
db15k_mhyper_native,D-N,dev_oof,Shrink-fixed,17,6,0,0,0,0
db15k_mhyper_native,D-N,dev_oof,Shrink-fixed,18,7,0,0,0,0
db15k_mhyper_native,D-N,dev_oof,Shrink-fixed,19,9,0,0,0,0
db15k_mhyper_native,D-N,dev_oof,Shrink-fixed,20,21,0,0,0,0
db15k_mhyper_native,D-N,dev_oof,Shrink-fixed,21,27,0,0,0,0
db15k_mhyper_native,D-N,dev_oof,Shrink-fixed,22,132,0,1,0,0
db15k_mhyper_native,D-N,dev_oof,Shrink-fixed,23,1,7,29,7,7
db15k_mhyper_native,D-N,dev_oof,Shrink-fixed,24,2,1,2,1,2
db15k_mhyper_native,D-N,dev_oof,Shrink-fixed,25,3,0,0,0,0
db15k_mhyper_native,D-N,dev_oof,Shrink-fixed,26,4,0,0,0,0
db15k_mhyper_native,D-N,dev_oof,Shrink-fixed,27,5,0,0,0,0
db15k_mhyper_native,D-N,dev_oof,Shrink-fixed,28,6,0,0,0,0
db15k_mhyper_native,D-N,dev_oof,Shrink-fixed,29,7,0,0,0,0
db15k_mhyper_native,D-N,dev_oof,Shrink-fixed,30,8,0,0,0,0
db15k_mhyper_native,D-N,dev_oof,Shrink-fixed,31,9,0,0,0,0
db15k_mhyper_native,D-N,dev_oof,Shrink-fixed,32,20,0,0,0,0
db15k_mhyper_native,D-N,dev_oof,Shrink-fixed,33,26,0,0,0,0
db15k_mhyper_native,D-N,dev_oof,Shrink-fixed,34,31,0,0,0,0
db15k_mhyper_native,D-N,dev_oof,Shrink-fixed,35,124,0,1,0,0
db15k_mhyper_native,D-N,dev_oof,Shrink-fixed,36,1,169,336,169,169
db15k_mhyper_native,D-N,dev_oof,Shrink-fixed,37,2,12,14,12,24
db15k_mhyper_native,D-N,dev_oof,Shrink-fixed,38,3,0,0,0,0
db15k_mhyper_native,D-N,dev_oof,Shrink-fixed,39,4,0,0,0,0
db15k_mhyper_native,D-N,dev_oof,Shrink-fixed,40,5,0,0,0,0
db15k_mhyper_native,D-N,dev_oof,Shrink-fixed,41,6,0,0,0,0
db15k_mhyper_native,D-N,dev_oof,Shrink-fixed,42,7,0,0,0,0
db15k_mhyper_native,D-N,dev_oof,Shrink-fixed,43,8,0,0,0,0
db15k_mhyper_native,D-N,dev_oof,Shrink-fixed,44,20,0,0,0,0
db15k_mhyper_native,D-N,dev_oof,Shrink-fixed,45,25,0,0,0,0
db15k_mhyper_native,D-N,dev_oof,Shrink-fixed,46,27,0,0,0,0
db15k_mhyper_native,D-N,dev_oof,Shrink-fixed,47,139,0,1,0,0
db15k_mhyper_native,D-N,dev_oof,Shrink-fixed,48,1,149,301,149,149
db15k_mhyper_native,D-N,dev_oof,Shrink-fixed,49,2,19,20,19,38
db15k_mhyper_native,D-N,dev_oof,Shrink-fixed,50,3,0,0,0,0
db15k_mhyper_native,D-N,dev_oof,Shrink-fixed,51,4,1,1,1,4
db15k_mhyper_native,D-N,dev_oof,Shrink-fixed,52,5,0,0,0,0
db15k_mhyper_native,D-N,dev_oof,Shrink-fixed,53,6,0,0,0,0
db15k_mhyper_native,D-N,dev_oof,Shrink-fixed,54,7,0,0,0,0
db15k_mhyper_native,D-N,dev_oof,Shrink-fixed,55,9,0,0,0,0
db15k_mhyper_native,D-N,dev_oof,Shrink-fixed,56,11,0,0,0,0
db15k_mhyper_native,D-N,dev_oof,Shrink-fixed,57,18,0,0,0,0
db15k_mhyper_native,D-N,dev_oof,Shrink-fixed,58,23,0,0,0,0
db15k_mhyper_native,D-N,dev_oof,Shrink-fixed,59,31,0,0,0,0
db15k_mhyper_native,D-N,dev_oof,Shrink-fixed,60,127,0,1,0,0
db15k_mhyper_native,D-N,dev_oof,Shrink-fixed,61,1,463,1492,463,463
db15k_mhyper_native,D-N,dev_oof,Shrink-fixed,62,2,55,59,55,110
db15k_mhyper_native,D-N,dev_oof,Shrink-fixed,63,3,1,1,1,3
db15k_mhyper_native,D-N,dev_oof,Shrink-fixed,64,4,2,3,2,8
db15k_mhyper_native,D-N,dev_oof,Shrink-fixed,65,5,0,0,0,0
db15k_mhyper_native,D-N,dev_oof,Shrink-fixed,66,6,0,0,0,0
db15k_mhyper_native,D-N,dev_oof,Shrink-fixed,67,7,0,1,0,0
db15k_mhyper_native,D-N,dev_oof,Shrink-fixed,68,8,0,0,0,0
db15k_mhyper_native,D-N,dev_oof,Shrink-fixed,69,11,0,0,0,0
db15k_mhyper_native,D-N,dev_oof,Shrink-fixed,70,20,0,2,0,0
db15k_mhyper_native,D-N,dev_oof,Shrink-fixed,71,26,0,1,0,0
db15k_mhyper_native,D-N,dev_oof,Shrink-fixed,72,138,0,1,0,0
db15k_mhyper_native,D-N,dev_oof,Shrink-fixed,73,1,77,370,77,77
db15k_mhyper_native,D-N,dev_oof,Shrink-fixed,74,2,6,7,6,12
db15k_mhyper_native,D-N,dev_oof,Shrink-fixed,75,3,0,0,0,0
db15k_mhyper_native,D-N,dev_oof,Shrink-fixed,76,4,0,0,0,0
db15k_mhyper_native,D-N,dev_oof,Shrink-fixed,77,5,0,0,0,0
db15k_mhyper_native,D-N,dev_oof,Shrink-fixed,78,6,0,0,0,0
db15k_mhyper_native,D-N,dev_oof,Shrink-fixed,79,7,0,0,0,0
db15k_mhyper_native,D-N,dev_oof,Shrink-fixed,80,9,0,0,0,0
db15k_mhyper_native,D-N,dev_oof,Shrink-fixed,81,21,0,1,0,0
db15k_mhyper_native,D-N,dev_oof,Shrink-fixed,82,27,0,0,0,0
db15k_mhyper_native,D-N,dev_oof,Shrink-fixed,83,132,0,1,0,0
db15k_mhyper_native,D-N,dev_oof,Shrink-fixed,84,1,2,71,2,2
db15k_mhyper_native,D-N,dev_oof,Shrink-fixed,85,2,0,1,0,0
db15k_mhyper_native,D-N,dev_oof,Shrink-fixed,86,3,1,1,1,3
db15k_mhyper_native,D-N,dev_oof,Shrink-fixed,87,4,0,0,0,0
db15k_mhyper_native,D-N,dev_oof,Shrink-fixed,88,5,0,0,0,0
db15k_mhyper_native,D-N,dev_oof,Shrink-fixed,89,6,0,0,0,0
db15k_mhyper_native,D-N,dev_oof,Shrink-fixed,90,7,0,0,0,0
db15k_mhyper_native,D-N,dev_oof,Shrink-fixed,91,8,0,0,0,0
db15k_mhyper_native,D-N,dev_oof,Shrink-fixed,92,9,0,0,0,0
db15k_mhyper_native,D-N,dev_oof,Shrink-fixed,93,20,0,0,0,0
db15k_mhyper_native,D-N,dev_oof,Shrink-fixed,94,26,0,0,0,0
db15k_mhyper_native,D-N,dev_oof,Shrink-fixed,95,31,0,0,0,0
db15k_mhyper_native,D-N,dev_oof,Shrink-fixed,96,124,0,1,0,0
db15k_mhyper_native,D-N,dev_oof,Shrink-fixed,97,1,47,406,47,47
db15k_mhyper_native,D-N,dev_oof,Shrink-fixed,98,2,4,8,4,8
db15k_mhyper_native,D-N,dev_oof,Shrink-fixed,99,3,0,0,0,0
db15k_mhyper_native,D-N,dev_oof,Shrink-fixed,100,4,0,0,0,0
db15k_mhyper_native,D-N,dev_oof,Shrink-fixed,101,5,0,0,0,0
db15k_mhyper_native,D-N,dev_oof,Shrink-fixed,102,6,0,0,0,0
db15k_mhyper_native,D-N,dev_oof,Shrink-fixed,103,7,0,0,0,0
db15k_mhyper_native,D-N,dev_oof,Shrink-fixed,104,8,0,0,0,0
db15k_mhyper_native,D-N,dev_oof,Shrink-fixed,105,20,0,0,0,0
db15k_mhyper_native,D-N,dev_oof,Shrink-fixed,106,25,0,0,0,0
db15k_mhyper_native,D-N,dev_oof,Shrink-fixed,107,27,0,1,0,0
db15k_mhyper_native,D-N,dev_oof,Shrink-fixed,108,139,0,1,0,0
db15k_mhyper_native,D-N,dev_oof,Shrink-fixed,109,1,45,383,45,45
db15k_mhyper_native,D-N,dev_oof,Shrink-fixed,110,2,5,6,5,10
db15k_mhyper_native,D-N,dev_oof,Shrink-fixed,111,3,0,0,0,0
db15k_mhyper_native,D-N,dev_oof,Shrink-fixed,112,4,1,1,1,4
db15k_mhyper_native,D-N,dev_oof,Shrink-fixed,113,5,0,0,0,0
db15k_mhyper_native,D-N,dev_oof,Shrink-fixed,114,6,0,0,0,0
db15k_mhyper_native,D-N,dev_oof,Shrink-fixed,115,7,0,0,0,0
db15k_mhyper_native,D-N,dev_oof,Shrink-fixed,116,9,0,0,0,0
db15k_mhyper_native,D-N,dev_oof,Shrink-fixed,117,11,0,0,0,0
db15k_mhyper_native,D-N,dev_oof,Shrink-fixed,118,18,0,0,0,0
db15k_mhyper_native,D-N,dev_oof,Shrink-fixed,119,23,0,1,0,0
db15k_mhyper_native,D-N,dev_oof,Shrink-fixed,120,31,0,0,0,0
db15k_mhyper_native,D-N,dev_oof,Shrink-fixed,121,127,0,1,0,0
db15k_mhyper_native,D-N,dev_oof,Shrink-fixed,122,1,841,1284,841,841
db15k_mhyper_native,D-N,dev_oof,Shrink-fixed,123,2,86,89,86,172
db15k_mhyper_native,D-N,dev_oof,Shrink-fixed,124,3,14,14,14,42
db15k_mhyper_native,D-N,dev_oof,Shrink-fixed,125,4,6,6,6,24
db15k_mhyper_native,D-N,dev_oof,Shrink-fixed,126,5,4,4,4,20
db15k_mhyper_native,D-N,dev_oof,Shrink-fixed,127,6,1,1,1,6
db15k_mhyper_native,D-N,dev_oof,Shrink-fixed,128,7,0,0,0,0
db15k_mhyper_native,D-N,dev_oof,Shrink-fixed,129,8,1,1,1,8
db15k_mhyper_native,D-N,dev_oof,Shrink-fixed,130,11,0,0,0,0
db15k_mhyper_native,D-N,dev_oof,Shrink-fixed,131,20,0,1,0,0
db15k_mhyper_native,D-N,dev_oof,Shrink-fixed,132,26,0,0,0,0
db15k_mhyper_native,D-N,dev_oof,Shrink-fixed,133,138,0,1,0,0
db15k_mhyper_native,D-N,dev_oof,Shrink-fixed,134,1,383,482,383,383
db15k_mhyper_native,D-N,dev_oof,Shrink-fixed,135,2,37,37,37,74
db15k_mhyper_native,D-N,dev_oof,Shrink-fixed,136,3,6,6,6,18
db15k_mhyper_native,D-N,dev_oof,Shrink-fixed,137,4,1,1,1,4
db15k_mhyper_native,D-N,dev_oof,Shrink-fixed,138,5,0,0,0,0
db15k_mhyper_native,D-N,dev_oof,Shrink-fixed,139,6,0,0,0,0
db15k_mhyper_native,D-N,dev_oof,Shrink-fixed,140,7,0,0,0,0
db15k_mhyper_native,D-N,dev_oof,Shrink-fixed,141,9,0,0,0,0
db15k_mhyper_native,D-N,dev_oof,Shrink-fixed,142,21,0,0,0,0
db15k_mhyper_native,D-N,dev_oof,Shrink-fixed,143,27,0,0,0,0
db15k_mhyper_native,D-N,dev_oof,Shrink-fixed,144,132,0,1,0,0
db15k_mhyper_native,D-N,dev_oof,Shrink-fixed,145,1,37,48,37,37
db15k_mhyper_native,D-N,dev_oof,Shrink-fixed,146,2,2,3,2,4
db15k_mhyper_native,D-N,dev_oof,Shrink-fixed,147,3,2,2,2,6
db15k_mhyper_native,D-N,dev_oof,Shrink-fixed,148,4,0,0,0,0
db15k_mhyper_native,D-N,dev_oof,Shrink-fixed,149,5,0,0,0,0
db15k_mhyper_native,D-N,dev_oof,Shrink-fixed,150,6,0,0,0,0
db15k_mhyper_native,D-N,dev_oof,Shrink-fixed,151,7,0,0,0,0
db15k_mhyper_native,D-N,dev_oof,Shrink-fixed,152,8,0,0,0,0
db15k_mhyper_native,D-N,dev_oof,Shrink-fixed,153,9,0,0,0,0
db15k_mhyper_native,D-N,dev_oof,Shrink-fixed,154,20,0,0,0,0
db15k_mhyper_native,D-N,dev_oof,Shrink-fixed,155,26,0,0,0,0
db15k_mhyper_native,D-N,dev_oof,Shrink-fixed,156,31,0,0,0,0
db15k_mhyper_native,D-N,dev_oof,Shrink-fixed,157,124,0,1,0,0
db15k_mhyper_native,D-N,dev_oof,Shrink-fixed,158,1,404,514,404,404
db15k_mhyper_native,D-N,dev_oof,Shrink-fixed,159,2,35,37,35,70
db15k_mhyper_native,D-N,dev_oof,Shrink-fixed,160,3,6,6,6,18
db15k_mhyper_native,D-N,dev_oof,Shrink-fixed,161,4,3,3,3,12
db15k_mhyper_native,D-N,dev_oof,Shrink-fixed,162,5,0,0,0,0
db15k_mhyper_native,D-N,dev_oof,Shrink-fixed,163,6,0,0,0,0
db15k_mhyper_native,D-N,dev_oof,Shrink-fixed,164,7,0,0,0,0
db15k_mhyper_native,D-N,dev_oof,Shrink-fixed,165,8,0,0,0,0
db15k_mhyper_native,D-N,dev_oof,Shrink-fixed,166,20,0,0,0,0
db15k_mhyper_native,D-N,dev_oof,Shrink-fixed,167,25,0,0,0,0
db15k_mhyper_native,D-N,dev_oof,Shrink-fixed,168,27,0,0,0,0
db15k_mhyper_native,D-N,dev_oof,Shrink-fixed,169,139,0,1,0,0
db15k_mhyper_native,D-N,dev_oof,Shrink-fixed,170,1,351,462,351,351
db15k_mhyper_native,D-N,dev_oof,Shrink-fixed,171,2,45,47,45,90
db15k_mhyper_native,D-N,dev_oof,Shrink-fixed,172,3,1,1,1,3
db15k_mhyper_native,D-N,dev_oof,Shrink-fixed,173,4,1,1,1,4
db15k_mhyper_native,D-N,dev_oof,Shrink-fixed,174,5,0,0,0,0
db15k_mhyper_native,D-N,dev_oof,Shrink-fixed,175,6,0,0,0,0
db15k_mhyper_native,D-N,dev_oof,Shrink-fixed,176,7,0,0,0,0
db15k_mhyper_native,D-N,dev_oof,Shrink-fixed,177,9,0,0,0,0
db15k_mhyper_native,D-N,dev_oof,Shrink-fixed,178,11,0,0,0,0
db15k_mhyper_native,D-N,dev_oof,Shrink-fixed,179,18,0,0,0,0
db15k_mhyper_native,D-N,dev_oof,Shrink-fixed,180,23,0,0,0,0
db15k_mhyper_native,D-N,dev_oof,Shrink-fixed,181,31,0,0,0,0
db15k_mhyper_native,D-N,dev_oof,Shrink-fixed,182,127,0,1,0,0
db15k_mhyper_native,D-N,dev_oof,Radius-1,0,1,636,636,636,636
db15k_mhyper_native,D-N,dev_oof,Radius-1,1,2,67,67,67,134
db15k_mhyper_native,D-N,dev_oof,Radius-1,2,3,8,8,8,24
db15k_mhyper_native,D-N,dev_oof,Radius-1,3,4,3,3,3,12
db15k_mhyper_native,D-N,dev_oof,Radius-1,4,5,2,2,2,10
db15k_mhyper_native,D-N,dev_oof,Radius-1,5,6,0,0,0,0
db15k_mhyper_native,D-N,dev_oof,Radius-1,6,7,0,0,0,0
db15k_mhyper_native,D-N,dev_oof,Radius-1,7,8,0,0,0,0
db15k_mhyper_native,D-N,dev_oof,Radius-1,8,11,0,0,0,0
db15k_mhyper_native,D-N,dev_oof,Radius-1,9,20,0,0,0,0
db15k_mhyper_native,D-N,dev_oof,Radius-1,10,26,0,0,0,0
db15k_mhyper_native,D-N,dev_oof,Radius-1,11,138,0,0,0,0
db15k_mhyper_native,D-N,dev_oof,Radius-1,12,1,190,190,190,190
db15k_mhyper_native,D-N,dev_oof,Radius-1,13,2,11,11,11,22
db15k_mhyper_native,D-N,dev_oof,Radius-1,14,3,1,1,1,3
db15k_mhyper_native,D-N,dev_oof,Radius-1,15,4,0,0,0,0
db15k_mhyper_native,D-N,dev_oof,Radius-1,16,5,0,0,0,0
db15k_mhyper_native,D-N,dev_oof,Radius-1,17,6,0,0,0,0
db15k_mhyper_native,D-N,dev_oof,Radius-1,18,7,0,0,0,0
db15k_mhyper_native,D-N,dev_oof,Radius-1,19,9,0,0,0,0
db15k_mhyper_native,D-N,dev_oof,Radius-1,20,21,0,0,0,0
db15k_mhyper_native,D-N,dev_oof,Radius-1,21,27,0,0,0,0
db15k_mhyper_native,D-N,dev_oof,Radius-1,22,132,0,0,0,0
db15k_mhyper_native,D-N,dev_oof,Radius-1,23,1,7,7,7,7
db15k_mhyper_native,D-N,dev_oof,Radius-1,24,2,1,1,1,2
db15k_mhyper_native,D-N,dev_oof,Radius-1,25,3,0,0,0,0
db15k_mhyper_native,D-N,dev_oof,Radius-1,26,4,0,0,0,0
db15k_mhyper_native,D-N,dev_oof,Radius-1,27,5,0,0,0,0
db15k_mhyper_native,D-N,dev_oof,Radius-1,28,6,0,0,0,0
db15k_mhyper_native,D-N,dev_oof,Radius-1,29,7,0,0,0,0
db15k_mhyper_native,D-N,dev_oof,Radius-1,30,8,0,0,0,0
db15k_mhyper_native,D-N,dev_oof,Radius-1,31,9,0,0,0,0
db15k_mhyper_native,D-N,dev_oof,Radius-1,32,20,0,0,0,0
db15k_mhyper_native,D-N,dev_oof,Radius-1,33,26,0,0,0,0
db15k_mhyper_native,D-N,dev_oof,Radius-1,34,31,0,0,0,0
db15k_mhyper_native,D-N,dev_oof,Radius-1,35,124,0,0,0,0
db15k_mhyper_native,D-N,dev_oof,Radius-1,36,1,169,169,169,169
db15k_mhyper_native,D-N,dev_oof,Radius-1,37,2,12,12,12,24
db15k_mhyper_native,D-N,dev_oof,Radius-1,38,3,0,0,0,0
db15k_mhyper_native,D-N,dev_oof,Radius-1,39,4,0,0,0,0
db15k_mhyper_native,D-N,dev_oof,Radius-1,40,5,0,0,0,0
db15k_mhyper_native,D-N,dev_oof,Radius-1,41,6,0,0,0,0
db15k_mhyper_native,D-N,dev_oof,Radius-1,42,7,0,0,0,0
db15k_mhyper_native,D-N,dev_oof,Radius-1,43,8,0,0,0,0
db15k_mhyper_native,D-N,dev_oof,Radius-1,44,20,0,0,0,0
db15k_mhyper_native,D-N,dev_oof,Radius-1,45,25,0,0,0,0
db15k_mhyper_native,D-N,dev_oof,Radius-1,46,27,0,0,0,0
db15k_mhyper_native,D-N,dev_oof,Radius-1,47,139,0,0,0,0
db15k_mhyper_native,D-N,dev_oof,Radius-1,48,1,149,149,149,149
db15k_mhyper_native,D-N,dev_oof,Radius-1,49,2,19,19,19,38
db15k_mhyper_native,D-N,dev_oof,Radius-1,50,3,0,0,0,0
db15k_mhyper_native,D-N,dev_oof,Radius-1,51,4,1,1,1,4
db15k_mhyper_native,D-N,dev_oof,Radius-1,52,5,0,0,0,0
db15k_mhyper_native,D-N,dev_oof,Radius-1,53,6,0,0,0,0
db15k_mhyper_native,D-N,dev_oof,Radius-1,54,7,0,0,0,0
db15k_mhyper_native,D-N,dev_oof,Radius-1,55,9,0,0,0,0
db15k_mhyper_native,D-N,dev_oof,Radius-1,56,11,0,0,0,0
db15k_mhyper_native,D-N,dev_oof,Radius-1,57,18,0,0,0,0
db15k_mhyper_native,D-N,dev_oof,Radius-1,58,23,0,0,0,0
db15k_mhyper_native,D-N,dev_oof,Radius-1,59,31,0,0,0,0
db15k_mhyper_native,D-N,dev_oof,Radius-1,60,127,0,0,0,0
db15k_mhyper_native,D-N,dev_oof,Radius-1,61,1,463,463,463,463
db15k_mhyper_native,D-N,dev_oof,Radius-1,62,2,55,55,55,110
db15k_mhyper_native,D-N,dev_oof,Radius-1,63,3,1,1,1,3
db15k_mhyper_native,D-N,dev_oof,Radius-1,64,4,2,2,2,8
db15k_mhyper_native,D-N,dev_oof,Radius-1,65,5,0,0,0,0
db15k_mhyper_native,D-N,dev_oof,Radius-1,66,6,0,0,0,0
db15k_mhyper_native,D-N,dev_oof,Radius-1,67,7,0,0,0,0
db15k_mhyper_native,D-N,dev_oof,Radius-1,68,8,0,0,0,0
db15k_mhyper_native,D-N,dev_oof,Radius-1,69,11,0,0,0,0
db15k_mhyper_native,D-N,dev_oof,Radius-1,70,20,0,0,0,0
db15k_mhyper_native,D-N,dev_oof,Radius-1,71,26,0,0,0,0
db15k_mhyper_native,D-N,dev_oof,Radius-1,72,138,0,0,0,0
db15k_mhyper_native,D-N,dev_oof,Radius-1,73,1,77,77,77,77
db15k_mhyper_native,D-N,dev_oof,Radius-1,74,2,6,6,6,12
db15k_mhyper_native,D-N,dev_oof,Radius-1,75,3,0,0,0,0
db15k_mhyper_native,D-N,dev_oof,Radius-1,76,4,0,0,0,0
db15k_mhyper_native,D-N,dev_oof,Radius-1,77,5,0,0,0,0
db15k_mhyper_native,D-N,dev_oof,Radius-1,78,6,0,0,0,0
db15k_mhyper_native,D-N,dev_oof,Radius-1,79,7,0,0,0,0
db15k_mhyper_native,D-N,dev_oof,Radius-1,80,9,0,0,0,0
db15k_mhyper_native,D-N,dev_oof,Radius-1,81,21,0,0,0,0
db15k_mhyper_native,D-N,dev_oof,Radius-1,82,27,0,0,0,0
db15k_mhyper_native,D-N,dev_oof,Radius-1,83,132,0,0,0,0
db15k_mhyper_native,D-N,dev_oof,Radius-1,84,1,2,2,2,2
db15k_mhyper_native,D-N,dev_oof,Radius-1,85,2,0,0,0,0
db15k_mhyper_native,D-N,dev_oof,Radius-1,86,3,1,1,1,3
db15k_mhyper_native,D-N,dev_oof,Radius-1,87,4,0,0,0,0
db15k_mhyper_native,D-N,dev_oof,Radius-1,88,5,0,0,0,0
db15k_mhyper_native,D-N,dev_oof,Radius-1,89,6,0,0,0,0
db15k_mhyper_native,D-N,dev_oof,Radius-1,90,7,0,0,0,0
db15k_mhyper_native,D-N,dev_oof,Radius-1,91,8,0,0,0,0
db15k_mhyper_native,D-N,dev_oof,Radius-1,92,9,0,0,0,0
db15k_mhyper_native,D-N,dev_oof,Radius-1,93,20,0,0,0,0
db15k_mhyper_native,D-N,dev_oof,Radius-1,94,26,0,0,0,0
db15k_mhyper_native,D-N,dev_oof,Radius-1,95,31,0,0,0,0
db15k_mhyper_native,D-N,dev_oof,Radius-1,96,124,0,0,0,0
db15k_mhyper_native,D-N,dev_oof,Radius-1,97,1,47,47,47,47
db15k_mhyper_native,D-N,dev_oof,Radius-1,98,2,4,4,4,8
db15k_mhyper_native,D-N,dev_oof,Radius-1,99,3,0,0,0,0
db15k_mhyper_native,D-N,dev_oof,Radius-1,100,4,0,0,0,0
db15k_mhyper_native,D-N,dev_oof,Radius-1,101,5,0,0,0,0
db15k_mhyper_native,D-N,dev_oof,Radius-1,102,6,0,0,0,0
db15k_mhyper_native,D-N,dev_oof,Radius-1,103,7,0,0,0,0
db15k_mhyper_native,D-N,dev_oof,Radius-1,104,8,0,0,0,0
db15k_mhyper_native,D-N,dev_oof,Radius-1,105,20,0,0,0,0
db15k_mhyper_native,D-N,dev_oof,Radius-1,106,25,0,0,0,0
db15k_mhyper_native,D-N,dev_oof,Radius-1,107,27,0,0,0,0
db15k_mhyper_native,D-N,dev_oof,Radius-1,108,139,0,0,0,0
db15k_mhyper_native,D-N,dev_oof,Radius-1,109,1,45,45,45,45
db15k_mhyper_native,D-N,dev_oof,Radius-1,110,2,5,5,5,10
db15k_mhyper_native,D-N,dev_oof,Radius-1,111,3,0,0,0,0
db15k_mhyper_native,D-N,dev_oof,Radius-1,112,4,1,1,1,4
db15k_mhyper_native,D-N,dev_oof,Radius-1,113,5,0,0,0,0
db15k_mhyper_native,D-N,dev_oof,Radius-1,114,6,0,0,0,0
db15k_mhyper_native,D-N,dev_oof,Radius-1,115,7,0,0,0,0
db15k_mhyper_native,D-N,dev_oof,Radius-1,116,9,0,0,0,0
db15k_mhyper_native,D-N,dev_oof,Radius-1,117,11,0,0,0,0
db15k_mhyper_native,D-N,dev_oof,Radius-1,118,18,0,0,0,0
db15k_mhyper_native,D-N,dev_oof,Radius-1,119,23,0,0,0,0
db15k_mhyper_native,D-N,dev_oof,Radius-1,120,31,0,0,0,0
db15k_mhyper_native,D-N,dev_oof,Radius-1,121,127,0,0,0,0
db15k_mhyper_native,D-N,dev_oof,Radius-1,122,1,841,841,841,841
db15k_mhyper_native,D-N,dev_oof,Radius-1,123,2,86,86,86,172
db15k_mhyper_native,D-N,dev_oof,Radius-1,124,3,14,14,14,42
db15k_mhyper_native,D-N,dev_oof,Radius-1,125,4,6,6,6,24
db15k_mhyper_native,D-N,dev_oof,Radius-1,126,5,4,4,4,20
db15k_mhyper_native,D-N,dev_oof,Radius-1,127,6,1,1,1,6
db15k_mhyper_native,D-N,dev_oof,Radius-1,128,7,0,0,0,0
db15k_mhyper_native,D-N,dev_oof,Radius-1,129,8,1,1,1,8
db15k_mhyper_native,D-N,dev_oof,Radius-1,130,11,0,0,0,0
db15k_mhyper_native,D-N,dev_oof,Radius-1,131,20,0,0,0,0
db15k_mhyper_native,D-N,dev_oof,Radius-1,132,26,0,0,0,0
db15k_mhyper_native,D-N,dev_oof,Radius-1,133,138,0,0,0,0
db15k_mhyper_native,D-N,dev_oof,Radius-1,134,1,383,383,383,383
db15k_mhyper_native,D-N,dev_oof,Radius-1,135,2,37,37,37,74
db15k_mhyper_native,D-N,dev_oof,Radius-1,136,3,6,6,6,18
db15k_mhyper_native,D-N,dev_oof,Radius-1,137,4,1,1,1,4
db15k_mhyper_native,D-N,dev_oof,Radius-1,138,5,0,0,0,0
db15k_mhyper_native,D-N,dev_oof,Radius-1,139,6,0,0,0,0
db15k_mhyper_native,D-N,dev_oof,Radius-1,140,7,0,0,0,0
db15k_mhyper_native,D-N,dev_oof,Radius-1,141,9,0,0,0,0
db15k_mhyper_native,D-N,dev_oof,Radius-1,142,21,0,0,0,0
db15k_mhyper_native,D-N,dev_oof,Radius-1,143,27,0,0,0,0
db15k_mhyper_native,D-N,dev_oof,Radius-1,144,132,0,0,0,0
db15k_mhyper_native,D-N,dev_oof,Radius-1,145,1,37,37,37,37
db15k_mhyper_native,D-N,dev_oof,Radius-1,146,2,2,2,2,4
db15k_mhyper_native,D-N,dev_oof,Radius-1,147,3,2,2,2,6
db15k_mhyper_native,D-N,dev_oof,Radius-1,148,4,0,0,0,0
db15k_mhyper_native,D-N,dev_oof,Radius-1,149,5,0,0,0,0
db15k_mhyper_native,D-N,dev_oof,Radius-1,150,6,0,0,0,0
db15k_mhyper_native,D-N,dev_oof,Radius-1,151,7,0,0,0,0
db15k_mhyper_native,D-N,dev_oof,Radius-1,152,8,0,0,0,0
db15k_mhyper_native,D-N,dev_oof,Radius-1,153,9,0,0,0,0
db15k_mhyper_native,D-N,dev_oof,Radius-1,154,20,0,0,0,0
db15k_mhyper_native,D-N,dev_oof,Radius-1,155,26,0,0,0,0
db15k_mhyper_native,D-N,dev_oof,Radius-1,156,31,0,0,0,0
db15k_mhyper_native,D-N,dev_oof,Radius-1,157,124,0,0,0,0
db15k_mhyper_native,D-N,dev_oof,Radius-1,158,1,404,404,404,404
db15k_mhyper_native,D-N,dev_oof,Radius-1,159,2,35,35,35,70
db15k_mhyper_native,D-N,dev_oof,Radius-1,160,3,6,6,6,18
db15k_mhyper_native,D-N,dev_oof,Radius-1,161,4,3,3,3,12
db15k_mhyper_native,D-N,dev_oof,Radius-1,162,5,0,0,0,0
db15k_mhyper_native,D-N,dev_oof,Radius-1,163,6,0,0,0,0
db15k_mhyper_native,D-N,dev_oof,Radius-1,164,7,0,0,0,0
db15k_mhyper_native,D-N,dev_oof,Radius-1,165,8,0,0,0,0
db15k_mhyper_native,D-N,dev_oof,Radius-1,166,20,0,0,0,0
db15k_mhyper_native,D-N,dev_oof,Radius-1,167,25,0,0,0,0
db15k_mhyper_native,D-N,dev_oof,Radius-1,168,27,0,0,0,0
db15k_mhyper_native,D-N,dev_oof,Radius-1,169,139,0,0,0,0
db15k_mhyper_native,D-N,dev_oof,Radius-1,170,1,351,351,351,351
db15k_mhyper_native,D-N,dev_oof,Radius-1,171,2,45,45,45,90
db15k_mhyper_native,D-N,dev_oof,Radius-1,172,3,1,1,1,3
db15k_mhyper_native,D-N,dev_oof,Radius-1,173,4,1,1,1,4
db15k_mhyper_native,D-N,dev_oof,Radius-1,174,5,0,0,0,0
db15k_mhyper_native,D-N,dev_oof,Radius-1,175,6,0,0,0,0
db15k_mhyper_native,D-N,dev_oof,Radius-1,176,7,0,0,0,0
db15k_mhyper_native,D-N,dev_oof,Radius-1,177,9,0,0,0,0
db15k_mhyper_native,D-N,dev_oof,Radius-1,178,11,0,0,0,0
db15k_mhyper_native,D-N,dev_oof,Radius-1,179,18,0,0,0,0
db15k_mhyper_native,D-N,dev_oof,Radius-1,180,23,0,0,0,0
db15k_mhyper_native,D-N,dev_oof,Radius-1,181,31,0,0,0,0
db15k_mhyper_native,D-N,dev_oof,Radius-1,182,127,0,0,0,0
db15k_mhyper_native,D-N,dev_oof,No-gate,0,1,636,852,636,636
db15k_mhyper_native,D-N,dev_oof,No-gate,1,2,67,83,67,134
db15k_mhyper_native,D-N,dev_oof,No-gate,2,3,8,14,8,24
db15k_mhyper_native,D-N,dev_oof,No-gate,3,4,3,5,3,12
db15k_mhyper_native,D-N,dev_oof,No-gate,4,5,2,3,2,10
db15k_mhyper_native,D-N,dev_oof,No-gate,5,6,0,0,0,0
db15k_mhyper_native,D-N,dev_oof,No-gate,6,7,0,0,0,0
db15k_mhyper_native,D-N,dev_oof,No-gate,7,8,0,0,0,0
db15k_mhyper_native,D-N,dev_oof,No-gate,8,11,0,0,0,0
db15k_mhyper_native,D-N,dev_oof,No-gate,9,20,0,0,0,0
db15k_mhyper_native,D-N,dev_oof,No-gate,10,26,0,0,0,0
db15k_mhyper_native,D-N,dev_oof,No-gate,11,138,0,0,0,0
db15k_mhyper_native,D-N,dev_oof,No-gate,12,1,190,830,190,190
db15k_mhyper_native,D-N,dev_oof,No-gate,13,2,11,93,11,22
db15k_mhyper_native,D-N,dev_oof,No-gate,14,3,1,25,1,3
db15k_mhyper_native,D-N,dev_oof,No-gate,15,4,0,5,0,0
db15k_mhyper_native,D-N,dev_oof,No-gate,16,5,0,0,0,0
db15k_mhyper_native,D-N,dev_oof,No-gate,17,6,0,1,0,0
db15k_mhyper_native,D-N,dev_oof,No-gate,18,7,0,0,0,0
db15k_mhyper_native,D-N,dev_oof,No-gate,19,9,0,1,0,0
db15k_mhyper_native,D-N,dev_oof,No-gate,20,21,0,0,0,0
db15k_mhyper_native,D-N,dev_oof,No-gate,21,27,0,0,0,0
db15k_mhyper_native,D-N,dev_oof,No-gate,22,132,0,0,0,0
db15k_mhyper_native,D-N,dev_oof,No-gate,23,1,7,897,7,7
db15k_mhyper_native,D-N,dev_oof,No-gate,24,2,1,81,1,2
db15k_mhyper_native,D-N,dev_oof,No-gate,25,3,0,20,0,0
db15k_mhyper_native,D-N,dev_oof,No-gate,26,4,0,5,0,0
db15k_mhyper_native,D-N,dev_oof,No-gate,27,5,0,3,0,0
db15k_mhyper_native,D-N,dev_oof,No-gate,28,6,0,1,0,0
db15k_mhyper_native,D-N,dev_oof,No-gate,29,7,0,2,0,0
db15k_mhyper_native,D-N,dev_oof,No-gate,30,8,0,1,0,0
db15k_mhyper_native,D-N,dev_oof,No-gate,31,9,0,0,0,0
db15k_mhyper_native,D-N,dev_oof,No-gate,32,20,0,0,0,0
db15k_mhyper_native,D-N,dev_oof,No-gate,33,26,0,0,0,0
db15k_mhyper_native,D-N,dev_oof,No-gate,34,31,0,0,0,0
db15k_mhyper_native,D-N,dev_oof,No-gate,35,124,0,0,0,0
db15k_mhyper_native,D-N,dev_oof,No-gate,36,1,169,827,169,169
db15k_mhyper_native,D-N,dev_oof,No-gate,37,2,12,85,12,24
db15k_mhyper_native,D-N,dev_oof,No-gate,38,3,0,23,0,0
db15k_mhyper_native,D-N,dev_oof,No-gate,39,4,0,8,0,0
db15k_mhyper_native,D-N,dev_oof,No-gate,40,5,0,0,0,0
db15k_mhyper_native,D-N,dev_oof,No-gate,41,6,0,2,0,0
db15k_mhyper_native,D-N,dev_oof,No-gate,42,7,0,1,0,0
db15k_mhyper_native,D-N,dev_oof,No-gate,43,8,0,0,0,0
db15k_mhyper_native,D-N,dev_oof,No-gate,44,20,0,0,0,0
db15k_mhyper_native,D-N,dev_oof,No-gate,45,25,0,0,0,0
db15k_mhyper_native,D-N,dev_oof,No-gate,46,27,0,0,0,0
db15k_mhyper_native,D-N,dev_oof,No-gate,47,139,0,0,0,0
db15k_mhyper_native,D-N,dev_oof,No-gate,48,1,149,797,149,149
db15k_mhyper_native,D-N,dev_oof,No-gate,49,2,19,106,19,38
db15k_mhyper_native,D-N,dev_oof,No-gate,50,3,0,9,0,0
db15k_mhyper_native,D-N,dev_oof,No-gate,51,4,1,8,1,4
db15k_mhyper_native,D-N,dev_oof,No-gate,52,5,0,2,0,0
db15k_mhyper_native,D-N,dev_oof,No-gate,53,6,0,2,0,0
db15k_mhyper_native,D-N,dev_oof,No-gate,54,7,0,1,0,0
db15k_mhyper_native,D-N,dev_oof,No-gate,55,9,0,0,0,0
db15k_mhyper_native,D-N,dev_oof,No-gate,56,11,0,0,0,0
db15k_mhyper_native,D-N,dev_oof,No-gate,57,18,0,0,0,0
db15k_mhyper_native,D-N,dev_oof,No-gate,58,23,0,0,0,0
db15k_mhyper_native,D-N,dev_oof,No-gate,59,31,0,0,0,0
db15k_mhyper_native,D-N,dev_oof,No-gate,60,127,0,0,0,0
db15k_mhyper_native,D-N,dev_oof,No-gate,61,1,463,615,463,463
db15k_mhyper_native,D-N,dev_oof,No-gate,62,2,55,71,55,110
db15k_mhyper_native,D-N,dev_oof,No-gate,63,3,1,10,1,3
db15k_mhyper_native,D-N,dev_oof,No-gate,64,4,2,3,2,8
db15k_mhyper_native,D-N,dev_oof,No-gate,65,5,0,2,0,0
db15k_mhyper_native,D-N,dev_oof,No-gate,66,6,0,0,0,0
db15k_mhyper_native,D-N,dev_oof,No-gate,67,7,0,0,0,0
db15k_mhyper_native,D-N,dev_oof,No-gate,68,8,0,0,0,0
db15k_mhyper_native,D-N,dev_oof,No-gate,69,11,0,0,0,0
db15k_mhyper_native,D-N,dev_oof,No-gate,70,20,0,0,0,0
db15k_mhyper_native,D-N,dev_oof,No-gate,71,26,0,0,0,0
db15k_mhyper_native,D-N,dev_oof,No-gate,72,138,0,0,0,0
db15k_mhyper_native,D-N,dev_oof,No-gate,73,1,77,653,77,77
db15k_mhyper_native,D-N,dev_oof,No-gate,74,2,6,72,6,12
db15k_mhyper_native,D-N,dev_oof,No-gate,75,3,0,19,0,0
db15k_mhyper_native,D-N,dev_oof,No-gate,76,4,0,5,0,0
db15k_mhyper_native,D-N,dev_oof,No-gate,77,5,0,0,0,0
db15k_mhyper_native,D-N,dev_oof,No-gate,78,6,0,0,0,0
db15k_mhyper_native,D-N,dev_oof,No-gate,79,7,0,0,0,0
db15k_mhyper_native,D-N,dev_oof,No-gate,80,9,0,1,0,0
db15k_mhyper_native,D-N,dev_oof,No-gate,81,21,0,0,0,0
db15k_mhyper_native,D-N,dev_oof,No-gate,82,27,0,0,0,0
db15k_mhyper_native,D-N,dev_oof,No-gate,83,132,0,0,0,0
db15k_mhyper_native,D-N,dev_oof,No-gate,84,1,2,671,2,2
db15k_mhyper_native,D-N,dev_oof,No-gate,85,2,0,71,0,0
db15k_mhyper_native,D-N,dev_oof,No-gate,86,3,1,13,1,3
db15k_mhyper_native,D-N,dev_oof,No-gate,87,4,0,4,0,0
db15k_mhyper_native,D-N,dev_oof,No-gate,88,5,0,2,0,0
db15k_mhyper_native,D-N,dev_oof,No-gate,89,6,0,1,0,0
db15k_mhyper_native,D-N,dev_oof,No-gate,90,7,0,2,0,0
db15k_mhyper_native,D-N,dev_oof,No-gate,91,8,0,0,0,0
db15k_mhyper_native,D-N,dev_oof,No-gate,92,9,0,0,0,0
db15k_mhyper_native,D-N,dev_oof,No-gate,93,20,0,0,0,0
db15k_mhyper_native,D-N,dev_oof,No-gate,94,26,0,0,0,0
db15k_mhyper_native,D-N,dev_oof,No-gate,95,31,0,0,0,0
db15k_mhyper_native,D-N,dev_oof,No-gate,96,124,0,0,0,0
db15k_mhyper_native,D-N,dev_oof,No-gate,97,1,47,612,47,47
db15k_mhyper_native,D-N,dev_oof,No-gate,98,2,4,72,4,8
db15k_mhyper_native,D-N,dev_oof,No-gate,99,3,0,14,0,0
db15k_mhyper_native,D-N,dev_oof,No-gate,100,4,0,4,0,0
db15k_mhyper_native,D-N,dev_oof,No-gate,101,5,0,0,0,0
db15k_mhyper_native,D-N,dev_oof,No-gate,102,6,0,1,0,0
db15k_mhyper_native,D-N,dev_oof,No-gate,103,7,0,1,0,0
db15k_mhyper_native,D-N,dev_oof,No-gate,104,8,0,0,0,0
db15k_mhyper_native,D-N,dev_oof,No-gate,105,20,0,0,0,0
db15k_mhyper_native,D-N,dev_oof,No-gate,106,25,0,0,0,0
db15k_mhyper_native,D-N,dev_oof,No-gate,107,27,0,0,0,0
db15k_mhyper_native,D-N,dev_oof,No-gate,108,139,0,0,0,0
db15k_mhyper_native,D-N,dev_oof,No-gate,109,1,45,590,45,45
db15k_mhyper_native,D-N,dev_oof,No-gate,110,2,5,90,5,10
db15k_mhyper_native,D-N,dev_oof,No-gate,111,3,0,6,0,0
db15k_mhyper_native,D-N,dev_oof,No-gate,112,4,1,6,1,4
db15k_mhyper_native,D-N,dev_oof,No-gate,113,5,0,1,0,0
db15k_mhyper_native,D-N,dev_oof,No-gate,114,6,0,2,0,0
db15k_mhyper_native,D-N,dev_oof,No-gate,115,7,0,0,0,0
db15k_mhyper_native,D-N,dev_oof,No-gate,116,9,0,0,0,0
db15k_mhyper_native,D-N,dev_oof,No-gate,117,11,0,0,0,0
db15k_mhyper_native,D-N,dev_oof,No-gate,118,18,0,0,0,0
db15k_mhyper_native,D-N,dev_oof,No-gate,119,23,0,0,0,0
db15k_mhyper_native,D-N,dev_oof,No-gate,120,31,0,0,0,0
db15k_mhyper_native,D-N,dev_oof,No-gate,121,127,0,0,0,0
db15k_mhyper_native,D-N,dev_oof,No-gate,122,1,841,1024,841,841
db15k_mhyper_native,D-N,dev_oof,No-gate,123,2,86,91,86,172
db15k_mhyper_native,D-N,dev_oof,No-gate,124,3,14,15,14,42
db15k_mhyper_native,D-N,dev_oof,No-gate,125,4,6,8,6,24
db15k_mhyper_native,D-N,dev_oof,No-gate,126,5,4,8,4,20
db15k_mhyper_native,D-N,dev_oof,No-gate,127,6,1,3,1,6
db15k_mhyper_native,D-N,dev_oof,No-gate,128,7,0,1,0,0
db15k_mhyper_native,D-N,dev_oof,No-gate,129,8,1,1,1,8
db15k_mhyper_native,D-N,dev_oof,No-gate,130,11,0,0,0,0
db15k_mhyper_native,D-N,dev_oof,No-gate,131,20,0,0,0,0
db15k_mhyper_native,D-N,dev_oof,No-gate,132,26,0,0,0,0
db15k_mhyper_native,D-N,dev_oof,No-gate,133,138,0,0,0,0
db15k_mhyper_native,D-N,dev_oof,No-gate,134,1,383,992,383,383
db15k_mhyper_native,D-N,dev_oof,No-gate,135,2,37,99,37,74
db15k_mhyper_native,D-N,dev_oof,No-gate,136,3,6,30,6,18
db15k_mhyper_native,D-N,dev_oof,No-gate,137,4,1,10,1,4
db15k_mhyper_native,D-N,dev_oof,No-gate,138,5,0,3,0,0
db15k_mhyper_native,D-N,dev_oof,No-gate,139,6,0,3,0,0
db15k_mhyper_native,D-N,dev_oof,No-gate,140,7,0,0,0,0
db15k_mhyper_native,D-N,dev_oof,No-gate,141,9,0,1,0,0
db15k_mhyper_native,D-N,dev_oof,No-gate,142,21,0,0,0,0
db15k_mhyper_native,D-N,dev_oof,No-gate,143,27,0,0,0,0
db15k_mhyper_native,D-N,dev_oof,No-gate,144,132,0,0,0,0
db15k_mhyper_native,D-N,dev_oof,No-gate,145,1,37,1075,37,37
db15k_mhyper_native,D-N,dev_oof,No-gate,146,2,2,83,2,4
db15k_mhyper_native,D-N,dev_oof,No-gate,147,3,2,20,2,6
db15k_mhyper_native,D-N,dev_oof,No-gate,148,4,0,7,0,0
db15k_mhyper_native,D-N,dev_oof,No-gate,149,5,0,9,0,0
db15k_mhyper_native,D-N,dev_oof,No-gate,150,6,0,2,0,0
db15k_mhyper_native,D-N,dev_oof,No-gate,151,7,0,4,0,0
db15k_mhyper_native,D-N,dev_oof,No-gate,152,8,0,3,0,0
db15k_mhyper_native,D-N,dev_oof,No-gate,153,9,0,1,0,0
db15k_mhyper_native,D-N,dev_oof,No-gate,154,20,0,0,0,0
db15k_mhyper_native,D-N,dev_oof,No-gate,155,26,0,0,0,0
db15k_mhyper_native,D-N,dev_oof,No-gate,156,31,0,0,0,0
db15k_mhyper_native,D-N,dev_oof,No-gate,157,124,0,0,0,0
db15k_mhyper_native,D-N,dev_oof,No-gate,158,1,404,1030,404,404
db15k_mhyper_native,D-N,dev_oof,No-gate,159,2,35,93,35,70
db15k_mhyper_native,D-N,dev_oof,No-gate,160,3,6,28,6,18
db15k_mhyper_native,D-N,dev_oof,No-gate,161,4,3,11,3,12
db15k_mhyper_native,D-N,dev_oof,No-gate,162,5,0,6,0,0
db15k_mhyper_native,D-N,dev_oof,No-gate,163,6,0,3,0,0
db15k_mhyper_native,D-N,dev_oof,No-gate,164,7,0,3,0,0
db15k_mhyper_native,D-N,dev_oof,No-gate,165,8,0,0,0,0
db15k_mhyper_native,D-N,dev_oof,No-gate,166,20,0,0,0,0
db15k_mhyper_native,D-N,dev_oof,No-gate,167,25,0,0,0,0
db15k_mhyper_native,D-N,dev_oof,No-gate,168,27,0,0,0,0
db15k_mhyper_native,D-N,dev_oof,No-gate,169,139,0,0,0,0
db15k_mhyper_native,D-N,dev_oof,No-gate,170,1,351,975,351,351
db15k_mhyper_native,D-N,dev_oof,No-gate,171,2,45,112,45,90
db15k_mhyper_native,D-N,dev_oof,No-gate,172,3,1,14,1,3
db15k_mhyper_native,D-N,dev_oof,No-gate,173,4,1,11,1,4
db15k_mhyper_native,D-N,dev_oof,No-gate,174,5,0,3,0,0
db15k_mhyper_native,D-N,dev_oof,No-gate,175,6,0,5,0,0
db15k_mhyper_native,D-N,dev_oof,No-gate,176,7,0,3,0,0
db15k_mhyper_native,D-N,dev_oof,No-gate,177,9,0,0,0,0
db15k_mhyper_native,D-N,dev_oof,No-gate,178,11,0,0,0,0
db15k_mhyper_native,D-N,dev_oof,No-gate,179,18,0,0,0,0
db15k_mhyper_native,D-N,dev_oof,No-gate,180,23,0,0,0,0
db15k_mhyper_native,D-N,dev_oof,No-gate,181,31,0,0,0,0
db15k_mhyper_native,D-N,dev_oof,No-gate,182,127,0,0,0,0
db15k_mhyper_native,D-N,test,Center-0.5,0,1,573,1477,573,573
db15k_mhyper_native,D-N,test,Center-0.5,1,2,181,215,181,362
db15k_mhyper_native,D-N,test,Center-0.5,2,3,53,57,53,159
db15k_mhyper_native,D-N,test,Center-0.5,3,4,22,23,22,88
db15k_mhyper_native,D-N,test,Center-0.5,4,5,7,7,7,35
db15k_mhyper_native,D-N,test,Center-0.5,5,6,1,1,1,6
db15k_mhyper_native,D-N,test,Center-0.5,6,7,4,4,4,28
db15k_mhyper_native,D-N,test,Center-0.5,7,8,3,3,3,24
db15k_mhyper_native,D-N,test,Center-0.5,8,9,0,0,0,0
db15k_mhyper_native,D-N,test,Center-0.5,9,10,1,1,1,10
db15k_mhyper_native,D-N,test,Center-0.5,10,11,0,0,0,0
db15k_mhyper_native,D-N,test,Center-0.5,11,12,0,0,0,0
db15k_mhyper_native,D-N,test,Center-0.5,12,13,0,0,0,0
db15k_mhyper_native,D-N,test,Center-0.5,13,14,0,0,0,0
db15k_mhyper_native,D-N,test,Center-0.5,14,15,0,0,0,0
db15k_mhyper_native,D-N,test,Center-0.5,15,16,0,0,0,0
db15k_mhyper_native,D-N,test,Center-0.5,16,17,0,0,0,0
db15k_mhyper_native,D-N,test,Center-0.5,17,18,0,0,0,0
db15k_mhyper_native,D-N,test,Center-0.5,18,19,0,0,0,0
db15k_mhyper_native,D-N,test,Center-0.5,19,20,0,0,0,0
db15k_mhyper_native,D-N,test,Center-0.5,20,21,0,0,0,0
db15k_mhyper_native,D-N,test,Center-0.5,21,22,0,0,0,0
db15k_mhyper_native,D-N,test,Center-0.5,22,23,0,0,0,0
db15k_mhyper_native,D-N,test,Center-0.5,23,24,0,0,0,0
db15k_mhyper_native,D-N,test,Center-0.5,24,25,0,0,0,0
db15k_mhyper_native,D-N,test,Center-0.5,25,26,0,0,0,0
db15k_mhyper_native,D-N,test,Center-0.5,26,27,0,0,0,0
db15k_mhyper_native,D-N,test,Center-0.5,27,28,0,0,0,0
db15k_mhyper_native,D-N,test,Center-0.5,28,30,0,0,0,0
db15k_mhyper_native,D-N,test,Center-0.5,29,31,0,0,0,0
db15k_mhyper_native,D-N,test,Center-0.5,30,36,0,0,0,0
db15k_mhyper_native,D-N,test,Center-0.5,31,38,0,0,0,0
db15k_mhyper_native,D-N,test,Center-0.5,32,40,0,0,0,0
db15k_mhyper_native,D-N,test,Center-0.5,33,47,0,0,0,0
db15k_mhyper_native,D-N,test,Center-0.5,34,57,0,0,0,0
db15k_mhyper_native,D-N,test,Center-0.5,35,63,0,0,0,0
db15k_mhyper_native,D-N,test,Center-0.5,36,142,0,0,0,0
db15k_mhyper_native,D-N,test,Center-0.5,37,151,0,0,0,0
db15k_mhyper_native,D-N,test,Center-0.5,38,164,0,0,0,0
db15k_mhyper_native,D-N,test,Center-0.5,39,859,0,1,0,0
db15k_mhyper_native,D-N,test,Center-0.5,40,1,212,2146,212,212
db15k_mhyper_native,D-N,test,Center-0.5,41,2,55,131,55,110
db15k_mhyper_native,D-N,test,Center-0.5,42,3,18,27,18,54
db15k_mhyper_native,D-N,test,Center-0.5,43,4,7,9,7,28
db15k_mhyper_native,D-N,test,Center-0.5,44,5,2,2,2,10
db15k_mhyper_native,D-N,test,Center-0.5,45,6,2,2,2,12
db15k_mhyper_native,D-N,test,Center-0.5,46,7,2,2,2,14
db15k_mhyper_native,D-N,test,Center-0.5,47,8,2,2,2,16
db15k_mhyper_native,D-N,test,Center-0.5,48,9,0,0,0,0
db15k_mhyper_native,D-N,test,Center-0.5,49,10,0,0,0,0
db15k_mhyper_native,D-N,test,Center-0.5,50,11,0,0,0,0
db15k_mhyper_native,D-N,test,Center-0.5,51,12,0,0,0,0
db15k_mhyper_native,D-N,test,Center-0.5,52,13,0,0,0,0
db15k_mhyper_native,D-N,test,Center-0.5,53,14,0,0,0,0
db15k_mhyper_native,D-N,test,Center-0.5,54,15,0,0,0,0
db15k_mhyper_native,D-N,test,Center-0.5,55,16,0,0,0,0
db15k_mhyper_native,D-N,test,Center-0.5,56,17,0,0,0,0
db15k_mhyper_native,D-N,test,Center-0.5,57,18,0,0,0,0
db15k_mhyper_native,D-N,test,Center-0.5,58,19,0,0,0,0
db15k_mhyper_native,D-N,test,Center-0.5,59,20,0,0,0,0
db15k_mhyper_native,D-N,test,Center-0.5,60,21,0,0,0,0
db15k_mhyper_native,D-N,test,Center-0.5,61,22,0,0,0,0
db15k_mhyper_native,D-N,test,Center-0.5,62,23,0,0,0,0
db15k_mhyper_native,D-N,test,Center-0.5,63,24,0,0,0,0
db15k_mhyper_native,D-N,test,Center-0.5,64,25,0,0,0,0
db15k_mhyper_native,D-N,test,Center-0.5,65,26,0,0,0,0
db15k_mhyper_native,D-N,test,Center-0.5,66,27,0,0,0,0
db15k_mhyper_native,D-N,test,Center-0.5,67,28,0,0,0,0
db15k_mhyper_native,D-N,test,Center-0.5,68,30,0,0,0,0
db15k_mhyper_native,D-N,test,Center-0.5,69,31,0,0,0,0
db15k_mhyper_native,D-N,test,Center-0.5,70,36,0,0,0,0
db15k_mhyper_native,D-N,test,Center-0.5,71,38,0,0,0,0
db15k_mhyper_native,D-N,test,Center-0.5,72,40,0,0,0,0
db15k_mhyper_native,D-N,test,Center-0.5,73,47,0,0,0,0
db15k_mhyper_native,D-N,test,Center-0.5,74,57,0,0,0,0
db15k_mhyper_native,D-N,test,Center-0.5,75,63,0,0,0,0
db15k_mhyper_native,D-N,test,Center-0.5,76,142,0,0,0,0
db15k_mhyper_native,D-N,test,Center-0.5,77,151,0,0,0,0
db15k_mhyper_native,D-N,test,Center-0.5,78,164,0,1,0,0
db15k_mhyper_native,D-N,test,Center-0.5,79,859,0,1,0,0
db15k_mhyper_native,D-N,test,Center-0.5,80,1,1124,1694,1124,1124
db15k_mhyper_native,D-N,test,Center-0.5,81,2,413,432,413,826
db15k_mhyper_native,D-N,test,Center-0.5,82,3,126,130,126,378
db15k_mhyper_native,D-N,test,Center-0.5,83,4,57,59,57,228
db15k_mhyper_native,D-N,test,Center-0.5,84,5,22,22,22,110
db15k_mhyper_native,D-N,test,Center-0.5,85,6,7,7,7,42
db15k_mhyper_native,D-N,test,Center-0.5,86,7,7,7,7,49
db15k_mhyper_native,D-N,test,Center-0.5,87,8,9,9,9,72
db15k_mhyper_native,D-N,test,Center-0.5,88,9,2,2,2,18
db15k_mhyper_native,D-N,test,Center-0.5,89,10,1,1,1,10
db15k_mhyper_native,D-N,test,Center-0.5,90,11,2,2,2,22
db15k_mhyper_native,D-N,test,Center-0.5,91,12,1,1,1,12
db15k_mhyper_native,D-N,test,Center-0.5,92,13,1,1,1,13
db15k_mhyper_native,D-N,test,Center-0.5,93,14,0,0,0,0
db15k_mhyper_native,D-N,test,Center-0.5,94,15,0,0,0,0
db15k_mhyper_native,D-N,test,Center-0.5,95,16,1,1,1,16
db15k_mhyper_native,D-N,test,Center-0.5,96,17,1,1,1,17
db15k_mhyper_native,D-N,test,Center-0.5,97,18,0,0,0,0
db15k_mhyper_native,D-N,test,Center-0.5,98,19,0,0,0,0
db15k_mhyper_native,D-N,test,Center-0.5,99,20,0,0,0,0
db15k_mhyper_native,D-N,test,Center-0.5,100,21,0,0,0,0
db15k_mhyper_native,D-N,test,Center-0.5,101,22,0,0,0,0
db15k_mhyper_native,D-N,test,Center-0.5,102,23,0,0,0,0
db15k_mhyper_native,D-N,test,Center-0.5,103,24,0,0,0,0
db15k_mhyper_native,D-N,test,Center-0.5,104,25,0,0,0,0
db15k_mhyper_native,D-N,test,Center-0.5,105,26,0,0,0,0
db15k_mhyper_native,D-N,test,Center-0.5,106,27,0,0,0,0
db15k_mhyper_native,D-N,test,Center-0.5,107,28,0,0,0,0
db15k_mhyper_native,D-N,test,Center-0.5,108,30,0,0,0,0
db15k_mhyper_native,D-N,test,Center-0.5,109,31,0,0,0,0
db15k_mhyper_native,D-N,test,Center-0.5,110,36,0,0,0,0
db15k_mhyper_native,D-N,test,Center-0.5,111,38,0,0,0,0
db15k_mhyper_native,D-N,test,Center-0.5,112,40,0,0,0,0
db15k_mhyper_native,D-N,test,Center-0.5,113,47,0,0,0,0
db15k_mhyper_native,D-N,test,Center-0.5,114,57,0,0,0,0
db15k_mhyper_native,D-N,test,Center-0.5,115,63,0,0,0,0
db15k_mhyper_native,D-N,test,Center-0.5,116,142,0,0,0,0
db15k_mhyper_native,D-N,test,Center-0.5,117,151,0,0,0,0
db15k_mhyper_native,D-N,test,Center-0.5,118,164,0,0,0,0
db15k_mhyper_native,D-N,test,Center-0.5,119,859,0,1,0,0
db15k_mhyper_native,D-N,test,Linear-p,0,1,573,573,573,573
db15k_mhyper_native,D-N,test,Linear-p,1,2,181,181,181,362
db15k_mhyper_native,D-N,test,Linear-p,2,3,53,53,53,159
db15k_mhyper_native,D-N,test,Linear-p,3,4,22,22,22,88
db15k_mhyper_native,D-N,test,Linear-p,4,5,7,7,7,35
db15k_mhyper_native,D-N,test,Linear-p,5,6,1,1,1,6
db15k_mhyper_native,D-N,test,Linear-p,6,7,4,4,4,28
db15k_mhyper_native,D-N,test,Linear-p,7,8,3,3,3,24
db15k_mhyper_native,D-N,test,Linear-p,8,9,0,0,0,0
db15k_mhyper_native,D-N,test,Linear-p,9,10,1,1,1,10
db15k_mhyper_native,D-N,test,Linear-p,10,11,0,0,0,0
db15k_mhyper_native,D-N,test,Linear-p,11,12,0,0,0,0
db15k_mhyper_native,D-N,test,Linear-p,12,13,0,0,0,0
db15k_mhyper_native,D-N,test,Linear-p,13,14,0,0,0,0
db15k_mhyper_native,D-N,test,Linear-p,14,15,0,0,0,0
db15k_mhyper_native,D-N,test,Linear-p,15,16,0,0,0,0
db15k_mhyper_native,D-N,test,Linear-p,16,17,0,0,0,0
db15k_mhyper_native,D-N,test,Linear-p,17,18,0,0,0,0
db15k_mhyper_native,D-N,test,Linear-p,18,19,0,0,0,0
db15k_mhyper_native,D-N,test,Linear-p,19,20,0,0,0,0
db15k_mhyper_native,D-N,test,Linear-p,20,21,0,0,0,0
db15k_mhyper_native,D-N,test,Linear-p,21,22,0,0,0,0
db15k_mhyper_native,D-N,test,Linear-p,22,23,0,0,0,0
db15k_mhyper_native,D-N,test,Linear-p,23,24,0,0,0,0
db15k_mhyper_native,D-N,test,Linear-p,24,25,0,0,0,0
db15k_mhyper_native,D-N,test,Linear-p,25,26,0,0,0,0
db15k_mhyper_native,D-N,test,Linear-p,26,27,0,0,0,0
db15k_mhyper_native,D-N,test,Linear-p,27,28,0,0,0,0
db15k_mhyper_native,D-N,test,Linear-p,28,30,0,0,0,0
db15k_mhyper_native,D-N,test,Linear-p,29,31,0,0,0,0
db15k_mhyper_native,D-N,test,Linear-p,30,36,0,0,0,0
db15k_mhyper_native,D-N,test,Linear-p,31,38,0,0,0,0
db15k_mhyper_native,D-N,test,Linear-p,32,40,0,0,0,0
db15k_mhyper_native,D-N,test,Linear-p,33,47,0,0,0,0
db15k_mhyper_native,D-N,test,Linear-p,34,57,0,0,0,0
db15k_mhyper_native,D-N,test,Linear-p,35,63,0,0,0,0
db15k_mhyper_native,D-N,test,Linear-p,36,142,0,0,0,0
db15k_mhyper_native,D-N,test,Linear-p,37,151,0,0,0,0
db15k_mhyper_native,D-N,test,Linear-p,38,164,0,0,0,0
db15k_mhyper_native,D-N,test,Linear-p,39,859,0,0,0,0
db15k_mhyper_native,D-N,test,Linear-p,40,1,212,212,212,212
db15k_mhyper_native,D-N,test,Linear-p,41,2,55,55,55,110
db15k_mhyper_native,D-N,test,Linear-p,42,3,18,18,18,54
db15k_mhyper_native,D-N,test,Linear-p,43,4,7,7,7,28
db15k_mhyper_native,D-N,test,Linear-p,44,5,2,2,2,10
db15k_mhyper_native,D-N,test,Linear-p,45,6,2,2,2,12
db15k_mhyper_native,D-N,test,Linear-p,46,7,2,2,2,14
db15k_mhyper_native,D-N,test,Linear-p,47,8,2,2,2,16
db15k_mhyper_native,D-N,test,Linear-p,48,9,0,0,0,0
db15k_mhyper_native,D-N,test,Linear-p,49,10,0,0,0,0
db15k_mhyper_native,D-N,test,Linear-p,50,11,0,0,0,0
db15k_mhyper_native,D-N,test,Linear-p,51,12,0,0,0,0
db15k_mhyper_native,D-N,test,Linear-p,52,13,0,0,0,0
db15k_mhyper_native,D-N,test,Linear-p,53,14,0,0,0,0
db15k_mhyper_native,D-N,test,Linear-p,54,15,0,0,0,0
db15k_mhyper_native,D-N,test,Linear-p,55,16,0,0,0,0
db15k_mhyper_native,D-N,test,Linear-p,56,17,0,0,0,0
db15k_mhyper_native,D-N,test,Linear-p,57,18,0,0,0,0
db15k_mhyper_native,D-N,test,Linear-p,58,19,0,0,0,0
db15k_mhyper_native,D-N,test,Linear-p,59,20,0,0,0,0
db15k_mhyper_native,D-N,test,Linear-p,60,21,0,0,0,0
db15k_mhyper_native,D-N,test,Linear-p,61,22,0,0,0,0
db15k_mhyper_native,D-N,test,Linear-p,62,23,0,0,0,0
db15k_mhyper_native,D-N,test,Linear-p,63,24,0,0,0,0
db15k_mhyper_native,D-N,test,Linear-p,64,25,0,0,0,0
db15k_mhyper_native,D-N,test,Linear-p,65,26,0,0,0,0
db15k_mhyper_native,D-N,test,Linear-p,66,27,0,0,0,0
db15k_mhyper_native,D-N,test,Linear-p,67,28,0,0,0,0
db15k_mhyper_native,D-N,test,Linear-p,68,30,0,0,0,0
db15k_mhyper_native,D-N,test,Linear-p,69,31,0,0,0,0
db15k_mhyper_native,D-N,test,Linear-p,70,36,0,0,0,0
db15k_mhyper_native,D-N,test,Linear-p,71,38,0,0,0,0
db15k_mhyper_native,D-N,test,Linear-p,72,40,0,0,0,0
db15k_mhyper_native,D-N,test,Linear-p,73,47,0,0,0,0
db15k_mhyper_native,D-N,test,Linear-p,74,57,0,0,0,0
db15k_mhyper_native,D-N,test,Linear-p,75,63,0,0,0,0
db15k_mhyper_native,D-N,test,Linear-p,76,142,0,0,0,0
db15k_mhyper_native,D-N,test,Linear-p,77,151,0,0,0,0
db15k_mhyper_native,D-N,test,Linear-p,78,164,0,0,0,0
db15k_mhyper_native,D-N,test,Linear-p,79,859,0,0,0,0
db15k_mhyper_native,D-N,test,Linear-p,80,1,1124,1124,1124,1124
db15k_mhyper_native,D-N,test,Linear-p,81,2,413,413,413,826
db15k_mhyper_native,D-N,test,Linear-p,82,3,126,126,126,378
db15k_mhyper_native,D-N,test,Linear-p,83,4,57,57,57,228
db15k_mhyper_native,D-N,test,Linear-p,84,5,22,22,22,110
db15k_mhyper_native,D-N,test,Linear-p,85,6,7,7,7,42
db15k_mhyper_native,D-N,test,Linear-p,86,7,7,7,7,49
db15k_mhyper_native,D-N,test,Linear-p,87,8,9,9,9,72
db15k_mhyper_native,D-N,test,Linear-p,88,9,2,2,2,18
db15k_mhyper_native,D-N,test,Linear-p,89,10,1,1,1,10
db15k_mhyper_native,D-N,test,Linear-p,90,11,2,2,2,22
db15k_mhyper_native,D-N,test,Linear-p,91,12,1,1,1,12
db15k_mhyper_native,D-N,test,Linear-p,92,13,1,1,1,13
db15k_mhyper_native,D-N,test,Linear-p,93,14,0,0,0,0
db15k_mhyper_native,D-N,test,Linear-p,94,15,0,0,0,0
db15k_mhyper_native,D-N,test,Linear-p,95,16,1,1,1,16
db15k_mhyper_native,D-N,test,Linear-p,96,17,1,1,1,17
db15k_mhyper_native,D-N,test,Linear-p,97,18,0,0,0,0
db15k_mhyper_native,D-N,test,Linear-p,98,19,0,0,0,0
db15k_mhyper_native,D-N,test,Linear-p,99,20,0,0,0,0
db15k_mhyper_native,D-N,test,Linear-p,100,21,0,0,0,0
db15k_mhyper_native,D-N,test,Linear-p,101,22,0,0,0,0
db15k_mhyper_native,D-N,test,Linear-p,102,23,0,0,0,0
db15k_mhyper_native,D-N,test,Linear-p,103,24,0,0,0,0
db15k_mhyper_native,D-N,test,Linear-p,104,25,0,0,0,0
db15k_mhyper_native,D-N,test,Linear-p,105,26,0,0,0,0
db15k_mhyper_native,D-N,test,Linear-p,106,27,0,0,0,0
db15k_mhyper_native,D-N,test,Linear-p,107,28,0,0,0,0
db15k_mhyper_native,D-N,test,Linear-p,108,30,0,0,0,0
db15k_mhyper_native,D-N,test,Linear-p,109,31,0,0,0,0
db15k_mhyper_native,D-N,test,Linear-p,110,36,0,0,0,0
db15k_mhyper_native,D-N,test,Linear-p,111,38,0,0,0,0
db15k_mhyper_native,D-N,test,Linear-p,112,40,0,0,0,0
db15k_mhyper_native,D-N,test,Linear-p,113,47,0,0,0,0
db15k_mhyper_native,D-N,test,Linear-p,114,57,0,0,0,0
db15k_mhyper_native,D-N,test,Linear-p,115,63,0,0,0,0
db15k_mhyper_native,D-N,test,Linear-p,116,142,0,0,0,0
db15k_mhyper_native,D-N,test,Linear-p,117,151,0,0,0,0
db15k_mhyper_native,D-N,test,Linear-p,118,164,0,0,0,0
db15k_mhyper_native,D-N,test,Linear-p,119,859,0,0,0,0
db15k_mhyper_native,D-N,test,Clip-g,0,1,573,573,573,573
db15k_mhyper_native,D-N,test,Clip-g,1,2,181,181,181,362
db15k_mhyper_native,D-N,test,Clip-g,2,3,53,53,53,159
db15k_mhyper_native,D-N,test,Clip-g,3,4,22,22,22,88
db15k_mhyper_native,D-N,test,Clip-g,4,5,7,7,7,35
db15k_mhyper_native,D-N,test,Clip-g,5,6,1,1,1,6
db15k_mhyper_native,D-N,test,Clip-g,6,7,4,4,4,28
db15k_mhyper_native,D-N,test,Clip-g,7,8,3,3,3,24
db15k_mhyper_native,D-N,test,Clip-g,8,9,0,0,0,0
db15k_mhyper_native,D-N,test,Clip-g,9,10,1,1,1,10
db15k_mhyper_native,D-N,test,Clip-g,10,11,0,0,0,0
db15k_mhyper_native,D-N,test,Clip-g,11,12,0,0,0,0
db15k_mhyper_native,D-N,test,Clip-g,12,13,0,0,0,0
db15k_mhyper_native,D-N,test,Clip-g,13,14,0,0,0,0
db15k_mhyper_native,D-N,test,Clip-g,14,15,0,0,0,0
db15k_mhyper_native,D-N,test,Clip-g,15,16,0,0,0,0
db15k_mhyper_native,D-N,test,Clip-g,16,17,0,0,0,0
db15k_mhyper_native,D-N,test,Clip-g,17,18,0,0,0,0
db15k_mhyper_native,D-N,test,Clip-g,18,19,0,0,0,0
db15k_mhyper_native,D-N,test,Clip-g,19,20,0,0,0,0
db15k_mhyper_native,D-N,test,Clip-g,20,21,0,0,0,0
db15k_mhyper_native,D-N,test,Clip-g,21,22,0,0,0,0
db15k_mhyper_native,D-N,test,Clip-g,22,23,0,0,0,0
db15k_mhyper_native,D-N,test,Clip-g,23,24,0,0,0,0
db15k_mhyper_native,D-N,test,Clip-g,24,25,0,0,0,0
db15k_mhyper_native,D-N,test,Clip-g,25,26,0,0,0,0
db15k_mhyper_native,D-N,test,Clip-g,26,27,0,0,0,0
db15k_mhyper_native,D-N,test,Clip-g,27,28,0,0,0,0
db15k_mhyper_native,D-N,test,Clip-g,28,30,0,0,0,0
db15k_mhyper_native,D-N,test,Clip-g,29,31,0,0,0,0
db15k_mhyper_native,D-N,test,Clip-g,30,36,0,0,0,0
db15k_mhyper_native,D-N,test,Clip-g,31,38,0,0,0,0
db15k_mhyper_native,D-N,test,Clip-g,32,40,0,0,0,0
db15k_mhyper_native,D-N,test,Clip-g,33,47,0,0,0,0
db15k_mhyper_native,D-N,test,Clip-g,34,57,0,0,0,0
db15k_mhyper_native,D-N,test,Clip-g,35,63,0,0,0,0
db15k_mhyper_native,D-N,test,Clip-g,36,142,0,0,0,0
db15k_mhyper_native,D-N,test,Clip-g,37,151,0,0,0,0
db15k_mhyper_native,D-N,test,Clip-g,38,164,0,0,0,0
db15k_mhyper_native,D-N,test,Clip-g,39,859,0,0,0,0
db15k_mhyper_native,D-N,test,Clip-g,40,1,212,212,212,212
db15k_mhyper_native,D-N,test,Clip-g,41,2,55,55,55,110
db15k_mhyper_native,D-N,test,Clip-g,42,3,18,18,18,54
db15k_mhyper_native,D-N,test,Clip-g,43,4,7,7,7,28
db15k_mhyper_native,D-N,test,Clip-g,44,5,2,2,2,10
db15k_mhyper_native,D-N,test,Clip-g,45,6,2,2,2,12
db15k_mhyper_native,D-N,test,Clip-g,46,7,2,2,2,14
db15k_mhyper_native,D-N,test,Clip-g,47,8,2,2,2,16
db15k_mhyper_native,D-N,test,Clip-g,48,9,0,0,0,0
db15k_mhyper_native,D-N,test,Clip-g,49,10,0,0,0,0
db15k_mhyper_native,D-N,test,Clip-g,50,11,0,0,0,0
db15k_mhyper_native,D-N,test,Clip-g,51,12,0,0,0,0
db15k_mhyper_native,D-N,test,Clip-g,52,13,0,0,0,0
db15k_mhyper_native,D-N,test,Clip-g,53,14,0,0,0,0
db15k_mhyper_native,D-N,test,Clip-g,54,15,0,0,0,0
db15k_mhyper_native,D-N,test,Clip-g,55,16,0,0,0,0
db15k_mhyper_native,D-N,test,Clip-g,56,17,0,0,0,0
db15k_mhyper_native,D-N,test,Clip-g,57,18,0,0,0,0
db15k_mhyper_native,D-N,test,Clip-g,58,19,0,0,0,0
db15k_mhyper_native,D-N,test,Clip-g,59,20,0,0,0,0
db15k_mhyper_native,D-N,test,Clip-g,60,21,0,0,0,0
db15k_mhyper_native,D-N,test,Clip-g,61,22,0,0,0,0
db15k_mhyper_native,D-N,test,Clip-g,62,23,0,0,0,0
db15k_mhyper_native,D-N,test,Clip-g,63,24,0,0,0,0
db15k_mhyper_native,D-N,test,Clip-g,64,25,0,0,0,0
db15k_mhyper_native,D-N,test,Clip-g,65,26,0,0,0,0
db15k_mhyper_native,D-N,test,Clip-g,66,27,0,0,0,0
db15k_mhyper_native,D-N,test,Clip-g,67,28,0,0,0,0
db15k_mhyper_native,D-N,test,Clip-g,68,30,0,0,0,0
db15k_mhyper_native,D-N,test,Clip-g,69,31,0,0,0,0
db15k_mhyper_native,D-N,test,Clip-g,70,36,0,0,0,0
db15k_mhyper_native,D-N,test,Clip-g,71,38,0,0,0,0
db15k_mhyper_native,D-N,test,Clip-g,72,40,0,0,0,0
db15k_mhyper_native,D-N,test,Clip-g,73,47,0,0,0,0
db15k_mhyper_native,D-N,test,Clip-g,74,57,0,0,0,0
db15k_mhyper_native,D-N,test,Clip-g,75,63,0,0,0,0
db15k_mhyper_native,D-N,test,Clip-g,76,142,0,0,0,0
db15k_mhyper_native,D-N,test,Clip-g,77,151,0,0,0,0
db15k_mhyper_native,D-N,test,Clip-g,78,164,0,0,0,0
db15k_mhyper_native,D-N,test,Clip-g,79,859,0,0,0,0
db15k_mhyper_native,D-N,test,Clip-g,80,1,1124,1124,1124,1124
db15k_mhyper_native,D-N,test,Clip-g,81,2,413,413,413,826
db15k_mhyper_native,D-N,test,Clip-g,82,3,126,126,126,378
db15k_mhyper_native,D-N,test,Clip-g,83,4,57,57,57,228
db15k_mhyper_native,D-N,test,Clip-g,84,5,22,22,22,110
db15k_mhyper_native,D-N,test,Clip-g,85,6,7,7,7,42
db15k_mhyper_native,D-N,test,Clip-g,86,7,7,7,7,49
db15k_mhyper_native,D-N,test,Clip-g,87,8,9,9,9,72
db15k_mhyper_native,D-N,test,Clip-g,88,9,2,2,2,18
db15k_mhyper_native,D-N,test,Clip-g,89,10,1,1,1,10
db15k_mhyper_native,D-N,test,Clip-g,90,11,2,2,2,22
db15k_mhyper_native,D-N,test,Clip-g,91,12,1,1,1,12
db15k_mhyper_native,D-N,test,Clip-g,92,13,1,1,1,13
db15k_mhyper_native,D-N,test,Clip-g,93,14,0,0,0,0
db15k_mhyper_native,D-N,test,Clip-g,94,15,0,0,0,0
db15k_mhyper_native,D-N,test,Clip-g,95,16,1,1,1,16
db15k_mhyper_native,D-N,test,Clip-g,96,17,1,1,1,17
db15k_mhyper_native,D-N,test,Clip-g,97,18,0,0,0,0
db15k_mhyper_native,D-N,test,Clip-g,98,19,0,0,0,0
db15k_mhyper_native,D-N,test,Clip-g,99,20,0,0,0,0
db15k_mhyper_native,D-N,test,Clip-g,100,21,0,0,0,0
db15k_mhyper_native,D-N,test,Clip-g,101,22,0,0,0,0
db15k_mhyper_native,D-N,test,Clip-g,102,23,0,0,0,0
db15k_mhyper_native,D-N,test,Clip-g,103,24,0,0,0,0
db15k_mhyper_native,D-N,test,Clip-g,104,25,0,0,0,0
db15k_mhyper_native,D-N,test,Clip-g,105,26,0,0,0,0
db15k_mhyper_native,D-N,test,Clip-g,106,27,0,0,0,0
db15k_mhyper_native,D-N,test,Clip-g,107,28,0,0,0,0
db15k_mhyper_native,D-N,test,Clip-g,108,30,0,0,0,0
db15k_mhyper_native,D-N,test,Clip-g,109,31,0,0,0,0
db15k_mhyper_native,D-N,test,Clip-g,110,36,0,0,0,0
db15k_mhyper_native,D-N,test,Clip-g,111,38,0,0,0,0
db15k_mhyper_native,D-N,test,Clip-g,112,40,0,0,0,0
db15k_mhyper_native,D-N,test,Clip-g,113,47,0,0,0,0
db15k_mhyper_native,D-N,test,Clip-g,114,57,0,0,0,0
db15k_mhyper_native,D-N,test,Clip-g,115,63,0,0,0,0
db15k_mhyper_native,D-N,test,Clip-g,116,142,0,0,0,0
db15k_mhyper_native,D-N,test,Clip-g,117,151,0,0,0,0
db15k_mhyper_native,D-N,test,Clip-g,118,164,0,0,0,0
db15k_mhyper_native,D-N,test,Clip-g,119,859,0,0,0,0
db15k_mhyper_native,D-N,test,Shrink-fixed,0,1,573,1477,573,573
db15k_mhyper_native,D-N,test,Shrink-fixed,1,2,181,215,181,362
db15k_mhyper_native,D-N,test,Shrink-fixed,2,3,53,57,53,159
db15k_mhyper_native,D-N,test,Shrink-fixed,3,4,22,23,22,88
db15k_mhyper_native,D-N,test,Shrink-fixed,4,5,7,7,7,35
db15k_mhyper_native,D-N,test,Shrink-fixed,5,6,1,1,1,6
db15k_mhyper_native,D-N,test,Shrink-fixed,6,7,4,4,4,28
db15k_mhyper_native,D-N,test,Shrink-fixed,7,8,3,3,3,24
db15k_mhyper_native,D-N,test,Shrink-fixed,8,9,0,0,0,0
db15k_mhyper_native,D-N,test,Shrink-fixed,9,10,1,1,1,10
db15k_mhyper_native,D-N,test,Shrink-fixed,10,11,0,0,0,0
db15k_mhyper_native,D-N,test,Shrink-fixed,11,12,0,0,0,0
db15k_mhyper_native,D-N,test,Shrink-fixed,12,13,0,0,0,0
db15k_mhyper_native,D-N,test,Shrink-fixed,13,14,0,0,0,0
db15k_mhyper_native,D-N,test,Shrink-fixed,14,15,0,0,0,0
db15k_mhyper_native,D-N,test,Shrink-fixed,15,16,0,0,0,0
db15k_mhyper_native,D-N,test,Shrink-fixed,16,17,0,0,0,0
db15k_mhyper_native,D-N,test,Shrink-fixed,17,18,0,0,0,0
db15k_mhyper_native,D-N,test,Shrink-fixed,18,19,0,0,0,0
db15k_mhyper_native,D-N,test,Shrink-fixed,19,20,0,0,0,0
db15k_mhyper_native,D-N,test,Shrink-fixed,20,21,0,0,0,0
db15k_mhyper_native,D-N,test,Shrink-fixed,21,22,0,0,0,0
db15k_mhyper_native,D-N,test,Shrink-fixed,22,23,0,0,0,0
db15k_mhyper_native,D-N,test,Shrink-fixed,23,24,0,0,0,0
db15k_mhyper_native,D-N,test,Shrink-fixed,24,25,0,0,0,0
db15k_mhyper_native,D-N,test,Shrink-fixed,25,26,0,0,0,0
db15k_mhyper_native,D-N,test,Shrink-fixed,26,27,0,0,0,0
db15k_mhyper_native,D-N,test,Shrink-fixed,27,28,0,0,0,0
db15k_mhyper_native,D-N,test,Shrink-fixed,28,30,0,0,0,0
db15k_mhyper_native,D-N,test,Shrink-fixed,29,31,0,0,0,0
db15k_mhyper_native,D-N,test,Shrink-fixed,30,36,0,0,0,0
db15k_mhyper_native,D-N,test,Shrink-fixed,31,38,0,0,0,0
db15k_mhyper_native,D-N,test,Shrink-fixed,32,40,0,0,0,0
db15k_mhyper_native,D-N,test,Shrink-fixed,33,47,0,0,0,0
db15k_mhyper_native,D-N,test,Shrink-fixed,34,57,0,0,0,0
db15k_mhyper_native,D-N,test,Shrink-fixed,35,63,0,0,0,0
db15k_mhyper_native,D-N,test,Shrink-fixed,36,142,0,0,0,0
db15k_mhyper_native,D-N,test,Shrink-fixed,37,151,0,0,0,0
db15k_mhyper_native,D-N,test,Shrink-fixed,38,164,0,0,0,0
db15k_mhyper_native,D-N,test,Shrink-fixed,39,859,0,1,0,0
db15k_mhyper_native,D-N,test,Shrink-fixed,40,1,212,2146,212,212
db15k_mhyper_native,D-N,test,Shrink-fixed,41,2,55,131,55,110
db15k_mhyper_native,D-N,test,Shrink-fixed,42,3,18,27,18,54
db15k_mhyper_native,D-N,test,Shrink-fixed,43,4,7,9,7,28
db15k_mhyper_native,D-N,test,Shrink-fixed,44,5,2,2,2,10
db15k_mhyper_native,D-N,test,Shrink-fixed,45,6,2,2,2,12
db15k_mhyper_native,D-N,test,Shrink-fixed,46,7,2,2,2,14
db15k_mhyper_native,D-N,test,Shrink-fixed,47,8,2,2,2,16
db15k_mhyper_native,D-N,test,Shrink-fixed,48,9,0,0,0,0
db15k_mhyper_native,D-N,test,Shrink-fixed,49,10,0,0,0,0
db15k_mhyper_native,D-N,test,Shrink-fixed,50,11,0,0,0,0
db15k_mhyper_native,D-N,test,Shrink-fixed,51,12,0,0,0,0
db15k_mhyper_native,D-N,test,Shrink-fixed,52,13,0,0,0,0
db15k_mhyper_native,D-N,test,Shrink-fixed,53,14,0,0,0,0
db15k_mhyper_native,D-N,test,Shrink-fixed,54,15,0,0,0,0
db15k_mhyper_native,D-N,test,Shrink-fixed,55,16,0,0,0,0
db15k_mhyper_native,D-N,test,Shrink-fixed,56,17,0,0,0,0
db15k_mhyper_native,D-N,test,Shrink-fixed,57,18,0,0,0,0
db15k_mhyper_native,D-N,test,Shrink-fixed,58,19,0,0,0,0
db15k_mhyper_native,D-N,test,Shrink-fixed,59,20,0,0,0,0
db15k_mhyper_native,D-N,test,Shrink-fixed,60,21,0,0,0,0
db15k_mhyper_native,D-N,test,Shrink-fixed,61,22,0,0,0,0
db15k_mhyper_native,D-N,test,Shrink-fixed,62,23,0,0,0,0
db15k_mhyper_native,D-N,test,Shrink-fixed,63,24,0,0,0,0
db15k_mhyper_native,D-N,test,Shrink-fixed,64,25,0,0,0,0
db15k_mhyper_native,D-N,test,Shrink-fixed,65,26,0,0,0,0
db15k_mhyper_native,D-N,test,Shrink-fixed,66,27,0,0,0,0
db15k_mhyper_native,D-N,test,Shrink-fixed,67,28,0,0,0,0
db15k_mhyper_native,D-N,test,Shrink-fixed,68,30,0,0,0,0
db15k_mhyper_native,D-N,test,Shrink-fixed,69,31,0,0,0,0
db15k_mhyper_native,D-N,test,Shrink-fixed,70,36,0,0,0,0
db15k_mhyper_native,D-N,test,Shrink-fixed,71,38,0,0,0,0
db15k_mhyper_native,D-N,test,Shrink-fixed,72,40,0,0,0,0
db15k_mhyper_native,D-N,test,Shrink-fixed,73,47,0,0,0,0
db15k_mhyper_native,D-N,test,Shrink-fixed,74,57,0,0,0,0
db15k_mhyper_native,D-N,test,Shrink-fixed,75,63,0,0,0,0
db15k_mhyper_native,D-N,test,Shrink-fixed,76,142,0,0,0,0
db15k_mhyper_native,D-N,test,Shrink-fixed,77,151,0,0,0,0
db15k_mhyper_native,D-N,test,Shrink-fixed,78,164,0,1,0,0
db15k_mhyper_native,D-N,test,Shrink-fixed,79,859,0,1,0,0
db15k_mhyper_native,D-N,test,Shrink-fixed,80,1,1124,1694,1124,1124
db15k_mhyper_native,D-N,test,Shrink-fixed,81,2,413,432,413,826
db15k_mhyper_native,D-N,test,Shrink-fixed,82,3,126,130,126,378
db15k_mhyper_native,D-N,test,Shrink-fixed,83,4,57,59,57,228
db15k_mhyper_native,D-N,test,Shrink-fixed,84,5,22,22,22,110
db15k_mhyper_native,D-N,test,Shrink-fixed,85,6,7,7,7,42
db15k_mhyper_native,D-N,test,Shrink-fixed,86,7,7,7,7,49
db15k_mhyper_native,D-N,test,Shrink-fixed,87,8,9,9,9,72
db15k_mhyper_native,D-N,test,Shrink-fixed,88,9,2,2,2,18
db15k_mhyper_native,D-N,test,Shrink-fixed,89,10,1,1,1,10
db15k_mhyper_native,D-N,test,Shrink-fixed,90,11,2,2,2,22
db15k_mhyper_native,D-N,test,Shrink-fixed,91,12,1,1,1,12
db15k_mhyper_native,D-N,test,Shrink-fixed,92,13,1,1,1,13
db15k_mhyper_native,D-N,test,Shrink-fixed,93,14,0,0,0,0
db15k_mhyper_native,D-N,test,Shrink-fixed,94,15,0,0,0,0
db15k_mhyper_native,D-N,test,Shrink-fixed,95,16,1,1,1,16
db15k_mhyper_native,D-N,test,Shrink-fixed,96,17,1,1,1,17
db15k_mhyper_native,D-N,test,Shrink-fixed,97,18,0,0,0,0
db15k_mhyper_native,D-N,test,Shrink-fixed,98,19,0,0,0,0
db15k_mhyper_native,D-N,test,Shrink-fixed,99,20,0,0,0,0
db15k_mhyper_native,D-N,test,Shrink-fixed,100,21,0,0,0,0
db15k_mhyper_native,D-N,test,Shrink-fixed,101,22,0,0,0,0
db15k_mhyper_native,D-N,test,Shrink-fixed,102,23,0,0,0,0
db15k_mhyper_native,D-N,test,Shrink-fixed,103,24,0,0,0,0
db15k_mhyper_native,D-N,test,Shrink-fixed,104,25,0,0,0,0
db15k_mhyper_native,D-N,test,Shrink-fixed,105,26,0,0,0,0
db15k_mhyper_native,D-N,test,Shrink-fixed,106,27,0,0,0,0
db15k_mhyper_native,D-N,test,Shrink-fixed,107,28,0,0,0,0
db15k_mhyper_native,D-N,test,Shrink-fixed,108,30,0,0,0,0
db15k_mhyper_native,D-N,test,Shrink-fixed,109,31,0,0,0,0
db15k_mhyper_native,D-N,test,Shrink-fixed,110,36,0,0,0,0
db15k_mhyper_native,D-N,test,Shrink-fixed,111,38,0,0,0,0
db15k_mhyper_native,D-N,test,Shrink-fixed,112,40,0,0,0,0
db15k_mhyper_native,D-N,test,Shrink-fixed,113,47,0,0,0,0
db15k_mhyper_native,D-N,test,Shrink-fixed,114,57,0,0,0,0
db15k_mhyper_native,D-N,test,Shrink-fixed,115,63,0,0,0,0
db15k_mhyper_native,D-N,test,Shrink-fixed,116,142,0,0,0,0
db15k_mhyper_native,D-N,test,Shrink-fixed,117,151,0,0,0,0
db15k_mhyper_native,D-N,test,Shrink-fixed,118,164,0,0,0,0
db15k_mhyper_native,D-N,test,Shrink-fixed,119,859,0,1,0,0
db15k_mhyper_native,D-N,test,Radius-1,0,1,573,573,573,573
db15k_mhyper_native,D-N,test,Radius-1,1,2,181,181,181,362
db15k_mhyper_native,D-N,test,Radius-1,2,3,53,53,53,159
db15k_mhyper_native,D-N,test,Radius-1,3,4,22,22,22,88
db15k_mhyper_native,D-N,test,Radius-1,4,5,7,7,7,35
db15k_mhyper_native,D-N,test,Radius-1,5,6,1,1,1,6
db15k_mhyper_native,D-N,test,Radius-1,6,7,4,4,4,28
db15k_mhyper_native,D-N,test,Radius-1,7,8,3,3,3,24
db15k_mhyper_native,D-N,test,Radius-1,8,9,0,0,0,0
db15k_mhyper_native,D-N,test,Radius-1,9,10,1,1,1,10
db15k_mhyper_native,D-N,test,Radius-1,10,11,0,0,0,0
db15k_mhyper_native,D-N,test,Radius-1,11,12,0,0,0,0
db15k_mhyper_native,D-N,test,Radius-1,12,13,0,0,0,0
db15k_mhyper_native,D-N,test,Radius-1,13,14,0,0,0,0
db15k_mhyper_native,D-N,test,Radius-1,14,15,0,0,0,0
db15k_mhyper_native,D-N,test,Radius-1,15,16,0,0,0,0
db15k_mhyper_native,D-N,test,Radius-1,16,17,0,0,0,0
db15k_mhyper_native,D-N,test,Radius-1,17,18,0,0,0,0
db15k_mhyper_native,D-N,test,Radius-1,18,19,0,0,0,0
db15k_mhyper_native,D-N,test,Radius-1,19,20,0,0,0,0
db15k_mhyper_native,D-N,test,Radius-1,20,21,0,0,0,0
db15k_mhyper_native,D-N,test,Radius-1,21,22,0,0,0,0
db15k_mhyper_native,D-N,test,Radius-1,22,23,0,0,0,0
db15k_mhyper_native,D-N,test,Radius-1,23,24,0,0,0,0
db15k_mhyper_native,D-N,test,Radius-1,24,25,0,0,0,0
db15k_mhyper_native,D-N,test,Radius-1,25,26,0,0,0,0
db15k_mhyper_native,D-N,test,Radius-1,26,27,0,0,0,0
db15k_mhyper_native,D-N,test,Radius-1,27,28,0,0,0,0
db15k_mhyper_native,D-N,test,Radius-1,28,30,0,0,0,0
db15k_mhyper_native,D-N,test,Radius-1,29,31,0,0,0,0
db15k_mhyper_native,D-N,test,Radius-1,30,36,0,0,0,0
db15k_mhyper_native,D-N,test,Radius-1,31,38,0,0,0,0
db15k_mhyper_native,D-N,test,Radius-1,32,40,0,0,0,0
db15k_mhyper_native,D-N,test,Radius-1,33,47,0,0,0,0
db15k_mhyper_native,D-N,test,Radius-1,34,57,0,0,0,0
db15k_mhyper_native,D-N,test,Radius-1,35,63,0,0,0,0
db15k_mhyper_native,D-N,test,Radius-1,36,142,0,0,0,0
db15k_mhyper_native,D-N,test,Radius-1,37,151,0,0,0,0
db15k_mhyper_native,D-N,test,Radius-1,38,164,0,0,0,0
db15k_mhyper_native,D-N,test,Radius-1,39,859,0,0,0,0
db15k_mhyper_native,D-N,test,Radius-1,40,1,212,212,212,212
db15k_mhyper_native,D-N,test,Radius-1,41,2,55,55,55,110
db15k_mhyper_native,D-N,test,Radius-1,42,3,18,18,18,54
db15k_mhyper_native,D-N,test,Radius-1,43,4,7,7,7,28
db15k_mhyper_native,D-N,test,Radius-1,44,5,2,2,2,10
db15k_mhyper_native,D-N,test,Radius-1,45,6,2,2,2,12
db15k_mhyper_native,D-N,test,Radius-1,46,7,2,2,2,14
db15k_mhyper_native,D-N,test,Radius-1,47,8,2,2,2,16
db15k_mhyper_native,D-N,test,Radius-1,48,9,0,0,0,0
db15k_mhyper_native,D-N,test,Radius-1,49,10,0,0,0,0
db15k_mhyper_native,D-N,test,Radius-1,50,11,0,0,0,0
db15k_mhyper_native,D-N,test,Radius-1,51,12,0,0,0,0
db15k_mhyper_native,D-N,test,Radius-1,52,13,0,0,0,0
db15k_mhyper_native,D-N,test,Radius-1,53,14,0,0,0,0
db15k_mhyper_native,D-N,test,Radius-1,54,15,0,0,0,0
db15k_mhyper_native,D-N,test,Radius-1,55,16,0,0,0,0
db15k_mhyper_native,D-N,test,Radius-1,56,17,0,0,0,0
db15k_mhyper_native,D-N,test,Radius-1,57,18,0,0,0,0
db15k_mhyper_native,D-N,test,Radius-1,58,19,0,0,0,0
db15k_mhyper_native,D-N,test,Radius-1,59,20,0,0,0,0
db15k_mhyper_native,D-N,test,Radius-1,60,21,0,0,0,0
db15k_mhyper_native,D-N,test,Radius-1,61,22,0,0,0,0
db15k_mhyper_native,D-N,test,Radius-1,62,23,0,0,0,0
db15k_mhyper_native,D-N,test,Radius-1,63,24,0,0,0,0
db15k_mhyper_native,D-N,test,Radius-1,64,25,0,0,0,0
db15k_mhyper_native,D-N,test,Radius-1,65,26,0,0,0,0
db15k_mhyper_native,D-N,test,Radius-1,66,27,0,0,0,0
db15k_mhyper_native,D-N,test,Radius-1,67,28,0,0,0,0
db15k_mhyper_native,D-N,test,Radius-1,68,30,0,0,0,0
db15k_mhyper_native,D-N,test,Radius-1,69,31,0,0,0,0
db15k_mhyper_native,D-N,test,Radius-1,70,36,0,0,0,0
db15k_mhyper_native,D-N,test,Radius-1,71,38,0,0,0,0
db15k_mhyper_native,D-N,test,Radius-1,72,40,0,0,0,0
db15k_mhyper_native,D-N,test,Radius-1,73,47,0,0,0,0
db15k_mhyper_native,D-N,test,Radius-1,74,57,0,0,0,0
db15k_mhyper_native,D-N,test,Radius-1,75,63,0,0,0,0
db15k_mhyper_native,D-N,test,Radius-1,76,142,0,0,0,0
db15k_mhyper_native,D-N,test,Radius-1,77,151,0,0,0,0
db15k_mhyper_native,D-N,test,Radius-1,78,164,0,0,0,0
db15k_mhyper_native,D-N,test,Radius-1,79,859,0,0,0,0
db15k_mhyper_native,D-N,test,Radius-1,80,1,1124,1124,1124,1124
db15k_mhyper_native,D-N,test,Radius-1,81,2,413,413,413,826
db15k_mhyper_native,D-N,test,Radius-1,82,3,126,126,126,378
db15k_mhyper_native,D-N,test,Radius-1,83,4,57,57,57,228
db15k_mhyper_native,D-N,test,Radius-1,84,5,22,22,22,110
db15k_mhyper_native,D-N,test,Radius-1,85,6,7,7,7,42
db15k_mhyper_native,D-N,test,Radius-1,86,7,7,7,7,49
db15k_mhyper_native,D-N,test,Radius-1,87,8,9,9,9,72
db15k_mhyper_native,D-N,test,Radius-1,88,9,2,2,2,18
db15k_mhyper_native,D-N,test,Radius-1,89,10,1,1,1,10
db15k_mhyper_native,D-N,test,Radius-1,90,11,2,2,2,22
db15k_mhyper_native,D-N,test,Radius-1,91,12,1,1,1,12
db15k_mhyper_native,D-N,test,Radius-1,92,13,1,1,1,13
db15k_mhyper_native,D-N,test,Radius-1,93,14,0,0,0,0
db15k_mhyper_native,D-N,test,Radius-1,94,15,0,0,0,0
db15k_mhyper_native,D-N,test,Radius-1,95,16,1,1,1,16
db15k_mhyper_native,D-N,test,Radius-1,96,17,1,1,1,17
db15k_mhyper_native,D-N,test,Radius-1,97,18,0,0,0,0
db15k_mhyper_native,D-N,test,Radius-1,98,19,0,0,0,0
db15k_mhyper_native,D-N,test,Radius-1,99,20,0,0,0,0
db15k_mhyper_native,D-N,test,Radius-1,100,21,0,0,0,0
db15k_mhyper_native,D-N,test,Radius-1,101,22,0,0,0,0
db15k_mhyper_native,D-N,test,Radius-1,102,23,0,0,0,0
db15k_mhyper_native,D-N,test,Radius-1,103,24,0,0,0,0
db15k_mhyper_native,D-N,test,Radius-1,104,25,0,0,0,0
db15k_mhyper_native,D-N,test,Radius-1,105,26,0,0,0,0
db15k_mhyper_native,D-N,test,Radius-1,106,27,0,0,0,0
db15k_mhyper_native,D-N,test,Radius-1,107,28,0,0,0,0
db15k_mhyper_native,D-N,test,Radius-1,108,30,0,0,0,0
db15k_mhyper_native,D-N,test,Radius-1,109,31,0,0,0,0
db15k_mhyper_native,D-N,test,Radius-1,110,36,0,0,0,0
db15k_mhyper_native,D-N,test,Radius-1,111,38,0,0,0,0
db15k_mhyper_native,D-N,test,Radius-1,112,40,0,0,0,0
db15k_mhyper_native,D-N,test,Radius-1,113,47,0,0,0,0
db15k_mhyper_native,D-N,test,Radius-1,114,57,0,0,0,0
db15k_mhyper_native,D-N,test,Radius-1,115,63,0,0,0,0
db15k_mhyper_native,D-N,test,Radius-1,116,142,0,0,0,0
db15k_mhyper_native,D-N,test,Radius-1,117,151,0,0,0,0
db15k_mhyper_native,D-N,test,Radius-1,118,164,0,0,0,0
db15k_mhyper_native,D-N,test,Radius-1,119,859,0,0,0,0
db15k_mhyper_native,D-N,test,No-gate,0,1,573,2812,573,573
db15k_mhyper_native,D-N,test,No-gate,1,2,181,681,181,362
db15k_mhyper_native,D-N,test,No-gate,2,3,53,186,53,159
db15k_mhyper_native,D-N,test,No-gate,3,4,22,99,22,88
db15k_mhyper_native,D-N,test,No-gate,4,5,7,50,7,35
db15k_mhyper_native,D-N,test,No-gate,5,6,1,23,1,6
db15k_mhyper_native,D-N,test,No-gate,6,7,4,19,4,28
db15k_mhyper_native,D-N,test,No-gate,7,8,3,22,3,24
db15k_mhyper_native,D-N,test,No-gate,8,9,0,11,0,0
db15k_mhyper_native,D-N,test,No-gate,9,10,1,9,1,10
db15k_mhyper_native,D-N,test,No-gate,10,11,0,6,0,0
db15k_mhyper_native,D-N,test,No-gate,11,12,0,7,0,0
db15k_mhyper_native,D-N,test,No-gate,12,13,0,6,0,0
db15k_mhyper_native,D-N,test,No-gate,13,14,0,3,0,0
db15k_mhyper_native,D-N,test,No-gate,14,15,0,5,0,0
db15k_mhyper_native,D-N,test,No-gate,15,16,0,2,0,0
db15k_mhyper_native,D-N,test,No-gate,16,17,0,1,0,0
db15k_mhyper_native,D-N,test,No-gate,17,18,0,4,0,0
db15k_mhyper_native,D-N,test,No-gate,18,19,0,2,0,0
db15k_mhyper_native,D-N,test,No-gate,19,20,0,1,0,0
db15k_mhyper_native,D-N,test,No-gate,20,21,0,2,0,0
db15k_mhyper_native,D-N,test,No-gate,21,22,0,0,0,0
db15k_mhyper_native,D-N,test,No-gate,22,23,0,0,0,0
db15k_mhyper_native,D-N,test,No-gate,23,24,0,1,0,0
db15k_mhyper_native,D-N,test,No-gate,24,25,0,0,0,0
db15k_mhyper_native,D-N,test,No-gate,25,26,0,0,0,0
db15k_mhyper_native,D-N,test,No-gate,26,27,0,1,0,0
db15k_mhyper_native,D-N,test,No-gate,27,28,0,0,0,0
db15k_mhyper_native,D-N,test,No-gate,28,30,0,1,0,0
db15k_mhyper_native,D-N,test,No-gate,29,31,0,0,0,0
db15k_mhyper_native,D-N,test,No-gate,30,36,0,0,0,0
db15k_mhyper_native,D-N,test,No-gate,31,38,0,0,0,0
db15k_mhyper_native,D-N,test,No-gate,32,40,0,0,0,0
db15k_mhyper_native,D-N,test,No-gate,33,47,0,0,0,0
db15k_mhyper_native,D-N,test,No-gate,34,57,0,0,0,0
db15k_mhyper_native,D-N,test,No-gate,35,63,0,0,0,0
db15k_mhyper_native,D-N,test,No-gate,36,142,0,0,0,0
db15k_mhyper_native,D-N,test,No-gate,37,151,0,0,0,0
db15k_mhyper_native,D-N,test,No-gate,38,164,0,0,0,0
db15k_mhyper_native,D-N,test,No-gate,39,859,0,0,0,0
db15k_mhyper_native,D-N,test,No-gate,40,1,212,1913,212,212
db15k_mhyper_native,D-N,test,No-gate,41,2,55,569,55,110
db15k_mhyper_native,D-N,test,No-gate,42,3,18,163,18,54
db15k_mhyper_native,D-N,test,No-gate,43,4,7,90,7,28
db15k_mhyper_native,D-N,test,No-gate,44,5,2,47,2,10
db15k_mhyper_native,D-N,test,No-gate,45,6,2,23,2,12
db15k_mhyper_native,D-N,test,No-gate,46,7,2,16,2,14
db15k_mhyper_native,D-N,test,No-gate,47,8,2,20,2,16
db15k_mhyper_native,D-N,test,No-gate,48,9,0,10,0,0
db15k_mhyper_native,D-N,test,No-gate,49,10,0,7,0,0
db15k_mhyper_native,D-N,test,No-gate,50,11,0,4,0,0
db15k_mhyper_native,D-N,test,No-gate,51,12,0,4,0,0
db15k_mhyper_native,D-N,test,No-gate,52,13,0,4,0,0
db15k_mhyper_native,D-N,test,No-gate,53,14,0,2,0,0
db15k_mhyper_native,D-N,test,No-gate,54,15,0,4,0,0
db15k_mhyper_native,D-N,test,No-gate,55,16,0,1,0,0
db15k_mhyper_native,D-N,test,No-gate,56,17,0,1,0,0
db15k_mhyper_native,D-N,test,No-gate,57,18,0,1,0,0
db15k_mhyper_native,D-N,test,No-gate,58,19,0,2,0,0
db15k_mhyper_native,D-N,test,No-gate,59,20,0,0,0,0
db15k_mhyper_native,D-N,test,No-gate,60,21,0,0,0,0
db15k_mhyper_native,D-N,test,No-gate,61,22,0,0,0,0
db15k_mhyper_native,D-N,test,No-gate,62,23,0,0,0,0
db15k_mhyper_native,D-N,test,No-gate,63,24,0,1,0,0
db15k_mhyper_native,D-N,test,No-gate,64,25,0,0,0,0
db15k_mhyper_native,D-N,test,No-gate,65,26,0,0,0,0
db15k_mhyper_native,D-N,test,No-gate,66,27,0,1,0,0
db15k_mhyper_native,D-N,test,No-gate,67,28,0,0,0,0
db15k_mhyper_native,D-N,test,No-gate,68,30,0,0,0,0
db15k_mhyper_native,D-N,test,No-gate,69,31,0,0,0,0
db15k_mhyper_native,D-N,test,No-gate,70,36,0,0,0,0
db15k_mhyper_native,D-N,test,No-gate,71,38,0,0,0,0
db15k_mhyper_native,D-N,test,No-gate,72,40,0,0,0,0
db15k_mhyper_native,D-N,test,No-gate,73,47,0,0,0,0
db15k_mhyper_native,D-N,test,No-gate,74,57,0,0,0,0
db15k_mhyper_native,D-N,test,No-gate,75,63,0,0,0,0
db15k_mhyper_native,D-N,test,No-gate,76,142,0,0,0,0
db15k_mhyper_native,D-N,test,No-gate,77,151,0,0,0,0
db15k_mhyper_native,D-N,test,No-gate,78,164,0,0,0,0
db15k_mhyper_native,D-N,test,No-gate,79,859,0,0,0,0
db15k_mhyper_native,D-N,test,No-gate,80,1,1124,3714,1124,1124
db15k_mhyper_native,D-N,test,No-gate,81,2,413,819,413,826
db15k_mhyper_native,D-N,test,No-gate,82,3,126,209,126,378
db15k_mhyper_native,D-N,test,No-gate,83,4,57,101,57,228
db15k_mhyper_native,D-N,test,No-gate,84,5,22,51,22,110
db15k_mhyper_native,D-N,test,No-gate,85,6,7,26,7,42
db15k_mhyper_native,D-N,test,No-gate,86,7,7,19,7,49
db15k_mhyper_native,D-N,test,No-gate,87,8,9,23,9,72
db15k_mhyper_native,D-N,test,No-gate,88,9,2,11,2,18
db15k_mhyper_native,D-N,test,No-gate,89,10,1,10,1,10
db15k_mhyper_native,D-N,test,No-gate,90,11,2,9,2,22
db15k_mhyper_native,D-N,test,No-gate,91,12,1,7,1,12
db15k_mhyper_native,D-N,test,No-gate,92,13,1,7,1,13
db15k_mhyper_native,D-N,test,No-gate,93,14,0,3,0,0
db15k_mhyper_native,D-N,test,No-gate,94,15,0,6,0,0
db15k_mhyper_native,D-N,test,No-gate,95,16,1,3,1,16
db15k_mhyper_native,D-N,test,No-gate,96,17,1,1,1,17
db15k_mhyper_native,D-N,test,No-gate,97,18,0,4,0,0
db15k_mhyper_native,D-N,test,No-gate,98,19,0,2,0,0
db15k_mhyper_native,D-N,test,No-gate,99,20,0,3,0,0
db15k_mhyper_native,D-N,test,No-gate,100,21,0,3,0,0
db15k_mhyper_native,D-N,test,No-gate,101,22,0,2,0,0
db15k_mhyper_native,D-N,test,No-gate,102,23,0,1,0,0
db15k_mhyper_native,D-N,test,No-gate,103,24,0,1,0,0
db15k_mhyper_native,D-N,test,No-gate,104,25,0,2,0,0
db15k_mhyper_native,D-N,test,No-gate,105,26,0,1,0,0
db15k_mhyper_native,D-N,test,No-gate,106,27,0,1,0,0
db15k_mhyper_native,D-N,test,No-gate,107,28,0,1,0,0
db15k_mhyper_native,D-N,test,No-gate,108,30,0,2,0,0
db15k_mhyper_native,D-N,test,No-gate,109,31,0,2,0,0
db15k_mhyper_native,D-N,test,No-gate,110,36,0,0,0,0
db15k_mhyper_native,D-N,test,No-gate,111,38,0,0,0,0
db15k_mhyper_native,D-N,test,No-gate,112,40,0,0,0,0
db15k_mhyper_native,D-N,test,No-gate,113,47,0,1,0,0
db15k_mhyper_native,D-N,test,No-gate,114,57,0,0,0,0
db15k_mhyper_native,D-N,test,No-gate,115,63,0,0,0,0
db15k_mhyper_native,D-N,test,No-gate,116,142,0,0,0,0
db15k_mhyper_native,D-N,test,No-gate,117,151,0,0,0,0
db15k_mhyper_native,D-N,test,No-gate,118,164,0,0,0,0
db15k_mhyper_native,D-N,test,No-gate,119,859,0,0,0,0
db15k_mhyper_adamf,D-A,dev_oof,Center-0.5,0,1,19,22,19,19
db15k_mhyper_adamf,D-A,dev_oof,Center-0.5,1,2,0,0,0,0
db15k_mhyper_adamf,D-A,dev_oof,Center-0.5,2,3,0,0,0,0
db15k_mhyper_adamf,D-A,dev_oof,Center-0.5,3,4,0,0,0,0
db15k_mhyper_adamf,D-A,dev_oof,Center-0.5,4,5,0,0,0,0
db15k_mhyper_adamf,D-A,dev_oof,Center-0.5,5,6,0,0,0,0
db15k_mhyper_adamf,D-A,dev_oof,Center-0.5,6,7,0,0,0,0
db15k_mhyper_adamf,D-A,dev_oof,Center-0.5,7,8,0,0,0,0
db15k_mhyper_adamf,D-A,dev_oof,Center-0.5,8,11,0,0,0,0
db15k_mhyper_adamf,D-A,dev_oof,Center-0.5,9,20,0,0,0,0
db15k_mhyper_adamf,D-A,dev_oof,Center-0.5,10,26,0,0,0,0
db15k_mhyper_adamf,D-A,dev_oof,Center-0.5,11,138,0,1,0,0
db15k_mhyper_adamf,D-A,dev_oof,Center-0.5,12,1,12,17,12,12
db15k_mhyper_adamf,D-A,dev_oof,Center-0.5,13,2,0,0,0,0
db15k_mhyper_adamf,D-A,dev_oof,Center-0.5,14,3,0,0,0,0
db15k_mhyper_adamf,D-A,dev_oof,Center-0.5,15,4,0,0,0,0
db15k_mhyper_adamf,D-A,dev_oof,Center-0.5,16,5,0,0,0,0
db15k_mhyper_adamf,D-A,dev_oof,Center-0.5,17,6,0,0,0,0
db15k_mhyper_adamf,D-A,dev_oof,Center-0.5,18,7,0,0,0,0
db15k_mhyper_adamf,D-A,dev_oof,Center-0.5,19,9,0,0,0,0
db15k_mhyper_adamf,D-A,dev_oof,Center-0.5,20,21,0,0,0,0
db15k_mhyper_adamf,D-A,dev_oof,Center-0.5,21,27,0,0,0,0
db15k_mhyper_adamf,D-A,dev_oof,Center-0.5,22,132,0,1,0,0
db15k_mhyper_adamf,D-A,dev_oof,Center-0.5,23,1,6,15,6,6
db15k_mhyper_adamf,D-A,dev_oof,Center-0.5,24,2,0,1,0,0
db15k_mhyper_adamf,D-A,dev_oof,Center-0.5,25,3,0,0,0,0
db15k_mhyper_adamf,D-A,dev_oof,Center-0.5,26,4,0,0,0,0
db15k_mhyper_adamf,D-A,dev_oof,Center-0.5,27,5,0,0,0,0
db15k_mhyper_adamf,D-A,dev_oof,Center-0.5,28,6,0,0,0,0
db15k_mhyper_adamf,D-A,dev_oof,Center-0.5,29,7,0,0,0,0
db15k_mhyper_adamf,D-A,dev_oof,Center-0.5,30,8,0,0,0,0
db15k_mhyper_adamf,D-A,dev_oof,Center-0.5,31,9,0,0,0,0
db15k_mhyper_adamf,D-A,dev_oof,Center-0.5,32,20,0,0,0,0
db15k_mhyper_adamf,D-A,dev_oof,Center-0.5,33,26,0,0,0,0
db15k_mhyper_adamf,D-A,dev_oof,Center-0.5,34,31,0,0,0,0
db15k_mhyper_adamf,D-A,dev_oof,Center-0.5,35,124,0,1,0,0
db15k_mhyper_adamf,D-A,dev_oof,Center-0.5,36,1,1,12,1,1
db15k_mhyper_adamf,D-A,dev_oof,Center-0.5,37,2,0,0,0,0
db15k_mhyper_adamf,D-A,dev_oof,Center-0.5,38,3,0,0,0,0
db15k_mhyper_adamf,D-A,dev_oof,Center-0.5,39,4,0,0,0,0
db15k_mhyper_adamf,D-A,dev_oof,Center-0.5,40,5,0,0,0,0
db15k_mhyper_adamf,D-A,dev_oof,Center-0.5,41,6,0,0,0,0
db15k_mhyper_adamf,D-A,dev_oof,Center-0.5,42,7,0,0,0,0
db15k_mhyper_adamf,D-A,dev_oof,Center-0.5,43,8,0,0,0,0
db15k_mhyper_adamf,D-A,dev_oof,Center-0.5,44,20,0,0,0,0
db15k_mhyper_adamf,D-A,dev_oof,Center-0.5,45,25,0,0,0,0
db15k_mhyper_adamf,D-A,dev_oof,Center-0.5,46,27,0,0,0,0
db15k_mhyper_adamf,D-A,dev_oof,Center-0.5,47,139,0,1,0,0
db15k_mhyper_adamf,D-A,dev_oof,Center-0.5,48,1,17,24,17,17
db15k_mhyper_adamf,D-A,dev_oof,Center-0.5,49,2,0,0,0,0
db15k_mhyper_adamf,D-A,dev_oof,Center-0.5,50,3,0,0,0,0
db15k_mhyper_adamf,D-A,dev_oof,Center-0.5,51,4,0,0,0,0
db15k_mhyper_adamf,D-A,dev_oof,Center-0.5,52,5,0,0,0,0
db15k_mhyper_adamf,D-A,dev_oof,Center-0.5,53,6,0,0,0,0
db15k_mhyper_adamf,D-A,dev_oof,Center-0.5,54,7,0,0,0,0
db15k_mhyper_adamf,D-A,dev_oof,Center-0.5,55,9,0,0,0,0
db15k_mhyper_adamf,D-A,dev_oof,Center-0.5,56,11,0,0,0,0
db15k_mhyper_adamf,D-A,dev_oof,Center-0.5,57,18,0,0,0,0
db15k_mhyper_adamf,D-A,dev_oof,Center-0.5,58,23,0,0,0,0
db15k_mhyper_adamf,D-A,dev_oof,Center-0.5,59,31,0,0,0,0
db15k_mhyper_adamf,D-A,dev_oof,Center-0.5,60,127,0,1,0,0
db15k_mhyper_adamf,D-A,dev_oof,Center-0.5,61,1,17,23,17,17
db15k_mhyper_adamf,D-A,dev_oof,Center-0.5,62,2,0,0,0,0
db15k_mhyper_adamf,D-A,dev_oof,Center-0.5,63,3,0,0,0,0
db15k_mhyper_adamf,D-A,dev_oof,Center-0.5,64,4,0,0,0,0
db15k_mhyper_adamf,D-A,dev_oof,Center-0.5,65,5,0,0,0,0
db15k_mhyper_adamf,D-A,dev_oof,Center-0.5,66,6,0,0,0,0
db15k_mhyper_adamf,D-A,dev_oof,Center-0.5,67,7,0,0,0,0
db15k_mhyper_adamf,D-A,dev_oof,Center-0.5,68,8,0,0,0,0
db15k_mhyper_adamf,D-A,dev_oof,Center-0.5,69,11,0,0,0,0
db15k_mhyper_adamf,D-A,dev_oof,Center-0.5,70,20,0,0,0,0
db15k_mhyper_adamf,D-A,dev_oof,Center-0.5,71,26,0,0,0,0
db15k_mhyper_adamf,D-A,dev_oof,Center-0.5,72,138,0,1,0,0
db15k_mhyper_adamf,D-A,dev_oof,Center-0.5,73,1,14,23,14,14
db15k_mhyper_adamf,D-A,dev_oof,Center-0.5,74,2,0,0,0,0
db15k_mhyper_adamf,D-A,dev_oof,Center-0.5,75,3,0,0,0,0
db15k_mhyper_adamf,D-A,dev_oof,Center-0.5,76,4,0,0,0,0
db15k_mhyper_adamf,D-A,dev_oof,Center-0.5,77,5,0,0,0,0
db15k_mhyper_adamf,D-A,dev_oof,Center-0.5,78,6,0,0,0,0
db15k_mhyper_adamf,D-A,dev_oof,Center-0.5,79,7,0,0,0,0
db15k_mhyper_adamf,D-A,dev_oof,Center-0.5,80,9,0,0,0,0
db15k_mhyper_adamf,D-A,dev_oof,Center-0.5,81,21,0,0,0,0
db15k_mhyper_adamf,D-A,dev_oof,Center-0.5,82,27,0,0,0,0
db15k_mhyper_adamf,D-A,dev_oof,Center-0.5,83,132,0,0,0,0
db15k_mhyper_adamf,D-A,dev_oof,Center-0.5,84,1,11,22,11,11
db15k_mhyper_adamf,D-A,dev_oof,Center-0.5,85,2,0,1,0,0
db15k_mhyper_adamf,D-A,dev_oof,Center-0.5,86,3,0,0,0,0
db15k_mhyper_adamf,D-A,dev_oof,Center-0.5,87,4,0,0,0,0
db15k_mhyper_adamf,D-A,dev_oof,Center-0.5,88,5,0,0,0,0
db15k_mhyper_adamf,D-A,dev_oof,Center-0.5,89,6,0,0,0,0
db15k_mhyper_adamf,D-A,dev_oof,Center-0.5,90,7,0,0,0,0
db15k_mhyper_adamf,D-A,dev_oof,Center-0.5,91,8,0,0,0,0
db15k_mhyper_adamf,D-A,dev_oof,Center-0.5,92,9,0,0,0,0
db15k_mhyper_adamf,D-A,dev_oof,Center-0.5,93,20,0,0,0,0
db15k_mhyper_adamf,D-A,dev_oof,Center-0.5,94,26,0,0,0,0
db15k_mhyper_adamf,D-A,dev_oof,Center-0.5,95,31,0,0,0,0
db15k_mhyper_adamf,D-A,dev_oof,Center-0.5,96,124,0,1,0,0
db15k_mhyper_adamf,D-A,dev_oof,Center-0.5,97,1,9,23,9,9
db15k_mhyper_adamf,D-A,dev_oof,Center-0.5,98,2,0,0,0,0
db15k_mhyper_adamf,D-A,dev_oof,Center-0.5,99,3,0,0,0,0
db15k_mhyper_adamf,D-A,dev_oof,Center-0.5,100,4,0,0,0,0
db15k_mhyper_adamf,D-A,dev_oof,Center-0.5,101,5,0,0,0,0
db15k_mhyper_adamf,D-A,dev_oof,Center-0.5,102,6,0,0,0,0
db15k_mhyper_adamf,D-A,dev_oof,Center-0.5,103,7,0,0,0,0
db15k_mhyper_adamf,D-A,dev_oof,Center-0.5,104,8,0,0,0,0
db15k_mhyper_adamf,D-A,dev_oof,Center-0.5,105,20,0,0,0,0
db15k_mhyper_adamf,D-A,dev_oof,Center-0.5,106,25,0,0,0,0
db15k_mhyper_adamf,D-A,dev_oof,Center-0.5,107,27,0,0,0,0
db15k_mhyper_adamf,D-A,dev_oof,Center-0.5,108,139,0,1,0,0
db15k_mhyper_adamf,D-A,dev_oof,Center-0.5,109,1,21,35,21,21
db15k_mhyper_adamf,D-A,dev_oof,Center-0.5,110,2,0,0,0,0
db15k_mhyper_adamf,D-A,dev_oof,Center-0.5,111,3,0,0,0,0
db15k_mhyper_adamf,D-A,dev_oof,Center-0.5,112,4,0,0,0,0
db15k_mhyper_adamf,D-A,dev_oof,Center-0.5,113,5,0,0,0,0
db15k_mhyper_adamf,D-A,dev_oof,Center-0.5,114,6,0,0,0,0
db15k_mhyper_adamf,D-A,dev_oof,Center-0.5,115,7,0,0,0,0
db15k_mhyper_adamf,D-A,dev_oof,Center-0.5,116,9,0,0,0,0
db15k_mhyper_adamf,D-A,dev_oof,Center-0.5,117,11,0,0,0,0
db15k_mhyper_adamf,D-A,dev_oof,Center-0.5,118,18,0,0,0,0
db15k_mhyper_adamf,D-A,dev_oof,Center-0.5,119,23,0,0,0,0
db15k_mhyper_adamf,D-A,dev_oof,Center-0.5,120,31,0,0,0,0
db15k_mhyper_adamf,D-A,dev_oof,Center-0.5,121,127,0,0,0,0
db15k_mhyper_adamf,D-A,dev_oof,Center-0.5,122,1,12,15,12,12
db15k_mhyper_adamf,D-A,dev_oof,Center-0.5,123,2,0,0,0,0
db15k_mhyper_adamf,D-A,dev_oof,Center-0.5,124,3,0,0,0,0
db15k_mhyper_adamf,D-A,dev_oof,Center-0.5,125,4,0,0,0,0
db15k_mhyper_adamf,D-A,dev_oof,Center-0.5,126,5,0,0,0,0
db15k_mhyper_adamf,D-A,dev_oof,Center-0.5,127,6,0,0,0,0
db15k_mhyper_adamf,D-A,dev_oof,Center-0.5,128,7,0,0,0,0
db15k_mhyper_adamf,D-A,dev_oof,Center-0.5,129,8,0,0,0,0
db15k_mhyper_adamf,D-A,dev_oof,Center-0.5,130,11,0,0,0,0
db15k_mhyper_adamf,D-A,dev_oof,Center-0.5,131,20,0,0,0,0
db15k_mhyper_adamf,D-A,dev_oof,Center-0.5,132,26,0,0,0,0
db15k_mhyper_adamf,D-A,dev_oof,Center-0.5,133,138,0,1,0,0
db15k_mhyper_adamf,D-A,dev_oof,Center-0.5,134,1,8,15,8,8
db15k_mhyper_adamf,D-A,dev_oof,Center-0.5,135,2,0,0,0,0
db15k_mhyper_adamf,D-A,dev_oof,Center-0.5,136,3,0,0,0,0
db15k_mhyper_adamf,D-A,dev_oof,Center-0.5,137,4,0,0,0,0
db15k_mhyper_adamf,D-A,dev_oof,Center-0.5,138,5,0,0,0,0
db15k_mhyper_adamf,D-A,dev_oof,Center-0.5,139,6,0,0,0,0
db15k_mhyper_adamf,D-A,dev_oof,Center-0.5,140,7,0,0,0,0
db15k_mhyper_adamf,D-A,dev_oof,Center-0.5,141,9,0,0,0,0
db15k_mhyper_adamf,D-A,dev_oof,Center-0.5,142,21,0,0,0,0
db15k_mhyper_adamf,D-A,dev_oof,Center-0.5,143,27,0,0,0,0
db15k_mhyper_adamf,D-A,dev_oof,Center-0.5,144,132,0,1,0,0
db15k_mhyper_adamf,D-A,dev_oof,Center-0.5,145,1,5,22,5,5
db15k_mhyper_adamf,D-A,dev_oof,Center-0.5,146,2,0,1,0,0
db15k_mhyper_adamf,D-A,dev_oof,Center-0.5,147,3,0,0,0,0
db15k_mhyper_adamf,D-A,dev_oof,Center-0.5,148,4,0,0,0,0
db15k_mhyper_adamf,D-A,dev_oof,Center-0.5,149,5,0,0,0,0
db15k_mhyper_adamf,D-A,dev_oof,Center-0.5,150,6,0,0,0,0
db15k_mhyper_adamf,D-A,dev_oof,Center-0.5,151,7,0,0,0,0
db15k_mhyper_adamf,D-A,dev_oof,Center-0.5,152,8,0,0,0,0
db15k_mhyper_adamf,D-A,dev_oof,Center-0.5,153,9,0,0,0,0
db15k_mhyper_adamf,D-A,dev_oof,Center-0.5,154,20,0,0,0,0
db15k_mhyper_adamf,D-A,dev_oof,Center-0.5,155,26,0,0,0,0
db15k_mhyper_adamf,D-A,dev_oof,Center-0.5,156,31,0,0,0,0
db15k_mhyper_adamf,D-A,dev_oof,Center-0.5,157,124,0,1,0,0
db15k_mhyper_adamf,D-A,dev_oof,Center-0.5,158,1,5,18,5,5
db15k_mhyper_adamf,D-A,dev_oof,Center-0.5,159,2,0,1,0,0
db15k_mhyper_adamf,D-A,dev_oof,Center-0.5,160,3,0,0,0,0
db15k_mhyper_adamf,D-A,dev_oof,Center-0.5,161,4,0,0,0,0
db15k_mhyper_adamf,D-A,dev_oof,Center-0.5,162,5,0,0,0,0
db15k_mhyper_adamf,D-A,dev_oof,Center-0.5,163,6,0,0,0,0
db15k_mhyper_adamf,D-A,dev_oof,Center-0.5,164,7,0,0,0,0
db15k_mhyper_adamf,D-A,dev_oof,Center-0.5,165,8,0,0,0,0
db15k_mhyper_adamf,D-A,dev_oof,Center-0.5,166,20,0,0,0,0
db15k_mhyper_adamf,D-A,dev_oof,Center-0.5,167,25,0,0,0,0
db15k_mhyper_adamf,D-A,dev_oof,Center-0.5,168,27,0,0,0,0
db15k_mhyper_adamf,D-A,dev_oof,Center-0.5,169,139,0,1,0,0
db15k_mhyper_adamf,D-A,dev_oof,Center-0.5,170,1,16,28,16,16
db15k_mhyper_adamf,D-A,dev_oof,Center-0.5,171,2,0,0,0,0
db15k_mhyper_adamf,D-A,dev_oof,Center-0.5,172,3,0,0,0,0
db15k_mhyper_adamf,D-A,dev_oof,Center-0.5,173,4,0,0,0,0
db15k_mhyper_adamf,D-A,dev_oof,Center-0.5,174,5,0,0,0,0
db15k_mhyper_adamf,D-A,dev_oof,Center-0.5,175,6,0,0,0,0
db15k_mhyper_adamf,D-A,dev_oof,Center-0.5,176,7,0,0,0,0
db15k_mhyper_adamf,D-A,dev_oof,Center-0.5,177,9,0,0,0,0
db15k_mhyper_adamf,D-A,dev_oof,Center-0.5,178,11,0,0,0,0
db15k_mhyper_adamf,D-A,dev_oof,Center-0.5,179,18,0,0,0,0
db15k_mhyper_adamf,D-A,dev_oof,Center-0.5,180,23,0,0,0,0
db15k_mhyper_adamf,D-A,dev_oof,Center-0.5,181,31,0,0,0,0
db15k_mhyper_adamf,D-A,dev_oof,Center-0.5,182,127,0,1,0,0
db15k_mhyper_adamf,D-A,dev_oof,Linear-p,0,1,19,19,19,19
db15k_mhyper_adamf,D-A,dev_oof,Linear-p,1,2,0,0,0,0
db15k_mhyper_adamf,D-A,dev_oof,Linear-p,2,3,0,0,0,0
db15k_mhyper_adamf,D-A,dev_oof,Linear-p,3,4,0,0,0,0
db15k_mhyper_adamf,D-A,dev_oof,Linear-p,4,5,0,0,0,0
db15k_mhyper_adamf,D-A,dev_oof,Linear-p,5,6,0,0,0,0
db15k_mhyper_adamf,D-A,dev_oof,Linear-p,6,7,0,0,0,0
db15k_mhyper_adamf,D-A,dev_oof,Linear-p,7,8,0,0,0,0
db15k_mhyper_adamf,D-A,dev_oof,Linear-p,8,11,0,0,0,0
db15k_mhyper_adamf,D-A,dev_oof,Linear-p,9,20,0,0,0,0
db15k_mhyper_adamf,D-A,dev_oof,Linear-p,10,26,0,0,0,0
db15k_mhyper_adamf,D-A,dev_oof,Linear-p,11,138,0,0,0,0
db15k_mhyper_adamf,D-A,dev_oof,Linear-p,12,1,12,12,12,12
db15k_mhyper_adamf,D-A,dev_oof,Linear-p,13,2,0,0,0,0
db15k_mhyper_adamf,D-A,dev_oof,Linear-p,14,3,0,0,0,0
db15k_mhyper_adamf,D-A,dev_oof,Linear-p,15,4,0,0,0,0
db15k_mhyper_adamf,D-A,dev_oof,Linear-p,16,5,0,0,0,0
db15k_mhyper_adamf,D-A,dev_oof,Linear-p,17,6,0,0,0,0
db15k_mhyper_adamf,D-A,dev_oof,Linear-p,18,7,0,0,0,0
db15k_mhyper_adamf,D-A,dev_oof,Linear-p,19,9,0,0,0,0
db15k_mhyper_adamf,D-A,dev_oof,Linear-p,20,21,0,0,0,0
db15k_mhyper_adamf,D-A,dev_oof,Linear-p,21,27,0,0,0,0
db15k_mhyper_adamf,D-A,dev_oof,Linear-p,22,132,0,0,0,0
db15k_mhyper_adamf,D-A,dev_oof,Linear-p,23,1,6,6,6,6
db15k_mhyper_adamf,D-A,dev_oof,Linear-p,24,2,0,0,0,0
db15k_mhyper_adamf,D-A,dev_oof,Linear-p,25,3,0,0,0,0
db15k_mhyper_adamf,D-A,dev_oof,Linear-p,26,4,0,0,0,0
db15k_mhyper_adamf,D-A,dev_oof,Linear-p,27,5,0,0,0,0
db15k_mhyper_adamf,D-A,dev_oof,Linear-p,28,6,0,0,0,0
db15k_mhyper_adamf,D-A,dev_oof,Linear-p,29,7,0,0,0,0
db15k_mhyper_adamf,D-A,dev_oof,Linear-p,30,8,0,0,0,0
db15k_mhyper_adamf,D-A,dev_oof,Linear-p,31,9,0,0,0,0
db15k_mhyper_adamf,D-A,dev_oof,Linear-p,32,20,0,0,0,0
db15k_mhyper_adamf,D-A,dev_oof,Linear-p,33,26,0,0,0,0
db15k_mhyper_adamf,D-A,dev_oof,Linear-p,34,31,0,0,0,0
db15k_mhyper_adamf,D-A,dev_oof,Linear-p,35,124,0,0,0,0
db15k_mhyper_adamf,D-A,dev_oof,Linear-p,36,1,1,1,1,1
db15k_mhyper_adamf,D-A,dev_oof,Linear-p,37,2,0,0,0,0
db15k_mhyper_adamf,D-A,dev_oof,Linear-p,38,3,0,0,0,0
db15k_mhyper_adamf,D-A,dev_oof,Linear-p,39,4,0,0,0,0
db15k_mhyper_adamf,D-A,dev_oof,Linear-p,40,5,0,0,0,0
db15k_mhyper_adamf,D-A,dev_oof,Linear-p,41,6,0,0,0,0
db15k_mhyper_adamf,D-A,dev_oof,Linear-p,42,7,0,0,0,0
db15k_mhyper_adamf,D-A,dev_oof,Linear-p,43,8,0,0,0,0
db15k_mhyper_adamf,D-A,dev_oof,Linear-p,44,20,0,0,0,0
db15k_mhyper_adamf,D-A,dev_oof,Linear-p,45,25,0,0,0,0
db15k_mhyper_adamf,D-A,dev_oof,Linear-p,46,27,0,0,0,0
db15k_mhyper_adamf,D-A,dev_oof,Linear-p,47,139,0,0,0,0
db15k_mhyper_adamf,D-A,dev_oof,Linear-p,48,1,17,17,17,17
db15k_mhyper_adamf,D-A,dev_oof,Linear-p,49,2,0,0,0,0
db15k_mhyper_adamf,D-A,dev_oof,Linear-p,50,3,0,0,0,0
db15k_mhyper_adamf,D-A,dev_oof,Linear-p,51,4,0,0,0,0
db15k_mhyper_adamf,D-A,dev_oof,Linear-p,52,5,0,0,0,0
db15k_mhyper_adamf,D-A,dev_oof,Linear-p,53,6,0,0,0,0
db15k_mhyper_adamf,D-A,dev_oof,Linear-p,54,7,0,0,0,0
db15k_mhyper_adamf,D-A,dev_oof,Linear-p,55,9,0,0,0,0
db15k_mhyper_adamf,D-A,dev_oof,Linear-p,56,11,0,0,0,0
db15k_mhyper_adamf,D-A,dev_oof,Linear-p,57,18,0,0,0,0
db15k_mhyper_adamf,D-A,dev_oof,Linear-p,58,23,0,0,0,0
db15k_mhyper_adamf,D-A,dev_oof,Linear-p,59,31,0,0,0,0
db15k_mhyper_adamf,D-A,dev_oof,Linear-p,60,127,0,0,0,0
db15k_mhyper_adamf,D-A,dev_oof,Linear-p,61,1,17,17,17,17
db15k_mhyper_adamf,D-A,dev_oof,Linear-p,62,2,0,0,0,0
db15k_mhyper_adamf,D-A,dev_oof,Linear-p,63,3,0,0,0,0
db15k_mhyper_adamf,D-A,dev_oof,Linear-p,64,4,0,0,0,0
db15k_mhyper_adamf,D-A,dev_oof,Linear-p,65,5,0,0,0,0
db15k_mhyper_adamf,D-A,dev_oof,Linear-p,66,6,0,0,0,0
db15k_mhyper_adamf,D-A,dev_oof,Linear-p,67,7,0,0,0,0
db15k_mhyper_adamf,D-A,dev_oof,Linear-p,68,8,0,0,0,0
db15k_mhyper_adamf,D-A,dev_oof,Linear-p,69,11,0,0,0,0
db15k_mhyper_adamf,D-A,dev_oof,Linear-p,70,20,0,0,0,0
db15k_mhyper_adamf,D-A,dev_oof,Linear-p,71,26,0,0,0,0
db15k_mhyper_adamf,D-A,dev_oof,Linear-p,72,138,0,0,0,0
db15k_mhyper_adamf,D-A,dev_oof,Linear-p,73,1,14,14,14,14
db15k_mhyper_adamf,D-A,dev_oof,Linear-p,74,2,0,0,0,0
db15k_mhyper_adamf,D-A,dev_oof,Linear-p,75,3,0,0,0,0
db15k_mhyper_adamf,D-A,dev_oof,Linear-p,76,4,0,0,0,0
db15k_mhyper_adamf,D-A,dev_oof,Linear-p,77,5,0,0,0,0
db15k_mhyper_adamf,D-A,dev_oof,Linear-p,78,6,0,0,0,0
db15k_mhyper_adamf,D-A,dev_oof,Linear-p,79,7,0,0,0,0
db15k_mhyper_adamf,D-A,dev_oof,Linear-p,80,9,0,0,0,0
db15k_mhyper_adamf,D-A,dev_oof,Linear-p,81,21,0,0,0,0
db15k_mhyper_adamf,D-A,dev_oof,Linear-p,82,27,0,0,0,0
db15k_mhyper_adamf,D-A,dev_oof,Linear-p,83,132,0,0,0,0
db15k_mhyper_adamf,D-A,dev_oof,Linear-p,84,1,11,11,11,11
db15k_mhyper_adamf,D-A,dev_oof,Linear-p,85,2,0,0,0,0
db15k_mhyper_adamf,D-A,dev_oof,Linear-p,86,3,0,0,0,0
db15k_mhyper_adamf,D-A,dev_oof,Linear-p,87,4,0,0,0,0
db15k_mhyper_adamf,D-A,dev_oof,Linear-p,88,5,0,0,0,0
db15k_mhyper_adamf,D-A,dev_oof,Linear-p,89,6,0,0,0,0
db15k_mhyper_adamf,D-A,dev_oof,Linear-p,90,7,0,0,0,0
db15k_mhyper_adamf,D-A,dev_oof,Linear-p,91,8,0,0,0,0
db15k_mhyper_adamf,D-A,dev_oof,Linear-p,92,9,0,0,0,0
db15k_mhyper_adamf,D-A,dev_oof,Linear-p,93,20,0,0,0,0
db15k_mhyper_adamf,D-A,dev_oof,Linear-p,94,26,0,0,0,0
db15k_mhyper_adamf,D-A,dev_oof,Linear-p,95,31,0,0,0,0
db15k_mhyper_adamf,D-A,dev_oof,Linear-p,96,124,0,0,0,0
db15k_mhyper_adamf,D-A,dev_oof,Linear-p,97,1,9,9,9,9
db15k_mhyper_adamf,D-A,dev_oof,Linear-p,98,2,0,0,0,0
db15k_mhyper_adamf,D-A,dev_oof,Linear-p,99,3,0,0,0,0
db15k_mhyper_adamf,D-A,dev_oof,Linear-p,100,4,0,0,0,0
db15k_mhyper_adamf,D-A,dev_oof,Linear-p,101,5,0,0,0,0
db15k_mhyper_adamf,D-A,dev_oof,Linear-p,102,6,0,0,0,0
db15k_mhyper_adamf,D-A,dev_oof,Linear-p,103,7,0,0,0,0
db15k_mhyper_adamf,D-A,dev_oof,Linear-p,104,8,0,0,0,0
db15k_mhyper_adamf,D-A,dev_oof,Linear-p,105,20,0,0,0,0
db15k_mhyper_adamf,D-A,dev_oof,Linear-p,106,25,0,0,0,0
db15k_mhyper_adamf,D-A,dev_oof,Linear-p,107,27,0,0,0,0
db15k_mhyper_adamf,D-A,dev_oof,Linear-p,108,139,0,0,0,0
db15k_mhyper_adamf,D-A,dev_oof,Linear-p,109,1,21,21,21,21
db15k_mhyper_adamf,D-A,dev_oof,Linear-p,110,2,0,0,0,0
db15k_mhyper_adamf,D-A,dev_oof,Linear-p,111,3,0,0,0,0
db15k_mhyper_adamf,D-A,dev_oof,Linear-p,112,4,0,0,0,0
db15k_mhyper_adamf,D-A,dev_oof,Linear-p,113,5,0,0,0,0
db15k_mhyper_adamf,D-A,dev_oof,Linear-p,114,6,0,0,0,0
db15k_mhyper_adamf,D-A,dev_oof,Linear-p,115,7,0,0,0,0
db15k_mhyper_adamf,D-A,dev_oof,Linear-p,116,9,0,0,0,0
db15k_mhyper_adamf,D-A,dev_oof,Linear-p,117,11,0,0,0,0
db15k_mhyper_adamf,D-A,dev_oof,Linear-p,118,18,0,0,0,0
db15k_mhyper_adamf,D-A,dev_oof,Linear-p,119,23,0,0,0,0
db15k_mhyper_adamf,D-A,dev_oof,Linear-p,120,31,0,0,0,0
db15k_mhyper_adamf,D-A,dev_oof,Linear-p,121,127,0,0,0,0
db15k_mhyper_adamf,D-A,dev_oof,Linear-p,122,1,12,12,12,12
db15k_mhyper_adamf,D-A,dev_oof,Linear-p,123,2,0,0,0,0
db15k_mhyper_adamf,D-A,dev_oof,Linear-p,124,3,0,0,0,0
db15k_mhyper_adamf,D-A,dev_oof,Linear-p,125,4,0,0,0,0
db15k_mhyper_adamf,D-A,dev_oof,Linear-p,126,5,0,0,0,0
db15k_mhyper_adamf,D-A,dev_oof,Linear-p,127,6,0,0,0,0
db15k_mhyper_adamf,D-A,dev_oof,Linear-p,128,7,0,0,0,0
db15k_mhyper_adamf,D-A,dev_oof,Linear-p,129,8,0,0,0,0
db15k_mhyper_adamf,D-A,dev_oof,Linear-p,130,11,0,0,0,0
db15k_mhyper_adamf,D-A,dev_oof,Linear-p,131,20,0,0,0,0
db15k_mhyper_adamf,D-A,dev_oof,Linear-p,132,26,0,0,0,0
db15k_mhyper_adamf,D-A,dev_oof,Linear-p,133,138,0,0,0,0
db15k_mhyper_adamf,D-A,dev_oof,Linear-p,134,1,8,8,8,8
db15k_mhyper_adamf,D-A,dev_oof,Linear-p,135,2,0,0,0,0
db15k_mhyper_adamf,D-A,dev_oof,Linear-p,136,3,0,0,0,0
db15k_mhyper_adamf,D-A,dev_oof,Linear-p,137,4,0,0,0,0
db15k_mhyper_adamf,D-A,dev_oof,Linear-p,138,5,0,0,0,0
db15k_mhyper_adamf,D-A,dev_oof,Linear-p,139,6,0,0,0,0
db15k_mhyper_adamf,D-A,dev_oof,Linear-p,140,7,0,0,0,0
db15k_mhyper_adamf,D-A,dev_oof,Linear-p,141,9,0,0,0,0
db15k_mhyper_adamf,D-A,dev_oof,Linear-p,142,21,0,0,0,0
db15k_mhyper_adamf,D-A,dev_oof,Linear-p,143,27,0,0,0,0
db15k_mhyper_adamf,D-A,dev_oof,Linear-p,144,132,0,0,0,0
db15k_mhyper_adamf,D-A,dev_oof,Linear-p,145,1,5,5,5,5
db15k_mhyper_adamf,D-A,dev_oof,Linear-p,146,2,0,0,0,0
db15k_mhyper_adamf,D-A,dev_oof,Linear-p,147,3,0,0,0,0
db15k_mhyper_adamf,D-A,dev_oof,Linear-p,148,4,0,0,0,0
db15k_mhyper_adamf,D-A,dev_oof,Linear-p,149,5,0,0,0,0
db15k_mhyper_adamf,D-A,dev_oof,Linear-p,150,6,0,0,0,0
db15k_mhyper_adamf,D-A,dev_oof,Linear-p,151,7,0,0,0,0
db15k_mhyper_adamf,D-A,dev_oof,Linear-p,152,8,0,0,0,0
db15k_mhyper_adamf,D-A,dev_oof,Linear-p,153,9,0,0,0,0
db15k_mhyper_adamf,D-A,dev_oof,Linear-p,154,20,0,0,0,0
db15k_mhyper_adamf,D-A,dev_oof,Linear-p,155,26,0,0,0,0
db15k_mhyper_adamf,D-A,dev_oof,Linear-p,156,31,0,0,0,0
db15k_mhyper_adamf,D-A,dev_oof,Linear-p,157,124,0,0,0,0
db15k_mhyper_adamf,D-A,dev_oof,Linear-p,158,1,5,5,5,5
db15k_mhyper_adamf,D-A,dev_oof,Linear-p,159,2,0,0,0,0
db15k_mhyper_adamf,D-A,dev_oof,Linear-p,160,3,0,0,0,0
db15k_mhyper_adamf,D-A,dev_oof,Linear-p,161,4,0,0,0,0
db15k_mhyper_adamf,D-A,dev_oof,Linear-p,162,5,0,0,0,0
db15k_mhyper_adamf,D-A,dev_oof,Linear-p,163,6,0,0,0,0
db15k_mhyper_adamf,D-A,dev_oof,Linear-p,164,7,0,0,0,0
db15k_mhyper_adamf,D-A,dev_oof,Linear-p,165,8,0,0,0,0
db15k_mhyper_adamf,D-A,dev_oof,Linear-p,166,20,0,0,0,0
db15k_mhyper_adamf,D-A,dev_oof,Linear-p,167,25,0,0,0,0
db15k_mhyper_adamf,D-A,dev_oof,Linear-p,168,27,0,0,0,0
db15k_mhyper_adamf,D-A,dev_oof,Linear-p,169,139,0,0,0,0
db15k_mhyper_adamf,D-A,dev_oof,Linear-p,170,1,16,16,16,16
db15k_mhyper_adamf,D-A,dev_oof,Linear-p,171,2,0,0,0,0
db15k_mhyper_adamf,D-A,dev_oof,Linear-p,172,3,0,0,0,0
db15k_mhyper_adamf,D-A,dev_oof,Linear-p,173,4,0,0,0,0
db15k_mhyper_adamf,D-A,dev_oof,Linear-p,174,5,0,0,0,0
db15k_mhyper_adamf,D-A,dev_oof,Linear-p,175,6,0,0,0,0
db15k_mhyper_adamf,D-A,dev_oof,Linear-p,176,7,0,0,0,0
db15k_mhyper_adamf,D-A,dev_oof,Linear-p,177,9,0,0,0,0
db15k_mhyper_adamf,D-A,dev_oof,Linear-p,178,11,0,0,0,0
db15k_mhyper_adamf,D-A,dev_oof,Linear-p,179,18,0,0,0,0
db15k_mhyper_adamf,D-A,dev_oof,Linear-p,180,23,0,0,0,0
db15k_mhyper_adamf,D-A,dev_oof,Linear-p,181,31,0,0,0,0
db15k_mhyper_adamf,D-A,dev_oof,Linear-p,182,127,0,0,0,0
db15k_mhyper_adamf,D-A,dev_oof,Clip-g,0,1,19,19,19,19
db15k_mhyper_adamf,D-A,dev_oof,Clip-g,1,2,0,0,0,0
db15k_mhyper_adamf,D-A,dev_oof,Clip-g,2,3,0,0,0,0
db15k_mhyper_adamf,D-A,dev_oof,Clip-g,3,4,0,0,0,0
db15k_mhyper_adamf,D-A,dev_oof,Clip-g,4,5,0,0,0,0
db15k_mhyper_adamf,D-A,dev_oof,Clip-g,5,6,0,0,0,0
db15k_mhyper_adamf,D-A,dev_oof,Clip-g,6,7,0,0,0,0
db15k_mhyper_adamf,D-A,dev_oof,Clip-g,7,8,0,0,0,0
db15k_mhyper_adamf,D-A,dev_oof,Clip-g,8,11,0,0,0,0
db15k_mhyper_adamf,D-A,dev_oof,Clip-g,9,20,0,0,0,0
db15k_mhyper_adamf,D-A,dev_oof,Clip-g,10,26,0,0,0,0
db15k_mhyper_adamf,D-A,dev_oof,Clip-g,11,138,0,0,0,0
db15k_mhyper_adamf,D-A,dev_oof,Clip-g,12,1,12,12,12,12
db15k_mhyper_adamf,D-A,dev_oof,Clip-g,13,2,0,0,0,0
db15k_mhyper_adamf,D-A,dev_oof,Clip-g,14,3,0,0,0,0
db15k_mhyper_adamf,D-A,dev_oof,Clip-g,15,4,0,0,0,0
db15k_mhyper_adamf,D-A,dev_oof,Clip-g,16,5,0,0,0,0
db15k_mhyper_adamf,D-A,dev_oof,Clip-g,17,6,0,0,0,0
db15k_mhyper_adamf,D-A,dev_oof,Clip-g,18,7,0,0,0,0
db15k_mhyper_adamf,D-A,dev_oof,Clip-g,19,9,0,0,0,0
db15k_mhyper_adamf,D-A,dev_oof,Clip-g,20,21,0,0,0,0
db15k_mhyper_adamf,D-A,dev_oof,Clip-g,21,27,0,0,0,0
db15k_mhyper_adamf,D-A,dev_oof,Clip-g,22,132,0,0,0,0
db15k_mhyper_adamf,D-A,dev_oof,Clip-g,23,1,6,6,6,6
db15k_mhyper_adamf,D-A,dev_oof,Clip-g,24,2,0,0,0,0
db15k_mhyper_adamf,D-A,dev_oof,Clip-g,25,3,0,0,0,0
db15k_mhyper_adamf,D-A,dev_oof,Clip-g,26,4,0,0,0,0
db15k_mhyper_adamf,D-A,dev_oof,Clip-g,27,5,0,0,0,0
db15k_mhyper_adamf,D-A,dev_oof,Clip-g,28,6,0,0,0,0
db15k_mhyper_adamf,D-A,dev_oof,Clip-g,29,7,0,0,0,0
db15k_mhyper_adamf,D-A,dev_oof,Clip-g,30,8,0,0,0,0
db15k_mhyper_adamf,D-A,dev_oof,Clip-g,31,9,0,0,0,0
db15k_mhyper_adamf,D-A,dev_oof,Clip-g,32,20,0,0,0,0
db15k_mhyper_adamf,D-A,dev_oof,Clip-g,33,26,0,0,0,0
db15k_mhyper_adamf,D-A,dev_oof,Clip-g,34,31,0,0,0,0
db15k_mhyper_adamf,D-A,dev_oof,Clip-g,35,124,0,0,0,0
db15k_mhyper_adamf,D-A,dev_oof,Clip-g,36,1,1,1,1,1
db15k_mhyper_adamf,D-A,dev_oof,Clip-g,37,2,0,0,0,0
db15k_mhyper_adamf,D-A,dev_oof,Clip-g,38,3,0,0,0,0
db15k_mhyper_adamf,D-A,dev_oof,Clip-g,39,4,0,0,0,0
db15k_mhyper_adamf,D-A,dev_oof,Clip-g,40,5,0,0,0,0
db15k_mhyper_adamf,D-A,dev_oof,Clip-g,41,6,0,0,0,0
db15k_mhyper_adamf,D-A,dev_oof,Clip-g,42,7,0,0,0,0
db15k_mhyper_adamf,D-A,dev_oof,Clip-g,43,8,0,0,0,0
db15k_mhyper_adamf,D-A,dev_oof,Clip-g,44,20,0,0,0,0
db15k_mhyper_adamf,D-A,dev_oof,Clip-g,45,25,0,0,0,0
db15k_mhyper_adamf,D-A,dev_oof,Clip-g,46,27,0,0,0,0
db15k_mhyper_adamf,D-A,dev_oof,Clip-g,47,139,0,0,0,0
db15k_mhyper_adamf,D-A,dev_oof,Clip-g,48,1,17,17,17,17
db15k_mhyper_adamf,D-A,dev_oof,Clip-g,49,2,0,0,0,0
db15k_mhyper_adamf,D-A,dev_oof,Clip-g,50,3,0,0,0,0
db15k_mhyper_adamf,D-A,dev_oof,Clip-g,51,4,0,0,0,0
db15k_mhyper_adamf,D-A,dev_oof,Clip-g,52,5,0,0,0,0
db15k_mhyper_adamf,D-A,dev_oof,Clip-g,53,6,0,0,0,0
db15k_mhyper_adamf,D-A,dev_oof,Clip-g,54,7,0,0,0,0
db15k_mhyper_adamf,D-A,dev_oof,Clip-g,55,9,0,0,0,0
db15k_mhyper_adamf,D-A,dev_oof,Clip-g,56,11,0,0,0,0
db15k_mhyper_adamf,D-A,dev_oof,Clip-g,57,18,0,0,0,0
db15k_mhyper_adamf,D-A,dev_oof,Clip-g,58,23,0,0,0,0
db15k_mhyper_adamf,D-A,dev_oof,Clip-g,59,31,0,0,0,0
db15k_mhyper_adamf,D-A,dev_oof,Clip-g,60,127,0,0,0,0
db15k_mhyper_adamf,D-A,dev_oof,Clip-g,61,1,17,17,17,17
db15k_mhyper_adamf,D-A,dev_oof,Clip-g,62,2,0,0,0,0
db15k_mhyper_adamf,D-A,dev_oof,Clip-g,63,3,0,0,0,0
db15k_mhyper_adamf,D-A,dev_oof,Clip-g,64,4,0,0,0,0
db15k_mhyper_adamf,D-A,dev_oof,Clip-g,65,5,0,0,0,0
db15k_mhyper_adamf,D-A,dev_oof,Clip-g,66,6,0,0,0,0
db15k_mhyper_adamf,D-A,dev_oof,Clip-g,67,7,0,0,0,0
db15k_mhyper_adamf,D-A,dev_oof,Clip-g,68,8,0,0,0,0
db15k_mhyper_adamf,D-A,dev_oof,Clip-g,69,11,0,0,0,0
db15k_mhyper_adamf,D-A,dev_oof,Clip-g,70,20,0,0,0,0
db15k_mhyper_adamf,D-A,dev_oof,Clip-g,71,26,0,0,0,0
db15k_mhyper_adamf,D-A,dev_oof,Clip-g,72,138,0,0,0,0
db15k_mhyper_adamf,D-A,dev_oof,Clip-g,73,1,14,14,14,14
db15k_mhyper_adamf,D-A,dev_oof,Clip-g,74,2,0,0,0,0
db15k_mhyper_adamf,D-A,dev_oof,Clip-g,75,3,0,0,0,0
db15k_mhyper_adamf,D-A,dev_oof,Clip-g,76,4,0,0,0,0
db15k_mhyper_adamf,D-A,dev_oof,Clip-g,77,5,0,0,0,0
db15k_mhyper_adamf,D-A,dev_oof,Clip-g,78,6,0,0,0,0
db15k_mhyper_adamf,D-A,dev_oof,Clip-g,79,7,0,0,0,0
db15k_mhyper_adamf,D-A,dev_oof,Clip-g,80,9,0,0,0,0
db15k_mhyper_adamf,D-A,dev_oof,Clip-g,81,21,0,0,0,0
db15k_mhyper_adamf,D-A,dev_oof,Clip-g,82,27,0,0,0,0
db15k_mhyper_adamf,D-A,dev_oof,Clip-g,83,132,0,0,0,0
db15k_mhyper_adamf,D-A,dev_oof,Clip-g,84,1,11,11,11,11
db15k_mhyper_adamf,D-A,dev_oof,Clip-g,85,2,0,0,0,0
db15k_mhyper_adamf,D-A,dev_oof,Clip-g,86,3,0,0,0,0
db15k_mhyper_adamf,D-A,dev_oof,Clip-g,87,4,0,0,0,0
db15k_mhyper_adamf,D-A,dev_oof,Clip-g,88,5,0,0,0,0
db15k_mhyper_adamf,D-A,dev_oof,Clip-g,89,6,0,0,0,0
db15k_mhyper_adamf,D-A,dev_oof,Clip-g,90,7,0,0,0,0
db15k_mhyper_adamf,D-A,dev_oof,Clip-g,91,8,0,0,0,0
db15k_mhyper_adamf,D-A,dev_oof,Clip-g,92,9,0,0,0,0
db15k_mhyper_adamf,D-A,dev_oof,Clip-g,93,20,0,0,0,0
db15k_mhyper_adamf,D-A,dev_oof,Clip-g,94,26,0,0,0,0
db15k_mhyper_adamf,D-A,dev_oof,Clip-g,95,31,0,0,0,0
db15k_mhyper_adamf,D-A,dev_oof,Clip-g,96,124,0,0,0,0
db15k_mhyper_adamf,D-A,dev_oof,Clip-g,97,1,9,9,9,9
db15k_mhyper_adamf,D-A,dev_oof,Clip-g,98,2,0,0,0,0
db15k_mhyper_adamf,D-A,dev_oof,Clip-g,99,3,0,0,0,0
db15k_mhyper_adamf,D-A,dev_oof,Clip-g,100,4,0,0,0,0
db15k_mhyper_adamf,D-A,dev_oof,Clip-g,101,5,0,0,0,0
db15k_mhyper_adamf,D-A,dev_oof,Clip-g,102,6,0,0,0,0
db15k_mhyper_adamf,D-A,dev_oof,Clip-g,103,7,0,0,0,0
db15k_mhyper_adamf,D-A,dev_oof,Clip-g,104,8,0,0,0,0
db15k_mhyper_adamf,D-A,dev_oof,Clip-g,105,20,0,0,0,0
db15k_mhyper_adamf,D-A,dev_oof,Clip-g,106,25,0,0,0,0
db15k_mhyper_adamf,D-A,dev_oof,Clip-g,107,27,0,0,0,0
db15k_mhyper_adamf,D-A,dev_oof,Clip-g,108,139,0,0,0,0
db15k_mhyper_adamf,D-A,dev_oof,Clip-g,109,1,21,21,21,21
db15k_mhyper_adamf,D-A,dev_oof,Clip-g,110,2,0,0,0,0
db15k_mhyper_adamf,D-A,dev_oof,Clip-g,111,3,0,0,0,0
db15k_mhyper_adamf,D-A,dev_oof,Clip-g,112,4,0,0,0,0
db15k_mhyper_adamf,D-A,dev_oof,Clip-g,113,5,0,0,0,0
db15k_mhyper_adamf,D-A,dev_oof,Clip-g,114,6,0,0,0,0
db15k_mhyper_adamf,D-A,dev_oof,Clip-g,115,7,0,0,0,0
db15k_mhyper_adamf,D-A,dev_oof,Clip-g,116,9,0,0,0,0
db15k_mhyper_adamf,D-A,dev_oof,Clip-g,117,11,0,0,0,0
db15k_mhyper_adamf,D-A,dev_oof,Clip-g,118,18,0,0,0,0
db15k_mhyper_adamf,D-A,dev_oof,Clip-g,119,23,0,0,0,0
db15k_mhyper_adamf,D-A,dev_oof,Clip-g,120,31,0,0,0,0
db15k_mhyper_adamf,D-A,dev_oof,Clip-g,121,127,0,0,0,0
db15k_mhyper_adamf,D-A,dev_oof,Clip-g,122,1,12,12,12,12
db15k_mhyper_adamf,D-A,dev_oof,Clip-g,123,2,0,0,0,0
db15k_mhyper_adamf,D-A,dev_oof,Clip-g,124,3,0,0,0,0
db15k_mhyper_adamf,D-A,dev_oof,Clip-g,125,4,0,0,0,0
db15k_mhyper_adamf,D-A,dev_oof,Clip-g,126,5,0,0,0,0
db15k_mhyper_adamf,D-A,dev_oof,Clip-g,127,6,0,0,0,0
db15k_mhyper_adamf,D-A,dev_oof,Clip-g,128,7,0,0,0,0
db15k_mhyper_adamf,D-A,dev_oof,Clip-g,129,8,0,0,0,0
db15k_mhyper_adamf,D-A,dev_oof,Clip-g,130,11,0,0,0,0
db15k_mhyper_adamf,D-A,dev_oof,Clip-g,131,20,0,0,0,0
db15k_mhyper_adamf,D-A,dev_oof,Clip-g,132,26,0,0,0,0
db15k_mhyper_adamf,D-A,dev_oof,Clip-g,133,138,0,0,0,0
db15k_mhyper_adamf,D-A,dev_oof,Clip-g,134,1,8,8,8,8
db15k_mhyper_adamf,D-A,dev_oof,Clip-g,135,2,0,0,0,0
db15k_mhyper_adamf,D-A,dev_oof,Clip-g,136,3,0,0,0,0
db15k_mhyper_adamf,D-A,dev_oof,Clip-g,137,4,0,0,0,0
db15k_mhyper_adamf,D-A,dev_oof,Clip-g,138,5,0,0,0,0
db15k_mhyper_adamf,D-A,dev_oof,Clip-g,139,6,0,0,0,0
db15k_mhyper_adamf,D-A,dev_oof,Clip-g,140,7,0,0,0,0
db15k_mhyper_adamf,D-A,dev_oof,Clip-g,141,9,0,0,0,0
db15k_mhyper_adamf,D-A,dev_oof,Clip-g,142,21,0,0,0,0
db15k_mhyper_adamf,D-A,dev_oof,Clip-g,143,27,0,0,0,0
db15k_mhyper_adamf,D-A,dev_oof,Clip-g,144,132,0,0,0,0
db15k_mhyper_adamf,D-A,dev_oof,Clip-g,145,1,5,5,5,5
db15k_mhyper_adamf,D-A,dev_oof,Clip-g,146,2,0,0,0,0
db15k_mhyper_adamf,D-A,dev_oof,Clip-g,147,3,0,0,0,0
db15k_mhyper_adamf,D-A,dev_oof,Clip-g,148,4,0,0,0,0
db15k_mhyper_adamf,D-A,dev_oof,Clip-g,149,5,0,0,0,0
db15k_mhyper_adamf,D-A,dev_oof,Clip-g,150,6,0,0,0,0
db15k_mhyper_adamf,D-A,dev_oof,Clip-g,151,7,0,0,0,0
db15k_mhyper_adamf,D-A,dev_oof,Clip-g,152,8,0,0,0,0
db15k_mhyper_adamf,D-A,dev_oof,Clip-g,153,9,0,0,0,0
db15k_mhyper_adamf,D-A,dev_oof,Clip-g,154,20,0,0,0,0
db15k_mhyper_adamf,D-A,dev_oof,Clip-g,155,26,0,0,0,0
db15k_mhyper_adamf,D-A,dev_oof,Clip-g,156,31,0,0,0,0
db15k_mhyper_adamf,D-A,dev_oof,Clip-g,157,124,0,0,0,0
db15k_mhyper_adamf,D-A,dev_oof,Clip-g,158,1,5,5,5,5
db15k_mhyper_adamf,D-A,dev_oof,Clip-g,159,2,0,0,0,0
db15k_mhyper_adamf,D-A,dev_oof,Clip-g,160,3,0,0,0,0
db15k_mhyper_adamf,D-A,dev_oof,Clip-g,161,4,0,0,0,0
db15k_mhyper_adamf,D-A,dev_oof,Clip-g,162,5,0,0,0,0
db15k_mhyper_adamf,D-A,dev_oof,Clip-g,163,6,0,0,0,0
db15k_mhyper_adamf,D-A,dev_oof,Clip-g,164,7,0,0,0,0
db15k_mhyper_adamf,D-A,dev_oof,Clip-g,165,8,0,0,0,0
db15k_mhyper_adamf,D-A,dev_oof,Clip-g,166,20,0,0,0,0
db15k_mhyper_adamf,D-A,dev_oof,Clip-g,167,25,0,0,0,0
db15k_mhyper_adamf,D-A,dev_oof,Clip-g,168,27,0,0,0,0
db15k_mhyper_adamf,D-A,dev_oof,Clip-g,169,139,0,0,0,0
db15k_mhyper_adamf,D-A,dev_oof,Clip-g,170,1,16,16,16,16
db15k_mhyper_adamf,D-A,dev_oof,Clip-g,171,2,0,0,0,0
db15k_mhyper_adamf,D-A,dev_oof,Clip-g,172,3,0,0,0,0
db15k_mhyper_adamf,D-A,dev_oof,Clip-g,173,4,0,0,0,0
db15k_mhyper_adamf,D-A,dev_oof,Clip-g,174,5,0,0,0,0
db15k_mhyper_adamf,D-A,dev_oof,Clip-g,175,6,0,0,0,0
db15k_mhyper_adamf,D-A,dev_oof,Clip-g,176,7,0,0,0,0
db15k_mhyper_adamf,D-A,dev_oof,Clip-g,177,9,0,0,0,0
db15k_mhyper_adamf,D-A,dev_oof,Clip-g,178,11,0,0,0,0
db15k_mhyper_adamf,D-A,dev_oof,Clip-g,179,18,0,0,0,0
db15k_mhyper_adamf,D-A,dev_oof,Clip-g,180,23,0,0,0,0
db15k_mhyper_adamf,D-A,dev_oof,Clip-g,181,31,0,0,0,0
db15k_mhyper_adamf,D-A,dev_oof,Clip-g,182,127,0,0,0,0
db15k_mhyper_adamf,D-A,dev_oof,Shrink-fixed,0,1,19,22,19,19
db15k_mhyper_adamf,D-A,dev_oof,Shrink-fixed,1,2,0,0,0,0
db15k_mhyper_adamf,D-A,dev_oof,Shrink-fixed,2,3,0,0,0,0
db15k_mhyper_adamf,D-A,dev_oof,Shrink-fixed,3,4,0,0,0,0
db15k_mhyper_adamf,D-A,dev_oof,Shrink-fixed,4,5,0,0,0,0
db15k_mhyper_adamf,D-A,dev_oof,Shrink-fixed,5,6,0,0,0,0
db15k_mhyper_adamf,D-A,dev_oof,Shrink-fixed,6,7,0,0,0,0
db15k_mhyper_adamf,D-A,dev_oof,Shrink-fixed,7,8,0,0,0,0
db15k_mhyper_adamf,D-A,dev_oof,Shrink-fixed,8,11,0,0,0,0
db15k_mhyper_adamf,D-A,dev_oof,Shrink-fixed,9,20,0,0,0,0
db15k_mhyper_adamf,D-A,dev_oof,Shrink-fixed,10,26,0,0,0,0
db15k_mhyper_adamf,D-A,dev_oof,Shrink-fixed,11,138,0,1,0,0
db15k_mhyper_adamf,D-A,dev_oof,Shrink-fixed,12,1,12,17,12,12
db15k_mhyper_adamf,D-A,dev_oof,Shrink-fixed,13,2,0,0,0,0
db15k_mhyper_adamf,D-A,dev_oof,Shrink-fixed,14,3,0,0,0,0
db15k_mhyper_adamf,D-A,dev_oof,Shrink-fixed,15,4,0,0,0,0
db15k_mhyper_adamf,D-A,dev_oof,Shrink-fixed,16,5,0,0,0,0
db15k_mhyper_adamf,D-A,dev_oof,Shrink-fixed,17,6,0,0,0,0
db15k_mhyper_adamf,D-A,dev_oof,Shrink-fixed,18,7,0,0,0,0
db15k_mhyper_adamf,D-A,dev_oof,Shrink-fixed,19,9,0,0,0,0
db15k_mhyper_adamf,D-A,dev_oof,Shrink-fixed,20,21,0,0,0,0
db15k_mhyper_adamf,D-A,dev_oof,Shrink-fixed,21,27,0,0,0,0
db15k_mhyper_adamf,D-A,dev_oof,Shrink-fixed,22,132,0,1,0,0
db15k_mhyper_adamf,D-A,dev_oof,Shrink-fixed,23,1,6,15,6,6
db15k_mhyper_adamf,D-A,dev_oof,Shrink-fixed,24,2,0,1,0,0
db15k_mhyper_adamf,D-A,dev_oof,Shrink-fixed,25,3,0,0,0,0
db15k_mhyper_adamf,D-A,dev_oof,Shrink-fixed,26,4,0,0,0,0
db15k_mhyper_adamf,D-A,dev_oof,Shrink-fixed,27,5,0,0,0,0
db15k_mhyper_adamf,D-A,dev_oof,Shrink-fixed,28,6,0,0,0,0
db15k_mhyper_adamf,D-A,dev_oof,Shrink-fixed,29,7,0,0,0,0
db15k_mhyper_adamf,D-A,dev_oof,Shrink-fixed,30,8,0,0,0,0
db15k_mhyper_adamf,D-A,dev_oof,Shrink-fixed,31,9,0,0,0,0
db15k_mhyper_adamf,D-A,dev_oof,Shrink-fixed,32,20,0,0,0,0
db15k_mhyper_adamf,D-A,dev_oof,Shrink-fixed,33,26,0,0,0,0
db15k_mhyper_adamf,D-A,dev_oof,Shrink-fixed,34,31,0,0,0,0
db15k_mhyper_adamf,D-A,dev_oof,Shrink-fixed,35,124,0,1,0,0
db15k_mhyper_adamf,D-A,dev_oof,Shrink-fixed,36,1,1,12,1,1
db15k_mhyper_adamf,D-A,dev_oof,Shrink-fixed,37,2,0,0,0,0
db15k_mhyper_adamf,D-A,dev_oof,Shrink-fixed,38,3,0,0,0,0
db15k_mhyper_adamf,D-A,dev_oof,Shrink-fixed,39,4,0,0,0,0
db15k_mhyper_adamf,D-A,dev_oof,Shrink-fixed,40,5,0,0,0,0
db15k_mhyper_adamf,D-A,dev_oof,Shrink-fixed,41,6,0,0,0,0
db15k_mhyper_adamf,D-A,dev_oof,Shrink-fixed,42,7,0,0,0,0
db15k_mhyper_adamf,D-A,dev_oof,Shrink-fixed,43,8,0,0,0,0
db15k_mhyper_adamf,D-A,dev_oof,Shrink-fixed,44,20,0,0,0,0
db15k_mhyper_adamf,D-A,dev_oof,Shrink-fixed,45,25,0,0,0,0
db15k_mhyper_adamf,D-A,dev_oof,Shrink-fixed,46,27,0,0,0,0
db15k_mhyper_adamf,D-A,dev_oof,Shrink-fixed,47,139,0,1,0,0
db15k_mhyper_adamf,D-A,dev_oof,Shrink-fixed,48,1,17,24,17,17
db15k_mhyper_adamf,D-A,dev_oof,Shrink-fixed,49,2,0,0,0,0
db15k_mhyper_adamf,D-A,dev_oof,Shrink-fixed,50,3,0,0,0,0
db15k_mhyper_adamf,D-A,dev_oof,Shrink-fixed,51,4,0,0,0,0
db15k_mhyper_adamf,D-A,dev_oof,Shrink-fixed,52,5,0,0,0,0
db15k_mhyper_adamf,D-A,dev_oof,Shrink-fixed,53,6,0,0,0,0
db15k_mhyper_adamf,D-A,dev_oof,Shrink-fixed,54,7,0,0,0,0
db15k_mhyper_adamf,D-A,dev_oof,Shrink-fixed,55,9,0,0,0,0
db15k_mhyper_adamf,D-A,dev_oof,Shrink-fixed,56,11,0,0,0,0
db15k_mhyper_adamf,D-A,dev_oof,Shrink-fixed,57,18,0,0,0,0
db15k_mhyper_adamf,D-A,dev_oof,Shrink-fixed,58,23,0,0,0,0
db15k_mhyper_adamf,D-A,dev_oof,Shrink-fixed,59,31,0,0,0,0
db15k_mhyper_adamf,D-A,dev_oof,Shrink-fixed,60,127,0,1,0,0
db15k_mhyper_adamf,D-A,dev_oof,Shrink-fixed,61,1,17,23,17,17
db15k_mhyper_adamf,D-A,dev_oof,Shrink-fixed,62,2,0,0,0,0
db15k_mhyper_adamf,D-A,dev_oof,Shrink-fixed,63,3,0,0,0,0
db15k_mhyper_adamf,D-A,dev_oof,Shrink-fixed,64,4,0,0,0,0
db15k_mhyper_adamf,D-A,dev_oof,Shrink-fixed,65,5,0,0,0,0
db15k_mhyper_adamf,D-A,dev_oof,Shrink-fixed,66,6,0,0,0,0
db15k_mhyper_adamf,D-A,dev_oof,Shrink-fixed,67,7,0,0,0,0
db15k_mhyper_adamf,D-A,dev_oof,Shrink-fixed,68,8,0,0,0,0
db15k_mhyper_adamf,D-A,dev_oof,Shrink-fixed,69,11,0,0,0,0
db15k_mhyper_adamf,D-A,dev_oof,Shrink-fixed,70,20,0,0,0,0
db15k_mhyper_adamf,D-A,dev_oof,Shrink-fixed,71,26,0,0,0,0
db15k_mhyper_adamf,D-A,dev_oof,Shrink-fixed,72,138,0,1,0,0
db15k_mhyper_adamf,D-A,dev_oof,Shrink-fixed,73,1,14,23,14,14
db15k_mhyper_adamf,D-A,dev_oof,Shrink-fixed,74,2,0,0,0,0
db15k_mhyper_adamf,D-A,dev_oof,Shrink-fixed,75,3,0,0,0,0
db15k_mhyper_adamf,D-A,dev_oof,Shrink-fixed,76,4,0,0,0,0
db15k_mhyper_adamf,D-A,dev_oof,Shrink-fixed,77,5,0,0,0,0
db15k_mhyper_adamf,D-A,dev_oof,Shrink-fixed,78,6,0,0,0,0
db15k_mhyper_adamf,D-A,dev_oof,Shrink-fixed,79,7,0,0,0,0
db15k_mhyper_adamf,D-A,dev_oof,Shrink-fixed,80,9,0,0,0,0
db15k_mhyper_adamf,D-A,dev_oof,Shrink-fixed,81,21,0,0,0,0
db15k_mhyper_adamf,D-A,dev_oof,Shrink-fixed,82,27,0,0,0,0
db15k_mhyper_adamf,D-A,dev_oof,Shrink-fixed,83,132,0,0,0,0
db15k_mhyper_adamf,D-A,dev_oof,Shrink-fixed,84,1,11,22,11,11
db15k_mhyper_adamf,D-A,dev_oof,Shrink-fixed,85,2,0,1,0,0
db15k_mhyper_adamf,D-A,dev_oof,Shrink-fixed,86,3,0,0,0,0
db15k_mhyper_adamf,D-A,dev_oof,Shrink-fixed,87,4,0,0,0,0
db15k_mhyper_adamf,D-A,dev_oof,Shrink-fixed,88,5,0,0,0,0
db15k_mhyper_adamf,D-A,dev_oof,Shrink-fixed,89,6,0,0,0,0
db15k_mhyper_adamf,D-A,dev_oof,Shrink-fixed,90,7,0,0,0,0
db15k_mhyper_adamf,D-A,dev_oof,Shrink-fixed,91,8,0,0,0,0
db15k_mhyper_adamf,D-A,dev_oof,Shrink-fixed,92,9,0,0,0,0
db15k_mhyper_adamf,D-A,dev_oof,Shrink-fixed,93,20,0,0,0,0
db15k_mhyper_adamf,D-A,dev_oof,Shrink-fixed,94,26,0,0,0,0
db15k_mhyper_adamf,D-A,dev_oof,Shrink-fixed,95,31,0,0,0,0
db15k_mhyper_adamf,D-A,dev_oof,Shrink-fixed,96,124,0,1,0,0
db15k_mhyper_adamf,D-A,dev_oof,Shrink-fixed,97,1,9,23,9,9
db15k_mhyper_adamf,D-A,dev_oof,Shrink-fixed,98,2,0,0,0,0
db15k_mhyper_adamf,D-A,dev_oof,Shrink-fixed,99,3,0,0,0,0
db15k_mhyper_adamf,D-A,dev_oof,Shrink-fixed,100,4,0,0,0,0
db15k_mhyper_adamf,D-A,dev_oof,Shrink-fixed,101,5,0,0,0,0
db15k_mhyper_adamf,D-A,dev_oof,Shrink-fixed,102,6,0,0,0,0
db15k_mhyper_adamf,D-A,dev_oof,Shrink-fixed,103,7,0,0,0,0
db15k_mhyper_adamf,D-A,dev_oof,Shrink-fixed,104,8,0,0,0,0
db15k_mhyper_adamf,D-A,dev_oof,Shrink-fixed,105,20,0,0,0,0
db15k_mhyper_adamf,D-A,dev_oof,Shrink-fixed,106,25,0,0,0,0
db15k_mhyper_adamf,D-A,dev_oof,Shrink-fixed,107,27,0,0,0,0
db15k_mhyper_adamf,D-A,dev_oof,Shrink-fixed,108,139,0,1,0,0
db15k_mhyper_adamf,D-A,dev_oof,Shrink-fixed,109,1,21,35,21,21
db15k_mhyper_adamf,D-A,dev_oof,Shrink-fixed,110,2,0,0,0,0
db15k_mhyper_adamf,D-A,dev_oof,Shrink-fixed,111,3,0,0,0,0
db15k_mhyper_adamf,D-A,dev_oof,Shrink-fixed,112,4,0,0,0,0
db15k_mhyper_adamf,D-A,dev_oof,Shrink-fixed,113,5,0,0,0,0
db15k_mhyper_adamf,D-A,dev_oof,Shrink-fixed,114,6,0,0,0,0
db15k_mhyper_adamf,D-A,dev_oof,Shrink-fixed,115,7,0,0,0,0
db15k_mhyper_adamf,D-A,dev_oof,Shrink-fixed,116,9,0,0,0,0
db15k_mhyper_adamf,D-A,dev_oof,Shrink-fixed,117,11,0,0,0,0
db15k_mhyper_adamf,D-A,dev_oof,Shrink-fixed,118,18,0,0,0,0
db15k_mhyper_adamf,D-A,dev_oof,Shrink-fixed,119,23,0,0,0,0
db15k_mhyper_adamf,D-A,dev_oof,Shrink-fixed,120,31,0,0,0,0
db15k_mhyper_adamf,D-A,dev_oof,Shrink-fixed,121,127,0,0,0,0
db15k_mhyper_adamf,D-A,dev_oof,Shrink-fixed,122,1,12,15,12,12
db15k_mhyper_adamf,D-A,dev_oof,Shrink-fixed,123,2,0,0,0,0
db15k_mhyper_adamf,D-A,dev_oof,Shrink-fixed,124,3,0,0,0,0
db15k_mhyper_adamf,D-A,dev_oof,Shrink-fixed,125,4,0,0,0,0
db15k_mhyper_adamf,D-A,dev_oof,Shrink-fixed,126,5,0,0,0,0
db15k_mhyper_adamf,D-A,dev_oof,Shrink-fixed,127,6,0,0,0,0
db15k_mhyper_adamf,D-A,dev_oof,Shrink-fixed,128,7,0,0,0,0
db15k_mhyper_adamf,D-A,dev_oof,Shrink-fixed,129,8,0,0,0,0
db15k_mhyper_adamf,D-A,dev_oof,Shrink-fixed,130,11,0,0,0,0
db15k_mhyper_adamf,D-A,dev_oof,Shrink-fixed,131,20,0,0,0,0
db15k_mhyper_adamf,D-A,dev_oof,Shrink-fixed,132,26,0,0,0,0
db15k_mhyper_adamf,D-A,dev_oof,Shrink-fixed,133,138,0,1,0,0
db15k_mhyper_adamf,D-A,dev_oof,Shrink-fixed,134,1,8,15,8,8
db15k_mhyper_adamf,D-A,dev_oof,Shrink-fixed,135,2,0,0,0,0
db15k_mhyper_adamf,D-A,dev_oof,Shrink-fixed,136,3,0,0,0,0
db15k_mhyper_adamf,D-A,dev_oof,Shrink-fixed,137,4,0,0,0,0
db15k_mhyper_adamf,D-A,dev_oof,Shrink-fixed,138,5,0,0,0,0
db15k_mhyper_adamf,D-A,dev_oof,Shrink-fixed,139,6,0,0,0,0
db15k_mhyper_adamf,D-A,dev_oof,Shrink-fixed,140,7,0,0,0,0
db15k_mhyper_adamf,D-A,dev_oof,Shrink-fixed,141,9,0,0,0,0
db15k_mhyper_adamf,D-A,dev_oof,Shrink-fixed,142,21,0,0,0,0
db15k_mhyper_adamf,D-A,dev_oof,Shrink-fixed,143,27,0,0,0,0
db15k_mhyper_adamf,D-A,dev_oof,Shrink-fixed,144,132,0,1,0,0
db15k_mhyper_adamf,D-A,dev_oof,Shrink-fixed,145,1,5,22,5,5
db15k_mhyper_adamf,D-A,dev_oof,Shrink-fixed,146,2,0,1,0,0
db15k_mhyper_adamf,D-A,dev_oof,Shrink-fixed,147,3,0,0,0,0
db15k_mhyper_adamf,D-A,dev_oof,Shrink-fixed,148,4,0,0,0,0
db15k_mhyper_adamf,D-A,dev_oof,Shrink-fixed,149,5,0,0,0,0
db15k_mhyper_adamf,D-A,dev_oof,Shrink-fixed,150,6,0,0,0,0
db15k_mhyper_adamf,D-A,dev_oof,Shrink-fixed,151,7,0,0,0,0
db15k_mhyper_adamf,D-A,dev_oof,Shrink-fixed,152,8,0,0,0,0
db15k_mhyper_adamf,D-A,dev_oof,Shrink-fixed,153,9,0,0,0,0
db15k_mhyper_adamf,D-A,dev_oof,Shrink-fixed,154,20,0,0,0,0
db15k_mhyper_adamf,D-A,dev_oof,Shrink-fixed,155,26,0,0,0,0
db15k_mhyper_adamf,D-A,dev_oof,Shrink-fixed,156,31,0,0,0,0
db15k_mhyper_adamf,D-A,dev_oof,Shrink-fixed,157,124,0,1,0,0
db15k_mhyper_adamf,D-A,dev_oof,Shrink-fixed,158,1,5,18,5,5
db15k_mhyper_adamf,D-A,dev_oof,Shrink-fixed,159,2,0,1,0,0
db15k_mhyper_adamf,D-A,dev_oof,Shrink-fixed,160,3,0,0,0,0
db15k_mhyper_adamf,D-A,dev_oof,Shrink-fixed,161,4,0,0,0,0
db15k_mhyper_adamf,D-A,dev_oof,Shrink-fixed,162,5,0,0,0,0
db15k_mhyper_adamf,D-A,dev_oof,Shrink-fixed,163,6,0,0,0,0
db15k_mhyper_adamf,D-A,dev_oof,Shrink-fixed,164,7,0,0,0,0
db15k_mhyper_adamf,D-A,dev_oof,Shrink-fixed,165,8,0,0,0,0
db15k_mhyper_adamf,D-A,dev_oof,Shrink-fixed,166,20,0,0,0,0
db15k_mhyper_adamf,D-A,dev_oof,Shrink-fixed,167,25,0,0,0,0
db15k_mhyper_adamf,D-A,dev_oof,Shrink-fixed,168,27,0,0,0,0
db15k_mhyper_adamf,D-A,dev_oof,Shrink-fixed,169,139,0,1,0,0
db15k_mhyper_adamf,D-A,dev_oof,Shrink-fixed,170,1,16,28,16,16
db15k_mhyper_adamf,D-A,dev_oof,Shrink-fixed,171,2,0,0,0,0
db15k_mhyper_adamf,D-A,dev_oof,Shrink-fixed,172,3,0,0,0,0
db15k_mhyper_adamf,D-A,dev_oof,Shrink-fixed,173,4,0,0,0,0
db15k_mhyper_adamf,D-A,dev_oof,Shrink-fixed,174,5,0,0,0,0
db15k_mhyper_adamf,D-A,dev_oof,Shrink-fixed,175,6,0,0,0,0
db15k_mhyper_adamf,D-A,dev_oof,Shrink-fixed,176,7,0,0,0,0
db15k_mhyper_adamf,D-A,dev_oof,Shrink-fixed,177,9,0,0,0,0
db15k_mhyper_adamf,D-A,dev_oof,Shrink-fixed,178,11,0,0,0,0
db15k_mhyper_adamf,D-A,dev_oof,Shrink-fixed,179,18,0,0,0,0
db15k_mhyper_adamf,D-A,dev_oof,Shrink-fixed,180,23,0,0,0,0
db15k_mhyper_adamf,D-A,dev_oof,Shrink-fixed,181,31,0,0,0,0
db15k_mhyper_adamf,D-A,dev_oof,Shrink-fixed,182,127,0,1,0,0
db15k_mhyper_adamf,D-A,dev_oof,Radius-1,0,1,19,19,19,19
db15k_mhyper_adamf,D-A,dev_oof,Radius-1,1,2,0,0,0,0
db15k_mhyper_adamf,D-A,dev_oof,Radius-1,2,3,0,0,0,0
db15k_mhyper_adamf,D-A,dev_oof,Radius-1,3,4,0,0,0,0
db15k_mhyper_adamf,D-A,dev_oof,Radius-1,4,5,0,0,0,0
db15k_mhyper_adamf,D-A,dev_oof,Radius-1,5,6,0,0,0,0
db15k_mhyper_adamf,D-A,dev_oof,Radius-1,6,7,0,0,0,0
db15k_mhyper_adamf,D-A,dev_oof,Radius-1,7,8,0,0,0,0
db15k_mhyper_adamf,D-A,dev_oof,Radius-1,8,11,0,0,0,0
db15k_mhyper_adamf,D-A,dev_oof,Radius-1,9,20,0,0,0,0
db15k_mhyper_adamf,D-A,dev_oof,Radius-1,10,26,0,0,0,0
db15k_mhyper_adamf,D-A,dev_oof,Radius-1,11,138,0,0,0,0
db15k_mhyper_adamf,D-A,dev_oof,Radius-1,12,1,12,12,12,12
db15k_mhyper_adamf,D-A,dev_oof,Radius-1,13,2,0,0,0,0
db15k_mhyper_adamf,D-A,dev_oof,Radius-1,14,3,0,0,0,0
db15k_mhyper_adamf,D-A,dev_oof,Radius-1,15,4,0,0,0,0
db15k_mhyper_adamf,D-A,dev_oof,Radius-1,16,5,0,0,0,0
db15k_mhyper_adamf,D-A,dev_oof,Radius-1,17,6,0,0,0,0
db15k_mhyper_adamf,D-A,dev_oof,Radius-1,18,7,0,0,0,0
db15k_mhyper_adamf,D-A,dev_oof,Radius-1,19,9,0,0,0,0
db15k_mhyper_adamf,D-A,dev_oof,Radius-1,20,21,0,0,0,0
db15k_mhyper_adamf,D-A,dev_oof,Radius-1,21,27,0,0,0,0
db15k_mhyper_adamf,D-A,dev_oof,Radius-1,22,132,0,0,0,0
db15k_mhyper_adamf,D-A,dev_oof,Radius-1,23,1,6,6,6,6
db15k_mhyper_adamf,D-A,dev_oof,Radius-1,24,2,0,0,0,0
db15k_mhyper_adamf,D-A,dev_oof,Radius-1,25,3,0,0,0,0
db15k_mhyper_adamf,D-A,dev_oof,Radius-1,26,4,0,0,0,0
db15k_mhyper_adamf,D-A,dev_oof,Radius-1,27,5,0,0,0,0
db15k_mhyper_adamf,D-A,dev_oof,Radius-1,28,6,0,0,0,0
db15k_mhyper_adamf,D-A,dev_oof,Radius-1,29,7,0,0,0,0
db15k_mhyper_adamf,D-A,dev_oof,Radius-1,30,8,0,0,0,0
db15k_mhyper_adamf,D-A,dev_oof,Radius-1,31,9,0,0,0,0
db15k_mhyper_adamf,D-A,dev_oof,Radius-1,32,20,0,0,0,0
db15k_mhyper_adamf,D-A,dev_oof,Radius-1,33,26,0,0,0,0
db15k_mhyper_adamf,D-A,dev_oof,Radius-1,34,31,0,0,0,0
db15k_mhyper_adamf,D-A,dev_oof,Radius-1,35,124,0,0,0,0
db15k_mhyper_adamf,D-A,dev_oof,Radius-1,36,1,1,1,1,1
db15k_mhyper_adamf,D-A,dev_oof,Radius-1,37,2,0,0,0,0
db15k_mhyper_adamf,D-A,dev_oof,Radius-1,38,3,0,0,0,0
db15k_mhyper_adamf,D-A,dev_oof,Radius-1,39,4,0,0,0,0
db15k_mhyper_adamf,D-A,dev_oof,Radius-1,40,5,0,0,0,0
db15k_mhyper_adamf,D-A,dev_oof,Radius-1,41,6,0,0,0,0
db15k_mhyper_adamf,D-A,dev_oof,Radius-1,42,7,0,0,0,0
db15k_mhyper_adamf,D-A,dev_oof,Radius-1,43,8,0,0,0,0
db15k_mhyper_adamf,D-A,dev_oof,Radius-1,44,20,0,0,0,0
db15k_mhyper_adamf,D-A,dev_oof,Radius-1,45,25,0,0,0,0
db15k_mhyper_adamf,D-A,dev_oof,Radius-1,46,27,0,0,0,0
db15k_mhyper_adamf,D-A,dev_oof,Radius-1,47,139,0,0,0,0
db15k_mhyper_adamf,D-A,dev_oof,Radius-1,48,1,17,17,17,17
db15k_mhyper_adamf,D-A,dev_oof,Radius-1,49,2,0,0,0,0
db15k_mhyper_adamf,D-A,dev_oof,Radius-1,50,3,0,0,0,0
db15k_mhyper_adamf,D-A,dev_oof,Radius-1,51,4,0,0,0,0
db15k_mhyper_adamf,D-A,dev_oof,Radius-1,52,5,0,0,0,0
db15k_mhyper_adamf,D-A,dev_oof,Radius-1,53,6,0,0,0,0
db15k_mhyper_adamf,D-A,dev_oof,Radius-1,54,7,0,0,0,0
db15k_mhyper_adamf,D-A,dev_oof,Radius-1,55,9,0,0,0,0
db15k_mhyper_adamf,D-A,dev_oof,Radius-1,56,11,0,0,0,0
db15k_mhyper_adamf,D-A,dev_oof,Radius-1,57,18,0,0,0,0
db15k_mhyper_adamf,D-A,dev_oof,Radius-1,58,23,0,0,0,0
db15k_mhyper_adamf,D-A,dev_oof,Radius-1,59,31,0,0,0,0
db15k_mhyper_adamf,D-A,dev_oof,Radius-1,60,127,0,0,0,0
db15k_mhyper_adamf,D-A,dev_oof,Radius-1,61,1,17,17,17,17
db15k_mhyper_adamf,D-A,dev_oof,Radius-1,62,2,0,0,0,0
db15k_mhyper_adamf,D-A,dev_oof,Radius-1,63,3,0,0,0,0
db15k_mhyper_adamf,D-A,dev_oof,Radius-1,64,4,0,0,0,0
db15k_mhyper_adamf,D-A,dev_oof,Radius-1,65,5,0,0,0,0
db15k_mhyper_adamf,D-A,dev_oof,Radius-1,66,6,0,0,0,0
db15k_mhyper_adamf,D-A,dev_oof,Radius-1,67,7,0,0,0,0
db15k_mhyper_adamf,D-A,dev_oof,Radius-1,68,8,0,0,0,0
db15k_mhyper_adamf,D-A,dev_oof,Radius-1,69,11,0,0,0,0
db15k_mhyper_adamf,D-A,dev_oof,Radius-1,70,20,0,0,0,0
db15k_mhyper_adamf,D-A,dev_oof,Radius-1,71,26,0,0,0,0
db15k_mhyper_adamf,D-A,dev_oof,Radius-1,72,138,0,0,0,0
db15k_mhyper_adamf,D-A,dev_oof,Radius-1,73,1,14,14,14,14
db15k_mhyper_adamf,D-A,dev_oof,Radius-1,74,2,0,0,0,0
db15k_mhyper_adamf,D-A,dev_oof,Radius-1,75,3,0,0,0,0
db15k_mhyper_adamf,D-A,dev_oof,Radius-1,76,4,0,0,0,0
db15k_mhyper_adamf,D-A,dev_oof,Radius-1,77,5,0,0,0,0
db15k_mhyper_adamf,D-A,dev_oof,Radius-1,78,6,0,0,0,0
db15k_mhyper_adamf,D-A,dev_oof,Radius-1,79,7,0,0,0,0
db15k_mhyper_adamf,D-A,dev_oof,Radius-1,80,9,0,0,0,0
db15k_mhyper_adamf,D-A,dev_oof,Radius-1,81,21,0,0,0,0
db15k_mhyper_adamf,D-A,dev_oof,Radius-1,82,27,0,0,0,0
db15k_mhyper_adamf,D-A,dev_oof,Radius-1,83,132,0,0,0,0
db15k_mhyper_adamf,D-A,dev_oof,Radius-1,84,1,11,11,11,11
db15k_mhyper_adamf,D-A,dev_oof,Radius-1,85,2,0,0,0,0
db15k_mhyper_adamf,D-A,dev_oof,Radius-1,86,3,0,0,0,0
db15k_mhyper_adamf,D-A,dev_oof,Radius-1,87,4,0,0,0,0
db15k_mhyper_adamf,D-A,dev_oof,Radius-1,88,5,0,0,0,0
db15k_mhyper_adamf,D-A,dev_oof,Radius-1,89,6,0,0,0,0
db15k_mhyper_adamf,D-A,dev_oof,Radius-1,90,7,0,0,0,0
db15k_mhyper_adamf,D-A,dev_oof,Radius-1,91,8,0,0,0,0
db15k_mhyper_adamf,D-A,dev_oof,Radius-1,92,9,0,0,0,0
db15k_mhyper_adamf,D-A,dev_oof,Radius-1,93,20,0,0,0,0
db15k_mhyper_adamf,D-A,dev_oof,Radius-1,94,26,0,0,0,0
db15k_mhyper_adamf,D-A,dev_oof,Radius-1,95,31,0,0,0,0
db15k_mhyper_adamf,D-A,dev_oof,Radius-1,96,124,0,0,0,0
db15k_mhyper_adamf,D-A,dev_oof,Radius-1,97,1,9,9,9,9
db15k_mhyper_adamf,D-A,dev_oof,Radius-1,98,2,0,0,0,0
db15k_mhyper_adamf,D-A,dev_oof,Radius-1,99,3,0,0,0,0
db15k_mhyper_adamf,D-A,dev_oof,Radius-1,100,4,0,0,0,0
db15k_mhyper_adamf,D-A,dev_oof,Radius-1,101,5,0,0,0,0
db15k_mhyper_adamf,D-A,dev_oof,Radius-1,102,6,0,0,0,0
db15k_mhyper_adamf,D-A,dev_oof,Radius-1,103,7,0,0,0,0
db15k_mhyper_adamf,D-A,dev_oof,Radius-1,104,8,0,0,0,0
db15k_mhyper_adamf,D-A,dev_oof,Radius-1,105,20,0,0,0,0
db15k_mhyper_adamf,D-A,dev_oof,Radius-1,106,25,0,0,0,0
db15k_mhyper_adamf,D-A,dev_oof,Radius-1,107,27,0,0,0,0
db15k_mhyper_adamf,D-A,dev_oof,Radius-1,108,139,0,0,0,0
db15k_mhyper_adamf,D-A,dev_oof,Radius-1,109,1,21,21,21,21
db15k_mhyper_adamf,D-A,dev_oof,Radius-1,110,2,0,0,0,0
db15k_mhyper_adamf,D-A,dev_oof,Radius-1,111,3,0,0,0,0
db15k_mhyper_adamf,D-A,dev_oof,Radius-1,112,4,0,0,0,0
db15k_mhyper_adamf,D-A,dev_oof,Radius-1,113,5,0,0,0,0
db15k_mhyper_adamf,D-A,dev_oof,Radius-1,114,6,0,0,0,0
db15k_mhyper_adamf,D-A,dev_oof,Radius-1,115,7,0,0,0,0
db15k_mhyper_adamf,D-A,dev_oof,Radius-1,116,9,0,0,0,0
db15k_mhyper_adamf,D-A,dev_oof,Radius-1,117,11,0,0,0,0
db15k_mhyper_adamf,D-A,dev_oof,Radius-1,118,18,0,0,0,0
db15k_mhyper_adamf,D-A,dev_oof,Radius-1,119,23,0,0,0,0
db15k_mhyper_adamf,D-A,dev_oof,Radius-1,120,31,0,0,0,0
db15k_mhyper_adamf,D-A,dev_oof,Radius-1,121,127,0,0,0,0
db15k_mhyper_adamf,D-A,dev_oof,Radius-1,122,1,12,12,12,12
db15k_mhyper_adamf,D-A,dev_oof,Radius-1,123,2,0,0,0,0
db15k_mhyper_adamf,D-A,dev_oof,Radius-1,124,3,0,0,0,0
db15k_mhyper_adamf,D-A,dev_oof,Radius-1,125,4,0,0,0,0
db15k_mhyper_adamf,D-A,dev_oof,Radius-1,126,5,0,0,0,0
db15k_mhyper_adamf,D-A,dev_oof,Radius-1,127,6,0,0,0,0
db15k_mhyper_adamf,D-A,dev_oof,Radius-1,128,7,0,0,0,0
db15k_mhyper_adamf,D-A,dev_oof,Radius-1,129,8,0,0,0,0
db15k_mhyper_adamf,D-A,dev_oof,Radius-1,130,11,0,0,0,0
db15k_mhyper_adamf,D-A,dev_oof,Radius-1,131,20,0,0,0,0
db15k_mhyper_adamf,D-A,dev_oof,Radius-1,132,26,0,0,0,0
db15k_mhyper_adamf,D-A,dev_oof,Radius-1,133,138,0,0,0,0
db15k_mhyper_adamf,D-A,dev_oof,Radius-1,134,1,8,8,8,8
db15k_mhyper_adamf,D-A,dev_oof,Radius-1,135,2,0,0,0,0
db15k_mhyper_adamf,D-A,dev_oof,Radius-1,136,3,0,0,0,0
db15k_mhyper_adamf,D-A,dev_oof,Radius-1,137,4,0,0,0,0
db15k_mhyper_adamf,D-A,dev_oof,Radius-1,138,5,0,0,0,0
db15k_mhyper_adamf,D-A,dev_oof,Radius-1,139,6,0,0,0,0
db15k_mhyper_adamf,D-A,dev_oof,Radius-1,140,7,0,0,0,0
db15k_mhyper_adamf,D-A,dev_oof,Radius-1,141,9,0,0,0,0
db15k_mhyper_adamf,D-A,dev_oof,Radius-1,142,21,0,0,0,0
db15k_mhyper_adamf,D-A,dev_oof,Radius-1,143,27,0,0,0,0
db15k_mhyper_adamf,D-A,dev_oof,Radius-1,144,132,0,0,0,0
db15k_mhyper_adamf,D-A,dev_oof,Radius-1,145,1,5,5,5,5
db15k_mhyper_adamf,D-A,dev_oof,Radius-1,146,2,0,0,0,0
db15k_mhyper_adamf,D-A,dev_oof,Radius-1,147,3,0,0,0,0
db15k_mhyper_adamf,D-A,dev_oof,Radius-1,148,4,0,0,0,0
db15k_mhyper_adamf,D-A,dev_oof,Radius-1,149,5,0,0,0,0
db15k_mhyper_adamf,D-A,dev_oof,Radius-1,150,6,0,0,0,0
db15k_mhyper_adamf,D-A,dev_oof,Radius-1,151,7,0,0,0,0
db15k_mhyper_adamf,D-A,dev_oof,Radius-1,152,8,0,0,0,0
db15k_mhyper_adamf,D-A,dev_oof,Radius-1,153,9,0,0,0,0
db15k_mhyper_adamf,D-A,dev_oof,Radius-1,154,20,0,0,0,0
db15k_mhyper_adamf,D-A,dev_oof,Radius-1,155,26,0,0,0,0
db15k_mhyper_adamf,D-A,dev_oof,Radius-1,156,31,0,0,0,0
db15k_mhyper_adamf,D-A,dev_oof,Radius-1,157,124,0,0,0,0
db15k_mhyper_adamf,D-A,dev_oof,Radius-1,158,1,5,5,5,5
db15k_mhyper_adamf,D-A,dev_oof,Radius-1,159,2,0,0,0,0
db15k_mhyper_adamf,D-A,dev_oof,Radius-1,160,3,0,0,0,0
db15k_mhyper_adamf,D-A,dev_oof,Radius-1,161,4,0,0,0,0
db15k_mhyper_adamf,D-A,dev_oof,Radius-1,162,5,0,0,0,0
db15k_mhyper_adamf,D-A,dev_oof,Radius-1,163,6,0,0,0,0
db15k_mhyper_adamf,D-A,dev_oof,Radius-1,164,7,0,0,0,0
db15k_mhyper_adamf,D-A,dev_oof,Radius-1,165,8,0,0,0,0
db15k_mhyper_adamf,D-A,dev_oof,Radius-1,166,20,0,0,0,0
db15k_mhyper_adamf,D-A,dev_oof,Radius-1,167,25,0,0,0,0
db15k_mhyper_adamf,D-A,dev_oof,Radius-1,168,27,0,0,0,0
db15k_mhyper_adamf,D-A,dev_oof,Radius-1,169,139,0,0,0,0
db15k_mhyper_adamf,D-A,dev_oof,Radius-1,170,1,16,16,16,16
db15k_mhyper_adamf,D-A,dev_oof,Radius-1,171,2,0,0,0,0
db15k_mhyper_adamf,D-A,dev_oof,Radius-1,172,3,0,0,0,0
db15k_mhyper_adamf,D-A,dev_oof,Radius-1,173,4,0,0,0,0
db15k_mhyper_adamf,D-A,dev_oof,Radius-1,174,5,0,0,0,0
db15k_mhyper_adamf,D-A,dev_oof,Radius-1,175,6,0,0,0,0
db15k_mhyper_adamf,D-A,dev_oof,Radius-1,176,7,0,0,0,0
db15k_mhyper_adamf,D-A,dev_oof,Radius-1,177,9,0,0,0,0
db15k_mhyper_adamf,D-A,dev_oof,Radius-1,178,11,0,0,0,0
db15k_mhyper_adamf,D-A,dev_oof,Radius-1,179,18,0,0,0,0
db15k_mhyper_adamf,D-A,dev_oof,Radius-1,180,23,0,0,0,0
db15k_mhyper_adamf,D-A,dev_oof,Radius-1,181,31,0,0,0,0
db15k_mhyper_adamf,D-A,dev_oof,Radius-1,182,127,0,0,0,0
db15k_mhyper_adamf,D-A,dev_oof,No-gate,0,1,19,828,19,19
db15k_mhyper_adamf,D-A,dev_oof,No-gate,1,2,0,65,0,0
db15k_mhyper_adamf,D-A,dev_oof,No-gate,2,3,0,5,0,0
db15k_mhyper_adamf,D-A,dev_oof,No-gate,3,4,0,1,0,0
db15k_mhyper_adamf,D-A,dev_oof,No-gate,4,5,0,1,0,0
db15k_mhyper_adamf,D-A,dev_oof,No-gate,5,6,0,0,0,0
db15k_mhyper_adamf,D-A,dev_oof,No-gate,6,7,0,0,0,0
db15k_mhyper_adamf,D-A,dev_oof,No-gate,7,8,0,0,0,0
db15k_mhyper_adamf,D-A,dev_oof,No-gate,8,11,0,0,0,0
db15k_mhyper_adamf,D-A,dev_oof,No-gate,9,20,0,0,0,0
db15k_mhyper_adamf,D-A,dev_oof,No-gate,10,26,0,0,0,0
db15k_mhyper_adamf,D-A,dev_oof,No-gate,11,138,0,0,0,0
db15k_mhyper_adamf,D-A,dev_oof,No-gate,12,1,12,1112,12,12
db15k_mhyper_adamf,D-A,dev_oof,No-gate,13,2,0,85,0,0
db15k_mhyper_adamf,D-A,dev_oof,No-gate,14,3,0,23,0,0
db15k_mhyper_adamf,D-A,dev_oof,No-gate,15,4,0,5,0,0
db15k_mhyper_adamf,D-A,dev_oof,No-gate,16,5,0,0,0,0
db15k_mhyper_adamf,D-A,dev_oof,No-gate,17,6,0,0,0,0
db15k_mhyper_adamf,D-A,dev_oof,No-gate,18,7,0,0,0,0
db15k_mhyper_adamf,D-A,dev_oof,No-gate,19,9,0,0,0,0
db15k_mhyper_adamf,D-A,dev_oof,No-gate,20,21,0,0,0,0
db15k_mhyper_adamf,D-A,dev_oof,No-gate,21,27,0,0,0,0
db15k_mhyper_adamf,D-A,dev_oof,No-gate,22,132,0,0,0,0
db15k_mhyper_adamf,D-A,dev_oof,No-gate,23,1,6,1071,6,6
db15k_mhyper_adamf,D-A,dev_oof,No-gate,24,2,0,79,0,0
db15k_mhyper_adamf,D-A,dev_oof,No-gate,25,3,0,15,0,0
db15k_mhyper_adamf,D-A,dev_oof,No-gate,26,4,0,5,0,0
db15k_mhyper_adamf,D-A,dev_oof,No-gate,27,5,0,4,0,0
db15k_mhyper_adamf,D-A,dev_oof,No-gate,28,6,0,0,0,0
db15k_mhyper_adamf,D-A,dev_oof,No-gate,29,7,0,1,0,0
db15k_mhyper_adamf,D-A,dev_oof,No-gate,30,8,0,1,0,0
db15k_mhyper_adamf,D-A,dev_oof,No-gate,31,9,0,0,0,0
db15k_mhyper_adamf,D-A,dev_oof,No-gate,32,20,0,0,0,0
db15k_mhyper_adamf,D-A,dev_oof,No-gate,33,26,0,0,0,0
db15k_mhyper_adamf,D-A,dev_oof,No-gate,34,31,0,0,0,0
db15k_mhyper_adamf,D-A,dev_oof,No-gate,35,124,0,0,0,0
db15k_mhyper_adamf,D-A,dev_oof,No-gate,36,1,1,958,1,1
db15k_mhyper_adamf,D-A,dev_oof,No-gate,37,2,0,79,0,0
db15k_mhyper_adamf,D-A,dev_oof,No-gate,38,3,0,19,0,0
db15k_mhyper_adamf,D-A,dev_oof,No-gate,39,4,0,6,0,0
db15k_mhyper_adamf,D-A,dev_oof,No-gate,40,5,0,1,0,0
db15k_mhyper_adamf,D-A,dev_oof,No-gate,41,6,0,1,0,0
db15k_mhyper_adamf,D-A,dev_oof,No-gate,42,7,0,1,0,0
db15k_mhyper_adamf,D-A,dev_oof,No-gate,43,8,0,0,0,0
db15k_mhyper_adamf,D-A,dev_oof,No-gate,44,20,0,0,0,0
db15k_mhyper_adamf,D-A,dev_oof,No-gate,45,25,0,0,0,0
db15k_mhyper_adamf,D-A,dev_oof,No-gate,46,27,0,0,0,0
db15k_mhyper_adamf,D-A,dev_oof,No-gate,47,139,0,0,0,0
db15k_mhyper_adamf,D-A,dev_oof,No-gate,48,1,17,1081,17,17
db15k_mhyper_adamf,D-A,dev_oof,No-gate,49,2,0,106,0,0
db15k_mhyper_adamf,D-A,dev_oof,No-gate,50,3,0,8,0,0
db15k_mhyper_adamf,D-A,dev_oof,No-gate,51,4,0,6,0,0
db15k_mhyper_adamf,D-A,dev_oof,No-gate,52,5,0,1,0,0
db15k_mhyper_adamf,D-A,dev_oof,No-gate,53,6,0,3,0,0
db15k_mhyper_adamf,D-A,dev_oof,No-gate,54,7,0,1,0,0
db15k_mhyper_adamf,D-A,dev_oof,No-gate,55,9,0,0,0,0
db15k_mhyper_adamf,D-A,dev_oof,No-gate,56,11,0,0,0,0
db15k_mhyper_adamf,D-A,dev_oof,No-gate,57,18,0,0,0,0
db15k_mhyper_adamf,D-A,dev_oof,No-gate,58,23,0,0,0,0
db15k_mhyper_adamf,D-A,dev_oof,No-gate,59,31,0,0,0,0
db15k_mhyper_adamf,D-A,dev_oof,No-gate,60,127,0,0,0,0
db15k_mhyper_adamf,D-A,dev_oof,No-gate,61,1,17,931,17,17
db15k_mhyper_adamf,D-A,dev_oof,No-gate,62,2,0,76,0,0
db15k_mhyper_adamf,D-A,dev_oof,No-gate,63,3,0,8,0,0
db15k_mhyper_adamf,D-A,dev_oof,No-gate,64,4,0,2,0,0
db15k_mhyper_adamf,D-A,dev_oof,No-gate,65,5,0,2,0,0
db15k_mhyper_adamf,D-A,dev_oof,No-gate,66,6,0,0,0,0
db15k_mhyper_adamf,D-A,dev_oof,No-gate,67,7,0,0,0,0
db15k_mhyper_adamf,D-A,dev_oof,No-gate,68,8,0,1,0,0
db15k_mhyper_adamf,D-A,dev_oof,No-gate,69,11,0,0,0,0
db15k_mhyper_adamf,D-A,dev_oof,No-gate,70,20,0,0,0,0
db15k_mhyper_adamf,D-A,dev_oof,No-gate,71,26,0,0,0,0
db15k_mhyper_adamf,D-A,dev_oof,No-gate,72,138,0,0,0,0
db15k_mhyper_adamf,D-A,dev_oof,No-gate,73,1,14,1176,14,14
db15k_mhyper_adamf,D-A,dev_oof,No-gate,74,2,0,95,0,0
db15k_mhyper_adamf,D-A,dev_oof,No-gate,75,3,0,26,0,0
db15k_mhyper_adamf,D-A,dev_oof,No-gate,76,4,0,10,0,0
db15k_mhyper_adamf,D-A,dev_oof,No-gate,77,5,0,1,0,0
db15k_mhyper_adamf,D-A,dev_oof,No-gate,78,6,0,3,0,0
db15k_mhyper_adamf,D-A,dev_oof,No-gate,79,7,0,2,0,0
db15k_mhyper_adamf,D-A,dev_oof,No-gate,80,9,0,0,0,0
db15k_mhyper_adamf,D-A,dev_oof,No-gate,81,21,0,0,0,0
db15k_mhyper_adamf,D-A,dev_oof,No-gate,82,27,0,0,0,0
db15k_mhyper_adamf,D-A,dev_oof,No-gate,83,132,0,0,0,0
db15k_mhyper_adamf,D-A,dev_oof,No-gate,84,1,11,1169,11,11
db15k_mhyper_adamf,D-A,dev_oof,No-gate,85,2,0,82,0,0
db15k_mhyper_adamf,D-A,dev_oof,No-gate,86,3,0,19,0,0
db15k_mhyper_adamf,D-A,dev_oof,No-gate,87,4,0,6,0,0
db15k_mhyper_adamf,D-A,dev_oof,No-gate,88,5,0,7,0,0
db15k_mhyper_adamf,D-A,dev_oof,No-gate,89,6,0,1,0,0
db15k_mhyper_adamf,D-A,dev_oof,No-gate,90,7,0,3,0,0
db15k_mhyper_adamf,D-A,dev_oof,No-gate,91,8,0,3,0,0
db15k_mhyper_adamf,D-A,dev_oof,No-gate,92,9,0,1,0,0
db15k_mhyper_adamf,D-A,dev_oof,No-gate,93,20,0,0,0,0
db15k_mhyper_adamf,D-A,dev_oof,No-gate,94,26,0,0,0,0
db15k_mhyper_adamf,D-A,dev_oof,No-gate,95,31,0,0,0,0
db15k_mhyper_adamf,D-A,dev_oof,No-gate,96,124,0,0,0,0
db15k_mhyper_adamf,D-A,dev_oof,No-gate,97,1,9,1045,9,9
db15k_mhyper_adamf,D-A,dev_oof,No-gate,98,2,0,89,0,0
db15k_mhyper_adamf,D-A,dev_oof,No-gate,99,3,0,24,0,0
db15k_mhyper_adamf,D-A,dev_oof,No-gate,100,4,0,8,0,0
db15k_mhyper_adamf,D-A,dev_oof,No-gate,101,5,0,4,0,0
db15k_mhyper_adamf,D-A,dev_oof,No-gate,102,6,0,0,0,0
db15k_mhyper_adamf,D-A,dev_oof,No-gate,103,7,0,1,0,0
db15k_mhyper_adamf,D-A,dev_oof,No-gate,104,8,0,0,0,0
db15k_mhyper_adamf,D-A,dev_oof,No-gate,105,20,0,0,0,0
db15k_mhyper_adamf,D-A,dev_oof,No-gate,106,25,0,0,0,0
db15k_mhyper_adamf,D-A,dev_oof,No-gate,107,27,0,0,0,0
db15k_mhyper_adamf,D-A,dev_oof,No-gate,108,139,0,0,0,0
db15k_mhyper_adamf,D-A,dev_oof,No-gate,109,1,21,1150,21,21
db15k_mhyper_adamf,D-A,dev_oof,No-gate,110,2,0,113,0,0
db15k_mhyper_adamf,D-A,dev_oof,No-gate,111,3,0,12,0,0
db15k_mhyper_adamf,D-A,dev_oof,No-gate,112,4,0,10,0,0
db15k_mhyper_adamf,D-A,dev_oof,No-gate,113,5,0,2,0,0
db15k_mhyper_adamf,D-A,dev_oof,No-gate,114,6,0,5,0,0
db15k_mhyper_adamf,D-A,dev_oof,No-gate,115,7,0,2,0,0
db15k_mhyper_adamf,D-A,dev_oof,No-gate,116,9,0,1,0,0
db15k_mhyper_adamf,D-A,dev_oof,No-gate,117,11,0,0,0,0
db15k_mhyper_adamf,D-A,dev_oof,No-gate,118,18,0,0,0,0
db15k_mhyper_adamf,D-A,dev_oof,No-gate,119,23,0,0,0,0
db15k_mhyper_adamf,D-A,dev_oof,No-gate,120,31,0,0,0,0
db15k_mhyper_adamf,D-A,dev_oof,No-gate,121,127,0,0,0,0
db15k_mhyper_adamf,D-A,dev_oof,No-gate,122,1,12,781,12,12
db15k_mhyper_adamf,D-A,dev_oof,No-gate,123,2,0,62,0,0
db15k_mhyper_adamf,D-A,dev_oof,No-gate,124,3,0,7,0,0
db15k_mhyper_adamf,D-A,dev_oof,No-gate,125,4,0,2,0,0
db15k_mhyper_adamf,D-A,dev_oof,No-gate,126,5,0,1,0,0
db15k_mhyper_adamf,D-A,dev_oof,No-gate,127,6,0,0,0,0
db15k_mhyper_adamf,D-A,dev_oof,No-gate,128,7,0,0,0,0
db15k_mhyper_adamf,D-A,dev_oof,No-gate,129,8,0,0,0,0
db15k_mhyper_adamf,D-A,dev_oof,No-gate,130,11,0,0,0,0
db15k_mhyper_adamf,D-A,dev_oof,No-gate,131,20,0,0,0,0
db15k_mhyper_adamf,D-A,dev_oof,No-gate,132,26,0,0,0,0
db15k_mhyper_adamf,D-A,dev_oof,No-gate,133,138,0,0,0,0
db15k_mhyper_adamf,D-A,dev_oof,No-gate,134,1,8,1036,8,8
db15k_mhyper_adamf,D-A,dev_oof,No-gate,135,2,0,86,0,0
db15k_mhyper_adamf,D-A,dev_oof,No-gate,136,3,0,19,0,0
db15k_mhyper_adamf,D-A,dev_oof,No-gate,137,4,0,6,0,0
db15k_mhyper_adamf,D-A,dev_oof,No-gate,138,5,0,0,0,0
db15k_mhyper_adamf,D-A,dev_oof,No-gate,139,6,0,0,0,0
db15k_mhyper_adamf,D-A,dev_oof,No-gate,140,7,0,0,0,0
db15k_mhyper_adamf,D-A,dev_oof,No-gate,141,9,0,0,0,0
db15k_mhyper_adamf,D-A,dev_oof,No-gate,142,21,0,0,0,0
db15k_mhyper_adamf,D-A,dev_oof,No-gate,143,27,0,0,0,0
db15k_mhyper_adamf,D-A,dev_oof,No-gate,144,132,0,0,0,0
db15k_mhyper_adamf,D-A,dev_oof,No-gate,145,1,5,997,5,5
db15k_mhyper_adamf,D-A,dev_oof,No-gate,146,2,0,77,0,0
db15k_mhyper_adamf,D-A,dev_oof,No-gate,147,3,0,17,0,0
db15k_mhyper_adamf,D-A,dev_oof,No-gate,148,4,0,5,0,0
db15k_mhyper_adamf,D-A,dev_oof,No-gate,149,5,0,4,0,0
db15k_mhyper_adamf,D-A,dev_oof,No-gate,150,6,0,0,0,0
db15k_mhyper_adamf,D-A,dev_oof,No-gate,151,7,0,2,0,0
db15k_mhyper_adamf,D-A,dev_oof,No-gate,152,8,0,1,0,0
db15k_mhyper_adamf,D-A,dev_oof,No-gate,153,9,0,0,0,0
db15k_mhyper_adamf,D-A,dev_oof,No-gate,154,20,0,0,0,0
db15k_mhyper_adamf,D-A,dev_oof,No-gate,155,26,0,0,0,0
db15k_mhyper_adamf,D-A,dev_oof,No-gate,156,31,0,0,0,0
db15k_mhyper_adamf,D-A,dev_oof,No-gate,157,124,0,0,0,0
db15k_mhyper_adamf,D-A,dev_oof,No-gate,158,1,5,910,5,5
db15k_mhyper_adamf,D-A,dev_oof,No-gate,159,2,0,79,0,0
db15k_mhyper_adamf,D-A,dev_oof,No-gate,160,3,0,20,0,0
db15k_mhyper_adamf,D-A,dev_oof,No-gate,161,4,0,6,0,0
db15k_mhyper_adamf,D-A,dev_oof,No-gate,162,5,0,1,0,0
db15k_mhyper_adamf,D-A,dev_oof,No-gate,163,6,0,0,0,0
db15k_mhyper_adamf,D-A,dev_oof,No-gate,164,7,0,1,0,0
db15k_mhyper_adamf,D-A,dev_oof,No-gate,165,8,0,0,0,0
db15k_mhyper_adamf,D-A,dev_oof,No-gate,166,20,0,0,0,0
db15k_mhyper_adamf,D-A,dev_oof,No-gate,167,25,0,0,0,0
db15k_mhyper_adamf,D-A,dev_oof,No-gate,168,27,0,0,0,0
db15k_mhyper_adamf,D-A,dev_oof,No-gate,169,139,0,0,0,0
db15k_mhyper_adamf,D-A,dev_oof,No-gate,170,1,16,959,16,16
db15k_mhyper_adamf,D-A,dev_oof,No-gate,171,2,0,102,0,0
db15k_mhyper_adamf,D-A,dev_oof,No-gate,172,3,0,8,0,0
db15k_mhyper_adamf,D-A,dev_oof,No-gate,173,4,0,7,0,0
db15k_mhyper_adamf,D-A,dev_oof,No-gate,174,5,0,2,0,0
db15k_mhyper_adamf,D-A,dev_oof,No-gate,175,6,0,2,0,0
db15k_mhyper_adamf,D-A,dev_oof,No-gate,176,7,0,1,0,0
db15k_mhyper_adamf,D-A,dev_oof,No-gate,177,9,0,0,0,0
db15k_mhyper_adamf,D-A,dev_oof,No-gate,178,11,0,0,0,0
db15k_mhyper_adamf,D-A,dev_oof,No-gate,179,18,0,0,0,0
db15k_mhyper_adamf,D-A,dev_oof,No-gate,180,23,0,0,0,0
db15k_mhyper_adamf,D-A,dev_oof,No-gate,181,31,0,0,0,0
db15k_mhyper_adamf,D-A,dev_oof,No-gate,182,127,0,0,0,0
db15k_mhyper_adamf,D-A,test,Center-0.5,0,1,74,114,74,74
db15k_mhyper_adamf,D-A,test,Center-0.5,1,2,4,6,4,8
db15k_mhyper_adamf,D-A,test,Center-0.5,2,3,0,0,0,0
db15k_mhyper_adamf,D-A,test,Center-0.5,3,4,0,0,0,0
db15k_mhyper_adamf,D-A,test,Center-0.5,4,5,0,0,0,0
db15k_mhyper_adamf,D-A,test,Center-0.5,5,6,0,0,0,0
db15k_mhyper_adamf,D-A,test,Center-0.5,6,7,0,0,0,0
db15k_mhyper_adamf,D-A,test,Center-0.5,7,8,0,0,0,0
db15k_mhyper_adamf,D-A,test,Center-0.5,8,9,0,0,0,0
db15k_mhyper_adamf,D-A,test,Center-0.5,9,10,0,0,0,0
db15k_mhyper_adamf,D-A,test,Center-0.5,10,11,0,0,0,0
db15k_mhyper_adamf,D-A,test,Center-0.5,11,12,0,0,0,0
db15k_mhyper_adamf,D-A,test,Center-0.5,12,13,0,0,0,0
db15k_mhyper_adamf,D-A,test,Center-0.5,13,14,0,0,0,0
db15k_mhyper_adamf,D-A,test,Center-0.5,14,15,0,0,0,0
db15k_mhyper_adamf,D-A,test,Center-0.5,15,16,0,0,0,0
db15k_mhyper_adamf,D-A,test,Center-0.5,16,17,0,0,0,0
db15k_mhyper_adamf,D-A,test,Center-0.5,17,18,0,0,0,0
db15k_mhyper_adamf,D-A,test,Center-0.5,18,19,0,0,0,0
db15k_mhyper_adamf,D-A,test,Center-0.5,19,20,0,0,0,0
db15k_mhyper_adamf,D-A,test,Center-0.5,20,21,0,0,0,0
db15k_mhyper_adamf,D-A,test,Center-0.5,21,22,0,0,0,0
db15k_mhyper_adamf,D-A,test,Center-0.5,22,23,0,0,0,0
db15k_mhyper_adamf,D-A,test,Center-0.5,23,24,0,0,0,0
db15k_mhyper_adamf,D-A,test,Center-0.5,24,25,0,0,0,0
db15k_mhyper_adamf,D-A,test,Center-0.5,25,26,0,0,0,0
db15k_mhyper_adamf,D-A,test,Center-0.5,26,27,0,0,0,0
db15k_mhyper_adamf,D-A,test,Center-0.5,27,28,0,0,0,0
db15k_mhyper_adamf,D-A,test,Center-0.5,28,30,0,0,0,0
db15k_mhyper_adamf,D-A,test,Center-0.5,29,31,0,0,0,0
db15k_mhyper_adamf,D-A,test,Center-0.5,30,36,0,0,0,0
db15k_mhyper_adamf,D-A,test,Center-0.5,31,38,0,0,0,0
db15k_mhyper_adamf,D-A,test,Center-0.5,32,40,0,0,0,0
db15k_mhyper_adamf,D-A,test,Center-0.5,33,47,0,0,0,0
db15k_mhyper_adamf,D-A,test,Center-0.5,34,57,0,0,0,0
db15k_mhyper_adamf,D-A,test,Center-0.5,35,63,0,0,0,0
db15k_mhyper_adamf,D-A,test,Center-0.5,36,142,0,0,0,0
db15k_mhyper_adamf,D-A,test,Center-0.5,37,151,0,0,0,0
db15k_mhyper_adamf,D-A,test,Center-0.5,38,164,0,0,0,0
db15k_mhyper_adamf,D-A,test,Center-0.5,39,859,0,1,0,0
db15k_mhyper_adamf,D-A,test,Center-0.5,40,1,107,167,107,107
db15k_mhyper_adamf,D-A,test,Center-0.5,41,2,7,11,7,14
db15k_mhyper_adamf,D-A,test,Center-0.5,42,3,0,1,0,0
db15k_mhyper_adamf,D-A,test,Center-0.5,43,4,0,0,0,0
db15k_mhyper_adamf,D-A,test,Center-0.5,44,5,0,0,0,0
db15k_mhyper_adamf,D-A,test,Center-0.5,45,6,0,0,0,0
db15k_mhyper_adamf,D-A,test,Center-0.5,46,7,0,0,0,0
db15k_mhyper_adamf,D-A,test,Center-0.5,47,8,0,0,0,0
db15k_mhyper_adamf,D-A,test,Center-0.5,48,9,0,0,0,0
db15k_mhyper_adamf,D-A,test,Center-0.5,49,10,0,0,0,0
db15k_mhyper_adamf,D-A,test,Center-0.5,50,11,0,0,0,0
db15k_mhyper_adamf,D-A,test,Center-0.5,51,12,0,0,0,0
db15k_mhyper_adamf,D-A,test,Center-0.5,52,13,0,0,0,0
db15k_mhyper_adamf,D-A,test,Center-0.5,53,14,0,0,0,0
db15k_mhyper_adamf,D-A,test,Center-0.5,54,15,0,0,0,0
db15k_mhyper_adamf,D-A,test,Center-0.5,55,16,0,0,0,0
db15k_mhyper_adamf,D-A,test,Center-0.5,56,17,0,0,0,0
db15k_mhyper_adamf,D-A,test,Center-0.5,57,18,0,0,0,0
db15k_mhyper_adamf,D-A,test,Center-0.5,58,19,0,0,0,0
db15k_mhyper_adamf,D-A,test,Center-0.5,59,20,0,0,0,0
db15k_mhyper_adamf,D-A,test,Center-0.5,60,21,0,0,0,0
db15k_mhyper_adamf,D-A,test,Center-0.5,61,22,0,0,0,0
db15k_mhyper_adamf,D-A,test,Center-0.5,62,23,0,0,0,0
db15k_mhyper_adamf,D-A,test,Center-0.5,63,24,0,0,0,0
db15k_mhyper_adamf,D-A,test,Center-0.5,64,25,0,0,0,0
db15k_mhyper_adamf,D-A,test,Center-0.5,65,26,0,0,0,0
db15k_mhyper_adamf,D-A,test,Center-0.5,66,27,0,0,0,0
db15k_mhyper_adamf,D-A,test,Center-0.5,67,28,0,0,0,0
db15k_mhyper_adamf,D-A,test,Center-0.5,68,30,0,0,0,0
db15k_mhyper_adamf,D-A,test,Center-0.5,69,31,0,0,0,0
db15k_mhyper_adamf,D-A,test,Center-0.5,70,36,0,0,0,0
db15k_mhyper_adamf,D-A,test,Center-0.5,71,38,0,0,0,0
db15k_mhyper_adamf,D-A,test,Center-0.5,72,40,0,0,0,0
db15k_mhyper_adamf,D-A,test,Center-0.5,73,47,0,0,0,0
db15k_mhyper_adamf,D-A,test,Center-0.5,74,57,0,0,0,0
db15k_mhyper_adamf,D-A,test,Center-0.5,75,63,0,0,0,0
db15k_mhyper_adamf,D-A,test,Center-0.5,76,142,0,0,0,0
db15k_mhyper_adamf,D-A,test,Center-0.5,77,151,0,0,0,0
db15k_mhyper_adamf,D-A,test,Center-0.5,78,164,0,0,0,0
db15k_mhyper_adamf,D-A,test,Center-0.5,79,859,0,0,0,0
db15k_mhyper_adamf,D-A,test,Center-0.5,80,1,56,106,56,56
db15k_mhyper_adamf,D-A,test,Center-0.5,81,2,4,11,4,8
db15k_mhyper_adamf,D-A,test,Center-0.5,82,3,0,0,0,0
db15k_mhyper_adamf,D-A,test,Center-0.5,83,4,0,0,0,0
db15k_mhyper_adamf,D-A,test,Center-0.5,84,5,0,0,0,0
db15k_mhyper_adamf,D-A,test,Center-0.5,85,6,0,0,0,0
db15k_mhyper_adamf,D-A,test,Center-0.5,86,7,0,0,0,0
db15k_mhyper_adamf,D-A,test,Center-0.5,87,8,0,0,0,0
db15k_mhyper_adamf,D-A,test,Center-0.5,88,9,0,0,0,0
db15k_mhyper_adamf,D-A,test,Center-0.5,89,10,0,0,0,0
db15k_mhyper_adamf,D-A,test,Center-0.5,90,11,0,0,0,0
db15k_mhyper_adamf,D-A,test,Center-0.5,91,12,0,0,0,0
db15k_mhyper_adamf,D-A,test,Center-0.5,92,13,0,0,0,0
db15k_mhyper_adamf,D-A,test,Center-0.5,93,14,0,0,0,0
db15k_mhyper_adamf,D-A,test,Center-0.5,94,15,0,0,0,0
db15k_mhyper_adamf,D-A,test,Center-0.5,95,16,0,0,0,0
db15k_mhyper_adamf,D-A,test,Center-0.5,96,17,0,0,0,0
db15k_mhyper_adamf,D-A,test,Center-0.5,97,18,0,0,0,0
db15k_mhyper_adamf,D-A,test,Center-0.5,98,19,0,0,0,0
db15k_mhyper_adamf,D-A,test,Center-0.5,99,20,0,0,0,0
db15k_mhyper_adamf,D-A,test,Center-0.5,100,21,0,0,0,0
db15k_mhyper_adamf,D-A,test,Center-0.5,101,22,0,0,0,0
db15k_mhyper_adamf,D-A,test,Center-0.5,102,23,0,0,0,0
db15k_mhyper_adamf,D-A,test,Center-0.5,103,24,0,0,0,0
db15k_mhyper_adamf,D-A,test,Center-0.5,104,25,0,0,0,0
db15k_mhyper_adamf,D-A,test,Center-0.5,105,26,0,0,0,0
db15k_mhyper_adamf,D-A,test,Center-0.5,106,27,0,0,0,0
db15k_mhyper_adamf,D-A,test,Center-0.5,107,28,0,0,0,0
db15k_mhyper_adamf,D-A,test,Center-0.5,108,30,0,0,0,0
db15k_mhyper_adamf,D-A,test,Center-0.5,109,31,0,0,0,0
db15k_mhyper_adamf,D-A,test,Center-0.5,110,36,0,0,0,0
db15k_mhyper_adamf,D-A,test,Center-0.5,111,38,0,0,0,0
db15k_mhyper_adamf,D-A,test,Center-0.5,112,40,0,0,0,0
db15k_mhyper_adamf,D-A,test,Center-0.5,113,47,0,0,0,0
db15k_mhyper_adamf,D-A,test,Center-0.5,114,57,0,0,0,0
db15k_mhyper_adamf,D-A,test,Center-0.5,115,63,0,0,0,0
db15k_mhyper_adamf,D-A,test,Center-0.5,116,142,0,0,0,0
db15k_mhyper_adamf,D-A,test,Center-0.5,117,151,0,0,0,0
db15k_mhyper_adamf,D-A,test,Center-0.5,118,164,0,0,0,0
db15k_mhyper_adamf,D-A,test,Center-0.5,119,859,0,1,0,0
db15k_mhyper_adamf,D-A,test,Linear-p,0,1,74,74,74,74
db15k_mhyper_adamf,D-A,test,Linear-p,1,2,4,4,4,8
db15k_mhyper_adamf,D-A,test,Linear-p,2,3,0,0,0,0
db15k_mhyper_adamf,D-A,test,Linear-p,3,4,0,0,0,0
db15k_mhyper_adamf,D-A,test,Linear-p,4,5,0,0,0,0
db15k_mhyper_adamf,D-A,test,Linear-p,5,6,0,0,0,0
db15k_mhyper_adamf,D-A,test,Linear-p,6,7,0,0,0,0
db15k_mhyper_adamf,D-A,test,Linear-p,7,8,0,0,0,0
db15k_mhyper_adamf,D-A,test,Linear-p,8,9,0,0,0,0
db15k_mhyper_adamf,D-A,test,Linear-p,9,10,0,0,0,0
db15k_mhyper_adamf,D-A,test,Linear-p,10,11,0,0,0,0
db15k_mhyper_adamf,D-A,test,Linear-p,11,12,0,0,0,0
db15k_mhyper_adamf,D-A,test,Linear-p,12,13,0,0,0,0
db15k_mhyper_adamf,D-A,test,Linear-p,13,14,0,0,0,0
db15k_mhyper_adamf,D-A,test,Linear-p,14,15,0,0,0,0
db15k_mhyper_adamf,D-A,test,Linear-p,15,16,0,0,0,0
db15k_mhyper_adamf,D-A,test,Linear-p,16,17,0,0,0,0
db15k_mhyper_adamf,D-A,test,Linear-p,17,18,0,0,0,0
db15k_mhyper_adamf,D-A,test,Linear-p,18,19,0,0,0,0
db15k_mhyper_adamf,D-A,test,Linear-p,19,20,0,0,0,0
db15k_mhyper_adamf,D-A,test,Linear-p,20,21,0,0,0,0
db15k_mhyper_adamf,D-A,test,Linear-p,21,22,0,0,0,0
db15k_mhyper_adamf,D-A,test,Linear-p,22,23,0,0,0,0
db15k_mhyper_adamf,D-A,test,Linear-p,23,24,0,0,0,0
db15k_mhyper_adamf,D-A,test,Linear-p,24,25,0,0,0,0
db15k_mhyper_adamf,D-A,test,Linear-p,25,26,0,0,0,0
db15k_mhyper_adamf,D-A,test,Linear-p,26,27,0,0,0,0
db15k_mhyper_adamf,D-A,test,Linear-p,27,28,0,0,0,0
db15k_mhyper_adamf,D-A,test,Linear-p,28,30,0,0,0,0
db15k_mhyper_adamf,D-A,test,Linear-p,29,31,0,0,0,0
db15k_mhyper_adamf,D-A,test,Linear-p,30,36,0,0,0,0
db15k_mhyper_adamf,D-A,test,Linear-p,31,38,0,0,0,0
db15k_mhyper_adamf,D-A,test,Linear-p,32,40,0,0,0,0
db15k_mhyper_adamf,D-A,test,Linear-p,33,47,0,0,0,0
db15k_mhyper_adamf,D-A,test,Linear-p,34,57,0,0,0,0
db15k_mhyper_adamf,D-A,test,Linear-p,35,63,0,0,0,0
db15k_mhyper_adamf,D-A,test,Linear-p,36,142,0,0,0,0
db15k_mhyper_adamf,D-A,test,Linear-p,37,151,0,0,0,0
db15k_mhyper_adamf,D-A,test,Linear-p,38,164,0,0,0,0
db15k_mhyper_adamf,D-A,test,Linear-p,39,859,0,0,0,0
db15k_mhyper_adamf,D-A,test,Linear-p,40,1,107,107,107,107
db15k_mhyper_adamf,D-A,test,Linear-p,41,2,7,7,7,14
db15k_mhyper_adamf,D-A,test,Linear-p,42,3,0,0,0,0
db15k_mhyper_adamf,D-A,test,Linear-p,43,4,0,0,0,0
db15k_mhyper_adamf,D-A,test,Linear-p,44,5,0,0,0,0
db15k_mhyper_adamf,D-A,test,Linear-p,45,6,0,0,0,0
db15k_mhyper_adamf,D-A,test,Linear-p,46,7,0,0,0,0
db15k_mhyper_adamf,D-A,test,Linear-p,47,8,0,0,0,0
db15k_mhyper_adamf,D-A,test,Linear-p,48,9,0,0,0,0
db15k_mhyper_adamf,D-A,test,Linear-p,49,10,0,0,0,0
db15k_mhyper_adamf,D-A,test,Linear-p,50,11,0,0,0,0
db15k_mhyper_adamf,D-A,test,Linear-p,51,12,0,0,0,0
db15k_mhyper_adamf,D-A,test,Linear-p,52,13,0,0,0,0
db15k_mhyper_adamf,D-A,test,Linear-p,53,14,0,0,0,0
db15k_mhyper_adamf,D-A,test,Linear-p,54,15,0,0,0,0
db15k_mhyper_adamf,D-A,test,Linear-p,55,16,0,0,0,0
db15k_mhyper_adamf,D-A,test,Linear-p,56,17,0,0,0,0
db15k_mhyper_adamf,D-A,test,Linear-p,57,18,0,0,0,0
db15k_mhyper_adamf,D-A,test,Linear-p,58,19,0,0,0,0
db15k_mhyper_adamf,D-A,test,Linear-p,59,20,0,0,0,0
db15k_mhyper_adamf,D-A,test,Linear-p,60,21,0,0,0,0
db15k_mhyper_adamf,D-A,test,Linear-p,61,22,0,0,0,0
db15k_mhyper_adamf,D-A,test,Linear-p,62,23,0,0,0,0
db15k_mhyper_adamf,D-A,test,Linear-p,63,24,0,0,0,0
db15k_mhyper_adamf,D-A,test,Linear-p,64,25,0,0,0,0
db15k_mhyper_adamf,D-A,test,Linear-p,65,26,0,0,0,0
db15k_mhyper_adamf,D-A,test,Linear-p,66,27,0,0,0,0
db15k_mhyper_adamf,D-A,test,Linear-p,67,28,0,0,0,0
db15k_mhyper_adamf,D-A,test,Linear-p,68,30,0,0,0,0
db15k_mhyper_adamf,D-A,test,Linear-p,69,31,0,0,0,0
db15k_mhyper_adamf,D-A,test,Linear-p,70,36,0,0,0,0
db15k_mhyper_adamf,D-A,test,Linear-p,71,38,0,0,0,0
db15k_mhyper_adamf,D-A,test,Linear-p,72,40,0,0,0,0
db15k_mhyper_adamf,D-A,test,Linear-p,73,47,0,0,0,0
db15k_mhyper_adamf,D-A,test,Linear-p,74,57,0,0,0,0
db15k_mhyper_adamf,D-A,test,Linear-p,75,63,0,0,0,0
db15k_mhyper_adamf,D-A,test,Linear-p,76,142,0,0,0,0
db15k_mhyper_adamf,D-A,test,Linear-p,77,151,0,0,0,0
db15k_mhyper_adamf,D-A,test,Linear-p,78,164,0,0,0,0
db15k_mhyper_adamf,D-A,test,Linear-p,79,859,0,0,0,0
db15k_mhyper_adamf,D-A,test,Linear-p,80,1,56,56,56,56
db15k_mhyper_adamf,D-A,test,Linear-p,81,2,4,4,4,8
db15k_mhyper_adamf,D-A,test,Linear-p,82,3,0,0,0,0
db15k_mhyper_adamf,D-A,test,Linear-p,83,4,0,0,0,0
db15k_mhyper_adamf,D-A,test,Linear-p,84,5,0,0,0,0
db15k_mhyper_adamf,D-A,test,Linear-p,85,6,0,0,0,0
db15k_mhyper_adamf,D-A,test,Linear-p,86,7,0,0,0,0
db15k_mhyper_adamf,D-A,test,Linear-p,87,8,0,0,0,0
db15k_mhyper_adamf,D-A,test,Linear-p,88,9,0,0,0,0
db15k_mhyper_adamf,D-A,test,Linear-p,89,10,0,0,0,0
db15k_mhyper_adamf,D-A,test,Linear-p,90,11,0,0,0,0
db15k_mhyper_adamf,D-A,test,Linear-p,91,12,0,0,0,0
db15k_mhyper_adamf,D-A,test,Linear-p,92,13,0,0,0,0
db15k_mhyper_adamf,D-A,test,Linear-p,93,14,0,0,0,0
db15k_mhyper_adamf,D-A,test,Linear-p,94,15,0,0,0,0
db15k_mhyper_adamf,D-A,test,Linear-p,95,16,0,0,0,0
db15k_mhyper_adamf,D-A,test,Linear-p,96,17,0,0,0,0
db15k_mhyper_adamf,D-A,test,Linear-p,97,18,0,0,0,0
db15k_mhyper_adamf,D-A,test,Linear-p,98,19,0,0,0,0
db15k_mhyper_adamf,D-A,test,Linear-p,99,20,0,0,0,0
db15k_mhyper_adamf,D-A,test,Linear-p,100,21,0,0,0,0
db15k_mhyper_adamf,D-A,test,Linear-p,101,22,0,0,0,0
db15k_mhyper_adamf,D-A,test,Linear-p,102,23,0,0,0,0
db15k_mhyper_adamf,D-A,test,Linear-p,103,24,0,0,0,0
db15k_mhyper_adamf,D-A,test,Linear-p,104,25,0,0,0,0
db15k_mhyper_adamf,D-A,test,Linear-p,105,26,0,0,0,0
db15k_mhyper_adamf,D-A,test,Linear-p,106,27,0,0,0,0
db15k_mhyper_adamf,D-A,test,Linear-p,107,28,0,0,0,0
db15k_mhyper_adamf,D-A,test,Linear-p,108,30,0,0,0,0
db15k_mhyper_adamf,D-A,test,Linear-p,109,31,0,0,0,0
db15k_mhyper_adamf,D-A,test,Linear-p,110,36,0,0,0,0
db15k_mhyper_adamf,D-A,test,Linear-p,111,38,0,0,0,0
db15k_mhyper_adamf,D-A,test,Linear-p,112,40,0,0,0,0
db15k_mhyper_adamf,D-A,test,Linear-p,113,47,0,0,0,0
db15k_mhyper_adamf,D-A,test,Linear-p,114,57,0,0,0,0
db15k_mhyper_adamf,D-A,test,Linear-p,115,63,0,0,0,0
db15k_mhyper_adamf,D-A,test,Linear-p,116,142,0,0,0,0
db15k_mhyper_adamf,D-A,test,Linear-p,117,151,0,0,0,0
db15k_mhyper_adamf,D-A,test,Linear-p,118,164,0,0,0,0
db15k_mhyper_adamf,D-A,test,Linear-p,119,859,0,0,0,0
db15k_mhyper_adamf,D-A,test,Clip-g,0,1,74,74,74,74
db15k_mhyper_adamf,D-A,test,Clip-g,1,2,4,4,4,8
db15k_mhyper_adamf,D-A,test,Clip-g,2,3,0,0,0,0
db15k_mhyper_adamf,D-A,test,Clip-g,3,4,0,0,0,0
db15k_mhyper_adamf,D-A,test,Clip-g,4,5,0,0,0,0
db15k_mhyper_adamf,D-A,test,Clip-g,5,6,0,0,0,0
db15k_mhyper_adamf,D-A,test,Clip-g,6,7,0,0,0,0
db15k_mhyper_adamf,D-A,test,Clip-g,7,8,0,0,0,0
db15k_mhyper_adamf,D-A,test,Clip-g,8,9,0,0,0,0
db15k_mhyper_adamf,D-A,test,Clip-g,9,10,0,0,0,0
db15k_mhyper_adamf,D-A,test,Clip-g,10,11,0,0,0,0
db15k_mhyper_adamf,D-A,test,Clip-g,11,12,0,0,0,0
db15k_mhyper_adamf,D-A,test,Clip-g,12,13,0,0,0,0
db15k_mhyper_adamf,D-A,test,Clip-g,13,14,0,0,0,0
db15k_mhyper_adamf,D-A,test,Clip-g,14,15,0,0,0,0
db15k_mhyper_adamf,D-A,test,Clip-g,15,16,0,0,0,0
db15k_mhyper_adamf,D-A,test,Clip-g,16,17,0,0,0,0
db15k_mhyper_adamf,D-A,test,Clip-g,17,18,0,0,0,0
db15k_mhyper_adamf,D-A,test,Clip-g,18,19,0,0,0,0
db15k_mhyper_adamf,D-A,test,Clip-g,19,20,0,0,0,0
db15k_mhyper_adamf,D-A,test,Clip-g,20,21,0,0,0,0
db15k_mhyper_adamf,D-A,test,Clip-g,21,22,0,0,0,0
db15k_mhyper_adamf,D-A,test,Clip-g,22,23,0,0,0,0
db15k_mhyper_adamf,D-A,test,Clip-g,23,24,0,0,0,0
db15k_mhyper_adamf,D-A,test,Clip-g,24,25,0,0,0,0
db15k_mhyper_adamf,D-A,test,Clip-g,25,26,0,0,0,0
db15k_mhyper_adamf,D-A,test,Clip-g,26,27,0,0,0,0
db15k_mhyper_adamf,D-A,test,Clip-g,27,28,0,0,0,0
db15k_mhyper_adamf,D-A,test,Clip-g,28,30,0,0,0,0
db15k_mhyper_adamf,D-A,test,Clip-g,29,31,0,0,0,0
db15k_mhyper_adamf,D-A,test,Clip-g,30,36,0,0,0,0
db15k_mhyper_adamf,D-A,test,Clip-g,31,38,0,0,0,0
db15k_mhyper_adamf,D-A,test,Clip-g,32,40,0,0,0,0
db15k_mhyper_adamf,D-A,test,Clip-g,33,47,0,0,0,0
db15k_mhyper_adamf,D-A,test,Clip-g,34,57,0,0,0,0
db15k_mhyper_adamf,D-A,test,Clip-g,35,63,0,0,0,0
db15k_mhyper_adamf,D-A,test,Clip-g,36,142,0,0,0,0
db15k_mhyper_adamf,D-A,test,Clip-g,37,151,0,0,0,0
db15k_mhyper_adamf,D-A,test,Clip-g,38,164,0,0,0,0
db15k_mhyper_adamf,D-A,test,Clip-g,39,859,0,0,0,0
db15k_mhyper_adamf,D-A,test,Clip-g,40,1,107,107,107,107
db15k_mhyper_adamf,D-A,test,Clip-g,41,2,7,7,7,14
db15k_mhyper_adamf,D-A,test,Clip-g,42,3,0,0,0,0
db15k_mhyper_adamf,D-A,test,Clip-g,43,4,0,0,0,0
db15k_mhyper_adamf,D-A,test,Clip-g,44,5,0,0,0,0
db15k_mhyper_adamf,D-A,test,Clip-g,45,6,0,0,0,0
db15k_mhyper_adamf,D-A,test,Clip-g,46,7,0,0,0,0
db15k_mhyper_adamf,D-A,test,Clip-g,47,8,0,0,0,0
db15k_mhyper_adamf,D-A,test,Clip-g,48,9,0,0,0,0
db15k_mhyper_adamf,D-A,test,Clip-g,49,10,0,0,0,0
db15k_mhyper_adamf,D-A,test,Clip-g,50,11,0,0,0,0
db15k_mhyper_adamf,D-A,test,Clip-g,51,12,0,0,0,0
db15k_mhyper_adamf,D-A,test,Clip-g,52,13,0,0,0,0
db15k_mhyper_adamf,D-A,test,Clip-g,53,14,0,0,0,0
db15k_mhyper_adamf,D-A,test,Clip-g,54,15,0,0,0,0
db15k_mhyper_adamf,D-A,test,Clip-g,55,16,0,0,0,0
db15k_mhyper_adamf,D-A,test,Clip-g,56,17,0,0,0,0
db15k_mhyper_adamf,D-A,test,Clip-g,57,18,0,0,0,0
db15k_mhyper_adamf,D-A,test,Clip-g,58,19,0,0,0,0
db15k_mhyper_adamf,D-A,test,Clip-g,59,20,0,0,0,0
db15k_mhyper_adamf,D-A,test,Clip-g,60,21,0,0,0,0
db15k_mhyper_adamf,D-A,test,Clip-g,61,22,0,0,0,0
db15k_mhyper_adamf,D-A,test,Clip-g,62,23,0,0,0,0
db15k_mhyper_adamf,D-A,test,Clip-g,63,24,0,0,0,0
db15k_mhyper_adamf,D-A,test,Clip-g,64,25,0,0,0,0
db15k_mhyper_adamf,D-A,test,Clip-g,65,26,0,0,0,0
db15k_mhyper_adamf,D-A,test,Clip-g,66,27,0,0,0,0
db15k_mhyper_adamf,D-A,test,Clip-g,67,28,0,0,0,0
db15k_mhyper_adamf,D-A,test,Clip-g,68,30,0,0,0,0
db15k_mhyper_adamf,D-A,test,Clip-g,69,31,0,0,0,0
db15k_mhyper_adamf,D-A,test,Clip-g,70,36,0,0,0,0
db15k_mhyper_adamf,D-A,test,Clip-g,71,38,0,0,0,0
db15k_mhyper_adamf,D-A,test,Clip-g,72,40,0,0,0,0
db15k_mhyper_adamf,D-A,test,Clip-g,73,47,0,0,0,0
db15k_mhyper_adamf,D-A,test,Clip-g,74,57,0,0,0,0
db15k_mhyper_adamf,D-A,test,Clip-g,75,63,0,0,0,0
db15k_mhyper_adamf,D-A,test,Clip-g,76,142,0,0,0,0
db15k_mhyper_adamf,D-A,test,Clip-g,77,151,0,0,0,0
db15k_mhyper_adamf,D-A,test,Clip-g,78,164,0,0,0,0
db15k_mhyper_adamf,D-A,test,Clip-g,79,859,0,0,0,0
db15k_mhyper_adamf,D-A,test,Clip-g,80,1,56,56,56,56
db15k_mhyper_adamf,D-A,test,Clip-g,81,2,4,4,4,8
db15k_mhyper_adamf,D-A,test,Clip-g,82,3,0,0,0,0
db15k_mhyper_adamf,D-A,test,Clip-g,83,4,0,0,0,0
db15k_mhyper_adamf,D-A,test,Clip-g,84,5,0,0,0,0
db15k_mhyper_adamf,D-A,test,Clip-g,85,6,0,0,0,0
db15k_mhyper_adamf,D-A,test,Clip-g,86,7,0,0,0,0
db15k_mhyper_adamf,D-A,test,Clip-g,87,8,0,0,0,0
db15k_mhyper_adamf,D-A,test,Clip-g,88,9,0,0,0,0
db15k_mhyper_adamf,D-A,test,Clip-g,89,10,0,0,0,0
db15k_mhyper_adamf,D-A,test,Clip-g,90,11,0,0,0,0
db15k_mhyper_adamf,D-A,test,Clip-g,91,12,0,0,0,0
db15k_mhyper_adamf,D-A,test,Clip-g,92,13,0,0,0,0
db15k_mhyper_adamf,D-A,test,Clip-g,93,14,0,0,0,0
db15k_mhyper_adamf,D-A,test,Clip-g,94,15,0,0,0,0
db15k_mhyper_adamf,D-A,test,Clip-g,95,16,0,0,0,0
db15k_mhyper_adamf,D-A,test,Clip-g,96,17,0,0,0,0
db15k_mhyper_adamf,D-A,test,Clip-g,97,18,0,0,0,0
db15k_mhyper_adamf,D-A,test,Clip-g,98,19,0,0,0,0
db15k_mhyper_adamf,D-A,test,Clip-g,99,20,0,0,0,0
db15k_mhyper_adamf,D-A,test,Clip-g,100,21,0,0,0,0
db15k_mhyper_adamf,D-A,test,Clip-g,101,22,0,0,0,0
db15k_mhyper_adamf,D-A,test,Clip-g,102,23,0,0,0,0
db15k_mhyper_adamf,D-A,test,Clip-g,103,24,0,0,0,0
db15k_mhyper_adamf,D-A,test,Clip-g,104,25,0,0,0,0
db15k_mhyper_adamf,D-A,test,Clip-g,105,26,0,0,0,0
db15k_mhyper_adamf,D-A,test,Clip-g,106,27,0,0,0,0
db15k_mhyper_adamf,D-A,test,Clip-g,107,28,0,0,0,0
db15k_mhyper_adamf,D-A,test,Clip-g,108,30,0,0,0,0
db15k_mhyper_adamf,D-A,test,Clip-g,109,31,0,0,0,0
db15k_mhyper_adamf,D-A,test,Clip-g,110,36,0,0,0,0
db15k_mhyper_adamf,D-A,test,Clip-g,111,38,0,0,0,0
db15k_mhyper_adamf,D-A,test,Clip-g,112,40,0,0,0,0
db15k_mhyper_adamf,D-A,test,Clip-g,113,47,0,0,0,0
db15k_mhyper_adamf,D-A,test,Clip-g,114,57,0,0,0,0
db15k_mhyper_adamf,D-A,test,Clip-g,115,63,0,0,0,0
db15k_mhyper_adamf,D-A,test,Clip-g,116,142,0,0,0,0
db15k_mhyper_adamf,D-A,test,Clip-g,117,151,0,0,0,0
db15k_mhyper_adamf,D-A,test,Clip-g,118,164,0,0,0,0
db15k_mhyper_adamf,D-A,test,Clip-g,119,859,0,0,0,0
db15k_mhyper_adamf,D-A,test,Shrink-fixed,0,1,74,114,74,74
db15k_mhyper_adamf,D-A,test,Shrink-fixed,1,2,4,6,4,8
db15k_mhyper_adamf,D-A,test,Shrink-fixed,2,3,0,0,0,0
db15k_mhyper_adamf,D-A,test,Shrink-fixed,3,4,0,0,0,0
db15k_mhyper_adamf,D-A,test,Shrink-fixed,4,5,0,0,0,0
db15k_mhyper_adamf,D-A,test,Shrink-fixed,5,6,0,0,0,0
db15k_mhyper_adamf,D-A,test,Shrink-fixed,6,7,0,0,0,0
db15k_mhyper_adamf,D-A,test,Shrink-fixed,7,8,0,0,0,0
db15k_mhyper_adamf,D-A,test,Shrink-fixed,8,9,0,0,0,0
db15k_mhyper_adamf,D-A,test,Shrink-fixed,9,10,0,0,0,0
db15k_mhyper_adamf,D-A,test,Shrink-fixed,10,11,0,0,0,0
db15k_mhyper_adamf,D-A,test,Shrink-fixed,11,12,0,0,0,0
db15k_mhyper_adamf,D-A,test,Shrink-fixed,12,13,0,0,0,0
db15k_mhyper_adamf,D-A,test,Shrink-fixed,13,14,0,0,0,0
db15k_mhyper_adamf,D-A,test,Shrink-fixed,14,15,0,0,0,0
db15k_mhyper_adamf,D-A,test,Shrink-fixed,15,16,0,0,0,0
db15k_mhyper_adamf,D-A,test,Shrink-fixed,16,17,0,0,0,0
db15k_mhyper_adamf,D-A,test,Shrink-fixed,17,18,0,0,0,0
db15k_mhyper_adamf,D-A,test,Shrink-fixed,18,19,0,0,0,0
db15k_mhyper_adamf,D-A,test,Shrink-fixed,19,20,0,0,0,0
db15k_mhyper_adamf,D-A,test,Shrink-fixed,20,21,0,0,0,0
db15k_mhyper_adamf,D-A,test,Shrink-fixed,21,22,0,0,0,0
db15k_mhyper_adamf,D-A,test,Shrink-fixed,22,23,0,0,0,0
db15k_mhyper_adamf,D-A,test,Shrink-fixed,23,24,0,0,0,0
db15k_mhyper_adamf,D-A,test,Shrink-fixed,24,25,0,0,0,0
db15k_mhyper_adamf,D-A,test,Shrink-fixed,25,26,0,0,0,0
db15k_mhyper_adamf,D-A,test,Shrink-fixed,26,27,0,0,0,0
db15k_mhyper_adamf,D-A,test,Shrink-fixed,27,28,0,0,0,0
db15k_mhyper_adamf,D-A,test,Shrink-fixed,28,30,0,0,0,0
db15k_mhyper_adamf,D-A,test,Shrink-fixed,29,31,0,0,0,0
db15k_mhyper_adamf,D-A,test,Shrink-fixed,30,36,0,0,0,0
db15k_mhyper_adamf,D-A,test,Shrink-fixed,31,38,0,0,0,0
db15k_mhyper_adamf,D-A,test,Shrink-fixed,32,40,0,0,0,0
db15k_mhyper_adamf,D-A,test,Shrink-fixed,33,47,0,0,0,0
db15k_mhyper_adamf,D-A,test,Shrink-fixed,34,57,0,0,0,0
db15k_mhyper_adamf,D-A,test,Shrink-fixed,35,63,0,0,0,0
db15k_mhyper_adamf,D-A,test,Shrink-fixed,36,142,0,0,0,0
db15k_mhyper_adamf,D-A,test,Shrink-fixed,37,151,0,0,0,0
db15k_mhyper_adamf,D-A,test,Shrink-fixed,38,164,0,0,0,0
db15k_mhyper_adamf,D-A,test,Shrink-fixed,39,859,0,1,0,0
db15k_mhyper_adamf,D-A,test,Shrink-fixed,40,1,107,167,107,107
db15k_mhyper_adamf,D-A,test,Shrink-fixed,41,2,7,11,7,14
db15k_mhyper_adamf,D-A,test,Shrink-fixed,42,3,0,1,0,0
db15k_mhyper_adamf,D-A,test,Shrink-fixed,43,4,0,0,0,0
db15k_mhyper_adamf,D-A,test,Shrink-fixed,44,5,0,0,0,0
db15k_mhyper_adamf,D-A,test,Shrink-fixed,45,6,0,0,0,0
db15k_mhyper_adamf,D-A,test,Shrink-fixed,46,7,0,0,0,0
db15k_mhyper_adamf,D-A,test,Shrink-fixed,47,8,0,0,0,0
db15k_mhyper_adamf,D-A,test,Shrink-fixed,48,9,0,0,0,0
db15k_mhyper_adamf,D-A,test,Shrink-fixed,49,10,0,0,0,0
db15k_mhyper_adamf,D-A,test,Shrink-fixed,50,11,0,0,0,0
db15k_mhyper_adamf,D-A,test,Shrink-fixed,51,12,0,0,0,0
db15k_mhyper_adamf,D-A,test,Shrink-fixed,52,13,0,0,0,0
db15k_mhyper_adamf,D-A,test,Shrink-fixed,53,14,0,0,0,0
db15k_mhyper_adamf,D-A,test,Shrink-fixed,54,15,0,0,0,0
db15k_mhyper_adamf,D-A,test,Shrink-fixed,55,16,0,0,0,0
db15k_mhyper_adamf,D-A,test,Shrink-fixed,56,17,0,0,0,0
db15k_mhyper_adamf,D-A,test,Shrink-fixed,57,18,0,0,0,0
db15k_mhyper_adamf,D-A,test,Shrink-fixed,58,19,0,0,0,0
db15k_mhyper_adamf,D-A,test,Shrink-fixed,59,20,0,0,0,0
db15k_mhyper_adamf,D-A,test,Shrink-fixed,60,21,0,0,0,0
db15k_mhyper_adamf,D-A,test,Shrink-fixed,61,22,0,0,0,0
db15k_mhyper_adamf,D-A,test,Shrink-fixed,62,23,0,0,0,0
db15k_mhyper_adamf,D-A,test,Shrink-fixed,63,24,0,0,0,0
db15k_mhyper_adamf,D-A,test,Shrink-fixed,64,25,0,0,0,0
db15k_mhyper_adamf,D-A,test,Shrink-fixed,65,26,0,0,0,0
db15k_mhyper_adamf,D-A,test,Shrink-fixed,66,27,0,0,0,0
db15k_mhyper_adamf,D-A,test,Shrink-fixed,67,28,0,0,0,0
db15k_mhyper_adamf,D-A,test,Shrink-fixed,68,30,0,0,0,0
db15k_mhyper_adamf,D-A,test,Shrink-fixed,69,31,0,0,0,0
db15k_mhyper_adamf,D-A,test,Shrink-fixed,70,36,0,0,0,0
db15k_mhyper_adamf,D-A,test,Shrink-fixed,71,38,0,0,0,0
db15k_mhyper_adamf,D-A,test,Shrink-fixed,72,40,0,0,0,0
db15k_mhyper_adamf,D-A,test,Shrink-fixed,73,47,0,0,0,0
db15k_mhyper_adamf,D-A,test,Shrink-fixed,74,57,0,0,0,0
db15k_mhyper_adamf,D-A,test,Shrink-fixed,75,63,0,0,0,0
db15k_mhyper_adamf,D-A,test,Shrink-fixed,76,142,0,0,0,0
db15k_mhyper_adamf,D-A,test,Shrink-fixed,77,151,0,0,0,0
db15k_mhyper_adamf,D-A,test,Shrink-fixed,78,164,0,0,0,0
db15k_mhyper_adamf,D-A,test,Shrink-fixed,79,859,0,0,0,0
db15k_mhyper_adamf,D-A,test,Shrink-fixed,80,1,56,106,56,56
db15k_mhyper_adamf,D-A,test,Shrink-fixed,81,2,4,11,4,8
db15k_mhyper_adamf,D-A,test,Shrink-fixed,82,3,0,0,0,0
db15k_mhyper_adamf,D-A,test,Shrink-fixed,83,4,0,0,0,0
db15k_mhyper_adamf,D-A,test,Shrink-fixed,84,5,0,0,0,0
db15k_mhyper_adamf,D-A,test,Shrink-fixed,85,6,0,0,0,0
db15k_mhyper_adamf,D-A,test,Shrink-fixed,86,7,0,0,0,0
db15k_mhyper_adamf,D-A,test,Shrink-fixed,87,8,0,0,0,0
db15k_mhyper_adamf,D-A,test,Shrink-fixed,88,9,0,0,0,0
db15k_mhyper_adamf,D-A,test,Shrink-fixed,89,10,0,0,0,0
db15k_mhyper_adamf,D-A,test,Shrink-fixed,90,11,0,0,0,0
db15k_mhyper_adamf,D-A,test,Shrink-fixed,91,12,0,0,0,0
db15k_mhyper_adamf,D-A,test,Shrink-fixed,92,13,0,0,0,0
db15k_mhyper_adamf,D-A,test,Shrink-fixed,93,14,0,0,0,0
db15k_mhyper_adamf,D-A,test,Shrink-fixed,94,15,0,0,0,0
db15k_mhyper_adamf,D-A,test,Shrink-fixed,95,16,0,0,0,0
db15k_mhyper_adamf,D-A,test,Shrink-fixed,96,17,0,0,0,0
db15k_mhyper_adamf,D-A,test,Shrink-fixed,97,18,0,0,0,0
db15k_mhyper_adamf,D-A,test,Shrink-fixed,98,19,0,0,0,0
db15k_mhyper_adamf,D-A,test,Shrink-fixed,99,20,0,0,0,0
db15k_mhyper_adamf,D-A,test,Shrink-fixed,100,21,0,0,0,0
db15k_mhyper_adamf,D-A,test,Shrink-fixed,101,22,0,0,0,0
db15k_mhyper_adamf,D-A,test,Shrink-fixed,102,23,0,0,0,0
db15k_mhyper_adamf,D-A,test,Shrink-fixed,103,24,0,0,0,0
db15k_mhyper_adamf,D-A,test,Shrink-fixed,104,25,0,0,0,0
db15k_mhyper_adamf,D-A,test,Shrink-fixed,105,26,0,0,0,0
db15k_mhyper_adamf,D-A,test,Shrink-fixed,106,27,0,0,0,0
db15k_mhyper_adamf,D-A,test,Shrink-fixed,107,28,0,0,0,0
db15k_mhyper_adamf,D-A,test,Shrink-fixed,108,30,0,0,0,0
db15k_mhyper_adamf,D-A,test,Shrink-fixed,109,31,0,0,0,0
db15k_mhyper_adamf,D-A,test,Shrink-fixed,110,36,0,0,0,0
db15k_mhyper_adamf,D-A,test,Shrink-fixed,111,38,0,0,0,0
db15k_mhyper_adamf,D-A,test,Shrink-fixed,112,40,0,0,0,0
db15k_mhyper_adamf,D-A,test,Shrink-fixed,113,47,0,0,0,0
db15k_mhyper_adamf,D-A,test,Shrink-fixed,114,57,0,0,0,0
db15k_mhyper_adamf,D-A,test,Shrink-fixed,115,63,0,0,0,0
db15k_mhyper_adamf,D-A,test,Shrink-fixed,116,142,0,0,0,0
db15k_mhyper_adamf,D-A,test,Shrink-fixed,117,151,0,0,0,0
db15k_mhyper_adamf,D-A,test,Shrink-fixed,118,164,0,0,0,0
db15k_mhyper_adamf,D-A,test,Shrink-fixed,119,859,0,1,0,0
db15k_mhyper_adamf,D-A,test,Radius-1,0,1,74,74,74,74
db15k_mhyper_adamf,D-A,test,Radius-1,1,2,4,4,4,8
db15k_mhyper_adamf,D-A,test,Radius-1,2,3,0,0,0,0
db15k_mhyper_adamf,D-A,test,Radius-1,3,4,0,0,0,0
db15k_mhyper_adamf,D-A,test,Radius-1,4,5,0,0,0,0
db15k_mhyper_adamf,D-A,test,Radius-1,5,6,0,0,0,0
db15k_mhyper_adamf,D-A,test,Radius-1,6,7,0,0,0,0
db15k_mhyper_adamf,D-A,test,Radius-1,7,8,0,0,0,0
db15k_mhyper_adamf,D-A,test,Radius-1,8,9,0,0,0,0
db15k_mhyper_adamf,D-A,test,Radius-1,9,10,0,0,0,0
db15k_mhyper_adamf,D-A,test,Radius-1,10,11,0,0,0,0
db15k_mhyper_adamf,D-A,test,Radius-1,11,12,0,0,0,0
db15k_mhyper_adamf,D-A,test,Radius-1,12,13,0,0,0,0
db15k_mhyper_adamf,D-A,test,Radius-1,13,14,0,0,0,0
db15k_mhyper_adamf,D-A,test,Radius-1,14,15,0,0,0,0
db15k_mhyper_adamf,D-A,test,Radius-1,15,16,0,0,0,0
db15k_mhyper_adamf,D-A,test,Radius-1,16,17,0,0,0,0
db15k_mhyper_adamf,D-A,test,Radius-1,17,18,0,0,0,0
db15k_mhyper_adamf,D-A,test,Radius-1,18,19,0,0,0,0
db15k_mhyper_adamf,D-A,test,Radius-1,19,20,0,0,0,0
db15k_mhyper_adamf,D-A,test,Radius-1,20,21,0,0,0,0
db15k_mhyper_adamf,D-A,test,Radius-1,21,22,0,0,0,0
db15k_mhyper_adamf,D-A,test,Radius-1,22,23,0,0,0,0
db15k_mhyper_adamf,D-A,test,Radius-1,23,24,0,0,0,0
db15k_mhyper_adamf,D-A,test,Radius-1,24,25,0,0,0,0
db15k_mhyper_adamf,D-A,test,Radius-1,25,26,0,0,0,0
db15k_mhyper_adamf,D-A,test,Radius-1,26,27,0,0,0,0
db15k_mhyper_adamf,D-A,test,Radius-1,27,28,0,0,0,0
db15k_mhyper_adamf,D-A,test,Radius-1,28,30,0,0,0,0
db15k_mhyper_adamf,D-A,test,Radius-1,29,31,0,0,0,0
db15k_mhyper_adamf,D-A,test,Radius-1,30,36,0,0,0,0
db15k_mhyper_adamf,D-A,test,Radius-1,31,38,0,0,0,0
db15k_mhyper_adamf,D-A,test,Radius-1,32,40,0,0,0,0
db15k_mhyper_adamf,D-A,test,Radius-1,33,47,0,0,0,0
db15k_mhyper_adamf,D-A,test,Radius-1,34,57,0,0,0,0
db15k_mhyper_adamf,D-A,test,Radius-1,35,63,0,0,0,0
db15k_mhyper_adamf,D-A,test,Radius-1,36,142,0,0,0,0
db15k_mhyper_adamf,D-A,test,Radius-1,37,151,0,0,0,0
db15k_mhyper_adamf,D-A,test,Radius-1,38,164,0,0,0,0
db15k_mhyper_adamf,D-A,test,Radius-1,39,859,0,0,0,0
db15k_mhyper_adamf,D-A,test,Radius-1,40,1,107,107,107,107
db15k_mhyper_adamf,D-A,test,Radius-1,41,2,7,7,7,14
db15k_mhyper_adamf,D-A,test,Radius-1,42,3,0,0,0,0
db15k_mhyper_adamf,D-A,test,Radius-1,43,4,0,0,0,0
db15k_mhyper_adamf,D-A,test,Radius-1,44,5,0,0,0,0
db15k_mhyper_adamf,D-A,test,Radius-1,45,6,0,0,0,0
db15k_mhyper_adamf,D-A,test,Radius-1,46,7,0,0,0,0
db15k_mhyper_adamf,D-A,test,Radius-1,47,8,0,0,0,0
db15k_mhyper_adamf,D-A,test,Radius-1,48,9,0,0,0,0
db15k_mhyper_adamf,D-A,test,Radius-1,49,10,0,0,0,0
db15k_mhyper_adamf,D-A,test,Radius-1,50,11,0,0,0,0
db15k_mhyper_adamf,D-A,test,Radius-1,51,12,0,0,0,0
db15k_mhyper_adamf,D-A,test,Radius-1,52,13,0,0,0,0
db15k_mhyper_adamf,D-A,test,Radius-1,53,14,0,0,0,0
db15k_mhyper_adamf,D-A,test,Radius-1,54,15,0,0,0,0
db15k_mhyper_adamf,D-A,test,Radius-1,55,16,0,0,0,0
db15k_mhyper_adamf,D-A,test,Radius-1,56,17,0,0,0,0
db15k_mhyper_adamf,D-A,test,Radius-1,57,18,0,0,0,0
db15k_mhyper_adamf,D-A,test,Radius-1,58,19,0,0,0,0
db15k_mhyper_adamf,D-A,test,Radius-1,59,20,0,0,0,0
db15k_mhyper_adamf,D-A,test,Radius-1,60,21,0,0,0,0
db15k_mhyper_adamf,D-A,test,Radius-1,61,22,0,0,0,0
db15k_mhyper_adamf,D-A,test,Radius-1,62,23,0,0,0,0
db15k_mhyper_adamf,D-A,test,Radius-1,63,24,0,0,0,0
db15k_mhyper_adamf,D-A,test,Radius-1,64,25,0,0,0,0
db15k_mhyper_adamf,D-A,test,Radius-1,65,26,0,0,0,0
db15k_mhyper_adamf,D-A,test,Radius-1,66,27,0,0,0,0
db15k_mhyper_adamf,D-A,test,Radius-1,67,28,0,0,0,0
db15k_mhyper_adamf,D-A,test,Radius-1,68,30,0,0,0,0
db15k_mhyper_adamf,D-A,test,Radius-1,69,31,0,0,0,0
db15k_mhyper_adamf,D-A,test,Radius-1,70,36,0,0,0,0
db15k_mhyper_adamf,D-A,test,Radius-1,71,38,0,0,0,0
db15k_mhyper_adamf,D-A,test,Radius-1,72,40,0,0,0,0
db15k_mhyper_adamf,D-A,test,Radius-1,73,47,0,0,0,0
db15k_mhyper_adamf,D-A,test,Radius-1,74,57,0,0,0,0
db15k_mhyper_adamf,D-A,test,Radius-1,75,63,0,0,0,0
db15k_mhyper_adamf,D-A,test,Radius-1,76,142,0,0,0,0
db15k_mhyper_adamf,D-A,test,Radius-1,77,151,0,0,0,0
db15k_mhyper_adamf,D-A,test,Radius-1,78,164,0,0,0,0
db15k_mhyper_adamf,D-A,test,Radius-1,79,859,0,0,0,0
db15k_mhyper_adamf,D-A,test,Radius-1,80,1,56,56,56,56
db15k_mhyper_adamf,D-A,test,Radius-1,81,2,4,4,4,8
db15k_mhyper_adamf,D-A,test,Radius-1,82,3,0,0,0,0
db15k_mhyper_adamf,D-A,test,Radius-1,83,4,0,0,0,0
db15k_mhyper_adamf,D-A,test,Radius-1,84,5,0,0,0,0
db15k_mhyper_adamf,D-A,test,Radius-1,85,6,0,0,0,0
db15k_mhyper_adamf,D-A,test,Radius-1,86,7,0,0,0,0
db15k_mhyper_adamf,D-A,test,Radius-1,87,8,0,0,0,0
db15k_mhyper_adamf,D-A,test,Radius-1,88,9,0,0,0,0
db15k_mhyper_adamf,D-A,test,Radius-1,89,10,0,0,0,0
db15k_mhyper_adamf,D-A,test,Radius-1,90,11,0,0,0,0
db15k_mhyper_adamf,D-A,test,Radius-1,91,12,0,0,0,0
db15k_mhyper_adamf,D-A,test,Radius-1,92,13,0,0,0,0
db15k_mhyper_adamf,D-A,test,Radius-1,93,14,0,0,0,0
db15k_mhyper_adamf,D-A,test,Radius-1,94,15,0,0,0,0
db15k_mhyper_adamf,D-A,test,Radius-1,95,16,0,0,0,0
db15k_mhyper_adamf,D-A,test,Radius-1,96,17,0,0,0,0
db15k_mhyper_adamf,D-A,test,Radius-1,97,18,0,0,0,0
db15k_mhyper_adamf,D-A,test,Radius-1,98,19,0,0,0,0
db15k_mhyper_adamf,D-A,test,Radius-1,99,20,0,0,0,0
db15k_mhyper_adamf,D-A,test,Radius-1,100,21,0,0,0,0
db15k_mhyper_adamf,D-A,test,Radius-1,101,22,0,0,0,0
db15k_mhyper_adamf,D-A,test,Radius-1,102,23,0,0,0,0
db15k_mhyper_adamf,D-A,test,Radius-1,103,24,0,0,0,0
db15k_mhyper_adamf,D-A,test,Radius-1,104,25,0,0,0,0
db15k_mhyper_adamf,D-A,test,Radius-1,105,26,0,0,0,0
db15k_mhyper_adamf,D-A,test,Radius-1,106,27,0,0,0,0
db15k_mhyper_adamf,D-A,test,Radius-1,107,28,0,0,0,0
db15k_mhyper_adamf,D-A,test,Radius-1,108,30,0,0,0,0
db15k_mhyper_adamf,D-A,test,Radius-1,109,31,0,0,0,0
db15k_mhyper_adamf,D-A,test,Radius-1,110,36,0,0,0,0
db15k_mhyper_adamf,D-A,test,Radius-1,111,38,0,0,0,0
db15k_mhyper_adamf,D-A,test,Radius-1,112,40,0,0,0,0
db15k_mhyper_adamf,D-A,test,Radius-1,113,47,0,0,0,0
db15k_mhyper_adamf,D-A,test,Radius-1,114,57,0,0,0,0
db15k_mhyper_adamf,D-A,test,Radius-1,115,63,0,0,0,0
db15k_mhyper_adamf,D-A,test,Radius-1,116,142,0,0,0,0
db15k_mhyper_adamf,D-A,test,Radius-1,117,151,0,0,0,0
db15k_mhyper_adamf,D-A,test,Radius-1,118,164,0,0,0,0
db15k_mhyper_adamf,D-A,test,Radius-1,119,859,0,0,0,0
db15k_mhyper_adamf,D-A,test,No-gate,0,1,74,4376,74,74
db15k_mhyper_adamf,D-A,test,No-gate,1,2,4,772,4,8
db15k_mhyper_adamf,D-A,test,No-gate,2,3,0,198,0,0
db15k_mhyper_adamf,D-A,test,No-gate,3,4,0,95,0,0
db15k_mhyper_adamf,D-A,test,No-gate,4,5,0,48,0,0
db15k_mhyper_adamf,D-A,test,No-gate,5,6,0,24,0,0
db15k_mhyper_adamf,D-A,test,No-gate,6,7,0,19,0,0
db15k_mhyper_adamf,D-A,test,No-gate,7,8,0,22,0,0
db15k_mhyper_adamf,D-A,test,No-gate,8,9,0,9,0,0
db15k_mhyper_adamf,D-A,test,No-gate,9,10,0,9,0,0
db15k_mhyper_adamf,D-A,test,No-gate,10,11,0,5,0,0
db15k_mhyper_adamf,D-A,test,No-gate,11,12,0,6,0,0
db15k_mhyper_adamf,D-A,test,No-gate,12,13,0,6,0,0
db15k_mhyper_adamf,D-A,test,No-gate,13,14,0,3,0,0
db15k_mhyper_adamf,D-A,test,No-gate,14,15,0,3,0,0
db15k_mhyper_adamf,D-A,test,No-gate,15,16,0,3,0,0
db15k_mhyper_adamf,D-A,test,No-gate,16,17,0,1,0,0
db15k_mhyper_adamf,D-A,test,No-gate,17,18,0,4,0,0
db15k_mhyper_adamf,D-A,test,No-gate,18,19,0,1,0,0
db15k_mhyper_adamf,D-A,test,No-gate,19,20,0,2,0,0
db15k_mhyper_adamf,D-A,test,No-gate,20,21,0,1,0,0
db15k_mhyper_adamf,D-A,test,No-gate,21,22,0,0,0,0
db15k_mhyper_adamf,D-A,test,No-gate,22,23,0,0,0,0
db15k_mhyper_adamf,D-A,test,No-gate,23,24,0,1,0,0
db15k_mhyper_adamf,D-A,test,No-gate,24,25,0,0,0,0
db15k_mhyper_adamf,D-A,test,No-gate,25,26,0,0,0,0
db15k_mhyper_adamf,D-A,test,No-gate,26,27,0,0,0,0
db15k_mhyper_adamf,D-A,test,No-gate,27,28,0,0,0,0
db15k_mhyper_adamf,D-A,test,No-gate,28,30,0,1,0,0
db15k_mhyper_adamf,D-A,test,No-gate,29,31,0,0,0,0
db15k_mhyper_adamf,D-A,test,No-gate,30,36,0,0,0,0
db15k_mhyper_adamf,D-A,test,No-gate,31,38,0,0,0,0
db15k_mhyper_adamf,D-A,test,No-gate,32,40,0,0,0,0
db15k_mhyper_adamf,D-A,test,No-gate,33,47,0,0,0,0
db15k_mhyper_adamf,D-A,test,No-gate,34,57,0,0,0,0
db15k_mhyper_adamf,D-A,test,No-gate,35,63,0,0,0,0
db15k_mhyper_adamf,D-A,test,No-gate,36,142,0,0,0,0
db15k_mhyper_adamf,D-A,test,No-gate,37,151,0,0,0,0
db15k_mhyper_adamf,D-A,test,No-gate,38,164,0,0,0,0
db15k_mhyper_adamf,D-A,test,No-gate,39,859,0,0,0,0
db15k_mhyper_adamf,D-A,test,No-gate,40,1,107,4815,107,107
db15k_mhyper_adamf,D-A,test,No-gate,41,2,7,813,7,14
db15k_mhyper_adamf,D-A,test,No-gate,42,3,0,199,0,0
db15k_mhyper_adamf,D-A,test,No-gate,43,4,0,101,0,0
db15k_mhyper_adamf,D-A,test,No-gate,44,5,0,51,0,0
db15k_mhyper_adamf,D-A,test,No-gate,45,6,0,26,0,0
db15k_mhyper_adamf,D-A,test,No-gate,46,7,0,19,0,0
db15k_mhyper_adamf,D-A,test,No-gate,47,8,0,23,0,0
db15k_mhyper_adamf,D-A,test,No-gate,48,9,0,10,0,0
db15k_mhyper_adamf,D-A,test,No-gate,49,10,0,10,0,0
db15k_mhyper_adamf,D-A,test,No-gate,50,11,0,8,0,0
db15k_mhyper_adamf,D-A,test,No-gate,51,12,0,7,0,0
db15k_mhyper_adamf,D-A,test,No-gate,52,13,0,7,0,0
db15k_mhyper_adamf,D-A,test,No-gate,53,14,0,3,0,0
db15k_mhyper_adamf,D-A,test,No-gate,54,15,0,6,0,0
db15k_mhyper_adamf,D-A,test,No-gate,55,16,0,3,0,0
db15k_mhyper_adamf,D-A,test,No-gate,56,17,0,1,0,0
db15k_mhyper_adamf,D-A,test,No-gate,57,18,0,4,0,0
db15k_mhyper_adamf,D-A,test,No-gate,58,19,0,2,0,0
db15k_mhyper_adamf,D-A,test,No-gate,59,20,0,3,0,0
db15k_mhyper_adamf,D-A,test,No-gate,60,21,0,3,0,0
db15k_mhyper_adamf,D-A,test,No-gate,61,22,0,3,0,0
db15k_mhyper_adamf,D-A,test,No-gate,62,23,0,1,0,0
db15k_mhyper_adamf,D-A,test,No-gate,63,24,0,1,0,0
db15k_mhyper_adamf,D-A,test,No-gate,64,25,0,2,0,0
db15k_mhyper_adamf,D-A,test,No-gate,65,26,0,1,0,0
db15k_mhyper_adamf,D-A,test,No-gate,66,27,0,0,0,0
db15k_mhyper_adamf,D-A,test,No-gate,67,28,0,1,0,0
db15k_mhyper_adamf,D-A,test,No-gate,68,30,0,1,0,0
db15k_mhyper_adamf,D-A,test,No-gate,69,31,0,1,0,0
db15k_mhyper_adamf,D-A,test,No-gate,70,36,0,0,0,0
db15k_mhyper_adamf,D-A,test,No-gate,71,38,0,1,0,0
db15k_mhyper_adamf,D-A,test,No-gate,72,40,0,0,0,0
db15k_mhyper_adamf,D-A,test,No-gate,73,47,0,0,0,0
db15k_mhyper_adamf,D-A,test,No-gate,74,57,0,1,0,0
db15k_mhyper_adamf,D-A,test,No-gate,75,63,0,0,0,0
db15k_mhyper_adamf,D-A,test,No-gate,76,142,0,0,0,0
db15k_mhyper_adamf,D-A,test,No-gate,77,151,0,0,0,0
db15k_mhyper_adamf,D-A,test,No-gate,78,164,0,0,0,0
db15k_mhyper_adamf,D-A,test,No-gate,79,859,0,0,0,0
db15k_mhyper_adamf,D-A,test,No-gate,80,1,56,4024,56,56
db15k_mhyper_adamf,D-A,test,No-gate,81,2,4,754,4,8
db15k_mhyper_adamf,D-A,test,No-gate,82,3,0,193,0,0
db15k_mhyper_adamf,D-A,test,No-gate,83,4,0,98,0,0
db15k_mhyper_adamf,D-A,test,No-gate,84,5,0,49,0,0
db15k_mhyper_adamf,D-A,test,No-gate,85,6,0,25,0,0
db15k_mhyper_adamf,D-A,test,No-gate,86,7,0,18,0,0
db15k_mhyper_adamf,D-A,test,No-gate,87,8,0,21,0,0
db15k_mhyper_adamf,D-A,test,No-gate,88,9,0,10,0,0
db15k_mhyper_adamf,D-A,test,No-gate,89,10,0,7,0,0
db15k_mhyper_adamf,D-A,test,No-gate,90,11,0,6,0,0
db15k_mhyper_adamf,D-A,test,No-gate,91,12,0,6,0,0
db15k_mhyper_adamf,D-A,test,No-gate,92,13,0,5,0,0
db15k_mhyper_adamf,D-A,test,No-gate,93,14,0,3,0,0
db15k_mhyper_adamf,D-A,test,No-gate,94,15,0,5,0,0
db15k_mhyper_adamf,D-A,test,No-gate,95,16,0,3,0,0
db15k_mhyper_adamf,D-A,test,No-gate,96,17,0,1,0,0
db15k_mhyper_adamf,D-A,test,No-gate,97,18,0,4,0,0
db15k_mhyper_adamf,D-A,test,No-gate,98,19,0,2,0,0
db15k_mhyper_adamf,D-A,test,No-gate,99,20,0,2,0,0
db15k_mhyper_adamf,D-A,test,No-gate,100,21,0,1,0,0
db15k_mhyper_adamf,D-A,test,No-gate,101,22,0,1,0,0
db15k_mhyper_adamf,D-A,test,No-gate,102,23,0,0,0,0
db15k_mhyper_adamf,D-A,test,No-gate,103,24,0,1,0,0
db15k_mhyper_adamf,D-A,test,No-gate,104,25,0,1,0,0
db15k_mhyper_adamf,D-A,test,No-gate,105,26,0,0,0,0
db15k_mhyper_adamf,D-A,test,No-gate,106,27,0,0,0,0
db15k_mhyper_adamf,D-A,test,No-gate,107,28,0,0,0,0
db15k_mhyper_adamf,D-A,test,No-gate,108,30,0,1,0,0
db15k_mhyper_adamf,D-A,test,No-gate,109,31,0,0,0,0
db15k_mhyper_adamf,D-A,test,No-gate,110,36,0,0,0,0
db15k_mhyper_adamf,D-A,test,No-gate,111,38,0,0,0,0
db15k_mhyper_adamf,D-A,test,No-gate,112,40,0,0,0,0
db15k_mhyper_adamf,D-A,test,No-gate,113,47,0,0,0,0
db15k_mhyper_adamf,D-A,test,No-gate,114,57,0,0,0,0
db15k_mhyper_adamf,D-A,test,No-gate,115,63,0,0,0,0
db15k_mhyper_adamf,D-A,test,No-gate,116,142,0,0,0,0
db15k_mhyper_adamf,D-A,test,No-gate,117,151,0,0,0,0
db15k_mhyper_adamf,D-A,test,No-gate,118,164,0,0,0,0
db15k_mhyper_adamf,D-A,test,No-gate,119,859,0,0,0,0
mkgw_native_adamf,W-NA,dev_oof,Center-0.5,0,1,98,98,98,98
mkgw_native_adamf,W-NA,dev_oof,Center-0.5,1,2,0,0,0,0
mkgw_native_adamf,W-NA,dev_oof,Center-0.5,2,3,0,0,0,0
mkgw_native_adamf,W-NA,dev_oof,Center-0.5,3,4,0,0,0,0
mkgw_native_adamf,W-NA,dev_oof,Center-0.5,4,5,0,0,0,0
mkgw_native_adamf,W-NA,dev_oof,Center-0.5,5,7,0,0,0,0
mkgw_native_adamf,W-NA,dev_oof,Center-0.5,6,8,0,0,0,0
mkgw_native_adamf,W-NA,dev_oof,Center-0.5,7,13,0,0,0,0
mkgw_native_adamf,W-NA,dev_oof,Center-0.5,8,86,0,0,0,0
mkgw_native_adamf,W-NA,dev_oof,Center-0.5,9,1,76,76,76,76
mkgw_native_adamf,W-NA,dev_oof,Center-0.5,10,2,0,0,0,0
mkgw_native_adamf,W-NA,dev_oof,Center-0.5,11,3,0,0,0,0
mkgw_native_adamf,W-NA,dev_oof,Center-0.5,12,4,0,0,0,0
mkgw_native_adamf,W-NA,dev_oof,Center-0.5,13,5,0,0,0,0
mkgw_native_adamf,W-NA,dev_oof,Center-0.5,14,6,0,0,0,0
mkgw_native_adamf,W-NA,dev_oof,Center-0.5,15,7,0,0,0,0
mkgw_native_adamf,W-NA,dev_oof,Center-0.5,16,8,0,0,0,0
mkgw_native_adamf,W-NA,dev_oof,Center-0.5,17,10,0,0,0,0
mkgw_native_adamf,W-NA,dev_oof,Center-0.5,18,11,0,0,0,0
mkgw_native_adamf,W-NA,dev_oof,Center-0.5,19,13,0,0,0,0
mkgw_native_adamf,W-NA,dev_oof,Center-0.5,20,91,0,0,0,0
mkgw_native_adamf,W-NA,dev_oof,Center-0.5,21,1,89,89,89,89
mkgw_native_adamf,W-NA,dev_oof,Center-0.5,22,2,1,1,1,2
mkgw_native_adamf,W-NA,dev_oof,Center-0.5,23,3,0,0,0,0
mkgw_native_adamf,W-NA,dev_oof,Center-0.5,24,4,0,0,0,0
mkgw_native_adamf,W-NA,dev_oof,Center-0.5,25,5,0,0,0,0
mkgw_native_adamf,W-NA,dev_oof,Center-0.5,26,6,0,0,0,0
mkgw_native_adamf,W-NA,dev_oof,Center-0.5,27,9,0,0,0,0
mkgw_native_adamf,W-NA,dev_oof,Center-0.5,28,10,0,0,0,0
mkgw_native_adamf,W-NA,dev_oof,Center-0.5,29,12,0,0,0,0
mkgw_native_adamf,W-NA,dev_oof,Center-0.5,30,15,0,0,0,0
mkgw_native_adamf,W-NA,dev_oof,Center-0.5,31,89,0,0,0,0
mkgw_native_adamf,W-NA,dev_oof,Center-0.5,32,1,72,72,72,72
mkgw_native_adamf,W-NA,dev_oof,Center-0.5,33,2,0,0,0,0
mkgw_native_adamf,W-NA,dev_oof,Center-0.5,34,3,0,0,0,0
mkgw_native_adamf,W-NA,dev_oof,Center-0.5,35,4,0,0,0,0
mkgw_native_adamf,W-NA,dev_oof,Center-0.5,36,6,0,0,0,0
mkgw_native_adamf,W-NA,dev_oof,Center-0.5,37,7,0,0,0,0
mkgw_native_adamf,W-NA,dev_oof,Center-0.5,38,8,0,0,0,0
mkgw_native_adamf,W-NA,dev_oof,Center-0.5,39,13,0,0,0,0
mkgw_native_adamf,W-NA,dev_oof,Center-0.5,40,16,0,0,0,0
mkgw_native_adamf,W-NA,dev_oof,Center-0.5,41,85,0,0,0,0
mkgw_native_adamf,W-NA,dev_oof,Center-0.5,42,1,92,92,92,92
mkgw_native_adamf,W-NA,dev_oof,Center-0.5,43,2,0,0,0,0
mkgw_native_adamf,W-NA,dev_oof,Center-0.5,44,3,0,0,0,0
mkgw_native_adamf,W-NA,dev_oof,Center-0.5,45,4,0,0,0,0
mkgw_native_adamf,W-NA,dev_oof,Center-0.5,46,6,0,0,0,0
mkgw_native_adamf,W-NA,dev_oof,Center-0.5,47,9,0,0,0,0
mkgw_native_adamf,W-NA,dev_oof,Center-0.5,48,13,0,0,0,0
mkgw_native_adamf,W-NA,dev_oof,Center-0.5,49,91,0,0,0,0
mkgw_native_adamf,W-NA,dev_oof,Center-0.5,50,1,43,43,43,43
mkgw_native_adamf,W-NA,dev_oof,Center-0.5,51,2,0,0,0,0
mkgw_native_adamf,W-NA,dev_oof,Center-0.5,52,3,0,0,0,0
mkgw_native_adamf,W-NA,dev_oof,Center-0.5,53,4,0,0,0,0
mkgw_native_adamf,W-NA,dev_oof,Center-0.5,54,5,0,0,0,0
mkgw_native_adamf,W-NA,dev_oof,Center-0.5,55,7,0,0,0,0
mkgw_native_adamf,W-NA,dev_oof,Center-0.5,56,8,0,0,0,0
mkgw_native_adamf,W-NA,dev_oof,Center-0.5,57,13,0,0,0,0
mkgw_native_adamf,W-NA,dev_oof,Center-0.5,58,86,0,0,0,0
mkgw_native_adamf,W-NA,dev_oof,Center-0.5,59,1,38,38,38,38
mkgw_native_adamf,W-NA,dev_oof,Center-0.5,60,2,0,0,0,0
mkgw_native_adamf,W-NA,dev_oof,Center-0.5,61,3,0,0,0,0
mkgw_native_adamf,W-NA,dev_oof,Center-0.5,62,4,0,0,0,0
mkgw_native_adamf,W-NA,dev_oof,Center-0.5,63,5,0,0,0,0
mkgw_native_adamf,W-NA,dev_oof,Center-0.5,64,6,0,0,0,0
mkgw_native_adamf,W-NA,dev_oof,Center-0.5,65,7,0,0,0,0
mkgw_native_adamf,W-NA,dev_oof,Center-0.5,66,8,0,0,0,0
mkgw_native_adamf,W-NA,dev_oof,Center-0.5,67,10,0,0,0,0
mkgw_native_adamf,W-NA,dev_oof,Center-0.5,68,11,0,0,0,0
mkgw_native_adamf,W-NA,dev_oof,Center-0.5,69,13,0,0,0,0
mkgw_native_adamf,W-NA,dev_oof,Center-0.5,70,91,0,0,0,0
mkgw_native_adamf,W-NA,dev_oof,Center-0.5,71,1,41,41,41,41
mkgw_native_adamf,W-NA,dev_oof,Center-0.5,72,2,0,0,0,0
mkgw_native_adamf,W-NA,dev_oof,Center-0.5,73,3,0,0,0,0
mkgw_native_adamf,W-NA,dev_oof,Center-0.5,74,4,0,0,0,0
mkgw_native_adamf,W-NA,dev_oof,Center-0.5,75,5,0,0,0,0
mkgw_native_adamf,W-NA,dev_oof,Center-0.5,76,6,0,0,0,0
mkgw_native_adamf,W-NA,dev_oof,Center-0.5,77,9,0,0,0,0
mkgw_native_adamf,W-NA,dev_oof,Center-0.5,78,10,0,0,0,0
mkgw_native_adamf,W-NA,dev_oof,Center-0.5,79,12,0,0,0,0
mkgw_native_adamf,W-NA,dev_oof,Center-0.5,80,15,0,0,0,0
mkgw_native_adamf,W-NA,dev_oof,Center-0.5,81,89,0,0,0,0
mkgw_native_adamf,W-NA,dev_oof,Center-0.5,82,1,36,36,36,36
mkgw_native_adamf,W-NA,dev_oof,Center-0.5,83,2,0,0,0,0
mkgw_native_adamf,W-NA,dev_oof,Center-0.5,84,3,0,0,0,0
mkgw_native_adamf,W-NA,dev_oof,Center-0.5,85,4,0,0,0,0
mkgw_native_adamf,W-NA,dev_oof,Center-0.5,86,6,0,0,0,0
mkgw_native_adamf,W-NA,dev_oof,Center-0.5,87,7,0,0,0,0
mkgw_native_adamf,W-NA,dev_oof,Center-0.5,88,8,0,0,0,0
mkgw_native_adamf,W-NA,dev_oof,Center-0.5,89,13,0,0,0,0
mkgw_native_adamf,W-NA,dev_oof,Center-0.5,90,16,0,0,0,0
mkgw_native_adamf,W-NA,dev_oof,Center-0.5,91,85,0,0,0,0
mkgw_native_adamf,W-NA,dev_oof,Center-0.5,92,1,61,61,61,61
mkgw_native_adamf,W-NA,dev_oof,Center-0.5,93,2,0,0,0,0
mkgw_native_adamf,W-NA,dev_oof,Center-0.5,94,3,0,0,0,0
mkgw_native_adamf,W-NA,dev_oof,Center-0.5,95,4,0,0,0,0
mkgw_native_adamf,W-NA,dev_oof,Center-0.5,96,6,0,0,0,0
mkgw_native_adamf,W-NA,dev_oof,Center-0.5,97,9,0,0,0,0
mkgw_native_adamf,W-NA,dev_oof,Center-0.5,98,13,0,0,0,0
mkgw_native_adamf,W-NA,dev_oof,Center-0.5,99,91,0,0,0,0
mkgw_native_adamf,W-NA,dev_oof,Center-0.5,100,1,88,88,88,88
mkgw_native_adamf,W-NA,dev_oof,Center-0.5,101,2,0,0,0,0
mkgw_native_adamf,W-NA,dev_oof,Center-0.5,102,3,0,0,0,0
mkgw_native_adamf,W-NA,dev_oof,Center-0.5,103,4,0,0,0,0
mkgw_native_adamf,W-NA,dev_oof,Center-0.5,104,5,0,0,0,0
mkgw_native_adamf,W-NA,dev_oof,Center-0.5,105,7,0,0,0,0
mkgw_native_adamf,W-NA,dev_oof,Center-0.5,106,8,0,0,0,0
mkgw_native_adamf,W-NA,dev_oof,Center-0.5,107,13,0,0,0,0
mkgw_native_adamf,W-NA,dev_oof,Center-0.5,108,86,0,0,0,0
mkgw_native_adamf,W-NA,dev_oof,Center-0.5,109,1,71,71,71,71
mkgw_native_adamf,W-NA,dev_oof,Center-0.5,110,2,0,0,0,0
mkgw_native_adamf,W-NA,dev_oof,Center-0.5,111,3,0,0,0,0
mkgw_native_adamf,W-NA,dev_oof,Center-0.5,112,4,0,0,0,0
mkgw_native_adamf,W-NA,dev_oof,Center-0.5,113,5,0,0,0,0
mkgw_native_adamf,W-NA,dev_oof,Center-0.5,114,6,0,0,0,0
mkgw_native_adamf,W-NA,dev_oof,Center-0.5,115,7,0,0,0,0
mkgw_native_adamf,W-NA,dev_oof,Center-0.5,116,8,0,0,0,0
mkgw_native_adamf,W-NA,dev_oof,Center-0.5,117,10,0,0,0,0
mkgw_native_adamf,W-NA,dev_oof,Center-0.5,118,11,0,0,0,0
mkgw_native_adamf,W-NA,dev_oof,Center-0.5,119,13,0,0,0,0
mkgw_native_adamf,W-NA,dev_oof,Center-0.5,120,91,0,0,0,0
mkgw_native_adamf,W-NA,dev_oof,Center-0.5,121,1,68,68,68,68
mkgw_native_adamf,W-NA,dev_oof,Center-0.5,122,2,0,0,0,0
mkgw_native_adamf,W-NA,dev_oof,Center-0.5,123,3,0,0,0,0
mkgw_native_adamf,W-NA,dev_oof,Center-0.5,124,4,0,0,0,0
mkgw_native_adamf,W-NA,dev_oof,Center-0.5,125,5,0,0,0,0
mkgw_native_adamf,W-NA,dev_oof,Center-0.5,126,6,0,0,0,0
mkgw_native_adamf,W-NA,dev_oof,Center-0.5,127,9,0,0,0,0
mkgw_native_adamf,W-NA,dev_oof,Center-0.5,128,10,0,0,0,0
mkgw_native_adamf,W-NA,dev_oof,Center-0.5,129,12,0,0,0,0
mkgw_native_adamf,W-NA,dev_oof,Center-0.5,130,15,0,0,0,0
mkgw_native_adamf,W-NA,dev_oof,Center-0.5,131,89,0,0,0,0
mkgw_native_adamf,W-NA,dev_oof,Center-0.5,132,1,66,66,66,66
mkgw_native_adamf,W-NA,dev_oof,Center-0.5,133,2,0,0,0,0
mkgw_native_adamf,W-NA,dev_oof,Center-0.5,134,3,0,0,0,0
mkgw_native_adamf,W-NA,dev_oof,Center-0.5,135,4,0,0,0,0
mkgw_native_adamf,W-NA,dev_oof,Center-0.5,136,6,0,0,0,0
mkgw_native_adamf,W-NA,dev_oof,Center-0.5,137,7,0,0,0,0
mkgw_native_adamf,W-NA,dev_oof,Center-0.5,138,8,0,0,0,0
mkgw_native_adamf,W-NA,dev_oof,Center-0.5,139,13,0,0,0,0
mkgw_native_adamf,W-NA,dev_oof,Center-0.5,140,16,0,0,0,0
mkgw_native_adamf,W-NA,dev_oof,Center-0.5,141,85,0,0,0,0
mkgw_native_adamf,W-NA,dev_oof,Center-0.5,142,1,88,88,88,88
mkgw_native_adamf,W-NA,dev_oof,Center-0.5,143,2,0,0,0,0
mkgw_native_adamf,W-NA,dev_oof,Center-0.5,144,3,0,0,0,0
mkgw_native_adamf,W-NA,dev_oof,Center-0.5,145,4,0,0,0,0
mkgw_native_adamf,W-NA,dev_oof,Center-0.5,146,6,0,0,0,0
mkgw_native_adamf,W-NA,dev_oof,Center-0.5,147,9,0,0,0,0
mkgw_native_adamf,W-NA,dev_oof,Center-0.5,148,13,0,0,0,0
mkgw_native_adamf,W-NA,dev_oof,Center-0.5,149,91,0,0,0,0
mkgw_native_adamf,W-NA,dev_oof,Linear-p,0,1,98,98,98,98
mkgw_native_adamf,W-NA,dev_oof,Linear-p,1,2,0,0,0,0
mkgw_native_adamf,W-NA,dev_oof,Linear-p,2,3,0,0,0,0
mkgw_native_adamf,W-NA,dev_oof,Linear-p,3,4,0,0,0,0
mkgw_native_adamf,W-NA,dev_oof,Linear-p,4,5,0,0,0,0
mkgw_native_adamf,W-NA,dev_oof,Linear-p,5,7,0,0,0,0
mkgw_native_adamf,W-NA,dev_oof,Linear-p,6,8,0,0,0,0
mkgw_native_adamf,W-NA,dev_oof,Linear-p,7,13,0,0,0,0
mkgw_native_adamf,W-NA,dev_oof,Linear-p,8,86,0,0,0,0
mkgw_native_adamf,W-NA,dev_oof,Linear-p,9,1,76,76,76,76
mkgw_native_adamf,W-NA,dev_oof,Linear-p,10,2,0,0,0,0
mkgw_native_adamf,W-NA,dev_oof,Linear-p,11,3,0,0,0,0
mkgw_native_adamf,W-NA,dev_oof,Linear-p,12,4,0,0,0,0
mkgw_native_adamf,W-NA,dev_oof,Linear-p,13,5,0,0,0,0
mkgw_native_adamf,W-NA,dev_oof,Linear-p,14,6,0,0,0,0
mkgw_native_adamf,W-NA,dev_oof,Linear-p,15,7,0,0,0,0
mkgw_native_adamf,W-NA,dev_oof,Linear-p,16,8,0,0,0,0
mkgw_native_adamf,W-NA,dev_oof,Linear-p,17,10,0,0,0,0
mkgw_native_adamf,W-NA,dev_oof,Linear-p,18,11,0,0,0,0
mkgw_native_adamf,W-NA,dev_oof,Linear-p,19,13,0,0,0,0
mkgw_native_adamf,W-NA,dev_oof,Linear-p,20,91,0,0,0,0
mkgw_native_adamf,W-NA,dev_oof,Linear-p,21,1,89,89,89,89
mkgw_native_adamf,W-NA,dev_oof,Linear-p,22,2,1,1,1,2
mkgw_native_adamf,W-NA,dev_oof,Linear-p,23,3,0,0,0,0
mkgw_native_adamf,W-NA,dev_oof,Linear-p,24,4,0,0,0,0
mkgw_native_adamf,W-NA,dev_oof,Linear-p,25,5,0,0,0,0
mkgw_native_adamf,W-NA,dev_oof,Linear-p,26,6,0,0,0,0
mkgw_native_adamf,W-NA,dev_oof,Linear-p,27,9,0,0,0,0
mkgw_native_adamf,W-NA,dev_oof,Linear-p,28,10,0,0,0,0
mkgw_native_adamf,W-NA,dev_oof,Linear-p,29,12,0,0,0,0
mkgw_native_adamf,W-NA,dev_oof,Linear-p,30,15,0,0,0,0
mkgw_native_adamf,W-NA,dev_oof,Linear-p,31,89,0,0,0,0
mkgw_native_adamf,W-NA,dev_oof,Linear-p,32,1,72,72,72,72
mkgw_native_adamf,W-NA,dev_oof,Linear-p,33,2,0,0,0,0
mkgw_native_adamf,W-NA,dev_oof,Linear-p,34,3,0,0,0,0
mkgw_native_adamf,W-NA,dev_oof,Linear-p,35,4,0,0,0,0
mkgw_native_adamf,W-NA,dev_oof,Linear-p,36,6,0,0,0,0
mkgw_native_adamf,W-NA,dev_oof,Linear-p,37,7,0,0,0,0
mkgw_native_adamf,W-NA,dev_oof,Linear-p,38,8,0,0,0,0
mkgw_native_adamf,W-NA,dev_oof,Linear-p,39,13,0,0,0,0
mkgw_native_adamf,W-NA,dev_oof,Linear-p,40,16,0,0,0,0
mkgw_native_adamf,W-NA,dev_oof,Linear-p,41,85,0,0,0,0
mkgw_native_adamf,W-NA,dev_oof,Linear-p,42,1,92,92,92,92
mkgw_native_adamf,W-NA,dev_oof,Linear-p,43,2,0,0,0,0
mkgw_native_adamf,W-NA,dev_oof,Linear-p,44,3,0,0,0,0
mkgw_native_adamf,W-NA,dev_oof,Linear-p,45,4,0,0,0,0
mkgw_native_adamf,W-NA,dev_oof,Linear-p,46,6,0,0,0,0
mkgw_native_adamf,W-NA,dev_oof,Linear-p,47,9,0,0,0,0
mkgw_native_adamf,W-NA,dev_oof,Linear-p,48,13,0,0,0,0
mkgw_native_adamf,W-NA,dev_oof,Linear-p,49,91,0,0,0,0
mkgw_native_adamf,W-NA,dev_oof,Linear-p,50,1,43,43,43,43
mkgw_native_adamf,W-NA,dev_oof,Linear-p,51,2,0,0,0,0
mkgw_native_adamf,W-NA,dev_oof,Linear-p,52,3,0,0,0,0
mkgw_native_adamf,W-NA,dev_oof,Linear-p,53,4,0,0,0,0
mkgw_native_adamf,W-NA,dev_oof,Linear-p,54,5,0,0,0,0
mkgw_native_adamf,W-NA,dev_oof,Linear-p,55,7,0,0,0,0
mkgw_native_adamf,W-NA,dev_oof,Linear-p,56,8,0,0,0,0
mkgw_native_adamf,W-NA,dev_oof,Linear-p,57,13,0,0,0,0
mkgw_native_adamf,W-NA,dev_oof,Linear-p,58,86,0,0,0,0
mkgw_native_adamf,W-NA,dev_oof,Linear-p,59,1,38,38,38,38
mkgw_native_adamf,W-NA,dev_oof,Linear-p,60,2,0,0,0,0
mkgw_native_adamf,W-NA,dev_oof,Linear-p,61,3,0,0,0,0
mkgw_native_adamf,W-NA,dev_oof,Linear-p,62,4,0,0,0,0
mkgw_native_adamf,W-NA,dev_oof,Linear-p,63,5,0,0,0,0
mkgw_native_adamf,W-NA,dev_oof,Linear-p,64,6,0,0,0,0
mkgw_native_adamf,W-NA,dev_oof,Linear-p,65,7,0,0,0,0
mkgw_native_adamf,W-NA,dev_oof,Linear-p,66,8,0,0,0,0
mkgw_native_adamf,W-NA,dev_oof,Linear-p,67,10,0,0,0,0
mkgw_native_adamf,W-NA,dev_oof,Linear-p,68,11,0,0,0,0
mkgw_native_adamf,W-NA,dev_oof,Linear-p,69,13,0,0,0,0
mkgw_native_adamf,W-NA,dev_oof,Linear-p,70,91,0,0,0,0
mkgw_native_adamf,W-NA,dev_oof,Linear-p,71,1,41,41,41,41
mkgw_native_adamf,W-NA,dev_oof,Linear-p,72,2,0,0,0,0
mkgw_native_adamf,W-NA,dev_oof,Linear-p,73,3,0,0,0,0
mkgw_native_adamf,W-NA,dev_oof,Linear-p,74,4,0,0,0,0
mkgw_native_adamf,W-NA,dev_oof,Linear-p,75,5,0,0,0,0
mkgw_native_adamf,W-NA,dev_oof,Linear-p,76,6,0,0,0,0
mkgw_native_adamf,W-NA,dev_oof,Linear-p,77,9,0,0,0,0
mkgw_native_adamf,W-NA,dev_oof,Linear-p,78,10,0,0,0,0
mkgw_native_adamf,W-NA,dev_oof,Linear-p,79,12,0,0,0,0
mkgw_native_adamf,W-NA,dev_oof,Linear-p,80,15,0,0,0,0
mkgw_native_adamf,W-NA,dev_oof,Linear-p,81,89,0,0,0,0
mkgw_native_adamf,W-NA,dev_oof,Linear-p,82,1,36,36,36,36
mkgw_native_adamf,W-NA,dev_oof,Linear-p,83,2,0,0,0,0
mkgw_native_adamf,W-NA,dev_oof,Linear-p,84,3,0,0,0,0
mkgw_native_adamf,W-NA,dev_oof,Linear-p,85,4,0,0,0,0
mkgw_native_adamf,W-NA,dev_oof,Linear-p,86,6,0,0,0,0
mkgw_native_adamf,W-NA,dev_oof,Linear-p,87,7,0,0,0,0
mkgw_native_adamf,W-NA,dev_oof,Linear-p,88,8,0,0,0,0
mkgw_native_adamf,W-NA,dev_oof,Linear-p,89,13,0,0,0,0
mkgw_native_adamf,W-NA,dev_oof,Linear-p,90,16,0,0,0,0
mkgw_native_adamf,W-NA,dev_oof,Linear-p,91,85,0,0,0,0
mkgw_native_adamf,W-NA,dev_oof,Linear-p,92,1,61,61,61,61
mkgw_native_adamf,W-NA,dev_oof,Linear-p,93,2,0,0,0,0
mkgw_native_adamf,W-NA,dev_oof,Linear-p,94,3,0,0,0,0
mkgw_native_adamf,W-NA,dev_oof,Linear-p,95,4,0,0,0,0
mkgw_native_adamf,W-NA,dev_oof,Linear-p,96,6,0,0,0,0
mkgw_native_adamf,W-NA,dev_oof,Linear-p,97,9,0,0,0,0
mkgw_native_adamf,W-NA,dev_oof,Linear-p,98,13,0,0,0,0
mkgw_native_adamf,W-NA,dev_oof,Linear-p,99,91,0,0,0,0
mkgw_native_adamf,W-NA,dev_oof,Linear-p,100,1,88,88,88,88
mkgw_native_adamf,W-NA,dev_oof,Linear-p,101,2,0,0,0,0
mkgw_native_adamf,W-NA,dev_oof,Linear-p,102,3,0,0,0,0
mkgw_native_adamf,W-NA,dev_oof,Linear-p,103,4,0,0,0,0
mkgw_native_adamf,W-NA,dev_oof,Linear-p,104,5,0,0,0,0
mkgw_native_adamf,W-NA,dev_oof,Linear-p,105,7,0,0,0,0
mkgw_native_adamf,W-NA,dev_oof,Linear-p,106,8,0,0,0,0
mkgw_native_adamf,W-NA,dev_oof,Linear-p,107,13,0,0,0,0
mkgw_native_adamf,W-NA,dev_oof,Linear-p,108,86,0,0,0,0
mkgw_native_adamf,W-NA,dev_oof,Linear-p,109,1,71,71,71,71
mkgw_native_adamf,W-NA,dev_oof,Linear-p,110,2,0,0,0,0
mkgw_native_adamf,W-NA,dev_oof,Linear-p,111,3,0,0,0,0
mkgw_native_adamf,W-NA,dev_oof,Linear-p,112,4,0,0,0,0
mkgw_native_adamf,W-NA,dev_oof,Linear-p,113,5,0,0,0,0
mkgw_native_adamf,W-NA,dev_oof,Linear-p,114,6,0,0,0,0
mkgw_native_adamf,W-NA,dev_oof,Linear-p,115,7,0,0,0,0
mkgw_native_adamf,W-NA,dev_oof,Linear-p,116,8,0,0,0,0
mkgw_native_adamf,W-NA,dev_oof,Linear-p,117,10,0,0,0,0
mkgw_native_adamf,W-NA,dev_oof,Linear-p,118,11,0,0,0,0
mkgw_native_adamf,W-NA,dev_oof,Linear-p,119,13,0,0,0,0
mkgw_native_adamf,W-NA,dev_oof,Linear-p,120,91,0,0,0,0
mkgw_native_adamf,W-NA,dev_oof,Linear-p,121,1,68,68,68,68
mkgw_native_adamf,W-NA,dev_oof,Linear-p,122,2,0,0,0,0
mkgw_native_adamf,W-NA,dev_oof,Linear-p,123,3,0,0,0,0
mkgw_native_adamf,W-NA,dev_oof,Linear-p,124,4,0,0,0,0
mkgw_native_adamf,W-NA,dev_oof,Linear-p,125,5,0,0,0,0
mkgw_native_adamf,W-NA,dev_oof,Linear-p,126,6,0,0,0,0
mkgw_native_adamf,W-NA,dev_oof,Linear-p,127,9,0,0,0,0
mkgw_native_adamf,W-NA,dev_oof,Linear-p,128,10,0,0,0,0
mkgw_native_adamf,W-NA,dev_oof,Linear-p,129,12,0,0,0,0
mkgw_native_adamf,W-NA,dev_oof,Linear-p,130,15,0,0,0,0
mkgw_native_adamf,W-NA,dev_oof,Linear-p,131,89,0,0,0,0
mkgw_native_adamf,W-NA,dev_oof,Linear-p,132,1,66,66,66,66
mkgw_native_adamf,W-NA,dev_oof,Linear-p,133,2,0,0,0,0
mkgw_native_adamf,W-NA,dev_oof,Linear-p,134,3,0,0,0,0
mkgw_native_adamf,W-NA,dev_oof,Linear-p,135,4,0,0,0,0
mkgw_native_adamf,W-NA,dev_oof,Linear-p,136,6,0,0,0,0
mkgw_native_adamf,W-NA,dev_oof,Linear-p,137,7,0,0,0,0
mkgw_native_adamf,W-NA,dev_oof,Linear-p,138,8,0,0,0,0
mkgw_native_adamf,W-NA,dev_oof,Linear-p,139,13,0,0,0,0
mkgw_native_adamf,W-NA,dev_oof,Linear-p,140,16,0,0,0,0
mkgw_native_adamf,W-NA,dev_oof,Linear-p,141,85,0,0,0,0
mkgw_native_adamf,W-NA,dev_oof,Linear-p,142,1,88,88,88,88
mkgw_native_adamf,W-NA,dev_oof,Linear-p,143,2,0,0,0,0
mkgw_native_adamf,W-NA,dev_oof,Linear-p,144,3,0,0,0,0
mkgw_native_adamf,W-NA,dev_oof,Linear-p,145,4,0,0,0,0
mkgw_native_adamf,W-NA,dev_oof,Linear-p,146,6,0,0,0,0
mkgw_native_adamf,W-NA,dev_oof,Linear-p,147,9,0,0,0,0
mkgw_native_adamf,W-NA,dev_oof,Linear-p,148,13,0,0,0,0
mkgw_native_adamf,W-NA,dev_oof,Linear-p,149,91,0,0,0,0
mkgw_native_adamf,W-NA,dev_oof,Clip-g,0,1,98,98,98,98
mkgw_native_adamf,W-NA,dev_oof,Clip-g,1,2,0,0,0,0
mkgw_native_adamf,W-NA,dev_oof,Clip-g,2,3,0,0,0,0
mkgw_native_adamf,W-NA,dev_oof,Clip-g,3,4,0,0,0,0
mkgw_native_adamf,W-NA,dev_oof,Clip-g,4,5,0,0,0,0
mkgw_native_adamf,W-NA,dev_oof,Clip-g,5,7,0,0,0,0
mkgw_native_adamf,W-NA,dev_oof,Clip-g,6,8,0,0,0,0
mkgw_native_adamf,W-NA,dev_oof,Clip-g,7,13,0,0,0,0
mkgw_native_adamf,W-NA,dev_oof,Clip-g,8,86,0,0,0,0
mkgw_native_adamf,W-NA,dev_oof,Clip-g,9,1,76,76,76,76
mkgw_native_adamf,W-NA,dev_oof,Clip-g,10,2,0,0,0,0
mkgw_native_adamf,W-NA,dev_oof,Clip-g,11,3,0,0,0,0
mkgw_native_adamf,W-NA,dev_oof,Clip-g,12,4,0,0,0,0
mkgw_native_adamf,W-NA,dev_oof,Clip-g,13,5,0,0,0,0
mkgw_native_adamf,W-NA,dev_oof,Clip-g,14,6,0,0,0,0
mkgw_native_adamf,W-NA,dev_oof,Clip-g,15,7,0,0,0,0
mkgw_native_adamf,W-NA,dev_oof,Clip-g,16,8,0,0,0,0
mkgw_native_adamf,W-NA,dev_oof,Clip-g,17,10,0,0,0,0
mkgw_native_adamf,W-NA,dev_oof,Clip-g,18,11,0,0,0,0
mkgw_native_adamf,W-NA,dev_oof,Clip-g,19,13,0,0,0,0
mkgw_native_adamf,W-NA,dev_oof,Clip-g,20,91,0,0,0,0
mkgw_native_adamf,W-NA,dev_oof,Clip-g,21,1,89,89,89,89
mkgw_native_adamf,W-NA,dev_oof,Clip-g,22,2,1,1,1,2
mkgw_native_adamf,W-NA,dev_oof,Clip-g,23,3,0,0,0,0
mkgw_native_adamf,W-NA,dev_oof,Clip-g,24,4,0,0,0,0
mkgw_native_adamf,W-NA,dev_oof,Clip-g,25,5,0,0,0,0
mkgw_native_adamf,W-NA,dev_oof,Clip-g,26,6,0,0,0,0
mkgw_native_adamf,W-NA,dev_oof,Clip-g,27,9,0,0,0,0
mkgw_native_adamf,W-NA,dev_oof,Clip-g,28,10,0,0,0,0
mkgw_native_adamf,W-NA,dev_oof,Clip-g,29,12,0,0,0,0
mkgw_native_adamf,W-NA,dev_oof,Clip-g,30,15,0,0,0,0
mkgw_native_adamf,W-NA,dev_oof,Clip-g,31,89,0,0,0,0
mkgw_native_adamf,W-NA,dev_oof,Clip-g,32,1,72,72,72,72
mkgw_native_adamf,W-NA,dev_oof,Clip-g,33,2,0,0,0,0
mkgw_native_adamf,W-NA,dev_oof,Clip-g,34,3,0,0,0,0
mkgw_native_adamf,W-NA,dev_oof,Clip-g,35,4,0,0,0,0
mkgw_native_adamf,W-NA,dev_oof,Clip-g,36,6,0,0,0,0
mkgw_native_adamf,W-NA,dev_oof,Clip-g,37,7,0,0,0,0
mkgw_native_adamf,W-NA,dev_oof,Clip-g,38,8,0,0,0,0
mkgw_native_adamf,W-NA,dev_oof,Clip-g,39,13,0,0,0,0
mkgw_native_adamf,W-NA,dev_oof,Clip-g,40,16,0,0,0,0
mkgw_native_adamf,W-NA,dev_oof,Clip-g,41,85,0,0,0,0
mkgw_native_adamf,W-NA,dev_oof,Clip-g,42,1,92,92,92,92
mkgw_native_adamf,W-NA,dev_oof,Clip-g,43,2,0,0,0,0
mkgw_native_adamf,W-NA,dev_oof,Clip-g,44,3,0,0,0,0
mkgw_native_adamf,W-NA,dev_oof,Clip-g,45,4,0,0,0,0
mkgw_native_adamf,W-NA,dev_oof,Clip-g,46,6,0,0,0,0
mkgw_native_adamf,W-NA,dev_oof,Clip-g,47,9,0,0,0,0
mkgw_native_adamf,W-NA,dev_oof,Clip-g,48,13,0,0,0,0
mkgw_native_adamf,W-NA,dev_oof,Clip-g,49,91,0,0,0,0
mkgw_native_adamf,W-NA,dev_oof,Clip-g,50,1,43,43,43,43
mkgw_native_adamf,W-NA,dev_oof,Clip-g,51,2,0,0,0,0
mkgw_native_adamf,W-NA,dev_oof,Clip-g,52,3,0,0,0,0
mkgw_native_adamf,W-NA,dev_oof,Clip-g,53,4,0,0,0,0
mkgw_native_adamf,W-NA,dev_oof,Clip-g,54,5,0,0,0,0
mkgw_native_adamf,W-NA,dev_oof,Clip-g,55,7,0,0,0,0
mkgw_native_adamf,W-NA,dev_oof,Clip-g,56,8,0,0,0,0
mkgw_native_adamf,W-NA,dev_oof,Clip-g,57,13,0,0,0,0
mkgw_native_adamf,W-NA,dev_oof,Clip-g,58,86,0,0,0,0
mkgw_native_adamf,W-NA,dev_oof,Clip-g,59,1,38,38,38,38
mkgw_native_adamf,W-NA,dev_oof,Clip-g,60,2,0,0,0,0
mkgw_native_adamf,W-NA,dev_oof,Clip-g,61,3,0,0,0,0
mkgw_native_adamf,W-NA,dev_oof,Clip-g,62,4,0,0,0,0
mkgw_native_adamf,W-NA,dev_oof,Clip-g,63,5,0,0,0,0
mkgw_native_adamf,W-NA,dev_oof,Clip-g,64,6,0,0,0,0
mkgw_native_adamf,W-NA,dev_oof,Clip-g,65,7,0,0,0,0
mkgw_native_adamf,W-NA,dev_oof,Clip-g,66,8,0,0,0,0
mkgw_native_adamf,W-NA,dev_oof,Clip-g,67,10,0,0,0,0
mkgw_native_adamf,W-NA,dev_oof,Clip-g,68,11,0,0,0,0
mkgw_native_adamf,W-NA,dev_oof,Clip-g,69,13,0,0,0,0
mkgw_native_adamf,W-NA,dev_oof,Clip-g,70,91,0,0,0,0
mkgw_native_adamf,W-NA,dev_oof,Clip-g,71,1,41,41,41,41
mkgw_native_adamf,W-NA,dev_oof,Clip-g,72,2,0,0,0,0
mkgw_native_adamf,W-NA,dev_oof,Clip-g,73,3,0,0,0,0
mkgw_native_adamf,W-NA,dev_oof,Clip-g,74,4,0,0,0,0
mkgw_native_adamf,W-NA,dev_oof,Clip-g,75,5,0,0,0,0
mkgw_native_adamf,W-NA,dev_oof,Clip-g,76,6,0,0,0,0
mkgw_native_adamf,W-NA,dev_oof,Clip-g,77,9,0,0,0,0
mkgw_native_adamf,W-NA,dev_oof,Clip-g,78,10,0,0,0,0
mkgw_native_adamf,W-NA,dev_oof,Clip-g,79,12,0,0,0,0
mkgw_native_adamf,W-NA,dev_oof,Clip-g,80,15,0,0,0,0
mkgw_native_adamf,W-NA,dev_oof,Clip-g,81,89,0,0,0,0
mkgw_native_adamf,W-NA,dev_oof,Clip-g,82,1,36,36,36,36
mkgw_native_adamf,W-NA,dev_oof,Clip-g,83,2,0,0,0,0
mkgw_native_adamf,W-NA,dev_oof,Clip-g,84,3,0,0,0,0
mkgw_native_adamf,W-NA,dev_oof,Clip-g,85,4,0,0,0,0
mkgw_native_adamf,W-NA,dev_oof,Clip-g,86,6,0,0,0,0
mkgw_native_adamf,W-NA,dev_oof,Clip-g,87,7,0,0,0,0
mkgw_native_adamf,W-NA,dev_oof,Clip-g,88,8,0,0,0,0
mkgw_native_adamf,W-NA,dev_oof,Clip-g,89,13,0,0,0,0
mkgw_native_adamf,W-NA,dev_oof,Clip-g,90,16,0,0,0,0
mkgw_native_adamf,W-NA,dev_oof,Clip-g,91,85,0,0,0,0
mkgw_native_adamf,W-NA,dev_oof,Clip-g,92,1,61,61,61,61
mkgw_native_adamf,W-NA,dev_oof,Clip-g,93,2,0,0,0,0
mkgw_native_adamf,W-NA,dev_oof,Clip-g,94,3,0,0,0,0
mkgw_native_adamf,W-NA,dev_oof,Clip-g,95,4,0,0,0,0
mkgw_native_adamf,W-NA,dev_oof,Clip-g,96,6,0,0,0,0
mkgw_native_adamf,W-NA,dev_oof,Clip-g,97,9,0,0,0,0
mkgw_native_adamf,W-NA,dev_oof,Clip-g,98,13,0,0,0,0
mkgw_native_adamf,W-NA,dev_oof,Clip-g,99,91,0,0,0,0
mkgw_native_adamf,W-NA,dev_oof,Clip-g,100,1,88,88,88,88
mkgw_native_adamf,W-NA,dev_oof,Clip-g,101,2,0,0,0,0
mkgw_native_adamf,W-NA,dev_oof,Clip-g,102,3,0,0,0,0
mkgw_native_adamf,W-NA,dev_oof,Clip-g,103,4,0,0,0,0
mkgw_native_adamf,W-NA,dev_oof,Clip-g,104,5,0,0,0,0
mkgw_native_adamf,W-NA,dev_oof,Clip-g,105,7,0,0,0,0
mkgw_native_adamf,W-NA,dev_oof,Clip-g,106,8,0,0,0,0
mkgw_native_adamf,W-NA,dev_oof,Clip-g,107,13,0,0,0,0
mkgw_native_adamf,W-NA,dev_oof,Clip-g,108,86,0,0,0,0
mkgw_native_adamf,W-NA,dev_oof,Clip-g,109,1,71,71,71,71
mkgw_native_adamf,W-NA,dev_oof,Clip-g,110,2,0,0,0,0
mkgw_native_adamf,W-NA,dev_oof,Clip-g,111,3,0,0,0,0
mkgw_native_adamf,W-NA,dev_oof,Clip-g,112,4,0,0,0,0
mkgw_native_adamf,W-NA,dev_oof,Clip-g,113,5,0,0,0,0
mkgw_native_adamf,W-NA,dev_oof,Clip-g,114,6,0,0,0,0
mkgw_native_adamf,W-NA,dev_oof,Clip-g,115,7,0,0,0,0
mkgw_native_adamf,W-NA,dev_oof,Clip-g,116,8,0,0,0,0
mkgw_native_adamf,W-NA,dev_oof,Clip-g,117,10,0,0,0,0
mkgw_native_adamf,W-NA,dev_oof,Clip-g,118,11,0,0,0,0
mkgw_native_adamf,W-NA,dev_oof,Clip-g,119,13,0,0,0,0
mkgw_native_adamf,W-NA,dev_oof,Clip-g,120,91,0,0,0,0
mkgw_native_adamf,W-NA,dev_oof,Clip-g,121,1,68,68,68,68
mkgw_native_adamf,W-NA,dev_oof,Clip-g,122,2,0,0,0,0
mkgw_native_adamf,W-NA,dev_oof,Clip-g,123,3,0,0,0,0
mkgw_native_adamf,W-NA,dev_oof,Clip-g,124,4,0,0,0,0
mkgw_native_adamf,W-NA,dev_oof,Clip-g,125,5,0,0,0,0
mkgw_native_adamf,W-NA,dev_oof,Clip-g,126,6,0,0,0,0
mkgw_native_adamf,W-NA,dev_oof,Clip-g,127,9,0,0,0,0
mkgw_native_adamf,W-NA,dev_oof,Clip-g,128,10,0,0,0,0
mkgw_native_adamf,W-NA,dev_oof,Clip-g,129,12,0,0,0,0
mkgw_native_adamf,W-NA,dev_oof,Clip-g,130,15,0,0,0,0
mkgw_native_adamf,W-NA,dev_oof,Clip-g,131,89,0,0,0,0
mkgw_native_adamf,W-NA,dev_oof,Clip-g,132,1,66,66,66,66
mkgw_native_adamf,W-NA,dev_oof,Clip-g,133,2,0,0,0,0
mkgw_native_adamf,W-NA,dev_oof,Clip-g,134,3,0,0,0,0
mkgw_native_adamf,W-NA,dev_oof,Clip-g,135,4,0,0,0,0
mkgw_native_adamf,W-NA,dev_oof,Clip-g,136,6,0,0,0,0
mkgw_native_adamf,W-NA,dev_oof,Clip-g,137,7,0,0,0,0
mkgw_native_adamf,W-NA,dev_oof,Clip-g,138,8,0,0,0,0
mkgw_native_adamf,W-NA,dev_oof,Clip-g,139,13,0,0,0,0
mkgw_native_adamf,W-NA,dev_oof,Clip-g,140,16,0,0,0,0
mkgw_native_adamf,W-NA,dev_oof,Clip-g,141,85,0,0,0,0
mkgw_native_adamf,W-NA,dev_oof,Clip-g,142,1,88,88,88,88
mkgw_native_adamf,W-NA,dev_oof,Clip-g,143,2,0,0,0,0
mkgw_native_adamf,W-NA,dev_oof,Clip-g,144,3,0,0,0,0
mkgw_native_adamf,W-NA,dev_oof,Clip-g,145,4,0,0,0,0
mkgw_native_adamf,W-NA,dev_oof,Clip-g,146,6,0,0,0,0
mkgw_native_adamf,W-NA,dev_oof,Clip-g,147,9,0,0,0,0
mkgw_native_adamf,W-NA,dev_oof,Clip-g,148,13,0,0,0,0
mkgw_native_adamf,W-NA,dev_oof,Clip-g,149,91,0,0,0,0
mkgw_native_adamf,W-NA,dev_oof,Shrink-fixed,0,1,98,98,98,98
mkgw_native_adamf,W-NA,dev_oof,Shrink-fixed,1,2,0,0,0,0
mkgw_native_adamf,W-NA,dev_oof,Shrink-fixed,2,3,0,0,0,0
mkgw_native_adamf,W-NA,dev_oof,Shrink-fixed,3,4,0,0,0,0
mkgw_native_adamf,W-NA,dev_oof,Shrink-fixed,4,5,0,0,0,0
mkgw_native_adamf,W-NA,dev_oof,Shrink-fixed,5,7,0,0,0,0
mkgw_native_adamf,W-NA,dev_oof,Shrink-fixed,6,8,0,0,0,0
mkgw_native_adamf,W-NA,dev_oof,Shrink-fixed,7,13,0,0,0,0
mkgw_native_adamf,W-NA,dev_oof,Shrink-fixed,8,86,0,0,0,0
mkgw_native_adamf,W-NA,dev_oof,Shrink-fixed,9,1,76,76,76,76
mkgw_native_adamf,W-NA,dev_oof,Shrink-fixed,10,2,0,0,0,0
mkgw_native_adamf,W-NA,dev_oof,Shrink-fixed,11,3,0,0,0,0
mkgw_native_adamf,W-NA,dev_oof,Shrink-fixed,12,4,0,0,0,0
mkgw_native_adamf,W-NA,dev_oof,Shrink-fixed,13,5,0,0,0,0
mkgw_native_adamf,W-NA,dev_oof,Shrink-fixed,14,6,0,0,0,0
mkgw_native_adamf,W-NA,dev_oof,Shrink-fixed,15,7,0,0,0,0
mkgw_native_adamf,W-NA,dev_oof,Shrink-fixed,16,8,0,0,0,0
mkgw_native_adamf,W-NA,dev_oof,Shrink-fixed,17,10,0,0,0,0
mkgw_native_adamf,W-NA,dev_oof,Shrink-fixed,18,11,0,0,0,0
mkgw_native_adamf,W-NA,dev_oof,Shrink-fixed,19,13,0,0,0,0
mkgw_native_adamf,W-NA,dev_oof,Shrink-fixed,20,91,0,0,0,0
mkgw_native_adamf,W-NA,dev_oof,Shrink-fixed,21,1,89,89,89,89
mkgw_native_adamf,W-NA,dev_oof,Shrink-fixed,22,2,1,1,1,2
mkgw_native_adamf,W-NA,dev_oof,Shrink-fixed,23,3,0,0,0,0
mkgw_native_adamf,W-NA,dev_oof,Shrink-fixed,24,4,0,0,0,0
mkgw_native_adamf,W-NA,dev_oof,Shrink-fixed,25,5,0,0,0,0
mkgw_native_adamf,W-NA,dev_oof,Shrink-fixed,26,6,0,0,0,0
mkgw_native_adamf,W-NA,dev_oof,Shrink-fixed,27,9,0,0,0,0
mkgw_native_adamf,W-NA,dev_oof,Shrink-fixed,28,10,0,0,0,0
mkgw_native_adamf,W-NA,dev_oof,Shrink-fixed,29,12,0,0,0,0
mkgw_native_adamf,W-NA,dev_oof,Shrink-fixed,30,15,0,0,0,0
mkgw_native_adamf,W-NA,dev_oof,Shrink-fixed,31,89,0,0,0,0
mkgw_native_adamf,W-NA,dev_oof,Shrink-fixed,32,1,72,72,72,72
mkgw_native_adamf,W-NA,dev_oof,Shrink-fixed,33,2,0,0,0,0
mkgw_native_adamf,W-NA,dev_oof,Shrink-fixed,34,3,0,0,0,0
mkgw_native_adamf,W-NA,dev_oof,Shrink-fixed,35,4,0,0,0,0
mkgw_native_adamf,W-NA,dev_oof,Shrink-fixed,36,6,0,0,0,0
mkgw_native_adamf,W-NA,dev_oof,Shrink-fixed,37,7,0,0,0,0
mkgw_native_adamf,W-NA,dev_oof,Shrink-fixed,38,8,0,0,0,0
mkgw_native_adamf,W-NA,dev_oof,Shrink-fixed,39,13,0,0,0,0
mkgw_native_adamf,W-NA,dev_oof,Shrink-fixed,40,16,0,0,0,0
mkgw_native_adamf,W-NA,dev_oof,Shrink-fixed,41,85,0,0,0,0
mkgw_native_adamf,W-NA,dev_oof,Shrink-fixed,42,1,92,92,92,92
mkgw_native_adamf,W-NA,dev_oof,Shrink-fixed,43,2,0,0,0,0
mkgw_native_adamf,W-NA,dev_oof,Shrink-fixed,44,3,0,0,0,0
mkgw_native_adamf,W-NA,dev_oof,Shrink-fixed,45,4,0,0,0,0
mkgw_native_adamf,W-NA,dev_oof,Shrink-fixed,46,6,0,0,0,0
mkgw_native_adamf,W-NA,dev_oof,Shrink-fixed,47,9,0,0,0,0
mkgw_native_adamf,W-NA,dev_oof,Shrink-fixed,48,13,0,0,0,0
mkgw_native_adamf,W-NA,dev_oof,Shrink-fixed,49,91,0,0,0,0
mkgw_native_adamf,W-NA,dev_oof,Shrink-fixed,50,1,43,43,43,43
mkgw_native_adamf,W-NA,dev_oof,Shrink-fixed,51,2,0,0,0,0
mkgw_native_adamf,W-NA,dev_oof,Shrink-fixed,52,3,0,0,0,0
mkgw_native_adamf,W-NA,dev_oof,Shrink-fixed,53,4,0,0,0,0
mkgw_native_adamf,W-NA,dev_oof,Shrink-fixed,54,5,0,0,0,0
mkgw_native_adamf,W-NA,dev_oof,Shrink-fixed,55,7,0,0,0,0
mkgw_native_adamf,W-NA,dev_oof,Shrink-fixed,56,8,0,0,0,0
mkgw_native_adamf,W-NA,dev_oof,Shrink-fixed,57,13,0,0,0,0
mkgw_native_adamf,W-NA,dev_oof,Shrink-fixed,58,86,0,0,0,0
mkgw_native_adamf,W-NA,dev_oof,Shrink-fixed,59,1,38,38,38,38
mkgw_native_adamf,W-NA,dev_oof,Shrink-fixed,60,2,0,0,0,0
mkgw_native_adamf,W-NA,dev_oof,Shrink-fixed,61,3,0,0,0,0
mkgw_native_adamf,W-NA,dev_oof,Shrink-fixed,62,4,0,0,0,0
mkgw_native_adamf,W-NA,dev_oof,Shrink-fixed,63,5,0,0,0,0
mkgw_native_adamf,W-NA,dev_oof,Shrink-fixed,64,6,0,0,0,0
mkgw_native_adamf,W-NA,dev_oof,Shrink-fixed,65,7,0,0,0,0
mkgw_native_adamf,W-NA,dev_oof,Shrink-fixed,66,8,0,0,0,0
mkgw_native_adamf,W-NA,dev_oof,Shrink-fixed,67,10,0,0,0,0
mkgw_native_adamf,W-NA,dev_oof,Shrink-fixed,68,11,0,0,0,0
mkgw_native_adamf,W-NA,dev_oof,Shrink-fixed,69,13,0,0,0,0
mkgw_native_adamf,W-NA,dev_oof,Shrink-fixed,70,91,0,0,0,0
mkgw_native_adamf,W-NA,dev_oof,Shrink-fixed,71,1,41,41,41,41
mkgw_native_adamf,W-NA,dev_oof,Shrink-fixed,72,2,0,0,0,0
mkgw_native_adamf,W-NA,dev_oof,Shrink-fixed,73,3,0,0,0,0
mkgw_native_adamf,W-NA,dev_oof,Shrink-fixed,74,4,0,0,0,0
mkgw_native_adamf,W-NA,dev_oof,Shrink-fixed,75,5,0,0,0,0
mkgw_native_adamf,W-NA,dev_oof,Shrink-fixed,76,6,0,0,0,0
mkgw_native_adamf,W-NA,dev_oof,Shrink-fixed,77,9,0,0,0,0
mkgw_native_adamf,W-NA,dev_oof,Shrink-fixed,78,10,0,0,0,0
mkgw_native_adamf,W-NA,dev_oof,Shrink-fixed,79,12,0,0,0,0
mkgw_native_adamf,W-NA,dev_oof,Shrink-fixed,80,15,0,0,0,0
mkgw_native_adamf,W-NA,dev_oof,Shrink-fixed,81,89,0,0,0,0
mkgw_native_adamf,W-NA,dev_oof,Shrink-fixed,82,1,36,36,36,36
mkgw_native_adamf,W-NA,dev_oof,Shrink-fixed,83,2,0,0,0,0
mkgw_native_adamf,W-NA,dev_oof,Shrink-fixed,84,3,0,0,0,0
mkgw_native_adamf,W-NA,dev_oof,Shrink-fixed,85,4,0,0,0,0
mkgw_native_adamf,W-NA,dev_oof,Shrink-fixed,86,6,0,0,0,0
mkgw_native_adamf,W-NA,dev_oof,Shrink-fixed,87,7,0,0,0,0
mkgw_native_adamf,W-NA,dev_oof,Shrink-fixed,88,8,0,0,0,0
mkgw_native_adamf,W-NA,dev_oof,Shrink-fixed,89,13,0,0,0,0
mkgw_native_adamf,W-NA,dev_oof,Shrink-fixed,90,16,0,0,0,0
mkgw_native_adamf,W-NA,dev_oof,Shrink-fixed,91,85,0,0,0,0
mkgw_native_adamf,W-NA,dev_oof,Shrink-fixed,92,1,61,61,61,61
mkgw_native_adamf,W-NA,dev_oof,Shrink-fixed,93,2,0,0,0,0
mkgw_native_adamf,W-NA,dev_oof,Shrink-fixed,94,3,0,0,0,0
mkgw_native_adamf,W-NA,dev_oof,Shrink-fixed,95,4,0,0,0,0
mkgw_native_adamf,W-NA,dev_oof,Shrink-fixed,96,6,0,0,0,0
mkgw_native_adamf,W-NA,dev_oof,Shrink-fixed,97,9,0,0,0,0
mkgw_native_adamf,W-NA,dev_oof,Shrink-fixed,98,13,0,0,0,0
mkgw_native_adamf,W-NA,dev_oof,Shrink-fixed,99,91,0,0,0,0
mkgw_native_adamf,W-NA,dev_oof,Shrink-fixed,100,1,88,88,88,88
mkgw_native_adamf,W-NA,dev_oof,Shrink-fixed,101,2,0,0,0,0
mkgw_native_adamf,W-NA,dev_oof,Shrink-fixed,102,3,0,0,0,0
mkgw_native_adamf,W-NA,dev_oof,Shrink-fixed,103,4,0,0,0,0
mkgw_native_adamf,W-NA,dev_oof,Shrink-fixed,104,5,0,0,0,0
mkgw_native_adamf,W-NA,dev_oof,Shrink-fixed,105,7,0,0,0,0
mkgw_native_adamf,W-NA,dev_oof,Shrink-fixed,106,8,0,0,0,0
mkgw_native_adamf,W-NA,dev_oof,Shrink-fixed,107,13,0,0,0,0
mkgw_native_adamf,W-NA,dev_oof,Shrink-fixed,108,86,0,0,0,0
mkgw_native_adamf,W-NA,dev_oof,Shrink-fixed,109,1,71,71,71,71
mkgw_native_adamf,W-NA,dev_oof,Shrink-fixed,110,2,0,0,0,0
mkgw_native_adamf,W-NA,dev_oof,Shrink-fixed,111,3,0,0,0,0
mkgw_native_adamf,W-NA,dev_oof,Shrink-fixed,112,4,0,0,0,0
mkgw_native_adamf,W-NA,dev_oof,Shrink-fixed,113,5,0,0,0,0
mkgw_native_adamf,W-NA,dev_oof,Shrink-fixed,114,6,0,0,0,0
mkgw_native_adamf,W-NA,dev_oof,Shrink-fixed,115,7,0,0,0,0
mkgw_native_adamf,W-NA,dev_oof,Shrink-fixed,116,8,0,0,0,0
mkgw_native_adamf,W-NA,dev_oof,Shrink-fixed,117,10,0,0,0,0
mkgw_native_adamf,W-NA,dev_oof,Shrink-fixed,118,11,0,0,0,0
mkgw_native_adamf,W-NA,dev_oof,Shrink-fixed,119,13,0,0,0,0
mkgw_native_adamf,W-NA,dev_oof,Shrink-fixed,120,91,0,0,0,0
mkgw_native_adamf,W-NA,dev_oof,Shrink-fixed,121,1,68,68,68,68
mkgw_native_adamf,W-NA,dev_oof,Shrink-fixed,122,2,0,0,0,0
mkgw_native_adamf,W-NA,dev_oof,Shrink-fixed,123,3,0,0,0,0
mkgw_native_adamf,W-NA,dev_oof,Shrink-fixed,124,4,0,0,0,0
mkgw_native_adamf,W-NA,dev_oof,Shrink-fixed,125,5,0,0,0,0
mkgw_native_adamf,W-NA,dev_oof,Shrink-fixed,126,6,0,0,0,0
mkgw_native_adamf,W-NA,dev_oof,Shrink-fixed,127,9,0,0,0,0
mkgw_native_adamf,W-NA,dev_oof,Shrink-fixed,128,10,0,0,0,0
mkgw_native_adamf,W-NA,dev_oof,Shrink-fixed,129,12,0,0,0,0
mkgw_native_adamf,W-NA,dev_oof,Shrink-fixed,130,15,0,0,0,0
mkgw_native_adamf,W-NA,dev_oof,Shrink-fixed,131,89,0,0,0,0
mkgw_native_adamf,W-NA,dev_oof,Shrink-fixed,132,1,66,66,66,66
mkgw_native_adamf,W-NA,dev_oof,Shrink-fixed,133,2,0,0,0,0
mkgw_native_adamf,W-NA,dev_oof,Shrink-fixed,134,3,0,0,0,0
mkgw_native_adamf,W-NA,dev_oof,Shrink-fixed,135,4,0,0,0,0
mkgw_native_adamf,W-NA,dev_oof,Shrink-fixed,136,6,0,0,0,0
mkgw_native_adamf,W-NA,dev_oof,Shrink-fixed,137,7,0,0,0,0
mkgw_native_adamf,W-NA,dev_oof,Shrink-fixed,138,8,0,0,0,0
mkgw_native_adamf,W-NA,dev_oof,Shrink-fixed,139,13,0,0,0,0
mkgw_native_adamf,W-NA,dev_oof,Shrink-fixed,140,16,0,0,0,0
mkgw_native_adamf,W-NA,dev_oof,Shrink-fixed,141,85,0,0,0,0
mkgw_native_adamf,W-NA,dev_oof,Shrink-fixed,142,1,88,88,88,88
mkgw_native_adamf,W-NA,dev_oof,Shrink-fixed,143,2,0,0,0,0
mkgw_native_adamf,W-NA,dev_oof,Shrink-fixed,144,3,0,0,0,0
mkgw_native_adamf,W-NA,dev_oof,Shrink-fixed,145,4,0,0,0,0
mkgw_native_adamf,W-NA,dev_oof,Shrink-fixed,146,6,0,0,0,0
mkgw_native_adamf,W-NA,dev_oof,Shrink-fixed,147,9,0,0,0,0
mkgw_native_adamf,W-NA,dev_oof,Shrink-fixed,148,13,0,0,0,0
mkgw_native_adamf,W-NA,dev_oof,Shrink-fixed,149,91,0,0,0,0
mkgw_native_adamf,W-NA,dev_oof,Radius-1,0,1,98,98,98,98
mkgw_native_adamf,W-NA,dev_oof,Radius-1,1,2,0,0,0,0
mkgw_native_adamf,W-NA,dev_oof,Radius-1,2,3,0,0,0,0
mkgw_native_adamf,W-NA,dev_oof,Radius-1,3,4,0,0,0,0
mkgw_native_adamf,W-NA,dev_oof,Radius-1,4,5,0,0,0,0
mkgw_native_adamf,W-NA,dev_oof,Radius-1,5,7,0,0,0,0
mkgw_native_adamf,W-NA,dev_oof,Radius-1,6,8,0,0,0,0
mkgw_native_adamf,W-NA,dev_oof,Radius-1,7,13,0,0,0,0
mkgw_native_adamf,W-NA,dev_oof,Radius-1,8,86,0,0,0,0
mkgw_native_adamf,W-NA,dev_oof,Radius-1,9,1,76,76,76,76
mkgw_native_adamf,W-NA,dev_oof,Radius-1,10,2,0,0,0,0
mkgw_native_adamf,W-NA,dev_oof,Radius-1,11,3,0,0,0,0
mkgw_native_adamf,W-NA,dev_oof,Radius-1,12,4,0,0,0,0
mkgw_native_adamf,W-NA,dev_oof,Radius-1,13,5,0,0,0,0
mkgw_native_adamf,W-NA,dev_oof,Radius-1,14,6,0,0,0,0
mkgw_native_adamf,W-NA,dev_oof,Radius-1,15,7,0,0,0,0
mkgw_native_adamf,W-NA,dev_oof,Radius-1,16,8,0,0,0,0
mkgw_native_adamf,W-NA,dev_oof,Radius-1,17,10,0,0,0,0
mkgw_native_adamf,W-NA,dev_oof,Radius-1,18,11,0,0,0,0
mkgw_native_adamf,W-NA,dev_oof,Radius-1,19,13,0,0,0,0
mkgw_native_adamf,W-NA,dev_oof,Radius-1,20,91,0,0,0,0
mkgw_native_adamf,W-NA,dev_oof,Radius-1,21,1,89,89,89,89
mkgw_native_adamf,W-NA,dev_oof,Radius-1,22,2,1,1,1,2
mkgw_native_adamf,W-NA,dev_oof,Radius-1,23,3,0,0,0,0
mkgw_native_adamf,W-NA,dev_oof,Radius-1,24,4,0,0,0,0
mkgw_native_adamf,W-NA,dev_oof,Radius-1,25,5,0,0,0,0
mkgw_native_adamf,W-NA,dev_oof,Radius-1,26,6,0,0,0,0
mkgw_native_adamf,W-NA,dev_oof,Radius-1,27,9,0,0,0,0
mkgw_native_adamf,W-NA,dev_oof,Radius-1,28,10,0,0,0,0
mkgw_native_adamf,W-NA,dev_oof,Radius-1,29,12,0,0,0,0
mkgw_native_adamf,W-NA,dev_oof,Radius-1,30,15,0,0,0,0
mkgw_native_adamf,W-NA,dev_oof,Radius-1,31,89,0,0,0,0
mkgw_native_adamf,W-NA,dev_oof,Radius-1,32,1,72,72,72,72
mkgw_native_adamf,W-NA,dev_oof,Radius-1,33,2,0,0,0,0
mkgw_native_adamf,W-NA,dev_oof,Radius-1,34,3,0,0,0,0
mkgw_native_adamf,W-NA,dev_oof,Radius-1,35,4,0,0,0,0
mkgw_native_adamf,W-NA,dev_oof,Radius-1,36,6,0,0,0,0
mkgw_native_adamf,W-NA,dev_oof,Radius-1,37,7,0,0,0,0
mkgw_native_adamf,W-NA,dev_oof,Radius-1,38,8,0,0,0,0
mkgw_native_adamf,W-NA,dev_oof,Radius-1,39,13,0,0,0,0
mkgw_native_adamf,W-NA,dev_oof,Radius-1,40,16,0,0,0,0
mkgw_native_adamf,W-NA,dev_oof,Radius-1,41,85,0,0,0,0
mkgw_native_adamf,W-NA,dev_oof,Radius-1,42,1,92,92,92,92
mkgw_native_adamf,W-NA,dev_oof,Radius-1,43,2,0,0,0,0
mkgw_native_adamf,W-NA,dev_oof,Radius-1,44,3,0,0,0,0
mkgw_native_adamf,W-NA,dev_oof,Radius-1,45,4,0,0,0,0
mkgw_native_adamf,W-NA,dev_oof,Radius-1,46,6,0,0,0,0
mkgw_native_adamf,W-NA,dev_oof,Radius-1,47,9,0,0,0,0
mkgw_native_adamf,W-NA,dev_oof,Radius-1,48,13,0,0,0,0
mkgw_native_adamf,W-NA,dev_oof,Radius-1,49,91,0,0,0,0
mkgw_native_adamf,W-NA,dev_oof,Radius-1,50,1,43,43,43,43
mkgw_native_adamf,W-NA,dev_oof,Radius-1,51,2,0,0,0,0
mkgw_native_adamf,W-NA,dev_oof,Radius-1,52,3,0,0,0,0
mkgw_native_adamf,W-NA,dev_oof,Radius-1,53,4,0,0,0,0
mkgw_native_adamf,W-NA,dev_oof,Radius-1,54,5,0,0,0,0
mkgw_native_adamf,W-NA,dev_oof,Radius-1,55,7,0,0,0,0
mkgw_native_adamf,W-NA,dev_oof,Radius-1,56,8,0,0,0,0
mkgw_native_adamf,W-NA,dev_oof,Radius-1,57,13,0,0,0,0
mkgw_native_adamf,W-NA,dev_oof,Radius-1,58,86,0,0,0,0
mkgw_native_adamf,W-NA,dev_oof,Radius-1,59,1,38,38,38,38
mkgw_native_adamf,W-NA,dev_oof,Radius-1,60,2,0,0,0,0
mkgw_native_adamf,W-NA,dev_oof,Radius-1,61,3,0,0,0,0
mkgw_native_adamf,W-NA,dev_oof,Radius-1,62,4,0,0,0,0
mkgw_native_adamf,W-NA,dev_oof,Radius-1,63,5,0,0,0,0
mkgw_native_adamf,W-NA,dev_oof,Radius-1,64,6,0,0,0,0
mkgw_native_adamf,W-NA,dev_oof,Radius-1,65,7,0,0,0,0
mkgw_native_adamf,W-NA,dev_oof,Radius-1,66,8,0,0,0,0
mkgw_native_adamf,W-NA,dev_oof,Radius-1,67,10,0,0,0,0
mkgw_native_adamf,W-NA,dev_oof,Radius-1,68,11,0,0,0,0
mkgw_native_adamf,W-NA,dev_oof,Radius-1,69,13,0,0,0,0
mkgw_native_adamf,W-NA,dev_oof,Radius-1,70,91,0,0,0,0
mkgw_native_adamf,W-NA,dev_oof,Radius-1,71,1,41,41,41,41
mkgw_native_adamf,W-NA,dev_oof,Radius-1,72,2,0,0,0,0
mkgw_native_adamf,W-NA,dev_oof,Radius-1,73,3,0,0,0,0
mkgw_native_adamf,W-NA,dev_oof,Radius-1,74,4,0,0,0,0
mkgw_native_adamf,W-NA,dev_oof,Radius-1,75,5,0,0,0,0
mkgw_native_adamf,W-NA,dev_oof,Radius-1,76,6,0,0,0,0
mkgw_native_adamf,W-NA,dev_oof,Radius-1,77,9,0,0,0,0
mkgw_native_adamf,W-NA,dev_oof,Radius-1,78,10,0,0,0,0
mkgw_native_adamf,W-NA,dev_oof,Radius-1,79,12,0,0,0,0
mkgw_native_adamf,W-NA,dev_oof,Radius-1,80,15,0,0,0,0
mkgw_native_adamf,W-NA,dev_oof,Radius-1,81,89,0,0,0,0
mkgw_native_adamf,W-NA,dev_oof,Radius-1,82,1,36,36,36,36
mkgw_native_adamf,W-NA,dev_oof,Radius-1,83,2,0,0,0,0
mkgw_native_adamf,W-NA,dev_oof,Radius-1,84,3,0,0,0,0
mkgw_native_adamf,W-NA,dev_oof,Radius-1,85,4,0,0,0,0
mkgw_native_adamf,W-NA,dev_oof,Radius-1,86,6,0,0,0,0
mkgw_native_adamf,W-NA,dev_oof,Radius-1,87,7,0,0,0,0
mkgw_native_adamf,W-NA,dev_oof,Radius-1,88,8,0,0,0,0
mkgw_native_adamf,W-NA,dev_oof,Radius-1,89,13,0,0,0,0
mkgw_native_adamf,W-NA,dev_oof,Radius-1,90,16,0,0,0,0
mkgw_native_adamf,W-NA,dev_oof,Radius-1,91,85,0,0,0,0
mkgw_native_adamf,W-NA,dev_oof,Radius-1,92,1,61,61,61,61
mkgw_native_adamf,W-NA,dev_oof,Radius-1,93,2,0,0,0,0
mkgw_native_adamf,W-NA,dev_oof,Radius-1,94,3,0,0,0,0
mkgw_native_adamf,W-NA,dev_oof,Radius-1,95,4,0,0,0,0
mkgw_native_adamf,W-NA,dev_oof,Radius-1,96,6,0,0,0,0
mkgw_native_adamf,W-NA,dev_oof,Radius-1,97,9,0,0,0,0
mkgw_native_adamf,W-NA,dev_oof,Radius-1,98,13,0,0,0,0
mkgw_native_adamf,W-NA,dev_oof,Radius-1,99,91,0,0,0,0
mkgw_native_adamf,W-NA,dev_oof,Radius-1,100,1,88,88,88,88
mkgw_native_adamf,W-NA,dev_oof,Radius-1,101,2,0,0,0,0
mkgw_native_adamf,W-NA,dev_oof,Radius-1,102,3,0,0,0,0
mkgw_native_adamf,W-NA,dev_oof,Radius-1,103,4,0,0,0,0
mkgw_native_adamf,W-NA,dev_oof,Radius-1,104,5,0,0,0,0
mkgw_native_adamf,W-NA,dev_oof,Radius-1,105,7,0,0,0,0
mkgw_native_adamf,W-NA,dev_oof,Radius-1,106,8,0,0,0,0
mkgw_native_adamf,W-NA,dev_oof,Radius-1,107,13,0,0,0,0
mkgw_native_adamf,W-NA,dev_oof,Radius-1,108,86,0,0,0,0
mkgw_native_adamf,W-NA,dev_oof,Radius-1,109,1,71,71,71,71
mkgw_native_adamf,W-NA,dev_oof,Radius-1,110,2,0,0,0,0
mkgw_native_adamf,W-NA,dev_oof,Radius-1,111,3,0,0,0,0
mkgw_native_adamf,W-NA,dev_oof,Radius-1,112,4,0,0,0,0
mkgw_native_adamf,W-NA,dev_oof,Radius-1,113,5,0,0,0,0
mkgw_native_adamf,W-NA,dev_oof,Radius-1,114,6,0,0,0,0
mkgw_native_adamf,W-NA,dev_oof,Radius-1,115,7,0,0,0,0
mkgw_native_adamf,W-NA,dev_oof,Radius-1,116,8,0,0,0,0
mkgw_native_adamf,W-NA,dev_oof,Radius-1,117,10,0,0,0,0
mkgw_native_adamf,W-NA,dev_oof,Radius-1,118,11,0,0,0,0
mkgw_native_adamf,W-NA,dev_oof,Radius-1,119,13,0,0,0,0
mkgw_native_adamf,W-NA,dev_oof,Radius-1,120,91,0,0,0,0
mkgw_native_adamf,W-NA,dev_oof,Radius-1,121,1,68,68,68,68
mkgw_native_adamf,W-NA,dev_oof,Radius-1,122,2,0,0,0,0
mkgw_native_adamf,W-NA,dev_oof,Radius-1,123,3,0,0,0,0
mkgw_native_adamf,W-NA,dev_oof,Radius-1,124,4,0,0,0,0
mkgw_native_adamf,W-NA,dev_oof,Radius-1,125,5,0,0,0,0
mkgw_native_adamf,W-NA,dev_oof,Radius-1,126,6,0,0,0,0
mkgw_native_adamf,W-NA,dev_oof,Radius-1,127,9,0,0,0,0
mkgw_native_adamf,W-NA,dev_oof,Radius-1,128,10,0,0,0,0
mkgw_native_adamf,W-NA,dev_oof,Radius-1,129,12,0,0,0,0
mkgw_native_adamf,W-NA,dev_oof,Radius-1,130,15,0,0,0,0
mkgw_native_adamf,W-NA,dev_oof,Radius-1,131,89,0,0,0,0
mkgw_native_adamf,W-NA,dev_oof,Radius-1,132,1,66,66,66,66
mkgw_native_adamf,W-NA,dev_oof,Radius-1,133,2,0,0,0,0
mkgw_native_adamf,W-NA,dev_oof,Radius-1,134,3,0,0,0,0
mkgw_native_adamf,W-NA,dev_oof,Radius-1,135,4,0,0,0,0
mkgw_native_adamf,W-NA,dev_oof,Radius-1,136,6,0,0,0,0
mkgw_native_adamf,W-NA,dev_oof,Radius-1,137,7,0,0,0,0
mkgw_native_adamf,W-NA,dev_oof,Radius-1,138,8,0,0,0,0
mkgw_native_adamf,W-NA,dev_oof,Radius-1,139,13,0,0,0,0
mkgw_native_adamf,W-NA,dev_oof,Radius-1,140,16,0,0,0,0
mkgw_native_adamf,W-NA,dev_oof,Radius-1,141,85,0,0,0,0
mkgw_native_adamf,W-NA,dev_oof,Radius-1,142,1,88,88,88,88
mkgw_native_adamf,W-NA,dev_oof,Radius-1,143,2,0,0,0,0
mkgw_native_adamf,W-NA,dev_oof,Radius-1,144,3,0,0,0,0
mkgw_native_adamf,W-NA,dev_oof,Radius-1,145,4,0,0,0,0
mkgw_native_adamf,W-NA,dev_oof,Radius-1,146,6,0,0,0,0
mkgw_native_adamf,W-NA,dev_oof,Radius-1,147,9,0,0,0,0
mkgw_native_adamf,W-NA,dev_oof,Radius-1,148,13,0,0,0,0
mkgw_native_adamf,W-NA,dev_oof,Radius-1,149,91,0,0,0,0
mkgw_native_adamf,W-NA,dev_oof,No-gate,0,1,98,1218,98,98
mkgw_native_adamf,W-NA,dev_oof,No-gate,1,2,0,31,0,0
mkgw_native_adamf,W-NA,dev_oof,No-gate,2,3,0,10,0,0
mkgw_native_adamf,W-NA,dev_oof,No-gate,3,4,0,3,0,0
mkgw_native_adamf,W-NA,dev_oof,No-gate,4,5,0,1,0,0
mkgw_native_adamf,W-NA,dev_oof,No-gate,5,7,0,1,0,0
mkgw_native_adamf,W-NA,dev_oof,No-gate,6,8,0,4,0,0
mkgw_native_adamf,W-NA,dev_oof,No-gate,7,13,0,1,0,0
mkgw_native_adamf,W-NA,dev_oof,No-gate,8,86,0,1,0,0
mkgw_native_adamf,W-NA,dev_oof,No-gate,9,1,76,1095,76,76
mkgw_native_adamf,W-NA,dev_oof,No-gate,10,2,0,38,0,0
mkgw_native_adamf,W-NA,dev_oof,No-gate,11,3,0,7,0,0
mkgw_native_adamf,W-NA,dev_oof,No-gate,12,4,0,2,0,0
mkgw_native_adamf,W-NA,dev_oof,No-gate,13,5,0,2,0,0
mkgw_native_adamf,W-NA,dev_oof,No-gate,14,6,0,0,0,0
mkgw_native_adamf,W-NA,dev_oof,No-gate,15,7,0,1,0,0
mkgw_native_adamf,W-NA,dev_oof,No-gate,16,8,0,1,0,0
mkgw_native_adamf,W-NA,dev_oof,No-gate,17,10,0,1,0,0
mkgw_native_adamf,W-NA,dev_oof,No-gate,18,11,0,1,0,0
mkgw_native_adamf,W-NA,dev_oof,No-gate,19,13,0,1,0,0
mkgw_native_adamf,W-NA,dev_oof,No-gate,20,91,0,1,0,0
mkgw_native_adamf,W-NA,dev_oof,No-gate,21,1,89,1129,89,89
mkgw_native_adamf,W-NA,dev_oof,No-gate,22,2,1,57,1,2
mkgw_native_adamf,W-NA,dev_oof,No-gate,23,3,0,4,0,0
mkgw_native_adamf,W-NA,dev_oof,No-gate,24,4,0,4,0,0
mkgw_native_adamf,W-NA,dev_oof,No-gate,25,5,0,0,0,0
mkgw_native_adamf,W-NA,dev_oof,No-gate,26,6,0,1,0,0
mkgw_native_adamf,W-NA,dev_oof,No-gate,27,9,0,1,0,0
mkgw_native_adamf,W-NA,dev_oof,No-gate,28,10,0,1,0,0
mkgw_native_adamf,W-NA,dev_oof,No-gate,29,12,0,1,0,0
mkgw_native_adamf,W-NA,dev_oof,No-gate,30,15,0,1,0,0
mkgw_native_adamf,W-NA,dev_oof,No-gate,31,89,0,1,0,0
mkgw_native_adamf,W-NA,dev_oof,No-gate,32,1,72,1101,72,72
mkgw_native_adamf,W-NA,dev_oof,No-gate,33,2,0,51,0,0
mkgw_native_adamf,W-NA,dev_oof,No-gate,34,3,0,9,0,0
mkgw_native_adamf,W-NA,dev_oof,No-gate,35,4,0,4,0,0
mkgw_native_adamf,W-NA,dev_oof,No-gate,36,6,0,1,0,0
mkgw_native_adamf,W-NA,dev_oof,No-gate,37,7,0,1,0,0
mkgw_native_adamf,W-NA,dev_oof,No-gate,38,8,0,0,0,0
mkgw_native_adamf,W-NA,dev_oof,No-gate,39,13,0,1,0,0
mkgw_native_adamf,W-NA,dev_oof,No-gate,40,16,0,1,0,0
mkgw_native_adamf,W-NA,dev_oof,No-gate,41,85,0,1,0,0
mkgw_native_adamf,W-NA,dev_oof,No-gate,42,1,92,1135,92,92
mkgw_native_adamf,W-NA,dev_oof,No-gate,43,2,0,52,0,0
mkgw_native_adamf,W-NA,dev_oof,No-gate,44,3,0,8,0,0
mkgw_native_adamf,W-NA,dev_oof,No-gate,45,4,0,3,0,0
mkgw_native_adamf,W-NA,dev_oof,No-gate,46,6,0,1,0,0
mkgw_native_adamf,W-NA,dev_oof,No-gate,47,9,0,1,0,0
mkgw_native_adamf,W-NA,dev_oof,No-gate,48,13,0,1,0,0
mkgw_native_adamf,W-NA,dev_oof,No-gate,49,91,0,1,0,0
mkgw_native_adamf,W-NA,dev_oof,No-gate,50,1,43,1120,43,43
mkgw_native_adamf,W-NA,dev_oof,No-gate,51,2,0,24,0,0
mkgw_native_adamf,W-NA,dev_oof,No-gate,52,3,0,6,0,0
mkgw_native_adamf,W-NA,dev_oof,No-gate,53,4,0,3,0,0
mkgw_native_adamf,W-NA,dev_oof,No-gate,54,5,0,1,0,0
mkgw_native_adamf,W-NA,dev_oof,No-gate,55,7,0,1,0,0
mkgw_native_adamf,W-NA,dev_oof,No-gate,56,8,0,3,0,0
mkgw_native_adamf,W-NA,dev_oof,No-gate,57,13,0,0,0,0
mkgw_native_adamf,W-NA,dev_oof,No-gate,58,86,0,0,0,0
mkgw_native_adamf,W-NA,dev_oof,No-gate,59,1,38,945,38,38
mkgw_native_adamf,W-NA,dev_oof,No-gate,60,2,0,28,0,0
mkgw_native_adamf,W-NA,dev_oof,No-gate,61,3,0,3,0,0
mkgw_native_adamf,W-NA,dev_oof,No-gate,62,4,0,1,0,0
mkgw_native_adamf,W-NA,dev_oof,No-gate,63,5,0,1,0,0
mkgw_native_adamf,W-NA,dev_oof,No-gate,64,6,0,1,0,0
mkgw_native_adamf,W-NA,dev_oof,No-gate,65,7,0,0,0,0
mkgw_native_adamf,W-NA,dev_oof,No-gate,66,8,0,1,0,0
mkgw_native_adamf,W-NA,dev_oof,No-gate,67,10,0,0,0,0
mkgw_native_adamf,W-NA,dev_oof,No-gate,68,11,0,1,0,0
mkgw_native_adamf,W-NA,dev_oof,No-gate,69,13,0,1,0,0
mkgw_native_adamf,W-NA,dev_oof,No-gate,70,91,0,0,0,0
mkgw_native_adamf,W-NA,dev_oof,No-gate,71,1,41,979,41,41
mkgw_native_adamf,W-NA,dev_oof,No-gate,72,2,0,42,0,0
mkgw_native_adamf,W-NA,dev_oof,No-gate,73,3,0,3,0,0
mkgw_native_adamf,W-NA,dev_oof,No-gate,74,4,0,4,0,0
mkgw_native_adamf,W-NA,dev_oof,No-gate,75,5,0,1,0,0
mkgw_native_adamf,W-NA,dev_oof,No-gate,76,6,0,0,0,0
mkgw_native_adamf,W-NA,dev_oof,No-gate,77,9,0,1,0,0
mkgw_native_adamf,W-NA,dev_oof,No-gate,78,10,0,1,0,0
mkgw_native_adamf,W-NA,dev_oof,No-gate,79,12,0,1,0,0
mkgw_native_adamf,W-NA,dev_oof,No-gate,80,15,0,0,0,0
mkgw_native_adamf,W-NA,dev_oof,No-gate,81,89,0,0,0,0
mkgw_native_adamf,W-NA,dev_oof,No-gate,82,1,36,1014,36,36
mkgw_native_adamf,W-NA,dev_oof,No-gate,83,2,0,36,0,0
mkgw_native_adamf,W-NA,dev_oof,No-gate,84,3,0,9,0,0
mkgw_native_adamf,W-NA,dev_oof,No-gate,85,4,0,3,0,0
mkgw_native_adamf,W-NA,dev_oof,No-gate,86,6,0,1,0,0
mkgw_native_adamf,W-NA,dev_oof,No-gate,87,7,0,0,0,0
mkgw_native_adamf,W-NA,dev_oof,No-gate,88,8,0,1,0,0
mkgw_native_adamf,W-NA,dev_oof,No-gate,89,13,0,1,0,0
mkgw_native_adamf,W-NA,dev_oof,No-gate,90,16,0,0,0,0
mkgw_native_adamf,W-NA,dev_oof,No-gate,91,85,0,0,0,0
mkgw_native_adamf,W-NA,dev_oof,No-gate,92,1,61,1084,61,61
mkgw_native_adamf,W-NA,dev_oof,No-gate,93,2,0,44,0,0
mkgw_native_adamf,W-NA,dev_oof,No-gate,94,3,0,8,0,0
mkgw_native_adamf,W-NA,dev_oof,No-gate,95,4,0,3,0,0
mkgw_native_adamf,W-NA,dev_oof,No-gate,96,6,0,1,0,0
mkgw_native_adamf,W-NA,dev_oof,No-gate,97,9,0,2,0,0
mkgw_native_adamf,W-NA,dev_oof,No-gate,98,13,0,0,0,0
mkgw_native_adamf,W-NA,dev_oof,No-gate,99,91,0,1,0,0
mkgw_native_adamf,W-NA,dev_oof,No-gate,100,1,88,1180,88,88
mkgw_native_adamf,W-NA,dev_oof,No-gate,101,2,0,28,0,0
mkgw_native_adamf,W-NA,dev_oof,No-gate,102,3,0,9,0,0
mkgw_native_adamf,W-NA,dev_oof,No-gate,103,4,0,3,0,0
mkgw_native_adamf,W-NA,dev_oof,No-gate,104,5,0,1,0,0
mkgw_native_adamf,W-NA,dev_oof,No-gate,105,7,0,1,0,0
mkgw_native_adamf,W-NA,dev_oof,No-gate,106,8,0,3,0,0
mkgw_native_adamf,W-NA,dev_oof,No-gate,107,13,0,0,0,0
mkgw_native_adamf,W-NA,dev_oof,No-gate,108,86,0,1,0,0
mkgw_native_adamf,W-NA,dev_oof,No-gate,109,1,71,1066,71,71
mkgw_native_adamf,W-NA,dev_oof,No-gate,110,2,0,33,0,0
mkgw_native_adamf,W-NA,dev_oof,No-gate,111,3,0,6,0,0
mkgw_native_adamf,W-NA,dev_oof,No-gate,112,4,0,2,0,0
mkgw_native_adamf,W-NA,dev_oof,No-gate,113,5,0,2,0,0
mkgw_native_adamf,W-NA,dev_oof,No-gate,114,6,0,0,0,0
mkgw_native_adamf,W-NA,dev_oof,No-gate,115,7,0,1,0,0
mkgw_native_adamf,W-NA,dev_oof,No-gate,116,8,0,1,0,0
mkgw_native_adamf,W-NA,dev_oof,No-gate,117,10,0,1,0,0
mkgw_native_adamf,W-NA,dev_oof,No-gate,118,11,0,1,0,0
mkgw_native_adamf,W-NA,dev_oof,No-gate,119,13,0,1,0,0
mkgw_native_adamf,W-NA,dev_oof,No-gate,120,91,0,1,0,0
mkgw_native_adamf,W-NA,dev_oof,No-gate,121,1,68,1112,68,68
mkgw_native_adamf,W-NA,dev_oof,No-gate,122,2,0,56,0,0
mkgw_native_adamf,W-NA,dev_oof,No-gate,123,3,0,3,0,0
mkgw_native_adamf,W-NA,dev_oof,No-gate,124,4,0,4,0,0
mkgw_native_adamf,W-NA,dev_oof,No-gate,125,5,0,0,0,0
mkgw_native_adamf,W-NA,dev_oof,No-gate,126,6,0,0,0,0
mkgw_native_adamf,W-NA,dev_oof,No-gate,127,9,0,1,0,0
mkgw_native_adamf,W-NA,dev_oof,No-gate,128,10,0,1,0,0
mkgw_native_adamf,W-NA,dev_oof,No-gate,129,12,0,1,0,0
mkgw_native_adamf,W-NA,dev_oof,No-gate,130,15,0,0,0,0
mkgw_native_adamf,W-NA,dev_oof,No-gate,131,89,0,1,0,0
mkgw_native_adamf,W-NA,dev_oof,No-gate,132,1,66,1074,66,66
mkgw_native_adamf,W-NA,dev_oof,No-gate,133,2,0,48,0,0
mkgw_native_adamf,W-NA,dev_oof,No-gate,134,3,0,7,0,0
mkgw_native_adamf,W-NA,dev_oof,No-gate,135,4,0,3,0,0
mkgw_native_adamf,W-NA,dev_oof,No-gate,136,6,0,1,0,0
mkgw_native_adamf,W-NA,dev_oof,No-gate,137,7,0,0,0,0
mkgw_native_adamf,W-NA,dev_oof,No-gate,138,8,0,0,0,0
mkgw_native_adamf,W-NA,dev_oof,No-gate,139,13,0,1,0,0
mkgw_native_adamf,W-NA,dev_oof,No-gate,140,16,0,1,0,0
mkgw_native_adamf,W-NA,dev_oof,No-gate,141,85,0,1,0,0
mkgw_native_adamf,W-NA,dev_oof,No-gate,142,1,88,1124,88,88
mkgw_native_adamf,W-NA,dev_oof,No-gate,143,2,0,49,0,0
mkgw_native_adamf,W-NA,dev_oof,No-gate,144,3,0,9,0,0
mkgw_native_adamf,W-NA,dev_oof,No-gate,145,4,0,3,0,0
mkgw_native_adamf,W-NA,dev_oof,No-gate,146,6,0,1,0,0
mkgw_native_adamf,W-NA,dev_oof,No-gate,147,9,0,1,0,0
mkgw_native_adamf,W-NA,dev_oof,No-gate,148,13,0,1,0,0
mkgw_native_adamf,W-NA,dev_oof,No-gate,149,91,0,1,0,0
mkgw_native_adamf,W-NA,test,Center-0.5,0,1,397,397,397,397
mkgw_native_adamf,W-NA,test,Center-0.5,1,2,5,5,5,10
mkgw_native_adamf,W-NA,test,Center-0.5,2,3,0,0,0,0
mkgw_native_adamf,W-NA,test,Center-0.5,3,4,0,0,0,0
mkgw_native_adamf,W-NA,test,Center-0.5,4,5,0,0,0,0
mkgw_native_adamf,W-NA,test,Center-0.5,5,6,0,0,0,0
mkgw_native_adamf,W-NA,test,Center-0.5,6,7,0,0,0,0
mkgw_native_adamf,W-NA,test,Center-0.5,7,8,0,0,0,0
mkgw_native_adamf,W-NA,test,Center-0.5,8,9,0,0,0,0
mkgw_native_adamf,W-NA,test,Center-0.5,9,11,0,0,0,0
mkgw_native_adamf,W-NA,test,Center-0.5,10,12,0,0,0,0
mkgw_native_adamf,W-NA,test,Center-0.5,11,13,0,0,0,0
mkgw_native_adamf,W-NA,test,Center-0.5,12,14,0,0,0,0
mkgw_native_adamf,W-NA,test,Center-0.5,13,15,0,0,0,0
mkgw_native_adamf,W-NA,test,Center-0.5,14,22,0,0,0,0
mkgw_native_adamf,W-NA,test,Center-0.5,15,27,0,0,0,0
mkgw_native_adamf,W-NA,test,Center-0.5,16,30,0,0,0,0
mkgw_native_adamf,W-NA,test,Center-0.5,17,43,0,0,0,0
mkgw_native_adamf,W-NA,test,Center-0.5,18,46,0,0,0,0
mkgw_native_adamf,W-NA,test,Center-0.5,19,55,0,0,0,0
mkgw_native_adamf,W-NA,test,Center-0.5,20,56,0,0,0,0
mkgw_native_adamf,W-NA,test,Center-0.5,21,69,0,0,0,0
mkgw_native_adamf,W-NA,test,Center-0.5,22,467,0,0,0,0
mkgw_native_adamf,W-NA,test,Center-0.5,23,1,172,172,172,172
mkgw_native_adamf,W-NA,test,Center-0.5,24,2,4,4,4,8
mkgw_native_adamf,W-NA,test,Center-0.5,25,3,0,0,0,0
mkgw_native_adamf,W-NA,test,Center-0.5,26,4,0,0,0,0
mkgw_native_adamf,W-NA,test,Center-0.5,27,5,0,0,0,0
mkgw_native_adamf,W-NA,test,Center-0.5,28,6,0,0,0,0
mkgw_native_adamf,W-NA,test,Center-0.5,29,7,0,0,0,0
mkgw_native_adamf,W-NA,test,Center-0.5,30,8,0,0,0,0
mkgw_native_adamf,W-NA,test,Center-0.5,31,9,0,0,0,0
mkgw_native_adamf,W-NA,test,Center-0.5,32,11,0,0,0,0
mkgw_native_adamf,W-NA,test,Center-0.5,33,12,0,0,0,0
mkgw_native_adamf,W-NA,test,Center-0.5,34,13,0,0,0,0
mkgw_native_adamf,W-NA,test,Center-0.5,35,14,0,0,0,0
mkgw_native_adamf,W-NA,test,Center-0.5,36,15,0,0,0,0
mkgw_native_adamf,W-NA,test,Center-0.5,37,22,0,0,0,0
mkgw_native_adamf,W-NA,test,Center-0.5,38,27,0,0,0,0
mkgw_native_adamf,W-NA,test,Center-0.5,39,30,0,0,0,0
mkgw_native_adamf,W-NA,test,Center-0.5,40,43,0,0,0,0
mkgw_native_adamf,W-NA,test,Center-0.5,41,46,0,0,0,0
mkgw_native_adamf,W-NA,test,Center-0.5,42,55,0,0,0,0
mkgw_native_adamf,W-NA,test,Center-0.5,43,56,0,0,0,0
mkgw_native_adamf,W-NA,test,Center-0.5,44,69,0,0,0,0
mkgw_native_adamf,W-NA,test,Center-0.5,45,467,0,0,0,0
mkgw_native_adamf,W-NA,test,Center-0.5,46,1,329,329,329,329
mkgw_native_adamf,W-NA,test,Center-0.5,47,2,5,5,5,10
mkgw_native_adamf,W-NA,test,Center-0.5,48,3,0,0,0,0
mkgw_native_adamf,W-NA,test,Center-0.5,49,4,0,0,0,0
mkgw_native_adamf,W-NA,test,Center-0.5,50,5,0,0,0,0
mkgw_native_adamf,W-NA,test,Center-0.5,51,6,0,0,0,0
mkgw_native_adamf,W-NA,test,Center-0.5,52,7,0,0,0,0
mkgw_native_adamf,W-NA,test,Center-0.5,53,8,0,0,0,0
mkgw_native_adamf,W-NA,test,Center-0.5,54,9,0,0,0,0
mkgw_native_adamf,W-NA,test,Center-0.5,55,11,0,0,0,0
mkgw_native_adamf,W-NA,test,Center-0.5,56,12,0,0,0,0
mkgw_native_adamf,W-NA,test,Center-0.5,57,13,0,0,0,0
mkgw_native_adamf,W-NA,test,Center-0.5,58,14,0,0,0,0
mkgw_native_adamf,W-NA,test,Center-0.5,59,15,0,0,0,0
mkgw_native_adamf,W-NA,test,Center-0.5,60,22,0,0,0,0
mkgw_native_adamf,W-NA,test,Center-0.5,61,27,0,0,0,0
mkgw_native_adamf,W-NA,test,Center-0.5,62,30,0,0,0,0
mkgw_native_adamf,W-NA,test,Center-0.5,63,43,0,0,0,0
mkgw_native_adamf,W-NA,test,Center-0.5,64,46,0,0,0,0
mkgw_native_adamf,W-NA,test,Center-0.5,65,55,0,0,0,0
mkgw_native_adamf,W-NA,test,Center-0.5,66,56,0,0,0,0
mkgw_native_adamf,W-NA,test,Center-0.5,67,69,0,0,0,0
mkgw_native_adamf,W-NA,test,Center-0.5,68,467,0,0,0,0
mkgw_native_adamf,W-NA,test,Linear-p,0,1,397,397,397,397
mkgw_native_adamf,W-NA,test,Linear-p,1,2,5,5,5,10
mkgw_native_adamf,W-NA,test,Linear-p,2,3,0,0,0,0
mkgw_native_adamf,W-NA,test,Linear-p,3,4,0,0,0,0
mkgw_native_adamf,W-NA,test,Linear-p,4,5,0,0,0,0
mkgw_native_adamf,W-NA,test,Linear-p,5,6,0,0,0,0
mkgw_native_adamf,W-NA,test,Linear-p,6,7,0,0,0,0
mkgw_native_adamf,W-NA,test,Linear-p,7,8,0,0,0,0
mkgw_native_adamf,W-NA,test,Linear-p,8,9,0,0,0,0
mkgw_native_adamf,W-NA,test,Linear-p,9,11,0,0,0,0
mkgw_native_adamf,W-NA,test,Linear-p,10,12,0,0,0,0
mkgw_native_adamf,W-NA,test,Linear-p,11,13,0,0,0,0
mkgw_native_adamf,W-NA,test,Linear-p,12,14,0,0,0,0
mkgw_native_adamf,W-NA,test,Linear-p,13,15,0,0,0,0
mkgw_native_adamf,W-NA,test,Linear-p,14,22,0,0,0,0
mkgw_native_adamf,W-NA,test,Linear-p,15,27,0,0,0,0
mkgw_native_adamf,W-NA,test,Linear-p,16,30,0,0,0,0
mkgw_native_adamf,W-NA,test,Linear-p,17,43,0,0,0,0
mkgw_native_adamf,W-NA,test,Linear-p,18,46,0,0,0,0
mkgw_native_adamf,W-NA,test,Linear-p,19,55,0,0,0,0
mkgw_native_adamf,W-NA,test,Linear-p,20,56,0,0,0,0
mkgw_native_adamf,W-NA,test,Linear-p,21,69,0,0,0,0
mkgw_native_adamf,W-NA,test,Linear-p,22,467,0,0,0,0
mkgw_native_adamf,W-NA,test,Linear-p,23,1,172,172,172,172
mkgw_native_adamf,W-NA,test,Linear-p,24,2,4,4,4,8
mkgw_native_adamf,W-NA,test,Linear-p,25,3,0,0,0,0
mkgw_native_adamf,W-NA,test,Linear-p,26,4,0,0,0,0
mkgw_native_adamf,W-NA,test,Linear-p,27,5,0,0,0,0
mkgw_native_adamf,W-NA,test,Linear-p,28,6,0,0,0,0
mkgw_native_adamf,W-NA,test,Linear-p,29,7,0,0,0,0
mkgw_native_adamf,W-NA,test,Linear-p,30,8,0,0,0,0
mkgw_native_adamf,W-NA,test,Linear-p,31,9,0,0,0,0
mkgw_native_adamf,W-NA,test,Linear-p,32,11,0,0,0,0
mkgw_native_adamf,W-NA,test,Linear-p,33,12,0,0,0,0
mkgw_native_adamf,W-NA,test,Linear-p,34,13,0,0,0,0
mkgw_native_adamf,W-NA,test,Linear-p,35,14,0,0,0,0
mkgw_native_adamf,W-NA,test,Linear-p,36,15,0,0,0,0
mkgw_native_adamf,W-NA,test,Linear-p,37,22,0,0,0,0
mkgw_native_adamf,W-NA,test,Linear-p,38,27,0,0,0,0
mkgw_native_adamf,W-NA,test,Linear-p,39,30,0,0,0,0
mkgw_native_adamf,W-NA,test,Linear-p,40,43,0,0,0,0
mkgw_native_adamf,W-NA,test,Linear-p,41,46,0,0,0,0
mkgw_native_adamf,W-NA,test,Linear-p,42,55,0,0,0,0
mkgw_native_adamf,W-NA,test,Linear-p,43,56,0,0,0,0
mkgw_native_adamf,W-NA,test,Linear-p,44,69,0,0,0,0
mkgw_native_adamf,W-NA,test,Linear-p,45,467,0,0,0,0
mkgw_native_adamf,W-NA,test,Linear-p,46,1,329,329,329,329
mkgw_native_adamf,W-NA,test,Linear-p,47,2,5,5,5,10
mkgw_native_adamf,W-NA,test,Linear-p,48,3,0,0,0,0
mkgw_native_adamf,W-NA,test,Linear-p,49,4,0,0,0,0
mkgw_native_adamf,W-NA,test,Linear-p,50,5,0,0,0,0
mkgw_native_adamf,W-NA,test,Linear-p,51,6,0,0,0,0
mkgw_native_adamf,W-NA,test,Linear-p,52,7,0,0,0,0
mkgw_native_adamf,W-NA,test,Linear-p,53,8,0,0,0,0
mkgw_native_adamf,W-NA,test,Linear-p,54,9,0,0,0,0
mkgw_native_adamf,W-NA,test,Linear-p,55,11,0,0,0,0
mkgw_native_adamf,W-NA,test,Linear-p,56,12,0,0,0,0
mkgw_native_adamf,W-NA,test,Linear-p,57,13,0,0,0,0
mkgw_native_adamf,W-NA,test,Linear-p,58,14,0,0,0,0
mkgw_native_adamf,W-NA,test,Linear-p,59,15,0,0,0,0
mkgw_native_adamf,W-NA,test,Linear-p,60,22,0,0,0,0
mkgw_native_adamf,W-NA,test,Linear-p,61,27,0,0,0,0
mkgw_native_adamf,W-NA,test,Linear-p,62,30,0,0,0,0
mkgw_native_adamf,W-NA,test,Linear-p,63,43,0,0,0,0
mkgw_native_adamf,W-NA,test,Linear-p,64,46,0,0,0,0
mkgw_native_adamf,W-NA,test,Linear-p,65,55,0,0,0,0
mkgw_native_adamf,W-NA,test,Linear-p,66,56,0,0,0,0
mkgw_native_adamf,W-NA,test,Linear-p,67,69,0,0,0,0
mkgw_native_adamf,W-NA,test,Linear-p,68,467,0,0,0,0
mkgw_native_adamf,W-NA,test,Clip-g,0,1,397,397,397,397
mkgw_native_adamf,W-NA,test,Clip-g,1,2,5,5,5,10
mkgw_native_adamf,W-NA,test,Clip-g,2,3,0,0,0,0
mkgw_native_adamf,W-NA,test,Clip-g,3,4,0,0,0,0
mkgw_native_adamf,W-NA,test,Clip-g,4,5,0,0,0,0
mkgw_native_adamf,W-NA,test,Clip-g,5,6,0,0,0,0
mkgw_native_adamf,W-NA,test,Clip-g,6,7,0,0,0,0
mkgw_native_adamf,W-NA,test,Clip-g,7,8,0,0,0,0
mkgw_native_adamf,W-NA,test,Clip-g,8,9,0,0,0,0
mkgw_native_adamf,W-NA,test,Clip-g,9,11,0,0,0,0
mkgw_native_adamf,W-NA,test,Clip-g,10,12,0,0,0,0
mkgw_native_adamf,W-NA,test,Clip-g,11,13,0,0,0,0
mkgw_native_adamf,W-NA,test,Clip-g,12,14,0,0,0,0
mkgw_native_adamf,W-NA,test,Clip-g,13,15,0,0,0,0
mkgw_native_adamf,W-NA,test,Clip-g,14,22,0,0,0,0
mkgw_native_adamf,W-NA,test,Clip-g,15,27,0,0,0,0
mkgw_native_adamf,W-NA,test,Clip-g,16,30,0,0,0,0
mkgw_native_adamf,W-NA,test,Clip-g,17,43,0,0,0,0
mkgw_native_adamf,W-NA,test,Clip-g,18,46,0,0,0,0
mkgw_native_adamf,W-NA,test,Clip-g,19,55,0,0,0,0
mkgw_native_adamf,W-NA,test,Clip-g,20,56,0,0,0,0
mkgw_native_adamf,W-NA,test,Clip-g,21,69,0,0,0,0
mkgw_native_adamf,W-NA,test,Clip-g,22,467,0,0,0,0
mkgw_native_adamf,W-NA,test,Clip-g,23,1,172,172,172,172
mkgw_native_adamf,W-NA,test,Clip-g,24,2,4,4,4,8
mkgw_native_adamf,W-NA,test,Clip-g,25,3,0,0,0,0
mkgw_native_adamf,W-NA,test,Clip-g,26,4,0,0,0,0
mkgw_native_adamf,W-NA,test,Clip-g,27,5,0,0,0,0
mkgw_native_adamf,W-NA,test,Clip-g,28,6,0,0,0,0
mkgw_native_adamf,W-NA,test,Clip-g,29,7,0,0,0,0
mkgw_native_adamf,W-NA,test,Clip-g,30,8,0,0,0,0
mkgw_native_adamf,W-NA,test,Clip-g,31,9,0,0,0,0
mkgw_native_adamf,W-NA,test,Clip-g,32,11,0,0,0,0
mkgw_native_adamf,W-NA,test,Clip-g,33,12,0,0,0,0
mkgw_native_adamf,W-NA,test,Clip-g,34,13,0,0,0,0
mkgw_native_adamf,W-NA,test,Clip-g,35,14,0,0,0,0
mkgw_native_adamf,W-NA,test,Clip-g,36,15,0,0,0,0
mkgw_native_adamf,W-NA,test,Clip-g,37,22,0,0,0,0
mkgw_native_adamf,W-NA,test,Clip-g,38,27,0,0,0,0
mkgw_native_adamf,W-NA,test,Clip-g,39,30,0,0,0,0
mkgw_native_adamf,W-NA,test,Clip-g,40,43,0,0,0,0
mkgw_native_adamf,W-NA,test,Clip-g,41,46,0,0,0,0
mkgw_native_adamf,W-NA,test,Clip-g,42,55,0,0,0,0
mkgw_native_adamf,W-NA,test,Clip-g,43,56,0,0,0,0
mkgw_native_adamf,W-NA,test,Clip-g,44,69,0,0,0,0
mkgw_native_adamf,W-NA,test,Clip-g,45,467,0,0,0,0
mkgw_native_adamf,W-NA,test,Clip-g,46,1,329,329,329,329
mkgw_native_adamf,W-NA,test,Clip-g,47,2,5,5,5,10
mkgw_native_adamf,W-NA,test,Clip-g,48,3,0,0,0,0
mkgw_native_adamf,W-NA,test,Clip-g,49,4,0,0,0,0
mkgw_native_adamf,W-NA,test,Clip-g,50,5,0,0,0,0
mkgw_native_adamf,W-NA,test,Clip-g,51,6,0,0,0,0
mkgw_native_adamf,W-NA,test,Clip-g,52,7,0,0,0,0
mkgw_native_adamf,W-NA,test,Clip-g,53,8,0,0,0,0
mkgw_native_adamf,W-NA,test,Clip-g,54,9,0,0,0,0
mkgw_native_adamf,W-NA,test,Clip-g,55,11,0,0,0,0
mkgw_native_adamf,W-NA,test,Clip-g,56,12,0,0,0,0
mkgw_native_adamf,W-NA,test,Clip-g,57,13,0,0,0,0
mkgw_native_adamf,W-NA,test,Clip-g,58,14,0,0,0,0
mkgw_native_adamf,W-NA,test,Clip-g,59,15,0,0,0,0
mkgw_native_adamf,W-NA,test,Clip-g,60,22,0,0,0,0
mkgw_native_adamf,W-NA,test,Clip-g,61,27,0,0,0,0
mkgw_native_adamf,W-NA,test,Clip-g,62,30,0,0,0,0
mkgw_native_adamf,W-NA,test,Clip-g,63,43,0,0,0,0
mkgw_native_adamf,W-NA,test,Clip-g,64,46,0,0,0,0
mkgw_native_adamf,W-NA,test,Clip-g,65,55,0,0,0,0
mkgw_native_adamf,W-NA,test,Clip-g,66,56,0,0,0,0
mkgw_native_adamf,W-NA,test,Clip-g,67,69,0,0,0,0
mkgw_native_adamf,W-NA,test,Clip-g,68,467,0,0,0,0
mkgw_native_adamf,W-NA,test,Shrink-fixed,0,1,397,397,397,397
mkgw_native_adamf,W-NA,test,Shrink-fixed,1,2,5,5,5,10
mkgw_native_adamf,W-NA,test,Shrink-fixed,2,3,0,0,0,0
mkgw_native_adamf,W-NA,test,Shrink-fixed,3,4,0,0,0,0
mkgw_native_adamf,W-NA,test,Shrink-fixed,4,5,0,0,0,0
mkgw_native_adamf,W-NA,test,Shrink-fixed,5,6,0,0,0,0
mkgw_native_adamf,W-NA,test,Shrink-fixed,6,7,0,0,0,0
mkgw_native_adamf,W-NA,test,Shrink-fixed,7,8,0,0,0,0
mkgw_native_adamf,W-NA,test,Shrink-fixed,8,9,0,0,0,0
mkgw_native_adamf,W-NA,test,Shrink-fixed,9,11,0,0,0,0
mkgw_native_adamf,W-NA,test,Shrink-fixed,10,12,0,0,0,0
mkgw_native_adamf,W-NA,test,Shrink-fixed,11,13,0,0,0,0
mkgw_native_adamf,W-NA,test,Shrink-fixed,12,14,0,0,0,0
mkgw_native_adamf,W-NA,test,Shrink-fixed,13,15,0,0,0,0
mkgw_native_adamf,W-NA,test,Shrink-fixed,14,22,0,0,0,0
mkgw_native_adamf,W-NA,test,Shrink-fixed,15,27,0,0,0,0
mkgw_native_adamf,W-NA,test,Shrink-fixed,16,30,0,0,0,0
mkgw_native_adamf,W-NA,test,Shrink-fixed,17,43,0,0,0,0
mkgw_native_adamf,W-NA,test,Shrink-fixed,18,46,0,0,0,0
mkgw_native_adamf,W-NA,test,Shrink-fixed,19,55,0,0,0,0
mkgw_native_adamf,W-NA,test,Shrink-fixed,20,56,0,0,0,0
mkgw_native_adamf,W-NA,test,Shrink-fixed,21,69,0,0,0,0
mkgw_native_adamf,W-NA,test,Shrink-fixed,22,467,0,0,0,0
mkgw_native_adamf,W-NA,test,Shrink-fixed,23,1,172,172,172,172
mkgw_native_adamf,W-NA,test,Shrink-fixed,24,2,4,4,4,8
mkgw_native_adamf,W-NA,test,Shrink-fixed,25,3,0,0,0,0
mkgw_native_adamf,W-NA,test,Shrink-fixed,26,4,0,0,0,0
mkgw_native_adamf,W-NA,test,Shrink-fixed,27,5,0,0,0,0
mkgw_native_adamf,W-NA,test,Shrink-fixed,28,6,0,0,0,0
mkgw_native_adamf,W-NA,test,Shrink-fixed,29,7,0,0,0,0
mkgw_native_adamf,W-NA,test,Shrink-fixed,30,8,0,0,0,0
mkgw_native_adamf,W-NA,test,Shrink-fixed,31,9,0,0,0,0
mkgw_native_adamf,W-NA,test,Shrink-fixed,32,11,0,0,0,0
mkgw_native_adamf,W-NA,test,Shrink-fixed,33,12,0,0,0,0
mkgw_native_adamf,W-NA,test,Shrink-fixed,34,13,0,0,0,0
mkgw_native_adamf,W-NA,test,Shrink-fixed,35,14,0,0,0,0
mkgw_native_adamf,W-NA,test,Shrink-fixed,36,15,0,0,0,0
mkgw_native_adamf,W-NA,test,Shrink-fixed,37,22,0,0,0,0
mkgw_native_adamf,W-NA,test,Shrink-fixed,38,27,0,0,0,0
mkgw_native_adamf,W-NA,test,Shrink-fixed,39,30,0,0,0,0
mkgw_native_adamf,W-NA,test,Shrink-fixed,40,43,0,0,0,0
mkgw_native_adamf,W-NA,test,Shrink-fixed,41,46,0,0,0,0
mkgw_native_adamf,W-NA,test,Shrink-fixed,42,55,0,0,0,0
mkgw_native_adamf,W-NA,test,Shrink-fixed,43,56,0,0,0,0
mkgw_native_adamf,W-NA,test,Shrink-fixed,44,69,0,0,0,0
mkgw_native_adamf,W-NA,test,Shrink-fixed,45,467,0,0,0,0
mkgw_native_adamf,W-NA,test,Shrink-fixed,46,1,329,329,329,329
mkgw_native_adamf,W-NA,test,Shrink-fixed,47,2,5,5,5,10
mkgw_native_adamf,W-NA,test,Shrink-fixed,48,3,0,0,0,0
mkgw_native_adamf,W-NA,test,Shrink-fixed,49,4,0,0,0,0
mkgw_native_adamf,W-NA,test,Shrink-fixed,50,5,0,0,0,0
mkgw_native_adamf,W-NA,test,Shrink-fixed,51,6,0,0,0,0
mkgw_native_adamf,W-NA,test,Shrink-fixed,52,7,0,0,0,0
mkgw_native_adamf,W-NA,test,Shrink-fixed,53,8,0,0,0,0
mkgw_native_adamf,W-NA,test,Shrink-fixed,54,9,0,0,0,0
mkgw_native_adamf,W-NA,test,Shrink-fixed,55,11,0,0,0,0
mkgw_native_adamf,W-NA,test,Shrink-fixed,56,12,0,0,0,0
mkgw_native_adamf,W-NA,test,Shrink-fixed,57,13,0,0,0,0
mkgw_native_adamf,W-NA,test,Shrink-fixed,58,14,0,0,0,0
mkgw_native_adamf,W-NA,test,Shrink-fixed,59,15,0,0,0,0
mkgw_native_adamf,W-NA,test,Shrink-fixed,60,22,0,0,0,0
mkgw_native_adamf,W-NA,test,Shrink-fixed,61,27,0,0,0,0
mkgw_native_adamf,W-NA,test,Shrink-fixed,62,30,0,0,0,0
mkgw_native_adamf,W-NA,test,Shrink-fixed,63,43,0,0,0,0
mkgw_native_adamf,W-NA,test,Shrink-fixed,64,46,0,0,0,0
mkgw_native_adamf,W-NA,test,Shrink-fixed,65,55,0,0,0,0
mkgw_native_adamf,W-NA,test,Shrink-fixed,66,56,0,0,0,0
mkgw_native_adamf,W-NA,test,Shrink-fixed,67,69,0,0,0,0
mkgw_native_adamf,W-NA,test,Shrink-fixed,68,467,0,0,0,0
mkgw_native_adamf,W-NA,test,Radius-1,0,1,397,397,397,397
mkgw_native_adamf,W-NA,test,Radius-1,1,2,5,5,5,10
mkgw_native_adamf,W-NA,test,Radius-1,2,3,0,0,0,0
mkgw_native_adamf,W-NA,test,Radius-1,3,4,0,0,0,0
mkgw_native_adamf,W-NA,test,Radius-1,4,5,0,0,0,0
mkgw_native_adamf,W-NA,test,Radius-1,5,6,0,0,0,0
mkgw_native_adamf,W-NA,test,Radius-1,6,7,0,0,0,0
mkgw_native_adamf,W-NA,test,Radius-1,7,8,0,0,0,0
mkgw_native_adamf,W-NA,test,Radius-1,8,9,0,0,0,0
mkgw_native_adamf,W-NA,test,Radius-1,9,11,0,0,0,0
mkgw_native_adamf,W-NA,test,Radius-1,10,12,0,0,0,0
mkgw_native_adamf,W-NA,test,Radius-1,11,13,0,0,0,0
mkgw_native_adamf,W-NA,test,Radius-1,12,14,0,0,0,0
mkgw_native_adamf,W-NA,test,Radius-1,13,15,0,0,0,0
mkgw_native_adamf,W-NA,test,Radius-1,14,22,0,0,0,0
mkgw_native_adamf,W-NA,test,Radius-1,15,27,0,0,0,0
mkgw_native_adamf,W-NA,test,Radius-1,16,30,0,0,0,0
mkgw_native_adamf,W-NA,test,Radius-1,17,43,0,0,0,0
mkgw_native_adamf,W-NA,test,Radius-1,18,46,0,0,0,0
mkgw_native_adamf,W-NA,test,Radius-1,19,55,0,0,0,0
mkgw_native_adamf,W-NA,test,Radius-1,20,56,0,0,0,0
mkgw_native_adamf,W-NA,test,Radius-1,21,69,0,0,0,0
mkgw_native_adamf,W-NA,test,Radius-1,22,467,0,0,0,0
mkgw_native_adamf,W-NA,test,Radius-1,23,1,172,172,172,172
mkgw_native_adamf,W-NA,test,Radius-1,24,2,4,4,4,8
mkgw_native_adamf,W-NA,test,Radius-1,25,3,0,0,0,0
mkgw_native_adamf,W-NA,test,Radius-1,26,4,0,0,0,0
mkgw_native_adamf,W-NA,test,Radius-1,27,5,0,0,0,0
mkgw_native_adamf,W-NA,test,Radius-1,28,6,0,0,0,0
mkgw_native_adamf,W-NA,test,Radius-1,29,7,0,0,0,0
mkgw_native_adamf,W-NA,test,Radius-1,30,8,0,0,0,0
mkgw_native_adamf,W-NA,test,Radius-1,31,9,0,0,0,0
mkgw_native_adamf,W-NA,test,Radius-1,32,11,0,0,0,0
mkgw_native_adamf,W-NA,test,Radius-1,33,12,0,0,0,0
mkgw_native_adamf,W-NA,test,Radius-1,34,13,0,0,0,0
mkgw_native_adamf,W-NA,test,Radius-1,35,14,0,0,0,0
mkgw_native_adamf,W-NA,test,Radius-1,36,15,0,0,0,0
mkgw_native_adamf,W-NA,test,Radius-1,37,22,0,0,0,0
mkgw_native_adamf,W-NA,test,Radius-1,38,27,0,0,0,0
mkgw_native_adamf,W-NA,test,Radius-1,39,30,0,0,0,0
mkgw_native_adamf,W-NA,test,Radius-1,40,43,0,0,0,0
mkgw_native_adamf,W-NA,test,Radius-1,41,46,0,0,0,0
mkgw_native_adamf,W-NA,test,Radius-1,42,55,0,0,0,0
mkgw_native_adamf,W-NA,test,Radius-1,43,56,0,0,0,0
mkgw_native_adamf,W-NA,test,Radius-1,44,69,0,0,0,0
mkgw_native_adamf,W-NA,test,Radius-1,45,467,0,0,0,0
mkgw_native_adamf,W-NA,test,Radius-1,46,1,329,329,329,329
mkgw_native_adamf,W-NA,test,Radius-1,47,2,5,5,5,10
mkgw_native_adamf,W-NA,test,Radius-1,48,3,0,0,0,0
mkgw_native_adamf,W-NA,test,Radius-1,49,4,0,0,0,0
mkgw_native_adamf,W-NA,test,Radius-1,50,5,0,0,0,0
mkgw_native_adamf,W-NA,test,Radius-1,51,6,0,0,0,0
mkgw_native_adamf,W-NA,test,Radius-1,52,7,0,0,0,0
mkgw_native_adamf,W-NA,test,Radius-1,53,8,0,0,0,0
mkgw_native_adamf,W-NA,test,Radius-1,54,9,0,0,0,0
mkgw_native_adamf,W-NA,test,Radius-1,55,11,0,0,0,0
mkgw_native_adamf,W-NA,test,Radius-1,56,12,0,0,0,0
mkgw_native_adamf,W-NA,test,Radius-1,57,13,0,0,0,0
mkgw_native_adamf,W-NA,test,Radius-1,58,14,0,0,0,0
mkgw_native_adamf,W-NA,test,Radius-1,59,15,0,0,0,0
mkgw_native_adamf,W-NA,test,Radius-1,60,22,0,0,0,0
mkgw_native_adamf,W-NA,test,Radius-1,61,27,0,0,0,0
mkgw_native_adamf,W-NA,test,Radius-1,62,30,0,0,0,0
mkgw_native_adamf,W-NA,test,Radius-1,63,43,0,0,0,0
mkgw_native_adamf,W-NA,test,Radius-1,64,46,0,0,0,0
mkgw_native_adamf,W-NA,test,Radius-1,65,55,0,0,0,0
mkgw_native_adamf,W-NA,test,Radius-1,66,56,0,0,0,0
mkgw_native_adamf,W-NA,test,Radius-1,67,69,0,0,0,0
mkgw_native_adamf,W-NA,test,Radius-1,68,467,0,0,0,0
mkgw_native_adamf,W-NA,test,No-gate,0,1,397,4545,397,397
mkgw_native_adamf,W-NA,test,No-gate,1,2,5,442,5,10
mkgw_native_adamf,W-NA,test,No-gate,2,3,0,156,0,0
mkgw_native_adamf,W-NA,test,No-gate,3,4,0,58,0,0
mkgw_native_adamf,W-NA,test,No-gate,4,5,0,21,0,0
mkgw_native_adamf,W-NA,test,No-gate,5,6,0,8,0,0
mkgw_native_adamf,W-NA,test,No-gate,6,7,0,6,0,0
mkgw_native_adamf,W-NA,test,No-gate,7,8,0,1,0,0
mkgw_native_adamf,W-NA,test,No-gate,8,9,0,2,0,0
mkgw_native_adamf,W-NA,test,No-gate,9,11,0,1,0,0
mkgw_native_adamf,W-NA,test,No-gate,10,12,0,2,0,0
mkgw_native_adamf,W-NA,test,No-gate,11,13,0,2,0,0
mkgw_native_adamf,W-NA,test,No-gate,12,14,0,1,0,0
mkgw_native_adamf,W-NA,test,No-gate,13,15,0,2,0,0
mkgw_native_adamf,W-NA,test,No-gate,14,22,0,1,0,0
mkgw_native_adamf,W-NA,test,No-gate,15,27,0,1,0,0
mkgw_native_adamf,W-NA,test,No-gate,16,30,0,1,0,0
mkgw_native_adamf,W-NA,test,No-gate,17,43,0,1,0,0
mkgw_native_adamf,W-NA,test,No-gate,18,46,0,1,0,0
mkgw_native_adamf,W-NA,test,No-gate,19,55,0,0,0,0
mkgw_native_adamf,W-NA,test,No-gate,20,56,0,1,0,0
mkgw_native_adamf,W-NA,test,No-gate,21,69,0,1,0,0
mkgw_native_adamf,W-NA,test,No-gate,22,467,0,1,0,0
mkgw_native_adamf,W-NA,test,No-gate,23,1,172,4329,172,172
mkgw_native_adamf,W-NA,test,No-gate,24,2,4,350,4,8
mkgw_native_adamf,W-NA,test,No-gate,25,3,0,117,0,0
mkgw_native_adamf,W-NA,test,No-gate,26,4,0,48,0,0
mkgw_native_adamf,W-NA,test,No-gate,27,5,0,18,0,0
mkgw_native_adamf,W-NA,test,No-gate,28,6,0,7,0,0
mkgw_native_adamf,W-NA,test,No-gate,29,7,0,5,0,0
mkgw_native_adamf,W-NA,test,No-gate,30,8,0,1,0,0
mkgw_native_adamf,W-NA,test,No-gate,31,9,0,2,0,0
mkgw_native_adamf,W-NA,test,No-gate,32,11,0,0,0,0
mkgw_native_adamf,W-NA,test,No-gate,33,12,0,1,0,0
mkgw_native_adamf,W-NA,test,No-gate,34,13,0,1,0,0
mkgw_native_adamf,W-NA,test,No-gate,35,14,0,1,0,0
mkgw_native_adamf,W-NA,test,No-gate,36,15,0,1,0,0
mkgw_native_adamf,W-NA,test,No-gate,37,22,0,1,0,0
mkgw_native_adamf,W-NA,test,No-gate,38,27,0,1,0,0
mkgw_native_adamf,W-NA,test,No-gate,39,30,0,1,0,0
mkgw_native_adamf,W-NA,test,No-gate,40,43,0,1,0,0
mkgw_native_adamf,W-NA,test,No-gate,41,46,0,1,0,0
mkgw_native_adamf,W-NA,test,No-gate,42,55,0,1,0,0
mkgw_native_adamf,W-NA,test,No-gate,43,56,0,0,0,0
mkgw_native_adamf,W-NA,test,No-gate,44,69,0,0,0,0
mkgw_native_adamf,W-NA,test,No-gate,45,467,0,0,0,0
mkgw_native_adamf,W-NA,test,No-gate,46,1,329,4500,329,329
mkgw_native_adamf,W-NA,test,No-gate,47,2,5,423,5,10
mkgw_native_adamf,W-NA,test,No-gate,48,3,0,141,0,0
mkgw_native_adamf,W-NA,test,No-gate,49,4,0,51,0,0
mkgw_native_adamf,W-NA,test,No-gate,50,5,0,21,0,0
mkgw_native_adamf,W-NA,test,No-gate,51,6,0,6,0,0
mkgw_native_adamf,W-NA,test,No-gate,52,7,0,6,0,0
mkgw_native_adamf,W-NA,test,No-gate,53,8,0,0,0,0
mkgw_native_adamf,W-NA,test,No-gate,54,9,0,3,0,0
mkgw_native_adamf,W-NA,test,No-gate,55,11,0,0,0,0
mkgw_native_adamf,W-NA,test,No-gate,56,12,0,1,0,0
mkgw_native_adamf,W-NA,test,No-gate,57,13,0,2,0,0
mkgw_native_adamf,W-NA,test,No-gate,58,14,0,1,0,0
mkgw_native_adamf,W-NA,test,No-gate,59,15,0,2,0,0
mkgw_native_adamf,W-NA,test,No-gate,60,22,0,1,0,0
mkgw_native_adamf,W-NA,test,No-gate,61,27,0,1,0,0
mkgw_native_adamf,W-NA,test,No-gate,62,30,0,1,0,0
mkgw_native_adamf,W-NA,test,No-gate,63,43,0,1,0,0
mkgw_native_adamf,W-NA,test,No-gate,64,46,0,1,0,0
mkgw_native_adamf,W-NA,test,No-gate,65,55,0,0,0,0
mkgw_native_adamf,W-NA,test,No-gate,66,56,0,1,0,0
mkgw_native_adamf,W-NA,test,No-gate,67,69,0,1,0,0
mkgw_native_adamf,W-NA,test,No-gate,68,467,0,1,0,0
db15k_native_adamf,D-NA,dev_oof,Center-0.5,0,1,35,43,35,35
db15k_native_adamf,D-NA,dev_oof,Center-0.5,1,2,0,1,0,0
db15k_native_adamf,D-NA,dev_oof,Center-0.5,2,3,0,0,0,0
db15k_native_adamf,D-NA,dev_oof,Center-0.5,3,4,0,0,0,0
db15k_native_adamf,D-NA,dev_oof,Center-0.5,4,5,0,0,0,0
db15k_native_adamf,D-NA,dev_oof,Center-0.5,5,6,0,0,0,0
db15k_native_adamf,D-NA,dev_oof,Center-0.5,6,7,0,0,0,0
db15k_native_adamf,D-NA,dev_oof,Center-0.5,7,8,0,0,0,0
db15k_native_adamf,D-NA,dev_oof,Center-0.5,8,11,0,0,0,0
db15k_native_adamf,D-NA,dev_oof,Center-0.5,9,20,0,0,0,0
db15k_native_adamf,D-NA,dev_oof,Center-0.5,10,26,0,0,0,0
db15k_native_adamf,D-NA,dev_oof,Center-0.5,11,138,0,0,0,0
db15k_native_adamf,D-NA,dev_oof,Center-0.5,12,1,114,128,114,114
db15k_native_adamf,D-NA,dev_oof,Center-0.5,13,2,0,1,0,0
db15k_native_adamf,D-NA,dev_oof,Center-0.5,14,3,0,0,0,0
db15k_native_adamf,D-NA,dev_oof,Center-0.5,15,4,0,0,0,0
db15k_native_adamf,D-NA,dev_oof,Center-0.5,16,5,0,0,0,0
db15k_native_adamf,D-NA,dev_oof,Center-0.5,17,6,0,0,0,0
db15k_native_adamf,D-NA,dev_oof,Center-0.5,18,7,0,0,0,0
db15k_native_adamf,D-NA,dev_oof,Center-0.5,19,9,0,0,0,0
db15k_native_adamf,D-NA,dev_oof,Center-0.5,20,21,0,0,0,0
db15k_native_adamf,D-NA,dev_oof,Center-0.5,21,27,0,0,0,0
db15k_native_adamf,D-NA,dev_oof,Center-0.5,22,132,0,0,0,0
db15k_native_adamf,D-NA,dev_oof,Center-0.5,23,1,69,72,69,69
db15k_native_adamf,D-NA,dev_oof,Center-0.5,24,2,1,1,1,2
db15k_native_adamf,D-NA,dev_oof,Center-0.5,25,3,0,0,0,0
db15k_native_adamf,D-NA,dev_oof,Center-0.5,26,4,0,0,0,0
db15k_native_adamf,D-NA,dev_oof,Center-0.5,27,5,0,0,0,0
db15k_native_adamf,D-NA,dev_oof,Center-0.5,28,6,0,0,0,0
db15k_native_adamf,D-NA,dev_oof,Center-0.5,29,7,0,0,0,0
db15k_native_adamf,D-NA,dev_oof,Center-0.5,30,8,0,0,0,0
db15k_native_adamf,D-NA,dev_oof,Center-0.5,31,9,0,0,0,0
db15k_native_adamf,D-NA,dev_oof,Center-0.5,32,20,0,0,0,0
db15k_native_adamf,D-NA,dev_oof,Center-0.5,33,26,0,0,0,0
db15k_native_adamf,D-NA,dev_oof,Center-0.5,34,31,0,0,0,0
db15k_native_adamf,D-NA,dev_oof,Center-0.5,35,124,0,0,0,0
db15k_native_adamf,D-NA,dev_oof,Center-0.5,36,1,55,63,55,55
db15k_native_adamf,D-NA,dev_oof,Center-0.5,37,2,1,1,1,2
db15k_native_adamf,D-NA,dev_oof,Center-0.5,38,3,0,0,0,0
db15k_native_adamf,D-NA,dev_oof,Center-0.5,39,4,0,0,0,0
db15k_native_adamf,D-NA,dev_oof,Center-0.5,40,5,0,0,0,0
db15k_native_adamf,D-NA,dev_oof,Center-0.5,41,6,0,0,0,0
db15k_native_adamf,D-NA,dev_oof,Center-0.5,42,7,0,0,0,0
db15k_native_adamf,D-NA,dev_oof,Center-0.5,43,8,0,0,0,0
db15k_native_adamf,D-NA,dev_oof,Center-0.5,44,20,0,0,0,0
db15k_native_adamf,D-NA,dev_oof,Center-0.5,45,25,0,0,0,0
db15k_native_adamf,D-NA,dev_oof,Center-0.5,46,27,0,0,0,0
db15k_native_adamf,D-NA,dev_oof,Center-0.5,47,139,0,0,0,0
db15k_native_adamf,D-NA,dev_oof,Center-0.5,48,1,93,101,93,93
db15k_native_adamf,D-NA,dev_oof,Center-0.5,49,2,0,1,0,0
db15k_native_adamf,D-NA,dev_oof,Center-0.5,50,3,0,0,0,0
db15k_native_adamf,D-NA,dev_oof,Center-0.5,51,4,0,0,0,0
db15k_native_adamf,D-NA,dev_oof,Center-0.5,52,5,0,0,0,0
db15k_native_adamf,D-NA,dev_oof,Center-0.5,53,6,0,0,0,0
db15k_native_adamf,D-NA,dev_oof,Center-0.5,54,7,0,0,0,0
db15k_native_adamf,D-NA,dev_oof,Center-0.5,55,9,0,0,0,0
db15k_native_adamf,D-NA,dev_oof,Center-0.5,56,11,0,0,0,0
db15k_native_adamf,D-NA,dev_oof,Center-0.5,57,18,0,0,0,0
db15k_native_adamf,D-NA,dev_oof,Center-0.5,58,23,0,0,0,0
db15k_native_adamf,D-NA,dev_oof,Center-0.5,59,31,0,0,0,0
db15k_native_adamf,D-NA,dev_oof,Center-0.5,60,127,0,0,0,0
db15k_native_adamf,D-NA,dev_oof,Center-0.5,61,1,8,51,8,8
db15k_native_adamf,D-NA,dev_oof,Center-0.5,62,2,0,0,0,0
db15k_native_adamf,D-NA,dev_oof,Center-0.5,63,3,1,1,1,3
db15k_native_adamf,D-NA,dev_oof,Center-0.5,64,4,0,0,0,0
db15k_native_adamf,D-NA,dev_oof,Center-0.5,65,5,0,0,0,0
db15k_native_adamf,D-NA,dev_oof,Center-0.5,66,6,0,0,0,0
db15k_native_adamf,D-NA,dev_oof,Center-0.5,67,7,0,0,0,0
db15k_native_adamf,D-NA,dev_oof,Center-0.5,68,8,0,0,0,0
db15k_native_adamf,D-NA,dev_oof,Center-0.5,69,11,0,0,0,0
db15k_native_adamf,D-NA,dev_oof,Center-0.5,70,20,0,0,0,0
db15k_native_adamf,D-NA,dev_oof,Center-0.5,71,26,0,0,0,0
db15k_native_adamf,D-NA,dev_oof,Center-0.5,72,138,0,0,0,0
db15k_native_adamf,D-NA,dev_oof,Center-0.5,73,1,10,89,10,10
db15k_native_adamf,D-NA,dev_oof,Center-0.5,74,2,0,0,0,0
db15k_native_adamf,D-NA,dev_oof,Center-0.5,75,3,0,0,0,0
db15k_native_adamf,D-NA,dev_oof,Center-0.5,76,4,2,2,2,8
db15k_native_adamf,D-NA,dev_oof,Center-0.5,77,5,0,0,0,0
db15k_native_adamf,D-NA,dev_oof,Center-0.5,78,6,0,0,0,0
db15k_native_adamf,D-NA,dev_oof,Center-0.5,79,7,0,0,0,0
db15k_native_adamf,D-NA,dev_oof,Center-0.5,80,9,0,0,0,0
db15k_native_adamf,D-NA,dev_oof,Center-0.5,81,21,1,1,1,21
db15k_native_adamf,D-NA,dev_oof,Center-0.5,82,27,0,0,0,0
db15k_native_adamf,D-NA,dev_oof,Center-0.5,83,132,0,0,0,0
db15k_native_adamf,D-NA,dev_oof,Center-0.5,84,1,10,46,10,10
db15k_native_adamf,D-NA,dev_oof,Center-0.5,85,2,0,0,0,0
db15k_native_adamf,D-NA,dev_oof,Center-0.5,86,3,0,0,0,0
db15k_native_adamf,D-NA,dev_oof,Center-0.5,87,4,0,0,0,0
db15k_native_adamf,D-NA,dev_oof,Center-0.5,88,5,0,0,0,0
db15k_native_adamf,D-NA,dev_oof,Center-0.5,89,6,0,0,0,0
db15k_native_adamf,D-NA,dev_oof,Center-0.5,90,7,0,0,0,0
db15k_native_adamf,D-NA,dev_oof,Center-0.5,91,8,0,0,0,0
db15k_native_adamf,D-NA,dev_oof,Center-0.5,92,9,0,0,0,0
db15k_native_adamf,D-NA,dev_oof,Center-0.5,93,20,0,0,0,0
db15k_native_adamf,D-NA,dev_oof,Center-0.5,94,26,0,0,0,0
db15k_native_adamf,D-NA,dev_oof,Center-0.5,95,31,0,0,0,0
db15k_native_adamf,D-NA,dev_oof,Center-0.5,96,124,0,0,0,0
db15k_native_adamf,D-NA,dev_oof,Center-0.5,97,1,3,66,3,3
db15k_native_adamf,D-NA,dev_oof,Center-0.5,98,2,0,0,0,0
db15k_native_adamf,D-NA,dev_oof,Center-0.5,99,3,2,2,2,6
db15k_native_adamf,D-NA,dev_oof,Center-0.5,100,4,0,0,0,0
db15k_native_adamf,D-NA,dev_oof,Center-0.5,101,5,0,0,0,0
db15k_native_adamf,D-NA,dev_oof,Center-0.5,102,6,0,0,0,0
db15k_native_adamf,D-NA,dev_oof,Center-0.5,103,7,0,0,0,0
db15k_native_adamf,D-NA,dev_oof,Center-0.5,104,8,0,0,0,0
db15k_native_adamf,D-NA,dev_oof,Center-0.5,105,20,0,0,0,0
db15k_native_adamf,D-NA,dev_oof,Center-0.5,106,25,0,0,0,0
db15k_native_adamf,D-NA,dev_oof,Center-0.5,107,27,0,0,0,0
db15k_native_adamf,D-NA,dev_oof,Center-0.5,108,139,0,0,0,0
db15k_native_adamf,D-NA,dev_oof,Center-0.5,109,1,18,71,18,18
db15k_native_adamf,D-NA,dev_oof,Center-0.5,110,2,1,2,1,2
db15k_native_adamf,D-NA,dev_oof,Center-0.5,111,3,0,0,0,0
db15k_native_adamf,D-NA,dev_oof,Center-0.5,112,4,0,0,0,0
db15k_native_adamf,D-NA,dev_oof,Center-0.5,113,5,0,0,0,0
db15k_native_adamf,D-NA,dev_oof,Center-0.5,114,6,0,0,0,0
db15k_native_adamf,D-NA,dev_oof,Center-0.5,115,7,0,0,0,0
db15k_native_adamf,D-NA,dev_oof,Center-0.5,116,9,0,0,0,0
db15k_native_adamf,D-NA,dev_oof,Center-0.5,117,11,0,0,0,0
db15k_native_adamf,D-NA,dev_oof,Center-0.5,118,18,0,0,0,0
db15k_native_adamf,D-NA,dev_oof,Center-0.5,119,23,0,0,0,0
db15k_native_adamf,D-NA,dev_oof,Center-0.5,120,31,0,0,0,0
db15k_native_adamf,D-NA,dev_oof,Center-0.5,121,127,0,0,0,0
db15k_native_adamf,D-NA,dev_oof,Center-0.5,122,1,180,182,180,180
db15k_native_adamf,D-NA,dev_oof,Center-0.5,123,2,0,0,0,0
db15k_native_adamf,D-NA,dev_oof,Center-0.5,124,3,0,0,0,0
db15k_native_adamf,D-NA,dev_oof,Center-0.5,125,4,0,0,0,0
db15k_native_adamf,D-NA,dev_oof,Center-0.5,126,5,0,0,0,0
db15k_native_adamf,D-NA,dev_oof,Center-0.5,127,6,0,0,0,0
db15k_native_adamf,D-NA,dev_oof,Center-0.5,128,7,0,0,0,0
db15k_native_adamf,D-NA,dev_oof,Center-0.5,129,8,0,0,0,0
db15k_native_adamf,D-NA,dev_oof,Center-0.5,130,11,0,0,0,0
db15k_native_adamf,D-NA,dev_oof,Center-0.5,131,20,0,0,0,0
db15k_native_adamf,D-NA,dev_oof,Center-0.5,132,26,0,0,0,0
db15k_native_adamf,D-NA,dev_oof,Center-0.5,133,138,0,0,0,0
db15k_native_adamf,D-NA,dev_oof,Center-0.5,134,1,380,390,380,380
db15k_native_adamf,D-NA,dev_oof,Center-0.5,135,2,2,3,2,4
db15k_native_adamf,D-NA,dev_oof,Center-0.5,136,3,0,0,0,0
db15k_native_adamf,D-NA,dev_oof,Center-0.5,137,4,0,0,0,0
db15k_native_adamf,D-NA,dev_oof,Center-0.5,138,5,0,0,0,0
db15k_native_adamf,D-NA,dev_oof,Center-0.5,139,6,0,0,0,0
db15k_native_adamf,D-NA,dev_oof,Center-0.5,140,7,0,0,0,0
db15k_native_adamf,D-NA,dev_oof,Center-0.5,141,9,0,0,0,0
db15k_native_adamf,D-NA,dev_oof,Center-0.5,142,21,0,0,0,0
db15k_native_adamf,D-NA,dev_oof,Center-0.5,143,27,0,0,0,0
db15k_native_adamf,D-NA,dev_oof,Center-0.5,144,132,0,0,0,0
db15k_native_adamf,D-NA,dev_oof,Center-0.5,145,1,279,282,279,279
db15k_native_adamf,D-NA,dev_oof,Center-0.5,146,2,3,3,3,6
db15k_native_adamf,D-NA,dev_oof,Center-0.5,147,3,0,0,0,0
db15k_native_adamf,D-NA,dev_oof,Center-0.5,148,4,0,0,0,0
db15k_native_adamf,D-NA,dev_oof,Center-0.5,149,5,0,0,0,0
db15k_native_adamf,D-NA,dev_oof,Center-0.5,150,6,0,0,0,0
db15k_native_adamf,D-NA,dev_oof,Center-0.5,151,7,0,0,0,0
db15k_native_adamf,D-NA,dev_oof,Center-0.5,152,8,0,0,0,0
db15k_native_adamf,D-NA,dev_oof,Center-0.5,153,9,0,0,0,0
db15k_native_adamf,D-NA,dev_oof,Center-0.5,154,20,0,0,0,0
db15k_native_adamf,D-NA,dev_oof,Center-0.5,155,26,0,0,0,0
db15k_native_adamf,D-NA,dev_oof,Center-0.5,156,31,0,0,0,0
db15k_native_adamf,D-NA,dev_oof,Center-0.5,157,124,0,0,0,0
db15k_native_adamf,D-NA,dev_oof,Center-0.5,158,1,201,202,201,201
db15k_native_adamf,D-NA,dev_oof,Center-0.5,159,2,1,1,1,2
db15k_native_adamf,D-NA,dev_oof,Center-0.5,160,3,0,0,0,0
db15k_native_adamf,D-NA,dev_oof,Center-0.5,161,4,0,0,0,0
db15k_native_adamf,D-NA,dev_oof,Center-0.5,162,5,0,0,0,0
db15k_native_adamf,D-NA,dev_oof,Center-0.5,163,6,0,0,0,0
db15k_native_adamf,D-NA,dev_oof,Center-0.5,164,7,0,0,0,0
db15k_native_adamf,D-NA,dev_oof,Center-0.5,165,8,0,0,0,0
db15k_native_adamf,D-NA,dev_oof,Center-0.5,166,20,0,0,0,0
db15k_native_adamf,D-NA,dev_oof,Center-0.5,167,25,0,0,0,0
db15k_native_adamf,D-NA,dev_oof,Center-0.5,168,27,0,0,0,0
db15k_native_adamf,D-NA,dev_oof,Center-0.5,169,139,0,0,0,0
db15k_native_adamf,D-NA,dev_oof,Center-0.5,170,1,316,321,316,316
db15k_native_adamf,D-NA,dev_oof,Center-0.5,171,2,1,1,1,2
db15k_native_adamf,D-NA,dev_oof,Center-0.5,172,3,0,0,0,0
db15k_native_adamf,D-NA,dev_oof,Center-0.5,173,4,0,0,0,0
db15k_native_adamf,D-NA,dev_oof,Center-0.5,174,5,0,0,0,0
db15k_native_adamf,D-NA,dev_oof,Center-0.5,175,6,0,0,0,0
db15k_native_adamf,D-NA,dev_oof,Center-0.5,176,7,0,0,0,0
db15k_native_adamf,D-NA,dev_oof,Center-0.5,177,9,0,0,0,0
db15k_native_adamf,D-NA,dev_oof,Center-0.5,178,11,0,0,0,0
db15k_native_adamf,D-NA,dev_oof,Center-0.5,179,18,0,0,0,0
db15k_native_adamf,D-NA,dev_oof,Center-0.5,180,23,0,0,0,0
db15k_native_adamf,D-NA,dev_oof,Center-0.5,181,31,0,0,0,0
db15k_native_adamf,D-NA,dev_oof,Center-0.5,182,127,0,0,0,0
db15k_native_adamf,D-NA,dev_oof,Linear-p,0,1,35,35,35,35
db15k_native_adamf,D-NA,dev_oof,Linear-p,1,2,0,0,0,0
db15k_native_adamf,D-NA,dev_oof,Linear-p,2,3,0,0,0,0
db15k_native_adamf,D-NA,dev_oof,Linear-p,3,4,0,0,0,0
db15k_native_adamf,D-NA,dev_oof,Linear-p,4,5,0,0,0,0
db15k_native_adamf,D-NA,dev_oof,Linear-p,5,6,0,0,0,0
db15k_native_adamf,D-NA,dev_oof,Linear-p,6,7,0,0,0,0
db15k_native_adamf,D-NA,dev_oof,Linear-p,7,8,0,0,0,0
db15k_native_adamf,D-NA,dev_oof,Linear-p,8,11,0,0,0,0
db15k_native_adamf,D-NA,dev_oof,Linear-p,9,20,0,0,0,0
db15k_native_adamf,D-NA,dev_oof,Linear-p,10,26,0,0,0,0
db15k_native_adamf,D-NA,dev_oof,Linear-p,11,138,0,0,0,0
db15k_native_adamf,D-NA,dev_oof,Linear-p,12,1,114,114,114,114
db15k_native_adamf,D-NA,dev_oof,Linear-p,13,2,0,0,0,0
db15k_native_adamf,D-NA,dev_oof,Linear-p,14,3,0,0,0,0
db15k_native_adamf,D-NA,dev_oof,Linear-p,15,4,0,0,0,0
db15k_native_adamf,D-NA,dev_oof,Linear-p,16,5,0,0,0,0
db15k_native_adamf,D-NA,dev_oof,Linear-p,17,6,0,0,0,0
db15k_native_adamf,D-NA,dev_oof,Linear-p,18,7,0,0,0,0
db15k_native_adamf,D-NA,dev_oof,Linear-p,19,9,0,0,0,0
db15k_native_adamf,D-NA,dev_oof,Linear-p,20,21,0,0,0,0
db15k_native_adamf,D-NA,dev_oof,Linear-p,21,27,0,0,0,0
db15k_native_adamf,D-NA,dev_oof,Linear-p,22,132,0,0,0,0
db15k_native_adamf,D-NA,dev_oof,Linear-p,23,1,69,69,69,69
db15k_native_adamf,D-NA,dev_oof,Linear-p,24,2,1,1,1,2
db15k_native_adamf,D-NA,dev_oof,Linear-p,25,3,0,0,0,0
db15k_native_adamf,D-NA,dev_oof,Linear-p,26,4,0,0,0,0
db15k_native_adamf,D-NA,dev_oof,Linear-p,27,5,0,0,0,0
db15k_native_adamf,D-NA,dev_oof,Linear-p,28,6,0,0,0,0
db15k_native_adamf,D-NA,dev_oof,Linear-p,29,7,0,0,0,0
db15k_native_adamf,D-NA,dev_oof,Linear-p,30,8,0,0,0,0
db15k_native_adamf,D-NA,dev_oof,Linear-p,31,9,0,0,0,0
db15k_native_adamf,D-NA,dev_oof,Linear-p,32,20,0,0,0,0
db15k_native_adamf,D-NA,dev_oof,Linear-p,33,26,0,0,0,0
db15k_native_adamf,D-NA,dev_oof,Linear-p,34,31,0,0,0,0
db15k_native_adamf,D-NA,dev_oof,Linear-p,35,124,0,0,0,0
db15k_native_adamf,D-NA,dev_oof,Linear-p,36,1,55,55,55,55
db15k_native_adamf,D-NA,dev_oof,Linear-p,37,2,1,1,1,2
db15k_native_adamf,D-NA,dev_oof,Linear-p,38,3,0,0,0,0
db15k_native_adamf,D-NA,dev_oof,Linear-p,39,4,0,0,0,0
db15k_native_adamf,D-NA,dev_oof,Linear-p,40,5,0,0,0,0
db15k_native_adamf,D-NA,dev_oof,Linear-p,41,6,0,0,0,0
db15k_native_adamf,D-NA,dev_oof,Linear-p,42,7,0,0,0,0
db15k_native_adamf,D-NA,dev_oof,Linear-p,43,8,0,0,0,0
db15k_native_adamf,D-NA,dev_oof,Linear-p,44,20,0,0,0,0
db15k_native_adamf,D-NA,dev_oof,Linear-p,45,25,0,0,0,0
db15k_native_adamf,D-NA,dev_oof,Linear-p,46,27,0,0,0,0
db15k_native_adamf,D-NA,dev_oof,Linear-p,47,139,0,0,0,0
db15k_native_adamf,D-NA,dev_oof,Linear-p,48,1,93,93,93,93
db15k_native_adamf,D-NA,dev_oof,Linear-p,49,2,0,0,0,0
db15k_native_adamf,D-NA,dev_oof,Linear-p,50,3,0,0,0,0
db15k_native_adamf,D-NA,dev_oof,Linear-p,51,4,0,0,0,0
db15k_native_adamf,D-NA,dev_oof,Linear-p,52,5,0,0,0,0
db15k_native_adamf,D-NA,dev_oof,Linear-p,53,6,0,0,0,0
db15k_native_adamf,D-NA,dev_oof,Linear-p,54,7,0,0,0,0
db15k_native_adamf,D-NA,dev_oof,Linear-p,55,9,0,0,0,0
db15k_native_adamf,D-NA,dev_oof,Linear-p,56,11,0,0,0,0
db15k_native_adamf,D-NA,dev_oof,Linear-p,57,18,0,0,0,0
db15k_native_adamf,D-NA,dev_oof,Linear-p,58,23,0,0,0,0
db15k_native_adamf,D-NA,dev_oof,Linear-p,59,31,0,0,0,0
db15k_native_adamf,D-NA,dev_oof,Linear-p,60,127,0,0,0,0
db15k_native_adamf,D-NA,dev_oof,Linear-p,61,1,8,8,8,8
db15k_native_adamf,D-NA,dev_oof,Linear-p,62,2,0,0,0,0
db15k_native_adamf,D-NA,dev_oof,Linear-p,63,3,1,1,1,3
db15k_native_adamf,D-NA,dev_oof,Linear-p,64,4,0,0,0,0
db15k_native_adamf,D-NA,dev_oof,Linear-p,65,5,0,0,0,0
db15k_native_adamf,D-NA,dev_oof,Linear-p,66,6,0,0,0,0
db15k_native_adamf,D-NA,dev_oof,Linear-p,67,7,0,0,0,0
db15k_native_adamf,D-NA,dev_oof,Linear-p,68,8,0,0,0,0
db15k_native_adamf,D-NA,dev_oof,Linear-p,69,11,0,0,0,0
db15k_native_adamf,D-NA,dev_oof,Linear-p,70,20,0,0,0,0
db15k_native_adamf,D-NA,dev_oof,Linear-p,71,26,0,0,0,0
db15k_native_adamf,D-NA,dev_oof,Linear-p,72,138,0,0,0,0
db15k_native_adamf,D-NA,dev_oof,Linear-p,73,1,10,10,10,10
db15k_native_adamf,D-NA,dev_oof,Linear-p,74,2,0,0,0,0
db15k_native_adamf,D-NA,dev_oof,Linear-p,75,3,0,0,0,0
db15k_native_adamf,D-NA,dev_oof,Linear-p,76,4,2,2,2,8
db15k_native_adamf,D-NA,dev_oof,Linear-p,77,5,0,0,0,0
db15k_native_adamf,D-NA,dev_oof,Linear-p,78,6,0,0,0,0
db15k_native_adamf,D-NA,dev_oof,Linear-p,79,7,0,0,0,0
db15k_native_adamf,D-NA,dev_oof,Linear-p,80,9,0,0,0,0
db15k_native_adamf,D-NA,dev_oof,Linear-p,81,21,1,1,1,21
db15k_native_adamf,D-NA,dev_oof,Linear-p,82,27,0,0,0,0
db15k_native_adamf,D-NA,dev_oof,Linear-p,83,132,0,0,0,0
db15k_native_adamf,D-NA,dev_oof,Linear-p,84,1,10,10,10,10
db15k_native_adamf,D-NA,dev_oof,Linear-p,85,2,0,0,0,0
db15k_native_adamf,D-NA,dev_oof,Linear-p,86,3,0,0,0,0
db15k_native_adamf,D-NA,dev_oof,Linear-p,87,4,0,0,0,0
db15k_native_adamf,D-NA,dev_oof,Linear-p,88,5,0,0,0,0
db15k_native_adamf,D-NA,dev_oof,Linear-p,89,6,0,0,0,0
db15k_native_adamf,D-NA,dev_oof,Linear-p,90,7,0,0,0,0
db15k_native_adamf,D-NA,dev_oof,Linear-p,91,8,0,0,0,0
db15k_native_adamf,D-NA,dev_oof,Linear-p,92,9,0,0,0,0
db15k_native_adamf,D-NA,dev_oof,Linear-p,93,20,0,0,0,0
db15k_native_adamf,D-NA,dev_oof,Linear-p,94,26,0,0,0,0
db15k_native_adamf,D-NA,dev_oof,Linear-p,95,31,0,0,0,0
db15k_native_adamf,D-NA,dev_oof,Linear-p,96,124,0,0,0,0
db15k_native_adamf,D-NA,dev_oof,Linear-p,97,1,3,3,3,3
db15k_native_adamf,D-NA,dev_oof,Linear-p,98,2,0,0,0,0
db15k_native_adamf,D-NA,dev_oof,Linear-p,99,3,2,2,2,6
db15k_native_adamf,D-NA,dev_oof,Linear-p,100,4,0,0,0,0
db15k_native_adamf,D-NA,dev_oof,Linear-p,101,5,0,0,0,0
db15k_native_adamf,D-NA,dev_oof,Linear-p,102,6,0,0,0,0
db15k_native_adamf,D-NA,dev_oof,Linear-p,103,7,0,0,0,0
db15k_native_adamf,D-NA,dev_oof,Linear-p,104,8,0,0,0,0
db15k_native_adamf,D-NA,dev_oof,Linear-p,105,20,0,0,0,0
db15k_native_adamf,D-NA,dev_oof,Linear-p,106,25,0,0,0,0
db15k_native_adamf,D-NA,dev_oof,Linear-p,107,27,0,0,0,0
db15k_native_adamf,D-NA,dev_oof,Linear-p,108,139,0,0,0,0
db15k_native_adamf,D-NA,dev_oof,Linear-p,109,1,18,18,18,18
db15k_native_adamf,D-NA,dev_oof,Linear-p,110,2,1,1,1,2
db15k_native_adamf,D-NA,dev_oof,Linear-p,111,3,0,0,0,0
db15k_native_adamf,D-NA,dev_oof,Linear-p,112,4,0,0,0,0
db15k_native_adamf,D-NA,dev_oof,Linear-p,113,5,0,0,0,0
db15k_native_adamf,D-NA,dev_oof,Linear-p,114,6,0,0,0,0
db15k_native_adamf,D-NA,dev_oof,Linear-p,115,7,0,0,0,0
db15k_native_adamf,D-NA,dev_oof,Linear-p,116,9,0,0,0,0
db15k_native_adamf,D-NA,dev_oof,Linear-p,117,11,0,0,0,0
db15k_native_adamf,D-NA,dev_oof,Linear-p,118,18,0,0,0,0
db15k_native_adamf,D-NA,dev_oof,Linear-p,119,23,0,0,0,0
db15k_native_adamf,D-NA,dev_oof,Linear-p,120,31,0,0,0,0
db15k_native_adamf,D-NA,dev_oof,Linear-p,121,127,0,0,0,0
db15k_native_adamf,D-NA,dev_oof,Linear-p,122,1,180,180,180,180
db15k_native_adamf,D-NA,dev_oof,Linear-p,123,2,0,0,0,0
db15k_native_adamf,D-NA,dev_oof,Linear-p,124,3,0,0,0,0
db15k_native_adamf,D-NA,dev_oof,Linear-p,125,4,0,0,0,0
db15k_native_adamf,D-NA,dev_oof,Linear-p,126,5,0,0,0,0
db15k_native_adamf,D-NA,dev_oof,Linear-p,127,6,0,0,0,0
db15k_native_adamf,D-NA,dev_oof,Linear-p,128,7,0,0,0,0
db15k_native_adamf,D-NA,dev_oof,Linear-p,129,8,0,0,0,0
db15k_native_adamf,D-NA,dev_oof,Linear-p,130,11,0,0,0,0
db15k_native_adamf,D-NA,dev_oof,Linear-p,131,20,0,0,0,0
db15k_native_adamf,D-NA,dev_oof,Linear-p,132,26,0,0,0,0
db15k_native_adamf,D-NA,dev_oof,Linear-p,133,138,0,0,0,0
db15k_native_adamf,D-NA,dev_oof,Linear-p,134,1,380,380,380,380
db15k_native_adamf,D-NA,dev_oof,Linear-p,135,2,2,2,2,4
db15k_native_adamf,D-NA,dev_oof,Linear-p,136,3,0,0,0,0
db15k_native_adamf,D-NA,dev_oof,Linear-p,137,4,0,0,0,0
db15k_native_adamf,D-NA,dev_oof,Linear-p,138,5,0,0,0,0
db15k_native_adamf,D-NA,dev_oof,Linear-p,139,6,0,0,0,0
db15k_native_adamf,D-NA,dev_oof,Linear-p,140,7,0,0,0,0
db15k_native_adamf,D-NA,dev_oof,Linear-p,141,9,0,0,0,0
db15k_native_adamf,D-NA,dev_oof,Linear-p,142,21,0,0,0,0
db15k_native_adamf,D-NA,dev_oof,Linear-p,143,27,0,0,0,0
db15k_native_adamf,D-NA,dev_oof,Linear-p,144,132,0,0,0,0
db15k_native_adamf,D-NA,dev_oof,Linear-p,145,1,279,279,279,279
db15k_native_adamf,D-NA,dev_oof,Linear-p,146,2,3,3,3,6
db15k_native_adamf,D-NA,dev_oof,Linear-p,147,3,0,0,0,0
db15k_native_adamf,D-NA,dev_oof,Linear-p,148,4,0,0,0,0
db15k_native_adamf,D-NA,dev_oof,Linear-p,149,5,0,0,0,0
db15k_native_adamf,D-NA,dev_oof,Linear-p,150,6,0,0,0,0
db15k_native_adamf,D-NA,dev_oof,Linear-p,151,7,0,0,0,0
db15k_native_adamf,D-NA,dev_oof,Linear-p,152,8,0,0,0,0
db15k_native_adamf,D-NA,dev_oof,Linear-p,153,9,0,0,0,0
db15k_native_adamf,D-NA,dev_oof,Linear-p,154,20,0,0,0,0
db15k_native_adamf,D-NA,dev_oof,Linear-p,155,26,0,0,0,0
db15k_native_adamf,D-NA,dev_oof,Linear-p,156,31,0,0,0,0
db15k_native_adamf,D-NA,dev_oof,Linear-p,157,124,0,0,0,0
db15k_native_adamf,D-NA,dev_oof,Linear-p,158,1,201,201,201,201
db15k_native_adamf,D-NA,dev_oof,Linear-p,159,2,1,1,1,2
db15k_native_adamf,D-NA,dev_oof,Linear-p,160,3,0,0,0,0
db15k_native_adamf,D-NA,dev_oof,Linear-p,161,4,0,0,0,0
db15k_native_adamf,D-NA,dev_oof,Linear-p,162,5,0,0,0,0
db15k_native_adamf,D-NA,dev_oof,Linear-p,163,6,0,0,0,0
db15k_native_adamf,D-NA,dev_oof,Linear-p,164,7,0,0,0,0
db15k_native_adamf,D-NA,dev_oof,Linear-p,165,8,0,0,0,0
db15k_native_adamf,D-NA,dev_oof,Linear-p,166,20,0,0,0,0
db15k_native_adamf,D-NA,dev_oof,Linear-p,167,25,0,0,0,0
db15k_native_adamf,D-NA,dev_oof,Linear-p,168,27,0,0,0,0
db15k_native_adamf,D-NA,dev_oof,Linear-p,169,139,0,0,0,0
db15k_native_adamf,D-NA,dev_oof,Linear-p,170,1,316,316,316,316
db15k_native_adamf,D-NA,dev_oof,Linear-p,171,2,1,1,1,2
db15k_native_adamf,D-NA,dev_oof,Linear-p,172,3,0,0,0,0
db15k_native_adamf,D-NA,dev_oof,Linear-p,173,4,0,0,0,0
db15k_native_adamf,D-NA,dev_oof,Linear-p,174,5,0,0,0,0
db15k_native_adamf,D-NA,dev_oof,Linear-p,175,6,0,0,0,0
db15k_native_adamf,D-NA,dev_oof,Linear-p,176,7,0,0,0,0
db15k_native_adamf,D-NA,dev_oof,Linear-p,177,9,0,0,0,0
db15k_native_adamf,D-NA,dev_oof,Linear-p,178,11,0,0,0,0
db15k_native_adamf,D-NA,dev_oof,Linear-p,179,18,0,0,0,0
db15k_native_adamf,D-NA,dev_oof,Linear-p,180,23,0,0,0,0
db15k_native_adamf,D-NA,dev_oof,Linear-p,181,31,0,0,0,0
db15k_native_adamf,D-NA,dev_oof,Linear-p,182,127,0,0,0,0
db15k_native_adamf,D-NA,dev_oof,Clip-g,0,1,35,35,35,35
db15k_native_adamf,D-NA,dev_oof,Clip-g,1,2,0,0,0,0
db15k_native_adamf,D-NA,dev_oof,Clip-g,2,3,0,0,0,0
db15k_native_adamf,D-NA,dev_oof,Clip-g,3,4,0,0,0,0
db15k_native_adamf,D-NA,dev_oof,Clip-g,4,5,0,0,0,0
db15k_native_adamf,D-NA,dev_oof,Clip-g,5,6,0,0,0,0
db15k_native_adamf,D-NA,dev_oof,Clip-g,6,7,0,0,0,0
db15k_native_adamf,D-NA,dev_oof,Clip-g,7,8,0,0,0,0
db15k_native_adamf,D-NA,dev_oof,Clip-g,8,11,0,0,0,0
db15k_native_adamf,D-NA,dev_oof,Clip-g,9,20,0,0,0,0
db15k_native_adamf,D-NA,dev_oof,Clip-g,10,26,0,0,0,0
db15k_native_adamf,D-NA,dev_oof,Clip-g,11,138,0,0,0,0
db15k_native_adamf,D-NA,dev_oof,Clip-g,12,1,114,114,114,114
db15k_native_adamf,D-NA,dev_oof,Clip-g,13,2,0,0,0,0
db15k_native_adamf,D-NA,dev_oof,Clip-g,14,3,0,0,0,0
db15k_native_adamf,D-NA,dev_oof,Clip-g,15,4,0,0,0,0
db15k_native_adamf,D-NA,dev_oof,Clip-g,16,5,0,0,0,0
db15k_native_adamf,D-NA,dev_oof,Clip-g,17,6,0,0,0,0
db15k_native_adamf,D-NA,dev_oof,Clip-g,18,7,0,0,0,0
db15k_native_adamf,D-NA,dev_oof,Clip-g,19,9,0,0,0,0
db15k_native_adamf,D-NA,dev_oof,Clip-g,20,21,0,0,0,0
db15k_native_adamf,D-NA,dev_oof,Clip-g,21,27,0,0,0,0
db15k_native_adamf,D-NA,dev_oof,Clip-g,22,132,0,0,0,0
db15k_native_adamf,D-NA,dev_oof,Clip-g,23,1,69,69,69,69
db15k_native_adamf,D-NA,dev_oof,Clip-g,24,2,1,1,1,2
db15k_native_adamf,D-NA,dev_oof,Clip-g,25,3,0,0,0,0
db15k_native_adamf,D-NA,dev_oof,Clip-g,26,4,0,0,0,0
db15k_native_adamf,D-NA,dev_oof,Clip-g,27,5,0,0,0,0
db15k_native_adamf,D-NA,dev_oof,Clip-g,28,6,0,0,0,0
db15k_native_adamf,D-NA,dev_oof,Clip-g,29,7,0,0,0,0
db15k_native_adamf,D-NA,dev_oof,Clip-g,30,8,0,0,0,0
db15k_native_adamf,D-NA,dev_oof,Clip-g,31,9,0,0,0,0
db15k_native_adamf,D-NA,dev_oof,Clip-g,32,20,0,0,0,0
db15k_native_adamf,D-NA,dev_oof,Clip-g,33,26,0,0,0,0
db15k_native_adamf,D-NA,dev_oof,Clip-g,34,31,0,0,0,0
db15k_native_adamf,D-NA,dev_oof,Clip-g,35,124,0,0,0,0
db15k_native_adamf,D-NA,dev_oof,Clip-g,36,1,55,55,55,55
db15k_native_adamf,D-NA,dev_oof,Clip-g,37,2,1,1,1,2
db15k_native_adamf,D-NA,dev_oof,Clip-g,38,3,0,0,0,0
db15k_native_adamf,D-NA,dev_oof,Clip-g,39,4,0,0,0,0
db15k_native_adamf,D-NA,dev_oof,Clip-g,40,5,0,0,0,0
db15k_native_adamf,D-NA,dev_oof,Clip-g,41,6,0,0,0,0
db15k_native_adamf,D-NA,dev_oof,Clip-g,42,7,0,0,0,0
db15k_native_adamf,D-NA,dev_oof,Clip-g,43,8,0,0,0,0
db15k_native_adamf,D-NA,dev_oof,Clip-g,44,20,0,0,0,0
db15k_native_adamf,D-NA,dev_oof,Clip-g,45,25,0,0,0,0
db15k_native_adamf,D-NA,dev_oof,Clip-g,46,27,0,0,0,0
db15k_native_adamf,D-NA,dev_oof,Clip-g,47,139,0,0,0,0
db15k_native_adamf,D-NA,dev_oof,Clip-g,48,1,93,93,93,93
db15k_native_adamf,D-NA,dev_oof,Clip-g,49,2,0,0,0,0
db15k_native_adamf,D-NA,dev_oof,Clip-g,50,3,0,0,0,0
db15k_native_adamf,D-NA,dev_oof,Clip-g,51,4,0,0,0,0
db15k_native_adamf,D-NA,dev_oof,Clip-g,52,5,0,0,0,0
db15k_native_adamf,D-NA,dev_oof,Clip-g,53,6,0,0,0,0
db15k_native_adamf,D-NA,dev_oof,Clip-g,54,7,0,0,0,0
db15k_native_adamf,D-NA,dev_oof,Clip-g,55,9,0,0,0,0
db15k_native_adamf,D-NA,dev_oof,Clip-g,56,11,0,0,0,0
db15k_native_adamf,D-NA,dev_oof,Clip-g,57,18,0,0,0,0
db15k_native_adamf,D-NA,dev_oof,Clip-g,58,23,0,0,0,0
db15k_native_adamf,D-NA,dev_oof,Clip-g,59,31,0,0,0,0
db15k_native_adamf,D-NA,dev_oof,Clip-g,60,127,0,0,0,0
db15k_native_adamf,D-NA,dev_oof,Clip-g,61,1,8,8,8,8
db15k_native_adamf,D-NA,dev_oof,Clip-g,62,2,0,0,0,0
db15k_native_adamf,D-NA,dev_oof,Clip-g,63,3,1,1,1,3
db15k_native_adamf,D-NA,dev_oof,Clip-g,64,4,0,0,0,0
db15k_native_adamf,D-NA,dev_oof,Clip-g,65,5,0,0,0,0
db15k_native_adamf,D-NA,dev_oof,Clip-g,66,6,0,0,0,0
db15k_native_adamf,D-NA,dev_oof,Clip-g,67,7,0,0,0,0
db15k_native_adamf,D-NA,dev_oof,Clip-g,68,8,0,0,0,0
db15k_native_adamf,D-NA,dev_oof,Clip-g,69,11,0,0,0,0
db15k_native_adamf,D-NA,dev_oof,Clip-g,70,20,0,0,0,0
db15k_native_adamf,D-NA,dev_oof,Clip-g,71,26,0,0,0,0
db15k_native_adamf,D-NA,dev_oof,Clip-g,72,138,0,0,0,0
db15k_native_adamf,D-NA,dev_oof,Clip-g,73,1,10,10,10,10
db15k_native_adamf,D-NA,dev_oof,Clip-g,74,2,0,0,0,0
db15k_native_adamf,D-NA,dev_oof,Clip-g,75,3,0,0,0,0
db15k_native_adamf,D-NA,dev_oof,Clip-g,76,4,2,2,2,8
db15k_native_adamf,D-NA,dev_oof,Clip-g,77,5,0,0,0,0
db15k_native_adamf,D-NA,dev_oof,Clip-g,78,6,0,0,0,0
db15k_native_adamf,D-NA,dev_oof,Clip-g,79,7,0,0,0,0
db15k_native_adamf,D-NA,dev_oof,Clip-g,80,9,0,0,0,0
db15k_native_adamf,D-NA,dev_oof,Clip-g,81,21,1,1,1,21
db15k_native_adamf,D-NA,dev_oof,Clip-g,82,27,0,0,0,0
db15k_native_adamf,D-NA,dev_oof,Clip-g,83,132,0,0,0,0
db15k_native_adamf,D-NA,dev_oof,Clip-g,84,1,10,10,10,10
db15k_native_adamf,D-NA,dev_oof,Clip-g,85,2,0,0,0,0
db15k_native_adamf,D-NA,dev_oof,Clip-g,86,3,0,0,0,0
db15k_native_adamf,D-NA,dev_oof,Clip-g,87,4,0,0,0,0
db15k_native_adamf,D-NA,dev_oof,Clip-g,88,5,0,0,0,0
db15k_native_adamf,D-NA,dev_oof,Clip-g,89,6,0,0,0,0
db15k_native_adamf,D-NA,dev_oof,Clip-g,90,7,0,0,0,0
db15k_native_adamf,D-NA,dev_oof,Clip-g,91,8,0,0,0,0
db15k_native_adamf,D-NA,dev_oof,Clip-g,92,9,0,0,0,0
db15k_native_adamf,D-NA,dev_oof,Clip-g,93,20,0,0,0,0
db15k_native_adamf,D-NA,dev_oof,Clip-g,94,26,0,0,0,0
db15k_native_adamf,D-NA,dev_oof,Clip-g,95,31,0,0,0,0
db15k_native_adamf,D-NA,dev_oof,Clip-g,96,124,0,0,0,0
db15k_native_adamf,D-NA,dev_oof,Clip-g,97,1,3,3,3,3
db15k_native_adamf,D-NA,dev_oof,Clip-g,98,2,0,0,0,0
db15k_native_adamf,D-NA,dev_oof,Clip-g,99,3,2,2,2,6
db15k_native_adamf,D-NA,dev_oof,Clip-g,100,4,0,0,0,0
db15k_native_adamf,D-NA,dev_oof,Clip-g,101,5,0,0,0,0
db15k_native_adamf,D-NA,dev_oof,Clip-g,102,6,0,0,0,0
db15k_native_adamf,D-NA,dev_oof,Clip-g,103,7,0,0,0,0
db15k_native_adamf,D-NA,dev_oof,Clip-g,104,8,0,0,0,0
db15k_native_adamf,D-NA,dev_oof,Clip-g,105,20,0,0,0,0
db15k_native_adamf,D-NA,dev_oof,Clip-g,106,25,0,0,0,0
db15k_native_adamf,D-NA,dev_oof,Clip-g,107,27,0,0,0,0
db15k_native_adamf,D-NA,dev_oof,Clip-g,108,139,0,0,0,0
db15k_native_adamf,D-NA,dev_oof,Clip-g,109,1,18,18,18,18
db15k_native_adamf,D-NA,dev_oof,Clip-g,110,2,1,1,1,2
db15k_native_adamf,D-NA,dev_oof,Clip-g,111,3,0,0,0,0
db15k_native_adamf,D-NA,dev_oof,Clip-g,112,4,0,0,0,0
db15k_native_adamf,D-NA,dev_oof,Clip-g,113,5,0,0,0,0
db15k_native_adamf,D-NA,dev_oof,Clip-g,114,6,0,0,0,0
db15k_native_adamf,D-NA,dev_oof,Clip-g,115,7,0,0,0,0
db15k_native_adamf,D-NA,dev_oof,Clip-g,116,9,0,0,0,0
db15k_native_adamf,D-NA,dev_oof,Clip-g,117,11,0,0,0,0
db15k_native_adamf,D-NA,dev_oof,Clip-g,118,18,0,0,0,0
db15k_native_adamf,D-NA,dev_oof,Clip-g,119,23,0,0,0,0
db15k_native_adamf,D-NA,dev_oof,Clip-g,120,31,0,0,0,0
db15k_native_adamf,D-NA,dev_oof,Clip-g,121,127,0,0,0,0
db15k_native_adamf,D-NA,dev_oof,Clip-g,122,1,180,180,180,180
db15k_native_adamf,D-NA,dev_oof,Clip-g,123,2,0,0,0,0
db15k_native_adamf,D-NA,dev_oof,Clip-g,124,3,0,0,0,0
db15k_native_adamf,D-NA,dev_oof,Clip-g,125,4,0,0,0,0
db15k_native_adamf,D-NA,dev_oof,Clip-g,126,5,0,0,0,0
db15k_native_adamf,D-NA,dev_oof,Clip-g,127,6,0,0,0,0
db15k_native_adamf,D-NA,dev_oof,Clip-g,128,7,0,0,0,0
db15k_native_adamf,D-NA,dev_oof,Clip-g,129,8,0,0,0,0
db15k_native_adamf,D-NA,dev_oof,Clip-g,130,11,0,0,0,0
db15k_native_adamf,D-NA,dev_oof,Clip-g,131,20,0,0,0,0
db15k_native_adamf,D-NA,dev_oof,Clip-g,132,26,0,0,0,0
db15k_native_adamf,D-NA,dev_oof,Clip-g,133,138,0,0,0,0
db15k_native_adamf,D-NA,dev_oof,Clip-g,134,1,380,380,380,380
db15k_native_adamf,D-NA,dev_oof,Clip-g,135,2,2,2,2,4
db15k_native_adamf,D-NA,dev_oof,Clip-g,136,3,0,0,0,0
db15k_native_adamf,D-NA,dev_oof,Clip-g,137,4,0,0,0,0
db15k_native_adamf,D-NA,dev_oof,Clip-g,138,5,0,0,0,0
db15k_native_adamf,D-NA,dev_oof,Clip-g,139,6,0,0,0,0
db15k_native_adamf,D-NA,dev_oof,Clip-g,140,7,0,0,0,0
db15k_native_adamf,D-NA,dev_oof,Clip-g,141,9,0,0,0,0
db15k_native_adamf,D-NA,dev_oof,Clip-g,142,21,0,0,0,0
db15k_native_adamf,D-NA,dev_oof,Clip-g,143,27,0,0,0,0
db15k_native_adamf,D-NA,dev_oof,Clip-g,144,132,0,0,0,0
db15k_native_adamf,D-NA,dev_oof,Clip-g,145,1,279,279,279,279
db15k_native_adamf,D-NA,dev_oof,Clip-g,146,2,3,3,3,6
db15k_native_adamf,D-NA,dev_oof,Clip-g,147,3,0,0,0,0
db15k_native_adamf,D-NA,dev_oof,Clip-g,148,4,0,0,0,0
db15k_native_adamf,D-NA,dev_oof,Clip-g,149,5,0,0,0,0
db15k_native_adamf,D-NA,dev_oof,Clip-g,150,6,0,0,0,0
db15k_native_adamf,D-NA,dev_oof,Clip-g,151,7,0,0,0,0
db15k_native_adamf,D-NA,dev_oof,Clip-g,152,8,0,0,0,0
db15k_native_adamf,D-NA,dev_oof,Clip-g,153,9,0,0,0,0
db15k_native_adamf,D-NA,dev_oof,Clip-g,154,20,0,0,0,0
db15k_native_adamf,D-NA,dev_oof,Clip-g,155,26,0,0,0,0
db15k_native_adamf,D-NA,dev_oof,Clip-g,156,31,0,0,0,0
db15k_native_adamf,D-NA,dev_oof,Clip-g,157,124,0,0,0,0
db15k_native_adamf,D-NA,dev_oof,Clip-g,158,1,201,201,201,201
db15k_native_adamf,D-NA,dev_oof,Clip-g,159,2,1,1,1,2
db15k_native_adamf,D-NA,dev_oof,Clip-g,160,3,0,0,0,0
db15k_native_adamf,D-NA,dev_oof,Clip-g,161,4,0,0,0,0
db15k_native_adamf,D-NA,dev_oof,Clip-g,162,5,0,0,0,0
db15k_native_adamf,D-NA,dev_oof,Clip-g,163,6,0,0,0,0
db15k_native_adamf,D-NA,dev_oof,Clip-g,164,7,0,0,0,0
db15k_native_adamf,D-NA,dev_oof,Clip-g,165,8,0,0,0,0
db15k_native_adamf,D-NA,dev_oof,Clip-g,166,20,0,0,0,0
db15k_native_adamf,D-NA,dev_oof,Clip-g,167,25,0,0,0,0
db15k_native_adamf,D-NA,dev_oof,Clip-g,168,27,0,0,0,0
db15k_native_adamf,D-NA,dev_oof,Clip-g,169,139,0,0,0,0
db15k_native_adamf,D-NA,dev_oof,Clip-g,170,1,316,316,316,316
db15k_native_adamf,D-NA,dev_oof,Clip-g,171,2,1,1,1,2
db15k_native_adamf,D-NA,dev_oof,Clip-g,172,3,0,0,0,0
db15k_native_adamf,D-NA,dev_oof,Clip-g,173,4,0,0,0,0
db15k_native_adamf,D-NA,dev_oof,Clip-g,174,5,0,0,0,0
db15k_native_adamf,D-NA,dev_oof,Clip-g,175,6,0,0,0,0
db15k_native_adamf,D-NA,dev_oof,Clip-g,176,7,0,0,0,0
db15k_native_adamf,D-NA,dev_oof,Clip-g,177,9,0,0,0,0
db15k_native_adamf,D-NA,dev_oof,Clip-g,178,11,0,0,0,0
db15k_native_adamf,D-NA,dev_oof,Clip-g,179,18,0,0,0,0
db15k_native_adamf,D-NA,dev_oof,Clip-g,180,23,0,0,0,0
db15k_native_adamf,D-NA,dev_oof,Clip-g,181,31,0,0,0,0
db15k_native_adamf,D-NA,dev_oof,Clip-g,182,127,0,0,0,0
db15k_native_adamf,D-NA,dev_oof,Shrink-fixed,0,1,35,43,35,35
db15k_native_adamf,D-NA,dev_oof,Shrink-fixed,1,2,0,1,0,0
db15k_native_adamf,D-NA,dev_oof,Shrink-fixed,2,3,0,0,0,0
db15k_native_adamf,D-NA,dev_oof,Shrink-fixed,3,4,0,0,0,0
db15k_native_adamf,D-NA,dev_oof,Shrink-fixed,4,5,0,0,0,0
db15k_native_adamf,D-NA,dev_oof,Shrink-fixed,5,6,0,0,0,0
db15k_native_adamf,D-NA,dev_oof,Shrink-fixed,6,7,0,0,0,0
db15k_native_adamf,D-NA,dev_oof,Shrink-fixed,7,8,0,0,0,0
db15k_native_adamf,D-NA,dev_oof,Shrink-fixed,8,11,0,0,0,0
db15k_native_adamf,D-NA,dev_oof,Shrink-fixed,9,20,0,0,0,0
db15k_native_adamf,D-NA,dev_oof,Shrink-fixed,10,26,0,0,0,0
db15k_native_adamf,D-NA,dev_oof,Shrink-fixed,11,138,0,0,0,0
db15k_native_adamf,D-NA,dev_oof,Shrink-fixed,12,1,114,128,114,114
db15k_native_adamf,D-NA,dev_oof,Shrink-fixed,13,2,0,1,0,0
db15k_native_adamf,D-NA,dev_oof,Shrink-fixed,14,3,0,0,0,0
db15k_native_adamf,D-NA,dev_oof,Shrink-fixed,15,4,0,0,0,0
db15k_native_adamf,D-NA,dev_oof,Shrink-fixed,16,5,0,0,0,0
db15k_native_adamf,D-NA,dev_oof,Shrink-fixed,17,6,0,0,0,0
db15k_native_adamf,D-NA,dev_oof,Shrink-fixed,18,7,0,0,0,0
db15k_native_adamf,D-NA,dev_oof,Shrink-fixed,19,9,0,0,0,0
db15k_native_adamf,D-NA,dev_oof,Shrink-fixed,20,21,0,0,0,0
db15k_native_adamf,D-NA,dev_oof,Shrink-fixed,21,27,0,0,0,0
db15k_native_adamf,D-NA,dev_oof,Shrink-fixed,22,132,0,0,0,0
db15k_native_adamf,D-NA,dev_oof,Shrink-fixed,23,1,69,72,69,69
db15k_native_adamf,D-NA,dev_oof,Shrink-fixed,24,2,1,1,1,2
db15k_native_adamf,D-NA,dev_oof,Shrink-fixed,25,3,0,0,0,0
db15k_native_adamf,D-NA,dev_oof,Shrink-fixed,26,4,0,0,0,0
db15k_native_adamf,D-NA,dev_oof,Shrink-fixed,27,5,0,0,0,0
db15k_native_adamf,D-NA,dev_oof,Shrink-fixed,28,6,0,0,0,0
db15k_native_adamf,D-NA,dev_oof,Shrink-fixed,29,7,0,0,0,0
db15k_native_adamf,D-NA,dev_oof,Shrink-fixed,30,8,0,0,0,0
db15k_native_adamf,D-NA,dev_oof,Shrink-fixed,31,9,0,0,0,0
db15k_native_adamf,D-NA,dev_oof,Shrink-fixed,32,20,0,0,0,0
db15k_native_adamf,D-NA,dev_oof,Shrink-fixed,33,26,0,0,0,0
db15k_native_adamf,D-NA,dev_oof,Shrink-fixed,34,31,0,0,0,0
db15k_native_adamf,D-NA,dev_oof,Shrink-fixed,35,124,0,0,0,0
db15k_native_adamf,D-NA,dev_oof,Shrink-fixed,36,1,55,63,55,55
db15k_native_adamf,D-NA,dev_oof,Shrink-fixed,37,2,1,1,1,2
db15k_native_adamf,D-NA,dev_oof,Shrink-fixed,38,3,0,0,0,0
db15k_native_adamf,D-NA,dev_oof,Shrink-fixed,39,4,0,0,0,0
db15k_native_adamf,D-NA,dev_oof,Shrink-fixed,40,5,0,0,0,0
db15k_native_adamf,D-NA,dev_oof,Shrink-fixed,41,6,0,0,0,0
db15k_native_adamf,D-NA,dev_oof,Shrink-fixed,42,7,0,0,0,0
db15k_native_adamf,D-NA,dev_oof,Shrink-fixed,43,8,0,0,0,0
db15k_native_adamf,D-NA,dev_oof,Shrink-fixed,44,20,0,0,0,0
db15k_native_adamf,D-NA,dev_oof,Shrink-fixed,45,25,0,0,0,0
db15k_native_adamf,D-NA,dev_oof,Shrink-fixed,46,27,0,0,0,0
db15k_native_adamf,D-NA,dev_oof,Shrink-fixed,47,139,0,0,0,0
db15k_native_adamf,D-NA,dev_oof,Shrink-fixed,48,1,93,101,93,93
db15k_native_adamf,D-NA,dev_oof,Shrink-fixed,49,2,0,1,0,0
db15k_native_adamf,D-NA,dev_oof,Shrink-fixed,50,3,0,0,0,0
db15k_native_adamf,D-NA,dev_oof,Shrink-fixed,51,4,0,0,0,0
db15k_native_adamf,D-NA,dev_oof,Shrink-fixed,52,5,0,0,0,0
db15k_native_adamf,D-NA,dev_oof,Shrink-fixed,53,6,0,0,0,0
db15k_native_adamf,D-NA,dev_oof,Shrink-fixed,54,7,0,0,0,0
db15k_native_adamf,D-NA,dev_oof,Shrink-fixed,55,9,0,0,0,0
db15k_native_adamf,D-NA,dev_oof,Shrink-fixed,56,11,0,0,0,0
db15k_native_adamf,D-NA,dev_oof,Shrink-fixed,57,18,0,0,0,0
db15k_native_adamf,D-NA,dev_oof,Shrink-fixed,58,23,0,0,0,0
db15k_native_adamf,D-NA,dev_oof,Shrink-fixed,59,31,0,0,0,0
db15k_native_adamf,D-NA,dev_oof,Shrink-fixed,60,127,0,0,0,0
db15k_native_adamf,D-NA,dev_oof,Shrink-fixed,61,1,8,51,8,8
db15k_native_adamf,D-NA,dev_oof,Shrink-fixed,62,2,0,0,0,0
db15k_native_adamf,D-NA,dev_oof,Shrink-fixed,63,3,1,1,1,3
db15k_native_adamf,D-NA,dev_oof,Shrink-fixed,64,4,0,0,0,0
db15k_native_adamf,D-NA,dev_oof,Shrink-fixed,65,5,0,0,0,0
db15k_native_adamf,D-NA,dev_oof,Shrink-fixed,66,6,0,0,0,0
db15k_native_adamf,D-NA,dev_oof,Shrink-fixed,67,7,0,0,0,0
db15k_native_adamf,D-NA,dev_oof,Shrink-fixed,68,8,0,0,0,0
db15k_native_adamf,D-NA,dev_oof,Shrink-fixed,69,11,0,0,0,0
db15k_native_adamf,D-NA,dev_oof,Shrink-fixed,70,20,0,0,0,0
db15k_native_adamf,D-NA,dev_oof,Shrink-fixed,71,26,0,0,0,0
db15k_native_adamf,D-NA,dev_oof,Shrink-fixed,72,138,0,0,0,0
db15k_native_adamf,D-NA,dev_oof,Shrink-fixed,73,1,10,87,10,10
db15k_native_adamf,D-NA,dev_oof,Shrink-fixed,74,2,0,0,0,0
db15k_native_adamf,D-NA,dev_oof,Shrink-fixed,75,3,0,0,0,0
db15k_native_adamf,D-NA,dev_oof,Shrink-fixed,76,4,2,2,2,8
db15k_native_adamf,D-NA,dev_oof,Shrink-fixed,77,5,0,0,0,0
db15k_native_adamf,D-NA,dev_oof,Shrink-fixed,78,6,0,0,0,0
db15k_native_adamf,D-NA,dev_oof,Shrink-fixed,79,7,0,0,0,0
db15k_native_adamf,D-NA,dev_oof,Shrink-fixed,80,9,0,0,0,0
db15k_native_adamf,D-NA,dev_oof,Shrink-fixed,81,21,1,1,1,21
db15k_native_adamf,D-NA,dev_oof,Shrink-fixed,82,27,0,0,0,0
db15k_native_adamf,D-NA,dev_oof,Shrink-fixed,83,132,0,0,0,0
db15k_native_adamf,D-NA,dev_oof,Shrink-fixed,84,1,10,46,10,10
db15k_native_adamf,D-NA,dev_oof,Shrink-fixed,85,2,0,0,0,0
db15k_native_adamf,D-NA,dev_oof,Shrink-fixed,86,3,0,0,0,0
db15k_native_adamf,D-NA,dev_oof,Shrink-fixed,87,4,0,0,0,0
db15k_native_adamf,D-NA,dev_oof,Shrink-fixed,88,5,0,0,0,0
db15k_native_adamf,D-NA,dev_oof,Shrink-fixed,89,6,0,0,0,0
db15k_native_adamf,D-NA,dev_oof,Shrink-fixed,90,7,0,0,0,0
db15k_native_adamf,D-NA,dev_oof,Shrink-fixed,91,8,0,0,0,0
db15k_native_adamf,D-NA,dev_oof,Shrink-fixed,92,9,0,0,0,0
db15k_native_adamf,D-NA,dev_oof,Shrink-fixed,93,20,0,0,0,0
db15k_native_adamf,D-NA,dev_oof,Shrink-fixed,94,26,0,0,0,0
db15k_native_adamf,D-NA,dev_oof,Shrink-fixed,95,31,0,0,0,0
db15k_native_adamf,D-NA,dev_oof,Shrink-fixed,96,124,0,0,0,0
db15k_native_adamf,D-NA,dev_oof,Shrink-fixed,97,1,3,66,3,3
db15k_native_adamf,D-NA,dev_oof,Shrink-fixed,98,2,0,0,0,0
db15k_native_adamf,D-NA,dev_oof,Shrink-fixed,99,3,2,2,2,6
db15k_native_adamf,D-NA,dev_oof,Shrink-fixed,100,4,0,0,0,0
db15k_native_adamf,D-NA,dev_oof,Shrink-fixed,101,5,0,0,0,0
db15k_native_adamf,D-NA,dev_oof,Shrink-fixed,102,6,0,0,0,0
db15k_native_adamf,D-NA,dev_oof,Shrink-fixed,103,7,0,0,0,0
db15k_native_adamf,D-NA,dev_oof,Shrink-fixed,104,8,0,0,0,0
db15k_native_adamf,D-NA,dev_oof,Shrink-fixed,105,20,0,0,0,0
db15k_native_adamf,D-NA,dev_oof,Shrink-fixed,106,25,0,0,0,0
db15k_native_adamf,D-NA,dev_oof,Shrink-fixed,107,27,0,0,0,0
db15k_native_adamf,D-NA,dev_oof,Shrink-fixed,108,139,0,0,0,0
db15k_native_adamf,D-NA,dev_oof,Shrink-fixed,109,1,18,71,18,18
db15k_native_adamf,D-NA,dev_oof,Shrink-fixed,110,2,1,2,1,2
db15k_native_adamf,D-NA,dev_oof,Shrink-fixed,111,3,0,0,0,0
db15k_native_adamf,D-NA,dev_oof,Shrink-fixed,112,4,0,0,0,0
db15k_native_adamf,D-NA,dev_oof,Shrink-fixed,113,5,0,0,0,0
db15k_native_adamf,D-NA,dev_oof,Shrink-fixed,114,6,0,0,0,0
db15k_native_adamf,D-NA,dev_oof,Shrink-fixed,115,7,0,0,0,0
db15k_native_adamf,D-NA,dev_oof,Shrink-fixed,116,9,0,0,0,0
db15k_native_adamf,D-NA,dev_oof,Shrink-fixed,117,11,0,0,0,0
db15k_native_adamf,D-NA,dev_oof,Shrink-fixed,118,18,0,0,0,0
db15k_native_adamf,D-NA,dev_oof,Shrink-fixed,119,23,0,0,0,0
db15k_native_adamf,D-NA,dev_oof,Shrink-fixed,120,31,0,0,0,0
db15k_native_adamf,D-NA,dev_oof,Shrink-fixed,121,127,0,0,0,0
db15k_native_adamf,D-NA,dev_oof,Shrink-fixed,122,1,180,182,180,180
db15k_native_adamf,D-NA,dev_oof,Shrink-fixed,123,2,0,0,0,0
db15k_native_adamf,D-NA,dev_oof,Shrink-fixed,124,3,0,0,0,0
db15k_native_adamf,D-NA,dev_oof,Shrink-fixed,125,4,0,0,0,0
db15k_native_adamf,D-NA,dev_oof,Shrink-fixed,126,5,0,0,0,0
db15k_native_adamf,D-NA,dev_oof,Shrink-fixed,127,6,0,0,0,0
db15k_native_adamf,D-NA,dev_oof,Shrink-fixed,128,7,0,0,0,0
db15k_native_adamf,D-NA,dev_oof,Shrink-fixed,129,8,0,0,0,0
db15k_native_adamf,D-NA,dev_oof,Shrink-fixed,130,11,0,0,0,0
db15k_native_adamf,D-NA,dev_oof,Shrink-fixed,131,20,0,0,0,0
db15k_native_adamf,D-NA,dev_oof,Shrink-fixed,132,26,0,0,0,0
db15k_native_adamf,D-NA,dev_oof,Shrink-fixed,133,138,0,0,0,0
db15k_native_adamf,D-NA,dev_oof,Shrink-fixed,134,1,380,390,380,380
db15k_native_adamf,D-NA,dev_oof,Shrink-fixed,135,2,2,3,2,4
db15k_native_adamf,D-NA,dev_oof,Shrink-fixed,136,3,0,0,0,0
db15k_native_adamf,D-NA,dev_oof,Shrink-fixed,137,4,0,0,0,0
db15k_native_adamf,D-NA,dev_oof,Shrink-fixed,138,5,0,0,0,0
db15k_native_adamf,D-NA,dev_oof,Shrink-fixed,139,6,0,0,0,0
db15k_native_adamf,D-NA,dev_oof,Shrink-fixed,140,7,0,0,0,0
db15k_native_adamf,D-NA,dev_oof,Shrink-fixed,141,9,0,0,0,0
db15k_native_adamf,D-NA,dev_oof,Shrink-fixed,142,21,0,0,0,0
db15k_native_adamf,D-NA,dev_oof,Shrink-fixed,143,27,0,0,0,0
db15k_native_adamf,D-NA,dev_oof,Shrink-fixed,144,132,0,0,0,0
db15k_native_adamf,D-NA,dev_oof,Shrink-fixed,145,1,279,282,279,279
db15k_native_adamf,D-NA,dev_oof,Shrink-fixed,146,2,3,3,3,6
db15k_native_adamf,D-NA,dev_oof,Shrink-fixed,147,3,0,0,0,0
db15k_native_adamf,D-NA,dev_oof,Shrink-fixed,148,4,0,0,0,0
db15k_native_adamf,D-NA,dev_oof,Shrink-fixed,149,5,0,0,0,0
db15k_native_adamf,D-NA,dev_oof,Shrink-fixed,150,6,0,0,0,0
db15k_native_adamf,D-NA,dev_oof,Shrink-fixed,151,7,0,0,0,0
db15k_native_adamf,D-NA,dev_oof,Shrink-fixed,152,8,0,0,0,0
db15k_native_adamf,D-NA,dev_oof,Shrink-fixed,153,9,0,0,0,0
db15k_native_adamf,D-NA,dev_oof,Shrink-fixed,154,20,0,0,0,0
db15k_native_adamf,D-NA,dev_oof,Shrink-fixed,155,26,0,0,0,0
db15k_native_adamf,D-NA,dev_oof,Shrink-fixed,156,31,0,0,0,0
db15k_native_adamf,D-NA,dev_oof,Shrink-fixed,157,124,0,0,0,0
db15k_native_adamf,D-NA,dev_oof,Shrink-fixed,158,1,201,202,201,201
db15k_native_adamf,D-NA,dev_oof,Shrink-fixed,159,2,1,1,1,2
db15k_native_adamf,D-NA,dev_oof,Shrink-fixed,160,3,0,0,0,0
db15k_native_adamf,D-NA,dev_oof,Shrink-fixed,161,4,0,0,0,0
db15k_native_adamf,D-NA,dev_oof,Shrink-fixed,162,5,0,0,0,0
db15k_native_adamf,D-NA,dev_oof,Shrink-fixed,163,6,0,0,0,0
db15k_native_adamf,D-NA,dev_oof,Shrink-fixed,164,7,0,0,0,0
db15k_native_adamf,D-NA,dev_oof,Shrink-fixed,165,8,0,0,0,0
db15k_native_adamf,D-NA,dev_oof,Shrink-fixed,166,20,0,0,0,0
db15k_native_adamf,D-NA,dev_oof,Shrink-fixed,167,25,0,0,0,0
db15k_native_adamf,D-NA,dev_oof,Shrink-fixed,168,27,0,0,0,0
db15k_native_adamf,D-NA,dev_oof,Shrink-fixed,169,139,0,0,0,0
db15k_native_adamf,D-NA,dev_oof,Shrink-fixed,170,1,316,321,316,316
db15k_native_adamf,D-NA,dev_oof,Shrink-fixed,171,2,1,1,1,2
db15k_native_adamf,D-NA,dev_oof,Shrink-fixed,172,3,0,0,0,0
db15k_native_adamf,D-NA,dev_oof,Shrink-fixed,173,4,0,0,0,0
db15k_native_adamf,D-NA,dev_oof,Shrink-fixed,174,5,0,0,0,0
db15k_native_adamf,D-NA,dev_oof,Shrink-fixed,175,6,0,0,0,0
db15k_native_adamf,D-NA,dev_oof,Shrink-fixed,176,7,0,0,0,0
db15k_native_adamf,D-NA,dev_oof,Shrink-fixed,177,9,0,0,0,0
db15k_native_adamf,D-NA,dev_oof,Shrink-fixed,178,11,0,0,0,0
db15k_native_adamf,D-NA,dev_oof,Shrink-fixed,179,18,0,0,0,0
db15k_native_adamf,D-NA,dev_oof,Shrink-fixed,180,23,0,0,0,0
db15k_native_adamf,D-NA,dev_oof,Shrink-fixed,181,31,0,0,0,0
db15k_native_adamf,D-NA,dev_oof,Shrink-fixed,182,127,0,0,0,0
db15k_native_adamf,D-NA,dev_oof,Radius-1,0,1,35,35,35,35
db15k_native_adamf,D-NA,dev_oof,Radius-1,1,2,0,0,0,0
db15k_native_adamf,D-NA,dev_oof,Radius-1,2,3,0,0,0,0
db15k_native_adamf,D-NA,dev_oof,Radius-1,3,4,0,0,0,0
db15k_native_adamf,D-NA,dev_oof,Radius-1,4,5,0,0,0,0
db15k_native_adamf,D-NA,dev_oof,Radius-1,5,6,0,0,0,0
db15k_native_adamf,D-NA,dev_oof,Radius-1,6,7,0,0,0,0
db15k_native_adamf,D-NA,dev_oof,Radius-1,7,8,0,0,0,0
db15k_native_adamf,D-NA,dev_oof,Radius-1,8,11,0,0,0,0
db15k_native_adamf,D-NA,dev_oof,Radius-1,9,20,0,0,0,0
db15k_native_adamf,D-NA,dev_oof,Radius-1,10,26,0,0,0,0
db15k_native_adamf,D-NA,dev_oof,Radius-1,11,138,0,0,0,0
db15k_native_adamf,D-NA,dev_oof,Radius-1,12,1,114,114,114,114
db15k_native_adamf,D-NA,dev_oof,Radius-1,13,2,0,0,0,0
db15k_native_adamf,D-NA,dev_oof,Radius-1,14,3,0,0,0,0
db15k_native_adamf,D-NA,dev_oof,Radius-1,15,4,0,0,0,0
db15k_native_adamf,D-NA,dev_oof,Radius-1,16,5,0,0,0,0
db15k_native_adamf,D-NA,dev_oof,Radius-1,17,6,0,0,0,0
db15k_native_adamf,D-NA,dev_oof,Radius-1,18,7,0,0,0,0
db15k_native_adamf,D-NA,dev_oof,Radius-1,19,9,0,0,0,0
db15k_native_adamf,D-NA,dev_oof,Radius-1,20,21,0,0,0,0
db15k_native_adamf,D-NA,dev_oof,Radius-1,21,27,0,0,0,0
db15k_native_adamf,D-NA,dev_oof,Radius-1,22,132,0,0,0,0
db15k_native_adamf,D-NA,dev_oof,Radius-1,23,1,69,69,69,69
db15k_native_adamf,D-NA,dev_oof,Radius-1,24,2,1,1,1,2
db15k_native_adamf,D-NA,dev_oof,Radius-1,25,3,0,0,0,0
db15k_native_adamf,D-NA,dev_oof,Radius-1,26,4,0,0,0,0
db15k_native_adamf,D-NA,dev_oof,Radius-1,27,5,0,0,0,0
db15k_native_adamf,D-NA,dev_oof,Radius-1,28,6,0,0,0,0
db15k_native_adamf,D-NA,dev_oof,Radius-1,29,7,0,0,0,0
db15k_native_adamf,D-NA,dev_oof,Radius-1,30,8,0,0,0,0
db15k_native_adamf,D-NA,dev_oof,Radius-1,31,9,0,0,0,0
db15k_native_adamf,D-NA,dev_oof,Radius-1,32,20,0,0,0,0
db15k_native_adamf,D-NA,dev_oof,Radius-1,33,26,0,0,0,0
db15k_native_adamf,D-NA,dev_oof,Radius-1,34,31,0,0,0,0
db15k_native_adamf,D-NA,dev_oof,Radius-1,35,124,0,0,0,0
db15k_native_adamf,D-NA,dev_oof,Radius-1,36,1,55,55,55,55
db15k_native_adamf,D-NA,dev_oof,Radius-1,37,2,1,1,1,2
db15k_native_adamf,D-NA,dev_oof,Radius-1,38,3,0,0,0,0
db15k_native_adamf,D-NA,dev_oof,Radius-1,39,4,0,0,0,0
db15k_native_adamf,D-NA,dev_oof,Radius-1,40,5,0,0,0,0
db15k_native_adamf,D-NA,dev_oof,Radius-1,41,6,0,0,0,0
db15k_native_adamf,D-NA,dev_oof,Radius-1,42,7,0,0,0,0
db15k_native_adamf,D-NA,dev_oof,Radius-1,43,8,0,0,0,0
db15k_native_adamf,D-NA,dev_oof,Radius-1,44,20,0,0,0,0
db15k_native_adamf,D-NA,dev_oof,Radius-1,45,25,0,0,0,0
db15k_native_adamf,D-NA,dev_oof,Radius-1,46,27,0,0,0,0
db15k_native_adamf,D-NA,dev_oof,Radius-1,47,139,0,0,0,0
db15k_native_adamf,D-NA,dev_oof,Radius-1,48,1,93,93,93,93
db15k_native_adamf,D-NA,dev_oof,Radius-1,49,2,0,0,0,0
db15k_native_adamf,D-NA,dev_oof,Radius-1,50,3,0,0,0,0
db15k_native_adamf,D-NA,dev_oof,Radius-1,51,4,0,0,0,0
db15k_native_adamf,D-NA,dev_oof,Radius-1,52,5,0,0,0,0
db15k_native_adamf,D-NA,dev_oof,Radius-1,53,6,0,0,0,0
db15k_native_adamf,D-NA,dev_oof,Radius-1,54,7,0,0,0,0
db15k_native_adamf,D-NA,dev_oof,Radius-1,55,9,0,0,0,0
db15k_native_adamf,D-NA,dev_oof,Radius-1,56,11,0,0,0,0
db15k_native_adamf,D-NA,dev_oof,Radius-1,57,18,0,0,0,0
db15k_native_adamf,D-NA,dev_oof,Radius-1,58,23,0,0,0,0
db15k_native_adamf,D-NA,dev_oof,Radius-1,59,31,0,0,0,0
db15k_native_adamf,D-NA,dev_oof,Radius-1,60,127,0,0,0,0
db15k_native_adamf,D-NA,dev_oof,Radius-1,61,1,8,8,8,8
db15k_native_adamf,D-NA,dev_oof,Radius-1,62,2,0,0,0,0
db15k_native_adamf,D-NA,dev_oof,Radius-1,63,3,1,1,1,3
db15k_native_adamf,D-NA,dev_oof,Radius-1,64,4,0,0,0,0
db15k_native_adamf,D-NA,dev_oof,Radius-1,65,5,0,0,0,0
db15k_native_adamf,D-NA,dev_oof,Radius-1,66,6,0,0,0,0
db15k_native_adamf,D-NA,dev_oof,Radius-1,67,7,0,0,0,0
db15k_native_adamf,D-NA,dev_oof,Radius-1,68,8,0,0,0,0
db15k_native_adamf,D-NA,dev_oof,Radius-1,69,11,0,0,0,0
db15k_native_adamf,D-NA,dev_oof,Radius-1,70,20,0,0,0,0
db15k_native_adamf,D-NA,dev_oof,Radius-1,71,26,0,0,0,0
db15k_native_adamf,D-NA,dev_oof,Radius-1,72,138,0,0,0,0
db15k_native_adamf,D-NA,dev_oof,Radius-1,73,1,10,10,10,10
db15k_native_adamf,D-NA,dev_oof,Radius-1,74,2,0,0,0,0
db15k_native_adamf,D-NA,dev_oof,Radius-1,75,3,0,0,0,0
db15k_native_adamf,D-NA,dev_oof,Radius-1,76,4,2,2,2,8
db15k_native_adamf,D-NA,dev_oof,Radius-1,77,5,0,0,0,0
db15k_native_adamf,D-NA,dev_oof,Radius-1,78,6,0,0,0,0
db15k_native_adamf,D-NA,dev_oof,Radius-1,79,7,0,0,0,0
db15k_native_adamf,D-NA,dev_oof,Radius-1,80,9,0,0,0,0
db15k_native_adamf,D-NA,dev_oof,Radius-1,81,21,1,1,1,21
db15k_native_adamf,D-NA,dev_oof,Radius-1,82,27,0,0,0,0
db15k_native_adamf,D-NA,dev_oof,Radius-1,83,132,0,0,0,0
db15k_native_adamf,D-NA,dev_oof,Radius-1,84,1,10,10,10,10
db15k_native_adamf,D-NA,dev_oof,Radius-1,85,2,0,0,0,0
db15k_native_adamf,D-NA,dev_oof,Radius-1,86,3,0,0,0,0
db15k_native_adamf,D-NA,dev_oof,Radius-1,87,4,0,0,0,0
db15k_native_adamf,D-NA,dev_oof,Radius-1,88,5,0,0,0,0
db15k_native_adamf,D-NA,dev_oof,Radius-1,89,6,0,0,0,0
db15k_native_adamf,D-NA,dev_oof,Radius-1,90,7,0,0,0,0
db15k_native_adamf,D-NA,dev_oof,Radius-1,91,8,0,0,0,0
db15k_native_adamf,D-NA,dev_oof,Radius-1,92,9,0,0,0,0
db15k_native_adamf,D-NA,dev_oof,Radius-1,93,20,0,0,0,0
db15k_native_adamf,D-NA,dev_oof,Radius-1,94,26,0,0,0,0
db15k_native_adamf,D-NA,dev_oof,Radius-1,95,31,0,0,0,0
db15k_native_adamf,D-NA,dev_oof,Radius-1,96,124,0,0,0,0
db15k_native_adamf,D-NA,dev_oof,Radius-1,97,1,3,3,3,3
db15k_native_adamf,D-NA,dev_oof,Radius-1,98,2,0,0,0,0
db15k_native_adamf,D-NA,dev_oof,Radius-1,99,3,2,2,2,6
db15k_native_adamf,D-NA,dev_oof,Radius-1,100,4,0,0,0,0
db15k_native_adamf,D-NA,dev_oof,Radius-1,101,5,0,0,0,0
db15k_native_adamf,D-NA,dev_oof,Radius-1,102,6,0,0,0,0
db15k_native_adamf,D-NA,dev_oof,Radius-1,103,7,0,0,0,0
db15k_native_adamf,D-NA,dev_oof,Radius-1,104,8,0,0,0,0
db15k_native_adamf,D-NA,dev_oof,Radius-1,105,20,0,0,0,0
db15k_native_adamf,D-NA,dev_oof,Radius-1,106,25,0,0,0,0
db15k_native_adamf,D-NA,dev_oof,Radius-1,107,27,0,0,0,0
db15k_native_adamf,D-NA,dev_oof,Radius-1,108,139,0,0,0,0
db15k_native_adamf,D-NA,dev_oof,Radius-1,109,1,18,18,18,18
db15k_native_adamf,D-NA,dev_oof,Radius-1,110,2,1,1,1,2
db15k_native_adamf,D-NA,dev_oof,Radius-1,111,3,0,0,0,0
db15k_native_adamf,D-NA,dev_oof,Radius-1,112,4,0,0,0,0
db15k_native_adamf,D-NA,dev_oof,Radius-1,113,5,0,0,0,0
db15k_native_adamf,D-NA,dev_oof,Radius-1,114,6,0,0,0,0
db15k_native_adamf,D-NA,dev_oof,Radius-1,115,7,0,0,0,0
db15k_native_adamf,D-NA,dev_oof,Radius-1,116,9,0,0,0,0
db15k_native_adamf,D-NA,dev_oof,Radius-1,117,11,0,0,0,0
db15k_native_adamf,D-NA,dev_oof,Radius-1,118,18,0,0,0,0
db15k_native_adamf,D-NA,dev_oof,Radius-1,119,23,0,0,0,0
db15k_native_adamf,D-NA,dev_oof,Radius-1,120,31,0,0,0,0
db15k_native_adamf,D-NA,dev_oof,Radius-1,121,127,0,0,0,0
db15k_native_adamf,D-NA,dev_oof,Radius-1,122,1,180,180,180,180
db15k_native_adamf,D-NA,dev_oof,Radius-1,123,2,0,0,0,0
db15k_native_adamf,D-NA,dev_oof,Radius-1,124,3,0,0,0,0
db15k_native_adamf,D-NA,dev_oof,Radius-1,125,4,0,0,0,0
db15k_native_adamf,D-NA,dev_oof,Radius-1,126,5,0,0,0,0
db15k_native_adamf,D-NA,dev_oof,Radius-1,127,6,0,0,0,0
db15k_native_adamf,D-NA,dev_oof,Radius-1,128,7,0,0,0,0
db15k_native_adamf,D-NA,dev_oof,Radius-1,129,8,0,0,0,0
db15k_native_adamf,D-NA,dev_oof,Radius-1,130,11,0,0,0,0
db15k_native_adamf,D-NA,dev_oof,Radius-1,131,20,0,0,0,0
db15k_native_adamf,D-NA,dev_oof,Radius-1,132,26,0,0,0,0
db15k_native_adamf,D-NA,dev_oof,Radius-1,133,138,0,0,0,0
db15k_native_adamf,D-NA,dev_oof,Radius-1,134,1,380,380,380,380
db15k_native_adamf,D-NA,dev_oof,Radius-1,135,2,2,2,2,4
db15k_native_adamf,D-NA,dev_oof,Radius-1,136,3,0,0,0,0
db15k_native_adamf,D-NA,dev_oof,Radius-1,137,4,0,0,0,0
db15k_native_adamf,D-NA,dev_oof,Radius-1,138,5,0,0,0,0
db15k_native_adamf,D-NA,dev_oof,Radius-1,139,6,0,0,0,0
db15k_native_adamf,D-NA,dev_oof,Radius-1,140,7,0,0,0,0
db15k_native_adamf,D-NA,dev_oof,Radius-1,141,9,0,0,0,0
db15k_native_adamf,D-NA,dev_oof,Radius-1,142,21,0,0,0,0
db15k_native_adamf,D-NA,dev_oof,Radius-1,143,27,0,0,0,0
db15k_native_adamf,D-NA,dev_oof,Radius-1,144,132,0,0,0,0
db15k_native_adamf,D-NA,dev_oof,Radius-1,145,1,279,279,279,279
db15k_native_adamf,D-NA,dev_oof,Radius-1,146,2,3,3,3,6
db15k_native_adamf,D-NA,dev_oof,Radius-1,147,3,0,0,0,0
db15k_native_adamf,D-NA,dev_oof,Radius-1,148,4,0,0,0,0
db15k_native_adamf,D-NA,dev_oof,Radius-1,149,5,0,0,0,0
db15k_native_adamf,D-NA,dev_oof,Radius-1,150,6,0,0,0,0
db15k_native_adamf,D-NA,dev_oof,Radius-1,151,7,0,0,0,0
db15k_native_adamf,D-NA,dev_oof,Radius-1,152,8,0,0,0,0
db15k_native_adamf,D-NA,dev_oof,Radius-1,153,9,0,0,0,0
db15k_native_adamf,D-NA,dev_oof,Radius-1,154,20,0,0,0,0
db15k_native_adamf,D-NA,dev_oof,Radius-1,155,26,0,0,0,0
db15k_native_adamf,D-NA,dev_oof,Radius-1,156,31,0,0,0,0
db15k_native_adamf,D-NA,dev_oof,Radius-1,157,124,0,0,0,0
db15k_native_adamf,D-NA,dev_oof,Radius-1,158,1,201,201,201,201
db15k_native_adamf,D-NA,dev_oof,Radius-1,159,2,1,1,1,2
db15k_native_adamf,D-NA,dev_oof,Radius-1,160,3,0,0,0,0
db15k_native_adamf,D-NA,dev_oof,Radius-1,161,4,0,0,0,0
db15k_native_adamf,D-NA,dev_oof,Radius-1,162,5,0,0,0,0
db15k_native_adamf,D-NA,dev_oof,Radius-1,163,6,0,0,0,0
db15k_native_adamf,D-NA,dev_oof,Radius-1,164,7,0,0,0,0
db15k_native_adamf,D-NA,dev_oof,Radius-1,165,8,0,0,0,0
db15k_native_adamf,D-NA,dev_oof,Radius-1,166,20,0,0,0,0
db15k_native_adamf,D-NA,dev_oof,Radius-1,167,25,0,0,0,0
db15k_native_adamf,D-NA,dev_oof,Radius-1,168,27,0,0,0,0
db15k_native_adamf,D-NA,dev_oof,Radius-1,169,139,0,0,0,0
db15k_native_adamf,D-NA,dev_oof,Radius-1,170,1,316,316,316,316
db15k_native_adamf,D-NA,dev_oof,Radius-1,171,2,1,1,1,2
db15k_native_adamf,D-NA,dev_oof,Radius-1,172,3,0,0,0,0
db15k_native_adamf,D-NA,dev_oof,Radius-1,173,4,0,0,0,0
db15k_native_adamf,D-NA,dev_oof,Radius-1,174,5,0,0,0,0
db15k_native_adamf,D-NA,dev_oof,Radius-1,175,6,0,0,0,0
db15k_native_adamf,D-NA,dev_oof,Radius-1,176,7,0,0,0,0
db15k_native_adamf,D-NA,dev_oof,Radius-1,177,9,0,0,0,0
db15k_native_adamf,D-NA,dev_oof,Radius-1,178,11,0,0,0,0
db15k_native_adamf,D-NA,dev_oof,Radius-1,179,18,0,0,0,0
db15k_native_adamf,D-NA,dev_oof,Radius-1,180,23,0,0,0,0
db15k_native_adamf,D-NA,dev_oof,Radius-1,181,31,0,0,0,0
db15k_native_adamf,D-NA,dev_oof,Radius-1,182,127,0,0,0,0
db15k_native_adamf,D-NA,dev_oof,No-gate,0,1,35,538,35,35
db15k_native_adamf,D-NA,dev_oof,No-gate,1,2,0,1,0,0
db15k_native_adamf,D-NA,dev_oof,No-gate,2,3,0,0,0,0
db15k_native_adamf,D-NA,dev_oof,No-gate,3,4,0,0,0,0
db15k_native_adamf,D-NA,dev_oof,No-gate,4,5,0,1,0,0
db15k_native_adamf,D-NA,dev_oof,No-gate,5,6,0,0,0,0
db15k_native_adamf,D-NA,dev_oof,No-gate,6,7,0,0,0,0
db15k_native_adamf,D-NA,dev_oof,No-gate,7,8,0,0,0,0
db15k_native_adamf,D-NA,dev_oof,No-gate,8,11,0,0,0,0
db15k_native_adamf,D-NA,dev_oof,No-gate,9,20,0,1,0,0
db15k_native_adamf,D-NA,dev_oof,No-gate,10,26,0,0,0,0
db15k_native_adamf,D-NA,dev_oof,No-gate,11,138,0,0,0,0
db15k_native_adamf,D-NA,dev_oof,No-gate,12,1,114,867,114,114
db15k_native_adamf,D-NA,dev_oof,No-gate,13,2,0,4,0,0
db15k_native_adamf,D-NA,dev_oof,No-gate,14,3,0,0,0,0
db15k_native_adamf,D-NA,dev_oof,No-gate,15,4,0,3,0,0
db15k_native_adamf,D-NA,dev_oof,No-gate,16,5,0,1,0,0
db15k_native_adamf,D-NA,dev_oof,No-gate,17,6,0,0,0,0
db15k_native_adamf,D-NA,dev_oof,No-gate,18,7,0,1,0,0
db15k_native_adamf,D-NA,dev_oof,No-gate,19,9,0,0,0,0
db15k_native_adamf,D-NA,dev_oof,No-gate,20,21,0,1,0,0
db15k_native_adamf,D-NA,dev_oof,No-gate,21,27,0,1,0,0
db15k_native_adamf,D-NA,dev_oof,No-gate,22,132,0,0,0,0
db15k_native_adamf,D-NA,dev_oof,No-gate,23,1,69,959,69,69
db15k_native_adamf,D-NA,dev_oof,No-gate,24,2,1,8,1,2
db15k_native_adamf,D-NA,dev_oof,No-gate,25,3,0,0,0,0
db15k_native_adamf,D-NA,dev_oof,No-gate,26,4,0,0,0,0
db15k_native_adamf,D-NA,dev_oof,No-gate,27,5,0,0,0,0
db15k_native_adamf,D-NA,dev_oof,No-gate,28,6,0,0,0,0
db15k_native_adamf,D-NA,dev_oof,No-gate,29,7,0,1,0,0
db15k_native_adamf,D-NA,dev_oof,No-gate,30,8,0,1,0,0
db15k_native_adamf,D-NA,dev_oof,No-gate,31,9,0,0,0,0
db15k_native_adamf,D-NA,dev_oof,No-gate,32,20,0,1,0,0
db15k_native_adamf,D-NA,dev_oof,No-gate,33,26,0,0,0,0
db15k_native_adamf,D-NA,dev_oof,No-gate,34,31,0,0,0,0
db15k_native_adamf,D-NA,dev_oof,No-gate,35,124,0,0,0,0
db15k_native_adamf,D-NA,dev_oof,No-gate,36,1,55,735,55,55
db15k_native_adamf,D-NA,dev_oof,No-gate,37,2,1,5,1,2
db15k_native_adamf,D-NA,dev_oof,No-gate,38,3,0,2,0,0
db15k_native_adamf,D-NA,dev_oof,No-gate,39,4,0,1,0,0
db15k_native_adamf,D-NA,dev_oof,No-gate,40,5,0,0,0,0
db15k_native_adamf,D-NA,dev_oof,No-gate,41,6,0,1,0,0
db15k_native_adamf,D-NA,dev_oof,No-gate,42,7,0,0,0,0
db15k_native_adamf,D-NA,dev_oof,No-gate,43,8,0,1,0,0
db15k_native_adamf,D-NA,dev_oof,No-gate,44,20,0,1,0,0
db15k_native_adamf,D-NA,dev_oof,No-gate,45,25,0,0,0,0
db15k_native_adamf,D-NA,dev_oof,No-gate,46,27,0,1,0,0
db15k_native_adamf,D-NA,dev_oof,No-gate,47,139,0,0,0,0
db15k_native_adamf,D-NA,dev_oof,No-gate,48,1,93,884,93,93
db15k_native_adamf,D-NA,dev_oof,No-gate,49,2,0,4,0,0
db15k_native_adamf,D-NA,dev_oof,No-gate,50,3,0,0,0,0
db15k_native_adamf,D-NA,dev_oof,No-gate,51,4,0,0,0,0
db15k_native_adamf,D-NA,dev_oof,No-gate,52,5,0,0,0,0
db15k_native_adamf,D-NA,dev_oof,No-gate,53,6,0,0,0,0
db15k_native_adamf,D-NA,dev_oof,No-gate,54,7,0,2,0,0
db15k_native_adamf,D-NA,dev_oof,No-gate,55,9,0,1,0,0
db15k_native_adamf,D-NA,dev_oof,No-gate,56,11,0,0,0,0
db15k_native_adamf,D-NA,dev_oof,No-gate,57,18,0,0,0,0
db15k_native_adamf,D-NA,dev_oof,No-gate,58,23,0,1,0,0
db15k_native_adamf,D-NA,dev_oof,No-gate,59,31,0,1,0,0
db15k_native_adamf,D-NA,dev_oof,No-gate,60,127,0,0,0,0
db15k_native_adamf,D-NA,dev_oof,No-gate,61,1,8,108,8,8
db15k_native_adamf,D-NA,dev_oof,No-gate,62,2,0,1,0,0
db15k_native_adamf,D-NA,dev_oof,No-gate,63,3,1,1,1,3
db15k_native_adamf,D-NA,dev_oof,No-gate,64,4,0,0,0,0
db15k_native_adamf,D-NA,dev_oof,No-gate,65,5,0,2,0,0
db15k_native_adamf,D-NA,dev_oof,No-gate,66,6,0,0,0,0
db15k_native_adamf,D-NA,dev_oof,No-gate,67,7,0,0,0,0
db15k_native_adamf,D-NA,dev_oof,No-gate,68,8,0,0,0,0
db15k_native_adamf,D-NA,dev_oof,No-gate,69,11,0,0,0,0
db15k_native_adamf,D-NA,dev_oof,No-gate,70,20,0,2,0,0
db15k_native_adamf,D-NA,dev_oof,No-gate,71,26,0,0,0,0
db15k_native_adamf,D-NA,dev_oof,No-gate,72,138,0,0,0,0
db15k_native_adamf,D-NA,dev_oof,No-gate,73,1,10,271,10,10
db15k_native_adamf,D-NA,dev_oof,No-gate,74,2,0,4,0,0
db15k_native_adamf,D-NA,dev_oof,No-gate,75,3,0,0,0,0
db15k_native_adamf,D-NA,dev_oof,No-gate,76,4,2,3,2,8
db15k_native_adamf,D-NA,dev_oof,No-gate,77,5,0,1,0,0
db15k_native_adamf,D-NA,dev_oof,No-gate,78,6,0,0,0,0
db15k_native_adamf,D-NA,dev_oof,No-gate,79,7,0,2,0,0
db15k_native_adamf,D-NA,dev_oof,No-gate,80,9,0,0,0,0
db15k_native_adamf,D-NA,dev_oof,No-gate,81,21,1,1,1,21
db15k_native_adamf,D-NA,dev_oof,No-gate,82,27,0,1,0,0
db15k_native_adamf,D-NA,dev_oof,No-gate,83,132,0,0,0,0
db15k_native_adamf,D-NA,dev_oof,No-gate,84,1,10,328,10,10
db15k_native_adamf,D-NA,dev_oof,No-gate,85,2,0,5,0,0
db15k_native_adamf,D-NA,dev_oof,No-gate,86,3,0,0,0,0
db15k_native_adamf,D-NA,dev_oof,No-gate,87,4,0,0,0,0
db15k_native_adamf,D-NA,dev_oof,No-gate,88,5,0,0,0,0
db15k_native_adamf,D-NA,dev_oof,No-gate,89,6,0,0,0,0
db15k_native_adamf,D-NA,dev_oof,No-gate,90,7,0,1,0,0
db15k_native_adamf,D-NA,dev_oof,No-gate,91,8,0,2,0,0
db15k_native_adamf,D-NA,dev_oof,No-gate,92,9,0,1,0,0
db15k_native_adamf,D-NA,dev_oof,No-gate,93,20,0,1,0,0
db15k_native_adamf,D-NA,dev_oof,No-gate,94,26,0,0,0,0
db15k_native_adamf,D-NA,dev_oof,No-gate,95,31,0,1,0,0
db15k_native_adamf,D-NA,dev_oof,No-gate,96,124,0,0,0,0
db15k_native_adamf,D-NA,dev_oof,No-gate,97,1,3,244,3,3
db15k_native_adamf,D-NA,dev_oof,No-gate,98,2,0,3,0,0
db15k_native_adamf,D-NA,dev_oof,No-gate,99,3,2,3,2,6
db15k_native_adamf,D-NA,dev_oof,No-gate,100,4,0,1,0,0
db15k_native_adamf,D-NA,dev_oof,No-gate,101,5,0,0,0,0
db15k_native_adamf,D-NA,dev_oof,No-gate,102,6,0,1,0,0
db15k_native_adamf,D-NA,dev_oof,No-gate,103,7,0,0,0,0
db15k_native_adamf,D-NA,dev_oof,No-gate,104,8,0,2,0,0
db15k_native_adamf,D-NA,dev_oof,No-gate,105,20,0,1,0,0
db15k_native_adamf,D-NA,dev_oof,No-gate,106,25,0,0,0,0
db15k_native_adamf,D-NA,dev_oof,No-gate,107,27,0,1,0,0
db15k_native_adamf,D-NA,dev_oof,No-gate,108,139,0,0,0,0
db15k_native_adamf,D-NA,dev_oof,No-gate,109,1,18,334,18,18
db15k_native_adamf,D-NA,dev_oof,No-gate,110,2,1,3,1,2
db15k_native_adamf,D-NA,dev_oof,No-gate,111,3,0,1,0,0
db15k_native_adamf,D-NA,dev_oof,No-gate,112,4,0,0,0,0
db15k_native_adamf,D-NA,dev_oof,No-gate,113,5,0,0,0,0
db15k_native_adamf,D-NA,dev_oof,No-gate,114,6,0,0,0,0
db15k_native_adamf,D-NA,dev_oof,No-gate,115,7,0,2,0,0
db15k_native_adamf,D-NA,dev_oof,No-gate,116,9,0,1,0,0
db15k_native_adamf,D-NA,dev_oof,No-gate,117,11,0,1,0,0
db15k_native_adamf,D-NA,dev_oof,No-gate,118,18,0,0,0,0
db15k_native_adamf,D-NA,dev_oof,No-gate,119,23,0,1,0,0
db15k_native_adamf,D-NA,dev_oof,No-gate,120,31,0,1,0,0
db15k_native_adamf,D-NA,dev_oof,No-gate,121,127,0,0,0,0
db15k_native_adamf,D-NA,dev_oof,No-gate,122,1,180,1038,180,180
db15k_native_adamf,D-NA,dev_oof,No-gate,123,2,0,4,0,0
db15k_native_adamf,D-NA,dev_oof,No-gate,124,3,0,0,0,0
db15k_native_adamf,D-NA,dev_oof,No-gate,125,4,0,0,0,0
db15k_native_adamf,D-NA,dev_oof,No-gate,126,5,0,0,0,0
db15k_native_adamf,D-NA,dev_oof,No-gate,127,6,0,0,0,0
db15k_native_adamf,D-NA,dev_oof,No-gate,128,7,0,0,0,0
db15k_native_adamf,D-NA,dev_oof,No-gate,129,8,0,0,0,0
db15k_native_adamf,D-NA,dev_oof,No-gate,130,11,0,0,0,0
db15k_native_adamf,D-NA,dev_oof,No-gate,131,20,0,0,0,0
db15k_native_adamf,D-NA,dev_oof,No-gate,132,26,0,0,0,0
db15k_native_adamf,D-NA,dev_oof,No-gate,133,138,0,0,0,0
db15k_native_adamf,D-NA,dev_oof,No-gate,134,1,380,1298,380,380
db15k_native_adamf,D-NA,dev_oof,No-gate,135,2,2,12,2,4
db15k_native_adamf,D-NA,dev_oof,No-gate,136,3,0,0,0,0
db15k_native_adamf,D-NA,dev_oof,No-gate,137,4,0,0,0,0
db15k_native_adamf,D-NA,dev_oof,No-gate,138,5,0,0,0,0
db15k_native_adamf,D-NA,dev_oof,No-gate,139,6,0,0,0,0
db15k_native_adamf,D-NA,dev_oof,No-gate,140,7,0,1,0,0
db15k_native_adamf,D-NA,dev_oof,No-gate,141,9,0,0,0,0
db15k_native_adamf,D-NA,dev_oof,No-gate,142,21,0,1,0,0
db15k_native_adamf,D-NA,dev_oof,No-gate,143,27,0,0,0,0
db15k_native_adamf,D-NA,dev_oof,No-gate,144,132,0,0,0,0
db15k_native_adamf,D-NA,dev_oof,No-gate,145,1,279,1388,279,279
db15k_native_adamf,D-NA,dev_oof,No-gate,146,2,3,10,3,6
db15k_native_adamf,D-NA,dev_oof,No-gate,147,3,0,0,0,0
db15k_native_adamf,D-NA,dev_oof,No-gate,148,4,0,0,0,0
db15k_native_adamf,D-NA,dev_oof,No-gate,149,5,0,0,0,0
db15k_native_adamf,D-NA,dev_oof,No-gate,150,6,0,0,0,0
db15k_native_adamf,D-NA,dev_oof,No-gate,151,7,0,0,0,0
db15k_native_adamf,D-NA,dev_oof,No-gate,152,8,0,0,0,0
db15k_native_adamf,D-NA,dev_oof,No-gate,153,9,0,0,0,0
db15k_native_adamf,D-NA,dev_oof,No-gate,154,20,0,1,0,0
db15k_native_adamf,D-NA,dev_oof,No-gate,155,26,0,0,0,0
db15k_native_adamf,D-NA,dev_oof,No-gate,156,31,0,0,0,0
db15k_native_adamf,D-NA,dev_oof,No-gate,157,124,0,0,0,0
db15k_native_adamf,D-NA,dev_oof,No-gate,158,1,201,1213,201,201
db15k_native_adamf,D-NA,dev_oof,No-gate,159,2,1,6,1,2
db15k_native_adamf,D-NA,dev_oof,No-gate,160,3,0,0,0,0
db15k_native_adamf,D-NA,dev_oof,No-gate,161,4,0,0,0,0
db15k_native_adamf,D-NA,dev_oof,No-gate,162,5,0,0,0,0
db15k_native_adamf,D-NA,dev_oof,No-gate,163,6,0,0,0,0
db15k_native_adamf,D-NA,dev_oof,No-gate,164,7,0,0,0,0
db15k_native_adamf,D-NA,dev_oof,No-gate,165,8,0,1,0,0
db15k_native_adamf,D-NA,dev_oof,No-gate,166,20,0,0,0,0
db15k_native_adamf,D-NA,dev_oof,No-gate,167,25,0,0,0,0
db15k_native_adamf,D-NA,dev_oof,No-gate,168,27,0,1,0,0
db15k_native_adamf,D-NA,dev_oof,No-gate,169,139,0,0,0,0
db15k_native_adamf,D-NA,dev_oof,No-gate,170,1,316,1253,316,316
db15k_native_adamf,D-NA,dev_oof,No-gate,171,2,1,3,1,2
db15k_native_adamf,D-NA,dev_oof,No-gate,172,3,0,0,0,0
db15k_native_adamf,D-NA,dev_oof,No-gate,173,4,0,0,0,0
db15k_native_adamf,D-NA,dev_oof,No-gate,174,5,0,0,0,0
db15k_native_adamf,D-NA,dev_oof,No-gate,175,6,0,0,0,0
db15k_native_adamf,D-NA,dev_oof,No-gate,176,7,0,0,0,0
db15k_native_adamf,D-NA,dev_oof,No-gate,177,9,0,0,0,0
db15k_native_adamf,D-NA,dev_oof,No-gate,178,11,0,0,0,0
db15k_native_adamf,D-NA,dev_oof,No-gate,179,18,0,0,0,0
db15k_native_adamf,D-NA,dev_oof,No-gate,180,23,0,1,0,0
db15k_native_adamf,D-NA,dev_oof,No-gate,181,31,0,0,0,0
db15k_native_adamf,D-NA,dev_oof,No-gate,182,127,0,0,0,0
db15k_native_adamf,D-NA,test,Center-0.5,0,1,487,510,487,487
db15k_native_adamf,D-NA,test,Center-0.5,1,2,19,23,19,38
db15k_native_adamf,D-NA,test,Center-0.5,2,3,1,1,1,3
db15k_native_adamf,D-NA,test,Center-0.5,3,4,1,1,1,4
db15k_native_adamf,D-NA,test,Center-0.5,4,5,0,0,0,0
db15k_native_adamf,D-NA,test,Center-0.5,5,6,0,0,0,0
db15k_native_adamf,D-NA,test,Center-0.5,6,7,0,1,0,0
db15k_native_adamf,D-NA,test,Center-0.5,7,8,0,0,0,0
db15k_native_adamf,D-NA,test,Center-0.5,8,9,0,0,0,0
db15k_native_adamf,D-NA,test,Center-0.5,9,10,0,0,0,0
db15k_native_adamf,D-NA,test,Center-0.5,10,11,0,0,0,0
db15k_native_adamf,D-NA,test,Center-0.5,11,12,0,0,0,0
db15k_native_adamf,D-NA,test,Center-0.5,12,13,0,0,0,0
db15k_native_adamf,D-NA,test,Center-0.5,13,14,0,0,0,0
db15k_native_adamf,D-NA,test,Center-0.5,14,15,0,0,0,0
db15k_native_adamf,D-NA,test,Center-0.5,15,16,0,0,0,0
db15k_native_adamf,D-NA,test,Center-0.5,16,17,0,0,0,0
db15k_native_adamf,D-NA,test,Center-0.5,17,18,0,0,0,0
db15k_native_adamf,D-NA,test,Center-0.5,18,19,0,0,0,0
db15k_native_adamf,D-NA,test,Center-0.5,19,20,0,0,0,0
db15k_native_adamf,D-NA,test,Center-0.5,20,21,0,0,0,0
db15k_native_adamf,D-NA,test,Center-0.5,21,22,0,0,0,0
db15k_native_adamf,D-NA,test,Center-0.5,22,23,0,0,0,0
db15k_native_adamf,D-NA,test,Center-0.5,23,24,0,0,0,0
db15k_native_adamf,D-NA,test,Center-0.5,24,25,0,0,0,0
db15k_native_adamf,D-NA,test,Center-0.5,25,26,0,0,0,0
db15k_native_adamf,D-NA,test,Center-0.5,26,27,0,0,0,0
db15k_native_adamf,D-NA,test,Center-0.5,27,28,0,0,0,0
db15k_native_adamf,D-NA,test,Center-0.5,28,30,0,0,0,0
db15k_native_adamf,D-NA,test,Center-0.5,29,31,0,0,0,0
db15k_native_adamf,D-NA,test,Center-0.5,30,36,0,0,0,0
db15k_native_adamf,D-NA,test,Center-0.5,31,38,0,0,0,0
db15k_native_adamf,D-NA,test,Center-0.5,32,40,0,0,0,0
db15k_native_adamf,D-NA,test,Center-0.5,33,47,0,0,0,0
db15k_native_adamf,D-NA,test,Center-0.5,34,57,0,0,0,0
db15k_native_adamf,D-NA,test,Center-0.5,35,63,0,0,0,0
db15k_native_adamf,D-NA,test,Center-0.5,36,142,0,0,0,0
db15k_native_adamf,D-NA,test,Center-0.5,37,151,0,0,0,0
db15k_native_adamf,D-NA,test,Center-0.5,38,164,0,0,0,0
db15k_native_adamf,D-NA,test,Center-0.5,39,859,0,0,0,0
db15k_native_adamf,D-NA,test,Center-0.5,40,1,52,364,52,52
db15k_native_adamf,D-NA,test,Center-0.5,41,2,6,14,6,12
db15k_native_adamf,D-NA,test,Center-0.5,42,3,0,1,0,0
db15k_native_adamf,D-NA,test,Center-0.5,43,4,0,0,0,0
db15k_native_adamf,D-NA,test,Center-0.5,44,5,0,0,0,0
db15k_native_adamf,D-NA,test,Center-0.5,45,6,1,1,1,6
db15k_native_adamf,D-NA,test,Center-0.5,46,7,0,0,0,0
db15k_native_adamf,D-NA,test,Center-0.5,47,8,0,0,0,0
db15k_native_adamf,D-NA,test,Center-0.5,48,9,0,0,0,0
db15k_native_adamf,D-NA,test,Center-0.5,49,10,0,0,0,0
db15k_native_adamf,D-NA,test,Center-0.5,50,11,0,0,0,0
db15k_native_adamf,D-NA,test,Center-0.5,51,12,0,0,0,0
db15k_native_adamf,D-NA,test,Center-0.5,52,13,0,0,0,0
db15k_native_adamf,D-NA,test,Center-0.5,53,14,0,0,0,0
db15k_native_adamf,D-NA,test,Center-0.5,54,15,0,0,0,0
db15k_native_adamf,D-NA,test,Center-0.5,55,16,0,0,0,0
db15k_native_adamf,D-NA,test,Center-0.5,56,17,0,0,0,0
db15k_native_adamf,D-NA,test,Center-0.5,57,18,0,0,0,0
db15k_native_adamf,D-NA,test,Center-0.5,58,19,0,0,0,0
db15k_native_adamf,D-NA,test,Center-0.5,59,20,0,0,0,0
db15k_native_adamf,D-NA,test,Center-0.5,60,21,0,0,0,0
db15k_native_adamf,D-NA,test,Center-0.5,61,22,0,0,0,0
db15k_native_adamf,D-NA,test,Center-0.5,62,23,1,1,1,23
db15k_native_adamf,D-NA,test,Center-0.5,63,24,0,0,0,0
db15k_native_adamf,D-NA,test,Center-0.5,64,25,0,0,0,0
db15k_native_adamf,D-NA,test,Center-0.5,65,26,0,0,0,0
db15k_native_adamf,D-NA,test,Center-0.5,66,27,0,0,0,0
db15k_native_adamf,D-NA,test,Center-0.5,67,28,0,0,0,0
db15k_native_adamf,D-NA,test,Center-0.5,68,30,0,0,0,0
db15k_native_adamf,D-NA,test,Center-0.5,69,31,0,0,0,0
db15k_native_adamf,D-NA,test,Center-0.5,70,36,0,0,0,0
db15k_native_adamf,D-NA,test,Center-0.5,71,38,0,0,0,0
db15k_native_adamf,D-NA,test,Center-0.5,72,40,0,0,0,0
db15k_native_adamf,D-NA,test,Center-0.5,73,47,0,0,0,0
db15k_native_adamf,D-NA,test,Center-0.5,74,57,0,0,0,0
db15k_native_adamf,D-NA,test,Center-0.5,75,63,0,0,0,0
db15k_native_adamf,D-NA,test,Center-0.5,76,142,0,0,0,0
db15k_native_adamf,D-NA,test,Center-0.5,77,151,0,0,0,0
db15k_native_adamf,D-NA,test,Center-0.5,78,164,0,0,0,0
db15k_native_adamf,D-NA,test,Center-0.5,79,859,0,0,0,0
db15k_native_adamf,D-NA,test,Center-0.5,80,1,1683,1692,1683,1683
db15k_native_adamf,D-NA,test,Center-0.5,81,2,49,54,49,98
db15k_native_adamf,D-NA,test,Center-0.5,82,3,2,2,2,6
db15k_native_adamf,D-NA,test,Center-0.5,83,4,1,1,1,4
db15k_native_adamf,D-NA,test,Center-0.5,84,5,0,0,0,0
db15k_native_adamf,D-NA,test,Center-0.5,85,6,0,0,0,0
db15k_native_adamf,D-NA,test,Center-0.5,86,7,0,1,0,0
db15k_native_adamf,D-NA,test,Center-0.5,87,8,0,0,0,0
db15k_native_adamf,D-NA,test,Center-0.5,88,9,0,0,0,0
db15k_native_adamf,D-NA,test,Center-0.5,89,10,0,0,0,0
db15k_native_adamf,D-NA,test,Center-0.5,90,11,0,0,0,0
db15k_native_adamf,D-NA,test,Center-0.5,91,12,0,0,0,0
db15k_native_adamf,D-NA,test,Center-0.5,92,13,0,0,0,0
db15k_native_adamf,D-NA,test,Center-0.5,93,14,0,0,0,0
db15k_native_adamf,D-NA,test,Center-0.5,94,15,0,0,0,0
db15k_native_adamf,D-NA,test,Center-0.5,95,16,0,0,0,0
db15k_native_adamf,D-NA,test,Center-0.5,96,17,0,0,0,0
db15k_native_adamf,D-NA,test,Center-0.5,97,18,0,0,0,0
db15k_native_adamf,D-NA,test,Center-0.5,98,19,0,0,0,0
db15k_native_adamf,D-NA,test,Center-0.5,99,20,0,0,0,0
db15k_native_adamf,D-NA,test,Center-0.5,100,21,0,0,0,0
db15k_native_adamf,D-NA,test,Center-0.5,101,22,0,0,0,0
db15k_native_adamf,D-NA,test,Center-0.5,102,23,0,0,0,0
db15k_native_adamf,D-NA,test,Center-0.5,103,24,0,0,0,0
db15k_native_adamf,D-NA,test,Center-0.5,104,25,0,0,0,0
db15k_native_adamf,D-NA,test,Center-0.5,105,26,0,0,0,0
db15k_native_adamf,D-NA,test,Center-0.5,106,27,0,0,0,0
db15k_native_adamf,D-NA,test,Center-0.5,107,28,0,0,0,0
db15k_native_adamf,D-NA,test,Center-0.5,108,30,0,0,0,0
db15k_native_adamf,D-NA,test,Center-0.5,109,31,0,0,0,0
db15k_native_adamf,D-NA,test,Center-0.5,110,36,0,0,0,0
db15k_native_adamf,D-NA,test,Center-0.5,111,38,0,0,0,0
db15k_native_adamf,D-NA,test,Center-0.5,112,40,0,0,0,0
db15k_native_adamf,D-NA,test,Center-0.5,113,47,0,0,0,0
db15k_native_adamf,D-NA,test,Center-0.5,114,57,0,0,0,0
db15k_native_adamf,D-NA,test,Center-0.5,115,63,0,0,0,0
db15k_native_adamf,D-NA,test,Center-0.5,116,142,0,0,0,0
db15k_native_adamf,D-NA,test,Center-0.5,117,151,0,0,0,0
db15k_native_adamf,D-NA,test,Center-0.5,118,164,0,0,0,0
db15k_native_adamf,D-NA,test,Center-0.5,119,859,0,0,0,0
db15k_native_adamf,D-NA,test,Linear-p,0,1,487,487,487,487
db15k_native_adamf,D-NA,test,Linear-p,1,2,19,19,19,38
db15k_native_adamf,D-NA,test,Linear-p,2,3,1,1,1,3
db15k_native_adamf,D-NA,test,Linear-p,3,4,1,1,1,4
db15k_native_adamf,D-NA,test,Linear-p,4,5,0,0,0,0
db15k_native_adamf,D-NA,test,Linear-p,5,6,0,0,0,0
db15k_native_adamf,D-NA,test,Linear-p,6,7,0,0,0,0
db15k_native_adamf,D-NA,test,Linear-p,7,8,0,0,0,0
db15k_native_adamf,D-NA,test,Linear-p,8,9,0,0,0,0
db15k_native_adamf,D-NA,test,Linear-p,9,10,0,0,0,0
db15k_native_adamf,D-NA,test,Linear-p,10,11,0,0,0,0
db15k_native_adamf,D-NA,test,Linear-p,11,12,0,0,0,0
db15k_native_adamf,D-NA,test,Linear-p,12,13,0,0,0,0
db15k_native_adamf,D-NA,test,Linear-p,13,14,0,0,0,0
db15k_native_adamf,D-NA,test,Linear-p,14,15,0,0,0,0
db15k_native_adamf,D-NA,test,Linear-p,15,16,0,0,0,0
db15k_native_adamf,D-NA,test,Linear-p,16,17,0,0,0,0
db15k_native_adamf,D-NA,test,Linear-p,17,18,0,0,0,0
db15k_native_adamf,D-NA,test,Linear-p,18,19,0,0,0,0
db15k_native_adamf,D-NA,test,Linear-p,19,20,0,0,0,0
db15k_native_adamf,D-NA,test,Linear-p,20,21,0,0,0,0
db15k_native_adamf,D-NA,test,Linear-p,21,22,0,0,0,0
db15k_native_adamf,D-NA,test,Linear-p,22,23,0,0,0,0
db15k_native_adamf,D-NA,test,Linear-p,23,24,0,0,0,0
db15k_native_adamf,D-NA,test,Linear-p,24,25,0,0,0,0
db15k_native_adamf,D-NA,test,Linear-p,25,26,0,0,0,0
db15k_native_adamf,D-NA,test,Linear-p,26,27,0,0,0,0
db15k_native_adamf,D-NA,test,Linear-p,27,28,0,0,0,0
db15k_native_adamf,D-NA,test,Linear-p,28,30,0,0,0,0
db15k_native_adamf,D-NA,test,Linear-p,29,31,0,0,0,0
db15k_native_adamf,D-NA,test,Linear-p,30,36,0,0,0,0
db15k_native_adamf,D-NA,test,Linear-p,31,38,0,0,0,0
db15k_native_adamf,D-NA,test,Linear-p,32,40,0,0,0,0
db15k_native_adamf,D-NA,test,Linear-p,33,47,0,0,0,0
db15k_native_adamf,D-NA,test,Linear-p,34,57,0,0,0,0
db15k_native_adamf,D-NA,test,Linear-p,35,63,0,0,0,0
db15k_native_adamf,D-NA,test,Linear-p,36,142,0,0,0,0
db15k_native_adamf,D-NA,test,Linear-p,37,151,0,0,0,0
db15k_native_adamf,D-NA,test,Linear-p,38,164,0,0,0,0
db15k_native_adamf,D-NA,test,Linear-p,39,859,0,0,0,0
db15k_native_adamf,D-NA,test,Linear-p,40,1,52,52,52,52
db15k_native_adamf,D-NA,test,Linear-p,41,2,6,6,6,12
db15k_native_adamf,D-NA,test,Linear-p,42,3,0,0,0,0
db15k_native_adamf,D-NA,test,Linear-p,43,4,0,0,0,0
db15k_native_adamf,D-NA,test,Linear-p,44,5,0,0,0,0
db15k_native_adamf,D-NA,test,Linear-p,45,6,1,1,1,6
db15k_native_adamf,D-NA,test,Linear-p,46,7,0,0,0,0
db15k_native_adamf,D-NA,test,Linear-p,47,8,0,0,0,0
db15k_native_adamf,D-NA,test,Linear-p,48,9,0,0,0,0
db15k_native_adamf,D-NA,test,Linear-p,49,10,0,0,0,0
db15k_native_adamf,D-NA,test,Linear-p,50,11,0,0,0,0
db15k_native_adamf,D-NA,test,Linear-p,51,12,0,0,0,0
db15k_native_adamf,D-NA,test,Linear-p,52,13,0,0,0,0
db15k_native_adamf,D-NA,test,Linear-p,53,14,0,0,0,0
db15k_native_adamf,D-NA,test,Linear-p,54,15,0,0,0,0
db15k_native_adamf,D-NA,test,Linear-p,55,16,0,0,0,0
db15k_native_adamf,D-NA,test,Linear-p,56,17,0,0,0,0
db15k_native_adamf,D-NA,test,Linear-p,57,18,0,0,0,0
db15k_native_adamf,D-NA,test,Linear-p,58,19,0,0,0,0
db15k_native_adamf,D-NA,test,Linear-p,59,20,0,0,0,0
db15k_native_adamf,D-NA,test,Linear-p,60,21,0,0,0,0
db15k_native_adamf,D-NA,test,Linear-p,61,22,0,0,0,0
db15k_native_adamf,D-NA,test,Linear-p,62,23,1,1,1,23
db15k_native_adamf,D-NA,test,Linear-p,63,24,0,0,0,0
db15k_native_adamf,D-NA,test,Linear-p,64,25,0,0,0,0
db15k_native_adamf,D-NA,test,Linear-p,65,26,0,0,0,0
db15k_native_adamf,D-NA,test,Linear-p,66,27,0,0,0,0
db15k_native_adamf,D-NA,test,Linear-p,67,28,0,0,0,0
db15k_native_adamf,D-NA,test,Linear-p,68,30,0,0,0,0
db15k_native_adamf,D-NA,test,Linear-p,69,31,0,0,0,0
db15k_native_adamf,D-NA,test,Linear-p,70,36,0,0,0,0
db15k_native_adamf,D-NA,test,Linear-p,71,38,0,0,0,0
db15k_native_adamf,D-NA,test,Linear-p,72,40,0,0,0,0
db15k_native_adamf,D-NA,test,Linear-p,73,47,0,0,0,0
db15k_native_adamf,D-NA,test,Linear-p,74,57,0,0,0,0
db15k_native_adamf,D-NA,test,Linear-p,75,63,0,0,0,0
db15k_native_adamf,D-NA,test,Linear-p,76,142,0,0,0,0
db15k_native_adamf,D-NA,test,Linear-p,77,151,0,0,0,0
db15k_native_adamf,D-NA,test,Linear-p,78,164,0,0,0,0
db15k_native_adamf,D-NA,test,Linear-p,79,859,0,0,0,0
db15k_native_adamf,D-NA,test,Linear-p,80,1,1683,1683,1683,1683
db15k_native_adamf,D-NA,test,Linear-p,81,2,49,49,49,98
db15k_native_adamf,D-NA,test,Linear-p,82,3,2,2,2,6
db15k_native_adamf,D-NA,test,Linear-p,83,4,1,1,1,4
db15k_native_adamf,D-NA,test,Linear-p,84,5,0,0,0,0
db15k_native_adamf,D-NA,test,Linear-p,85,6,0,0,0,0
db15k_native_adamf,D-NA,test,Linear-p,86,7,0,0,0,0
db15k_native_adamf,D-NA,test,Linear-p,87,8,0,0,0,0
db15k_native_adamf,D-NA,test,Linear-p,88,9,0,0,0,0
db15k_native_adamf,D-NA,test,Linear-p,89,10,0,0,0,0
db15k_native_adamf,D-NA,test,Linear-p,90,11,0,0,0,0
db15k_native_adamf,D-NA,test,Linear-p,91,12,0,0,0,0
db15k_native_adamf,D-NA,test,Linear-p,92,13,0,0,0,0
db15k_native_adamf,D-NA,test,Linear-p,93,14,0,0,0,0
db15k_native_adamf,D-NA,test,Linear-p,94,15,0,0,0,0
db15k_native_adamf,D-NA,test,Linear-p,95,16,0,0,0,0
db15k_native_adamf,D-NA,test,Linear-p,96,17,0,0,0,0
db15k_native_adamf,D-NA,test,Linear-p,97,18,0,0,0,0
db15k_native_adamf,D-NA,test,Linear-p,98,19,0,0,0,0
db15k_native_adamf,D-NA,test,Linear-p,99,20,0,0,0,0
db15k_native_adamf,D-NA,test,Linear-p,100,21,0,0,0,0
db15k_native_adamf,D-NA,test,Linear-p,101,22,0,0,0,0
db15k_native_adamf,D-NA,test,Linear-p,102,23,0,0,0,0
db15k_native_adamf,D-NA,test,Linear-p,103,24,0,0,0,0
db15k_native_adamf,D-NA,test,Linear-p,104,25,0,0,0,0
db15k_native_adamf,D-NA,test,Linear-p,105,26,0,0,0,0
db15k_native_adamf,D-NA,test,Linear-p,106,27,0,0,0,0
db15k_native_adamf,D-NA,test,Linear-p,107,28,0,0,0,0
db15k_native_adamf,D-NA,test,Linear-p,108,30,0,0,0,0
db15k_native_adamf,D-NA,test,Linear-p,109,31,0,0,0,0
db15k_native_adamf,D-NA,test,Linear-p,110,36,0,0,0,0
db15k_native_adamf,D-NA,test,Linear-p,111,38,0,0,0,0
db15k_native_adamf,D-NA,test,Linear-p,112,40,0,0,0,0
db15k_native_adamf,D-NA,test,Linear-p,113,47,0,0,0,0
db15k_native_adamf,D-NA,test,Linear-p,114,57,0,0,0,0
db15k_native_adamf,D-NA,test,Linear-p,115,63,0,0,0,0
db15k_native_adamf,D-NA,test,Linear-p,116,142,0,0,0,0
db15k_native_adamf,D-NA,test,Linear-p,117,151,0,0,0,0
db15k_native_adamf,D-NA,test,Linear-p,118,164,0,0,0,0
db15k_native_adamf,D-NA,test,Linear-p,119,859,0,0,0,0
db15k_native_adamf,D-NA,test,Clip-g,0,1,487,487,487,487
db15k_native_adamf,D-NA,test,Clip-g,1,2,19,19,19,38
db15k_native_adamf,D-NA,test,Clip-g,2,3,1,1,1,3
db15k_native_adamf,D-NA,test,Clip-g,3,4,1,1,1,4
db15k_native_adamf,D-NA,test,Clip-g,4,5,0,0,0,0
db15k_native_adamf,D-NA,test,Clip-g,5,6,0,0,0,0
db15k_native_adamf,D-NA,test,Clip-g,6,7,0,0,0,0
db15k_native_adamf,D-NA,test,Clip-g,7,8,0,0,0,0
db15k_native_adamf,D-NA,test,Clip-g,8,9,0,0,0,0
db15k_native_adamf,D-NA,test,Clip-g,9,10,0,0,0,0
db15k_native_adamf,D-NA,test,Clip-g,10,11,0,0,0,0
db15k_native_adamf,D-NA,test,Clip-g,11,12,0,0,0,0
db15k_native_adamf,D-NA,test,Clip-g,12,13,0,0,0,0
db15k_native_adamf,D-NA,test,Clip-g,13,14,0,0,0,0
db15k_native_adamf,D-NA,test,Clip-g,14,15,0,0,0,0
db15k_native_adamf,D-NA,test,Clip-g,15,16,0,0,0,0
db15k_native_adamf,D-NA,test,Clip-g,16,17,0,0,0,0
db15k_native_adamf,D-NA,test,Clip-g,17,18,0,0,0,0
db15k_native_adamf,D-NA,test,Clip-g,18,19,0,0,0,0
db15k_native_adamf,D-NA,test,Clip-g,19,20,0,0,0,0
db15k_native_adamf,D-NA,test,Clip-g,20,21,0,0,0,0
db15k_native_adamf,D-NA,test,Clip-g,21,22,0,0,0,0
db15k_native_adamf,D-NA,test,Clip-g,22,23,0,0,0,0
db15k_native_adamf,D-NA,test,Clip-g,23,24,0,0,0,0
db15k_native_adamf,D-NA,test,Clip-g,24,25,0,0,0,0
db15k_native_adamf,D-NA,test,Clip-g,25,26,0,0,0,0
db15k_native_adamf,D-NA,test,Clip-g,26,27,0,0,0,0
db15k_native_adamf,D-NA,test,Clip-g,27,28,0,0,0,0
db15k_native_adamf,D-NA,test,Clip-g,28,30,0,0,0,0
db15k_native_adamf,D-NA,test,Clip-g,29,31,0,0,0,0
db15k_native_adamf,D-NA,test,Clip-g,30,36,0,0,0,0
db15k_native_adamf,D-NA,test,Clip-g,31,38,0,0,0,0
db15k_native_adamf,D-NA,test,Clip-g,32,40,0,0,0,0
db15k_native_adamf,D-NA,test,Clip-g,33,47,0,0,0,0
db15k_native_adamf,D-NA,test,Clip-g,34,57,0,0,0,0
db15k_native_adamf,D-NA,test,Clip-g,35,63,0,0,0,0
db15k_native_adamf,D-NA,test,Clip-g,36,142,0,0,0,0
db15k_native_adamf,D-NA,test,Clip-g,37,151,0,0,0,0
db15k_native_adamf,D-NA,test,Clip-g,38,164,0,0,0,0
db15k_native_adamf,D-NA,test,Clip-g,39,859,0,0,0,0
db15k_native_adamf,D-NA,test,Clip-g,40,1,52,52,52,52
db15k_native_adamf,D-NA,test,Clip-g,41,2,6,6,6,12
db15k_native_adamf,D-NA,test,Clip-g,42,3,0,0,0,0
db15k_native_adamf,D-NA,test,Clip-g,43,4,0,0,0,0
db15k_native_adamf,D-NA,test,Clip-g,44,5,0,0,0,0
db15k_native_adamf,D-NA,test,Clip-g,45,6,1,1,1,6
db15k_native_adamf,D-NA,test,Clip-g,46,7,0,0,0,0
db15k_native_adamf,D-NA,test,Clip-g,47,8,0,0,0,0
db15k_native_adamf,D-NA,test,Clip-g,48,9,0,0,0,0
db15k_native_adamf,D-NA,test,Clip-g,49,10,0,0,0,0
db15k_native_adamf,D-NA,test,Clip-g,50,11,0,0,0,0
db15k_native_adamf,D-NA,test,Clip-g,51,12,0,0,0,0
db15k_native_adamf,D-NA,test,Clip-g,52,13,0,0,0,0
db15k_native_adamf,D-NA,test,Clip-g,53,14,0,0,0,0
db15k_native_adamf,D-NA,test,Clip-g,54,15,0,0,0,0
db15k_native_adamf,D-NA,test,Clip-g,55,16,0,0,0,0
db15k_native_adamf,D-NA,test,Clip-g,56,17,0,0,0,0
db15k_native_adamf,D-NA,test,Clip-g,57,18,0,0,0,0
db15k_native_adamf,D-NA,test,Clip-g,58,19,0,0,0,0
db15k_native_adamf,D-NA,test,Clip-g,59,20,0,0,0,0
db15k_native_adamf,D-NA,test,Clip-g,60,21,0,0,0,0
db15k_native_adamf,D-NA,test,Clip-g,61,22,0,0,0,0
db15k_native_adamf,D-NA,test,Clip-g,62,23,1,1,1,23
db15k_native_adamf,D-NA,test,Clip-g,63,24,0,0,0,0
db15k_native_adamf,D-NA,test,Clip-g,64,25,0,0,0,0
db15k_native_adamf,D-NA,test,Clip-g,65,26,0,0,0,0
db15k_native_adamf,D-NA,test,Clip-g,66,27,0,0,0,0
db15k_native_adamf,D-NA,test,Clip-g,67,28,0,0,0,0
db15k_native_adamf,D-NA,test,Clip-g,68,30,0,0,0,0
db15k_native_adamf,D-NA,test,Clip-g,69,31,0,0,0,0
db15k_native_adamf,D-NA,test,Clip-g,70,36,0,0,0,0
db15k_native_adamf,D-NA,test,Clip-g,71,38,0,0,0,0
db15k_native_adamf,D-NA,test,Clip-g,72,40,0,0,0,0
db15k_native_adamf,D-NA,test,Clip-g,73,47,0,0,0,0
db15k_native_adamf,D-NA,test,Clip-g,74,57,0,0,0,0
db15k_native_adamf,D-NA,test,Clip-g,75,63,0,0,0,0
db15k_native_adamf,D-NA,test,Clip-g,76,142,0,0,0,0
db15k_native_adamf,D-NA,test,Clip-g,77,151,0,0,0,0
db15k_native_adamf,D-NA,test,Clip-g,78,164,0,0,0,0
db15k_native_adamf,D-NA,test,Clip-g,79,859,0,0,0,0
db15k_native_adamf,D-NA,test,Clip-g,80,1,1683,1683,1683,1683
db15k_native_adamf,D-NA,test,Clip-g,81,2,49,49,49,98
db15k_native_adamf,D-NA,test,Clip-g,82,3,2,2,2,6
db15k_native_adamf,D-NA,test,Clip-g,83,4,1,1,1,4
db15k_native_adamf,D-NA,test,Clip-g,84,5,0,0,0,0
db15k_native_adamf,D-NA,test,Clip-g,85,6,0,0,0,0
db15k_native_adamf,D-NA,test,Clip-g,86,7,0,0,0,0
db15k_native_adamf,D-NA,test,Clip-g,87,8,0,0,0,0
db15k_native_adamf,D-NA,test,Clip-g,88,9,0,0,0,0
db15k_native_adamf,D-NA,test,Clip-g,89,10,0,0,0,0
db15k_native_adamf,D-NA,test,Clip-g,90,11,0,0,0,0
db15k_native_adamf,D-NA,test,Clip-g,91,12,0,0,0,0
db15k_native_adamf,D-NA,test,Clip-g,92,13,0,0,0,0
db15k_native_adamf,D-NA,test,Clip-g,93,14,0,0,0,0
db15k_native_adamf,D-NA,test,Clip-g,94,15,0,0,0,0
db15k_native_adamf,D-NA,test,Clip-g,95,16,0,0,0,0
db15k_native_adamf,D-NA,test,Clip-g,96,17,0,0,0,0
db15k_native_adamf,D-NA,test,Clip-g,97,18,0,0,0,0
db15k_native_adamf,D-NA,test,Clip-g,98,19,0,0,0,0
db15k_native_adamf,D-NA,test,Clip-g,99,20,0,0,0,0
db15k_native_adamf,D-NA,test,Clip-g,100,21,0,0,0,0
db15k_native_adamf,D-NA,test,Clip-g,101,22,0,0,0,0
db15k_native_adamf,D-NA,test,Clip-g,102,23,0,0,0,0
db15k_native_adamf,D-NA,test,Clip-g,103,24,0,0,0,0
db15k_native_adamf,D-NA,test,Clip-g,104,25,0,0,0,0
db15k_native_adamf,D-NA,test,Clip-g,105,26,0,0,0,0
db15k_native_adamf,D-NA,test,Clip-g,106,27,0,0,0,0
db15k_native_adamf,D-NA,test,Clip-g,107,28,0,0,0,0
db15k_native_adamf,D-NA,test,Clip-g,108,30,0,0,0,0
db15k_native_adamf,D-NA,test,Clip-g,109,31,0,0,0,0
db15k_native_adamf,D-NA,test,Clip-g,110,36,0,0,0,0
db15k_native_adamf,D-NA,test,Clip-g,111,38,0,0,0,0
db15k_native_adamf,D-NA,test,Clip-g,112,40,0,0,0,0
db15k_native_adamf,D-NA,test,Clip-g,113,47,0,0,0,0
db15k_native_adamf,D-NA,test,Clip-g,114,57,0,0,0,0
db15k_native_adamf,D-NA,test,Clip-g,115,63,0,0,0,0
db15k_native_adamf,D-NA,test,Clip-g,116,142,0,0,0,0
db15k_native_adamf,D-NA,test,Clip-g,117,151,0,0,0,0
db15k_native_adamf,D-NA,test,Clip-g,118,164,0,0,0,0
db15k_native_adamf,D-NA,test,Clip-g,119,859,0,0,0,0
db15k_native_adamf,D-NA,test,Shrink-fixed,0,1,487,510,487,487
db15k_native_adamf,D-NA,test,Shrink-fixed,1,2,19,23,19,38
db15k_native_adamf,D-NA,test,Shrink-fixed,2,3,1,1,1,3
db15k_native_adamf,D-NA,test,Shrink-fixed,3,4,1,1,1,4
db15k_native_adamf,D-NA,test,Shrink-fixed,4,5,0,0,0,0
db15k_native_adamf,D-NA,test,Shrink-fixed,5,6,0,0,0,0
db15k_native_adamf,D-NA,test,Shrink-fixed,6,7,0,1,0,0
db15k_native_adamf,D-NA,test,Shrink-fixed,7,8,0,0,0,0
db15k_native_adamf,D-NA,test,Shrink-fixed,8,9,0,0,0,0
db15k_native_adamf,D-NA,test,Shrink-fixed,9,10,0,0,0,0
db15k_native_adamf,D-NA,test,Shrink-fixed,10,11,0,0,0,0
db15k_native_adamf,D-NA,test,Shrink-fixed,11,12,0,0,0,0
db15k_native_adamf,D-NA,test,Shrink-fixed,12,13,0,0,0,0
db15k_native_adamf,D-NA,test,Shrink-fixed,13,14,0,0,0,0
db15k_native_adamf,D-NA,test,Shrink-fixed,14,15,0,0,0,0
db15k_native_adamf,D-NA,test,Shrink-fixed,15,16,0,0,0,0
db15k_native_adamf,D-NA,test,Shrink-fixed,16,17,0,0,0,0
db15k_native_adamf,D-NA,test,Shrink-fixed,17,18,0,0,0,0
db15k_native_adamf,D-NA,test,Shrink-fixed,18,19,0,0,0,0
db15k_native_adamf,D-NA,test,Shrink-fixed,19,20,0,0,0,0
db15k_native_adamf,D-NA,test,Shrink-fixed,20,21,0,0,0,0
db15k_native_adamf,D-NA,test,Shrink-fixed,21,22,0,0,0,0
db15k_native_adamf,D-NA,test,Shrink-fixed,22,23,0,0,0,0
db15k_native_adamf,D-NA,test,Shrink-fixed,23,24,0,0,0,0
db15k_native_adamf,D-NA,test,Shrink-fixed,24,25,0,0,0,0
db15k_native_adamf,D-NA,test,Shrink-fixed,25,26,0,0,0,0
db15k_native_adamf,D-NA,test,Shrink-fixed,26,27,0,0,0,0
db15k_native_adamf,D-NA,test,Shrink-fixed,27,28,0,0,0,0
db15k_native_adamf,D-NA,test,Shrink-fixed,28,30,0,0,0,0
db15k_native_adamf,D-NA,test,Shrink-fixed,29,31,0,0,0,0
db15k_native_adamf,D-NA,test,Shrink-fixed,30,36,0,0,0,0
db15k_native_adamf,D-NA,test,Shrink-fixed,31,38,0,0,0,0
db15k_native_adamf,D-NA,test,Shrink-fixed,32,40,0,0,0,0
db15k_native_adamf,D-NA,test,Shrink-fixed,33,47,0,0,0,0
db15k_native_adamf,D-NA,test,Shrink-fixed,34,57,0,0,0,0
db15k_native_adamf,D-NA,test,Shrink-fixed,35,63,0,0,0,0
db15k_native_adamf,D-NA,test,Shrink-fixed,36,142,0,0,0,0
db15k_native_adamf,D-NA,test,Shrink-fixed,37,151,0,0,0,0
db15k_native_adamf,D-NA,test,Shrink-fixed,38,164,0,0,0,0
db15k_native_adamf,D-NA,test,Shrink-fixed,39,859,0,0,0,0
db15k_native_adamf,D-NA,test,Shrink-fixed,40,1,52,361,52,52
db15k_native_adamf,D-NA,test,Shrink-fixed,41,2,6,14,6,12
db15k_native_adamf,D-NA,test,Shrink-fixed,42,3,0,1,0,0
db15k_native_adamf,D-NA,test,Shrink-fixed,43,4,0,0,0,0
db15k_native_adamf,D-NA,test,Shrink-fixed,44,5,0,0,0,0
db15k_native_adamf,D-NA,test,Shrink-fixed,45,6,1,1,1,6
db15k_native_adamf,D-NA,test,Shrink-fixed,46,7,0,0,0,0
db15k_native_adamf,D-NA,test,Shrink-fixed,47,8,0,0,0,0
db15k_native_adamf,D-NA,test,Shrink-fixed,48,9,0,0,0,0
db15k_native_adamf,D-NA,test,Shrink-fixed,49,10,0,0,0,0
db15k_native_adamf,D-NA,test,Shrink-fixed,50,11,0,0,0,0
db15k_native_adamf,D-NA,test,Shrink-fixed,51,12,0,0,0,0
db15k_native_adamf,D-NA,test,Shrink-fixed,52,13,0,0,0,0
db15k_native_adamf,D-NA,test,Shrink-fixed,53,14,0,0,0,0
db15k_native_adamf,D-NA,test,Shrink-fixed,54,15,0,0,0,0
db15k_native_adamf,D-NA,test,Shrink-fixed,55,16,0,0,0,0
db15k_native_adamf,D-NA,test,Shrink-fixed,56,17,0,0,0,0
db15k_native_adamf,D-NA,test,Shrink-fixed,57,18,0,0,0,0
db15k_native_adamf,D-NA,test,Shrink-fixed,58,19,0,0,0,0
db15k_native_adamf,D-NA,test,Shrink-fixed,59,20,0,0,0,0
db15k_native_adamf,D-NA,test,Shrink-fixed,60,21,0,0,0,0
db15k_native_adamf,D-NA,test,Shrink-fixed,61,22,0,0,0,0
db15k_native_adamf,D-NA,test,Shrink-fixed,62,23,1,1,1,23
db15k_native_adamf,D-NA,test,Shrink-fixed,63,24,0,0,0,0
db15k_native_adamf,D-NA,test,Shrink-fixed,64,25,0,0,0,0
db15k_native_adamf,D-NA,test,Shrink-fixed,65,26,0,0,0,0
db15k_native_adamf,D-NA,test,Shrink-fixed,66,27,0,0,0,0
db15k_native_adamf,D-NA,test,Shrink-fixed,67,28,0,0,0,0
db15k_native_adamf,D-NA,test,Shrink-fixed,68,30,0,0,0,0
db15k_native_adamf,D-NA,test,Shrink-fixed,69,31,0,0,0,0
db15k_native_adamf,D-NA,test,Shrink-fixed,70,36,0,0,0,0
db15k_native_adamf,D-NA,test,Shrink-fixed,71,38,0,0,0,0
db15k_native_adamf,D-NA,test,Shrink-fixed,72,40,0,0,0,0
db15k_native_adamf,D-NA,test,Shrink-fixed,73,47,0,0,0,0
db15k_native_adamf,D-NA,test,Shrink-fixed,74,57,0,0,0,0
db15k_native_adamf,D-NA,test,Shrink-fixed,75,63,0,0,0,0
db15k_native_adamf,D-NA,test,Shrink-fixed,76,142,0,0,0,0
db15k_native_adamf,D-NA,test,Shrink-fixed,77,151,0,0,0,0
db15k_native_adamf,D-NA,test,Shrink-fixed,78,164,0,0,0,0
db15k_native_adamf,D-NA,test,Shrink-fixed,79,859,0,0,0,0
db15k_native_adamf,D-NA,test,Shrink-fixed,80,1,1683,1692,1683,1683
db15k_native_adamf,D-NA,test,Shrink-fixed,81,2,49,54,49,98
db15k_native_adamf,D-NA,test,Shrink-fixed,82,3,2,2,2,6
db15k_native_adamf,D-NA,test,Shrink-fixed,83,4,1,1,1,4
db15k_native_adamf,D-NA,test,Shrink-fixed,84,5,0,0,0,0
db15k_native_adamf,D-NA,test,Shrink-fixed,85,6,0,0,0,0
db15k_native_adamf,D-NA,test,Shrink-fixed,86,7,0,1,0,0
db15k_native_adamf,D-NA,test,Shrink-fixed,87,8,0,0,0,0
db15k_native_adamf,D-NA,test,Shrink-fixed,88,9,0,0,0,0
db15k_native_adamf,D-NA,test,Shrink-fixed,89,10,0,0,0,0
db15k_native_adamf,D-NA,test,Shrink-fixed,90,11,0,0,0,0
db15k_native_adamf,D-NA,test,Shrink-fixed,91,12,0,0,0,0
db15k_native_adamf,D-NA,test,Shrink-fixed,92,13,0,0,0,0
db15k_native_adamf,D-NA,test,Shrink-fixed,93,14,0,0,0,0
db15k_native_adamf,D-NA,test,Shrink-fixed,94,15,0,0,0,0
db15k_native_adamf,D-NA,test,Shrink-fixed,95,16,0,0,0,0
db15k_native_adamf,D-NA,test,Shrink-fixed,96,17,0,0,0,0
db15k_native_adamf,D-NA,test,Shrink-fixed,97,18,0,0,0,0
db15k_native_adamf,D-NA,test,Shrink-fixed,98,19,0,0,0,0
db15k_native_adamf,D-NA,test,Shrink-fixed,99,20,0,0,0,0
db15k_native_adamf,D-NA,test,Shrink-fixed,100,21,0,0,0,0
db15k_native_adamf,D-NA,test,Shrink-fixed,101,22,0,0,0,0
db15k_native_adamf,D-NA,test,Shrink-fixed,102,23,0,0,0,0
db15k_native_adamf,D-NA,test,Shrink-fixed,103,24,0,0,0,0
db15k_native_adamf,D-NA,test,Shrink-fixed,104,25,0,0,0,0
db15k_native_adamf,D-NA,test,Shrink-fixed,105,26,0,0,0,0
db15k_native_adamf,D-NA,test,Shrink-fixed,106,27,0,0,0,0
db15k_native_adamf,D-NA,test,Shrink-fixed,107,28,0,0,0,0
db15k_native_adamf,D-NA,test,Shrink-fixed,108,30,0,0,0,0
db15k_native_adamf,D-NA,test,Shrink-fixed,109,31,0,0,0,0
db15k_native_adamf,D-NA,test,Shrink-fixed,110,36,0,0,0,0
db15k_native_adamf,D-NA,test,Shrink-fixed,111,38,0,0,0,0
db15k_native_adamf,D-NA,test,Shrink-fixed,112,40,0,0,0,0
db15k_native_adamf,D-NA,test,Shrink-fixed,113,47,0,0,0,0
db15k_native_adamf,D-NA,test,Shrink-fixed,114,57,0,0,0,0
db15k_native_adamf,D-NA,test,Shrink-fixed,115,63,0,0,0,0
db15k_native_adamf,D-NA,test,Shrink-fixed,116,142,0,0,0,0
db15k_native_adamf,D-NA,test,Shrink-fixed,117,151,0,0,0,0
db15k_native_adamf,D-NA,test,Shrink-fixed,118,164,0,0,0,0
db15k_native_adamf,D-NA,test,Shrink-fixed,119,859,0,0,0,0
db15k_native_adamf,D-NA,test,Radius-1,0,1,487,487,487,487
db15k_native_adamf,D-NA,test,Radius-1,1,2,19,19,19,38
db15k_native_adamf,D-NA,test,Radius-1,2,3,1,1,1,3
db15k_native_adamf,D-NA,test,Radius-1,3,4,1,1,1,4
db15k_native_adamf,D-NA,test,Radius-1,4,5,0,0,0,0
db15k_native_adamf,D-NA,test,Radius-1,5,6,0,0,0,0
db15k_native_adamf,D-NA,test,Radius-1,6,7,0,0,0,0
db15k_native_adamf,D-NA,test,Radius-1,7,8,0,0,0,0
db15k_native_adamf,D-NA,test,Radius-1,8,9,0,0,0,0
db15k_native_adamf,D-NA,test,Radius-1,9,10,0,0,0,0
db15k_native_adamf,D-NA,test,Radius-1,10,11,0,0,0,0
db15k_native_adamf,D-NA,test,Radius-1,11,12,0,0,0,0
db15k_native_adamf,D-NA,test,Radius-1,12,13,0,0,0,0
db15k_native_adamf,D-NA,test,Radius-1,13,14,0,0,0,0
db15k_native_adamf,D-NA,test,Radius-1,14,15,0,0,0,0
db15k_native_adamf,D-NA,test,Radius-1,15,16,0,0,0,0
db15k_native_adamf,D-NA,test,Radius-1,16,17,0,0,0,0
db15k_native_adamf,D-NA,test,Radius-1,17,18,0,0,0,0
db15k_native_adamf,D-NA,test,Radius-1,18,19,0,0,0,0
db15k_native_adamf,D-NA,test,Radius-1,19,20,0,0,0,0
db15k_native_adamf,D-NA,test,Radius-1,20,21,0,0,0,0
db15k_native_adamf,D-NA,test,Radius-1,21,22,0,0,0,0
db15k_native_adamf,D-NA,test,Radius-1,22,23,0,0,0,0
db15k_native_adamf,D-NA,test,Radius-1,23,24,0,0,0,0
db15k_native_adamf,D-NA,test,Radius-1,24,25,0,0,0,0
db15k_native_adamf,D-NA,test,Radius-1,25,26,0,0,0,0
db15k_native_adamf,D-NA,test,Radius-1,26,27,0,0,0,0
db15k_native_adamf,D-NA,test,Radius-1,27,28,0,0,0,0
db15k_native_adamf,D-NA,test,Radius-1,28,30,0,0,0,0
db15k_native_adamf,D-NA,test,Radius-1,29,31,0,0,0,0
db15k_native_adamf,D-NA,test,Radius-1,30,36,0,0,0,0
db15k_native_adamf,D-NA,test,Radius-1,31,38,0,0,0,0
db15k_native_adamf,D-NA,test,Radius-1,32,40,0,0,0,0
db15k_native_adamf,D-NA,test,Radius-1,33,47,0,0,0,0
db15k_native_adamf,D-NA,test,Radius-1,34,57,0,0,0,0
db15k_native_adamf,D-NA,test,Radius-1,35,63,0,0,0,0
db15k_native_adamf,D-NA,test,Radius-1,36,142,0,0,0,0
db15k_native_adamf,D-NA,test,Radius-1,37,151,0,0,0,0
db15k_native_adamf,D-NA,test,Radius-1,38,164,0,0,0,0
db15k_native_adamf,D-NA,test,Radius-1,39,859,0,0,0,0
db15k_native_adamf,D-NA,test,Radius-1,40,1,52,52,52,52
db15k_native_adamf,D-NA,test,Radius-1,41,2,6,6,6,12
db15k_native_adamf,D-NA,test,Radius-1,42,3,0,0,0,0
db15k_native_adamf,D-NA,test,Radius-1,43,4,0,0,0,0
db15k_native_adamf,D-NA,test,Radius-1,44,5,0,0,0,0
db15k_native_adamf,D-NA,test,Radius-1,45,6,1,1,1,6
db15k_native_adamf,D-NA,test,Radius-1,46,7,0,0,0,0
db15k_native_adamf,D-NA,test,Radius-1,47,8,0,0,0,0
db15k_native_adamf,D-NA,test,Radius-1,48,9,0,0,0,0
db15k_native_adamf,D-NA,test,Radius-1,49,10,0,0,0,0
db15k_native_adamf,D-NA,test,Radius-1,50,11,0,0,0,0
db15k_native_adamf,D-NA,test,Radius-1,51,12,0,0,0,0
db15k_native_adamf,D-NA,test,Radius-1,52,13,0,0,0,0
db15k_native_adamf,D-NA,test,Radius-1,53,14,0,0,0,0
db15k_native_adamf,D-NA,test,Radius-1,54,15,0,0,0,0
db15k_native_adamf,D-NA,test,Radius-1,55,16,0,0,0,0
db15k_native_adamf,D-NA,test,Radius-1,56,17,0,0,0,0
db15k_native_adamf,D-NA,test,Radius-1,57,18,0,0,0,0
db15k_native_adamf,D-NA,test,Radius-1,58,19,0,0,0,0
db15k_native_adamf,D-NA,test,Radius-1,59,20,0,0,0,0
db15k_native_adamf,D-NA,test,Radius-1,60,21,0,0,0,0
db15k_native_adamf,D-NA,test,Radius-1,61,22,0,0,0,0
db15k_native_adamf,D-NA,test,Radius-1,62,23,1,1,1,23
db15k_native_adamf,D-NA,test,Radius-1,63,24,0,0,0,0
db15k_native_adamf,D-NA,test,Radius-1,64,25,0,0,0,0
db15k_native_adamf,D-NA,test,Radius-1,65,26,0,0,0,0
db15k_native_adamf,D-NA,test,Radius-1,66,27,0,0,0,0
db15k_native_adamf,D-NA,test,Radius-1,67,28,0,0,0,0
db15k_native_adamf,D-NA,test,Radius-1,68,30,0,0,0,0
db15k_native_adamf,D-NA,test,Radius-1,69,31,0,0,0,0
db15k_native_adamf,D-NA,test,Radius-1,70,36,0,0,0,0
db15k_native_adamf,D-NA,test,Radius-1,71,38,0,0,0,0
db15k_native_adamf,D-NA,test,Radius-1,72,40,0,0,0,0
db15k_native_adamf,D-NA,test,Radius-1,73,47,0,0,0,0
db15k_native_adamf,D-NA,test,Radius-1,74,57,0,0,0,0
db15k_native_adamf,D-NA,test,Radius-1,75,63,0,0,0,0
db15k_native_adamf,D-NA,test,Radius-1,76,142,0,0,0,0
db15k_native_adamf,D-NA,test,Radius-1,77,151,0,0,0,0
db15k_native_adamf,D-NA,test,Radius-1,78,164,0,0,0,0
db15k_native_adamf,D-NA,test,Radius-1,79,859,0,0,0,0
db15k_native_adamf,D-NA,test,Radius-1,80,1,1683,1683,1683,1683
db15k_native_adamf,D-NA,test,Radius-1,81,2,49,49,49,98
db15k_native_adamf,D-NA,test,Radius-1,82,3,2,2,2,6
db15k_native_adamf,D-NA,test,Radius-1,83,4,1,1,1,4
db15k_native_adamf,D-NA,test,Radius-1,84,5,0,0,0,0
db15k_native_adamf,D-NA,test,Radius-1,85,6,0,0,0,0
db15k_native_adamf,D-NA,test,Radius-1,86,7,0,0,0,0
db15k_native_adamf,D-NA,test,Radius-1,87,8,0,0,0,0
db15k_native_adamf,D-NA,test,Radius-1,88,9,0,0,0,0
db15k_native_adamf,D-NA,test,Radius-1,89,10,0,0,0,0
db15k_native_adamf,D-NA,test,Radius-1,90,11,0,0,0,0
db15k_native_adamf,D-NA,test,Radius-1,91,12,0,0,0,0
db15k_native_adamf,D-NA,test,Radius-1,92,13,0,0,0,0
db15k_native_adamf,D-NA,test,Radius-1,93,14,0,0,0,0
db15k_native_adamf,D-NA,test,Radius-1,94,15,0,0,0,0
db15k_native_adamf,D-NA,test,Radius-1,95,16,0,0,0,0
db15k_native_adamf,D-NA,test,Radius-1,96,17,0,0,0,0
db15k_native_adamf,D-NA,test,Radius-1,97,18,0,0,0,0
db15k_native_adamf,D-NA,test,Radius-1,98,19,0,0,0,0
db15k_native_adamf,D-NA,test,Radius-1,99,20,0,0,0,0
db15k_native_adamf,D-NA,test,Radius-1,100,21,0,0,0,0
db15k_native_adamf,D-NA,test,Radius-1,101,22,0,0,0,0
db15k_native_adamf,D-NA,test,Radius-1,102,23,0,0,0,0
db15k_native_adamf,D-NA,test,Radius-1,103,24,0,0,0,0
db15k_native_adamf,D-NA,test,Radius-1,104,25,0,0,0,0
db15k_native_adamf,D-NA,test,Radius-1,105,26,0,0,0,0
db15k_native_adamf,D-NA,test,Radius-1,106,27,0,0,0,0
db15k_native_adamf,D-NA,test,Radius-1,107,28,0,0,0,0
db15k_native_adamf,D-NA,test,Radius-1,108,30,0,0,0,0
db15k_native_adamf,D-NA,test,Radius-1,109,31,0,0,0,0
db15k_native_adamf,D-NA,test,Radius-1,110,36,0,0,0,0
db15k_native_adamf,D-NA,test,Radius-1,111,38,0,0,0,0
db15k_native_adamf,D-NA,test,Radius-1,112,40,0,0,0,0
db15k_native_adamf,D-NA,test,Radius-1,113,47,0,0,0,0
db15k_native_adamf,D-NA,test,Radius-1,114,57,0,0,0,0
db15k_native_adamf,D-NA,test,Radius-1,115,63,0,0,0,0
db15k_native_adamf,D-NA,test,Radius-1,116,142,0,0,0,0
db15k_native_adamf,D-NA,test,Radius-1,117,151,0,0,0,0
db15k_native_adamf,D-NA,test,Radius-1,118,164,0,0,0,0
db15k_native_adamf,D-NA,test,Radius-1,119,859,0,0,0,0
db15k_native_adamf,D-NA,test,No-gate,0,1,487,5064,487,487
db15k_native_adamf,D-NA,test,No-gate,1,2,19,197,19,38
db15k_native_adamf,D-NA,test,No-gate,2,3,1,13,1,3
db15k_native_adamf,D-NA,test,No-gate,3,4,1,4,1,4
db15k_native_adamf,D-NA,test,No-gate,4,5,0,0,0,0
db15k_native_adamf,D-NA,test,No-gate,5,6,0,1,0,0
db15k_native_adamf,D-NA,test,No-gate,6,7,0,0,0,0
db15k_native_adamf,D-NA,test,No-gate,7,8,0,0,0,0
db15k_native_adamf,D-NA,test,No-gate,8,9,0,0,0,0
db15k_native_adamf,D-NA,test,No-gate,9,10,0,0,0,0
db15k_native_adamf,D-NA,test,No-gate,10,11,0,0,0,0
db15k_native_adamf,D-NA,test,No-gate,11,12,0,0,0,0
db15k_native_adamf,D-NA,test,No-gate,12,13,0,0,0,0
db15k_native_adamf,D-NA,test,No-gate,13,14,0,0,0,0
db15k_native_adamf,D-NA,test,No-gate,14,15,0,0,0,0
db15k_native_adamf,D-NA,test,No-gate,15,16,0,1,0,0
db15k_native_adamf,D-NA,test,No-gate,16,17,0,0,0,0
db15k_native_adamf,D-NA,test,No-gate,17,18,0,0,0,0
db15k_native_adamf,D-NA,test,No-gate,18,19,0,0,0,0
db15k_native_adamf,D-NA,test,No-gate,19,20,0,0,0,0
db15k_native_adamf,D-NA,test,No-gate,20,21,0,0,0,0
db15k_native_adamf,D-NA,test,No-gate,21,22,0,0,0,0
db15k_native_adamf,D-NA,test,No-gate,22,23,0,1,0,0
db15k_native_adamf,D-NA,test,No-gate,23,24,0,0,0,0
db15k_native_adamf,D-NA,test,No-gate,24,25,0,0,0,0
db15k_native_adamf,D-NA,test,No-gate,25,26,0,0,0,0
db15k_native_adamf,D-NA,test,No-gate,26,27,0,0,0,0
db15k_native_adamf,D-NA,test,No-gate,27,28,0,0,0,0
db15k_native_adamf,D-NA,test,No-gate,28,30,0,1,0,0
db15k_native_adamf,D-NA,test,No-gate,29,31,0,1,0,0
db15k_native_adamf,D-NA,test,No-gate,30,36,0,0,0,0
db15k_native_adamf,D-NA,test,No-gate,31,38,0,0,0,0
db15k_native_adamf,D-NA,test,No-gate,32,40,0,0,0,0
db15k_native_adamf,D-NA,test,No-gate,33,47,0,0,0,0
db15k_native_adamf,D-NA,test,No-gate,34,57,0,1,0,0
db15k_native_adamf,D-NA,test,No-gate,35,63,0,0,0,0
db15k_native_adamf,D-NA,test,No-gate,36,142,0,0,0,0
db15k_native_adamf,D-NA,test,No-gate,37,151,0,1,0,0
db15k_native_adamf,D-NA,test,No-gate,38,164,0,1,0,0
db15k_native_adamf,D-NA,test,No-gate,39,859,0,0,0,0
db15k_native_adamf,D-NA,test,No-gate,40,1,52,1622,52,52
db15k_native_adamf,D-NA,test,No-gate,41,2,6,64,6,12
db15k_native_adamf,D-NA,test,No-gate,42,3,0,8,0,0
db15k_native_adamf,D-NA,test,No-gate,43,4,0,3,0,0
db15k_native_adamf,D-NA,test,No-gate,44,5,0,0,0,0
db15k_native_adamf,D-NA,test,No-gate,45,6,1,1,1,6
db15k_native_adamf,D-NA,test,No-gate,46,7,0,0,0,0
db15k_native_adamf,D-NA,test,No-gate,47,8,0,0,0,0
db15k_native_adamf,D-NA,test,No-gate,48,9,0,0,0,0
db15k_native_adamf,D-NA,test,No-gate,49,10,0,0,0,0
db15k_native_adamf,D-NA,test,No-gate,50,11,0,0,0,0
db15k_native_adamf,D-NA,test,No-gate,51,12,0,0,0,0
db15k_native_adamf,D-NA,test,No-gate,52,13,0,0,0,0
db15k_native_adamf,D-NA,test,No-gate,53,14,0,0,0,0
db15k_native_adamf,D-NA,test,No-gate,54,15,0,0,0,0
db15k_native_adamf,D-NA,test,No-gate,55,16,0,1,0,0
db15k_native_adamf,D-NA,test,No-gate,56,17,0,0,0,0
db15k_native_adamf,D-NA,test,No-gate,57,18,0,0,0,0
db15k_native_adamf,D-NA,test,No-gate,58,19,0,1,0,0
db15k_native_adamf,D-NA,test,No-gate,59,20,0,0,0,0
db15k_native_adamf,D-NA,test,No-gate,60,21,0,0,0,0
db15k_native_adamf,D-NA,test,No-gate,61,22,0,0,0,0
db15k_native_adamf,D-NA,test,No-gate,62,23,1,1,1,23
db15k_native_adamf,D-NA,test,No-gate,63,24,0,0,0,0
db15k_native_adamf,D-NA,test,No-gate,64,25,0,0,0,0
db15k_native_adamf,D-NA,test,No-gate,65,26,0,0,0,0
db15k_native_adamf,D-NA,test,No-gate,66,27,0,0,0,0
db15k_native_adamf,D-NA,test,No-gate,67,28,0,0,0,0
db15k_native_adamf,D-NA,test,No-gate,68,30,0,1,0,0
db15k_native_adamf,D-NA,test,No-gate,69,31,0,1,0,0
db15k_native_adamf,D-NA,test,No-gate,70,36,0,0,0,0
db15k_native_adamf,D-NA,test,No-gate,71,38,0,0,0,0
db15k_native_adamf,D-NA,test,No-gate,72,40,0,0,0,0
db15k_native_adamf,D-NA,test,No-gate,73,47,0,0,0,0
db15k_native_adamf,D-NA,test,No-gate,74,57,0,1,0,0
db15k_native_adamf,D-NA,test,No-gate,75,63,0,1,0,0
db15k_native_adamf,D-NA,test,No-gate,76,142,0,0,0,0
db15k_native_adamf,D-NA,test,No-gate,77,151,0,1,0,0
db15k_native_adamf,D-NA,test,No-gate,78,164,0,1,0,0
db15k_native_adamf,D-NA,test,No-gate,79,859,0,0,0,0
db15k_native_adamf,D-NA,test,No-gate,80,1,1683,7689,1683,1683
db15k_native_adamf,D-NA,test,No-gate,81,2,49,271,49,98
db15k_native_adamf,D-NA,test,No-gate,82,3,2,21,2,6
db15k_native_adamf,D-NA,test,No-gate,83,4,1,5,1,4
db15k_native_adamf,D-NA,test,No-gate,84,5,0,0,0,0
db15k_native_adamf,D-NA,test,No-gate,85,6,0,0,0,0
db15k_native_adamf,D-NA,test,No-gate,86,7,0,0,0,0
db15k_native_adamf,D-NA,test,No-gate,87,8,0,0,0,0
db15k_native_adamf,D-NA,test,No-gate,88,9,0,0,0,0
db15k_native_adamf,D-NA,test,No-gate,89,10,0,0,0,0
db15k_native_adamf,D-NA,test,No-gate,90,11,0,0,0,0
db15k_native_adamf,D-NA,test,No-gate,91,12,0,0,0,0
db15k_native_adamf,D-NA,test,No-gate,92,13,0,0,0,0
db15k_native_adamf,D-NA,test,No-gate,93,14,0,0,0,0
db15k_native_adamf,D-NA,test,No-gate,94,15,0,0,0,0
db15k_native_adamf,D-NA,test,No-gate,95,16,0,0,0,0
db15k_native_adamf,D-NA,test,No-gate,96,17,0,0,0,0
db15k_native_adamf,D-NA,test,No-gate,97,18,0,0,0,0
db15k_native_adamf,D-NA,test,No-gate,98,19,0,0,0,0
db15k_native_adamf,D-NA,test,No-gate,99,20,0,0,0,0
db15k_native_adamf,D-NA,test,No-gate,100,21,0,0,0,0
db15k_native_adamf,D-NA,test,No-gate,101,22,0,0,0,0
db15k_native_adamf,D-NA,test,No-gate,102,23,0,0,0,0
db15k_native_adamf,D-NA,test,No-gate,103,24,0,0,0,0
db15k_native_adamf,D-NA,test,No-gate,104,25,0,0,0,0
db15k_native_adamf,D-NA,test,No-gate,105,26,0,0,0,0
db15k_native_adamf,D-NA,test,No-gate,106,27,0,0,0,0
db15k_native_adamf,D-NA,test,No-gate,107,28,0,0,0,0
db15k_native_adamf,D-NA,test,No-gate,108,30,0,0,0,0
db15k_native_adamf,D-NA,test,No-gate,109,31,0,0,0,0
db15k_native_adamf,D-NA,test,No-gate,110,36,0,0,0,0
db15k_native_adamf,D-NA,test,No-gate,111,38,0,0,0,0
db15k_native_adamf,D-NA,test,No-gate,112,40,0,0,0,0
db15k_native_adamf,D-NA,test,No-gate,113,47,0,0,0,0
db15k_native_adamf,D-NA,test,No-gate,114,57,0,1,0,0
db15k_native_adamf,D-NA,test,No-gate,115,63,0,0,0,0
db15k_native_adamf,D-NA,test,No-gate,116,142,0,0,0,0
db15k_native_adamf,D-NA,test,No-gate,117,151,0,0,0,0
db15k_native_adamf,D-NA,test,No-gate,118,164,0,1,0,0
db15k_native_adamf,D-NA,test,No-gate,119,859,0,0,0,0
