pair,label,split,method,seed,direction,n,active_n,harm_n,benefit_n,mrr,utility,harm,harm_active,intervention,mean_loss,mean_gain,movement
mkgw_mhyper_native,W-N,dev_oof,ADC,1,head,4276,2836.0,748.0,1473.0,0.19498388970062794,0.0009639898942889716,0.17492984097287184,0.2637517630465444,0.6632366697848456,0.004053417566116517,0.005017407460405489,0.14184985968194586
mkgw_mhyper_native,W-N,dev_oof,ADC,1,tail,4276,2501.0,509.0,239.0,0.522656832358136,0.002408940195053637,0.11903648269410665,0.2035185925629748,0.5848924228250701,0.005894430241264715,0.008303370436318352,0.12124649204864366
mkgw_mhyper_native,W-N,dev_oof,ADC,2,head,4276,2637.0,698.0,1356.0,0.1915945345021764,0.0009624818887694626,0.16323666978484566,0.2646947288585514,0.6166978484565014,0.0026658700133910048,0.003628351902160467,0.11555191768007488
mkgw_mhyper_native,W-N,dev_oof,ADC,2,tail,4276,2937.0,659.0,274.0,0.5238189776991251,0.004015471625548653,0.15411599625818523,0.22437861763704461,0.6868568755846586,0.007515795917351441,0.011531267542900092,0.14763797942001874
mkgw_mhyper_native,W-N,dev_oof,ADC,3,head,4276,2824.0,732.0,1506.0,0.19702399537346318,0.0018059190533213738,0.17118802619270346,0.25920679886685555,0.6604303086997194,0.0032369424557296624,0.005042861509051036,0.13971000935453698
mkgw_mhyper_native,W-N,dev_oof,ADC,3,tail,4276,2503.0,491.0,309.0,0.5228453953940734,0.008265811976471292,0.1148269410664172,0.19616460247702758,0.5853601496725912,0.0048367178781910745,0.013102529854662369,0.12087231057062679
mkgw_mhyper_native,W-N,dev_oof,Center-0.5,1,head,4276,2801.0,745.0,1469.0,0.19667057106923286,0.0026506712628938957,0.17422825070159026,0.2659764369867904,0.6550514499532273,0.003885057830029781,0.0065357290929236745,0.16776192703461157
mkgw_mhyper_native,W-N,dev_oof,Center-0.5,1,tail,4276,2380.0,453.0,214.0,0.523870750133027,0.0036228579699446074,0.1059401309635173,0.1903361344537815,0.5565949485500468,0.004224299530320872,0.007847157500265479,0.08317352666043028
mkgw_mhyper_native,W-N,dev_oof,Center-0.5,2,head,4276,2589.0,720.0,1314.0,0.19154000209268465,0.0009079494792777264,0.16838166510757718,0.27809965237543455,0.6054724041159962,0.0032111959633709607,0.004119145442648688,0.1337231057062677
mkgw_mhyper_native,W-N,dev_oof,Center-0.5,2,tail,4276,2824.0,571.0,240.0,0.5218095597814065,0.002006053707830067,0.13353601496725911,0.20219546742209632,0.6604303086997194,0.007193755154487663,0.00919980886231773,0.10067820392890552
mkgw_mhyper_native,W-N,dev_oof,Center-0.5,3,head,4276,2779.0,732.0,1475.0,0.19702096157006574,0.0018028852499239242,0.17118802619270346,0.2634041021950342,0.6499064546304958,0.0036962321258517962,0.005499117375775721,0.1660664172123478
mkgw_mhyper_native,W-N,dev_oof,Center-0.5,3,tail,4276,2378.0,428.0,267.0,0.5206809866592086,0.006101403241606492,0.10009354536950421,0.17998317914213624,0.5561272217025257,0.004076523768612628,0.010177927010219119,0.08399204864359214
mkgw_mhyper_native,W-N,dev_oof,Linear-p,1,head,4276,2836.0,655.0,1463.0,0.19553401350051494,0.0015141136941759707,0.15318054256314312,0.23095909732016925,0.6632366697848456,0.002066972094142602,0.0035810857883185727,0.07685921421889613
mkgw_mhyper_native,W-N,dev_oof,Linear-p,1,tail,4276,2501.0,456.0,222.0,0.5237354016185729,0.0034875094554906185,0.10664172123479888,0.18232706917233107,0.5848924228250701,0.004240718103703638,0.007728227559194256,0.06565715622076715
mkgw_mhyper_native,W-N,dev_oof,Linear-p,2,head,4276,2637.0,658.0,1326.0,0.19025331365040674,-0.0003787389630001871,0.1538821328344247,0.24952597648843383,0.6166978484565014,0.0025207760118172375,0.0021420370488170505,0.06203227315247917
mkgw_mhyper_native,W-N,dev_oof,Linear-p,2,tail,4276,2937.0,592.0,230.0,0.5205078683998977,0.0007043623263212571,0.1384471468662301,0.20156622403813415,0.6868568755846586,0.0075727092172282896,0.008277071543549546,0.08015668849391958
mkgw_mhyper_native,W-N,dev_oof,Linear-p,3,head,4276,2824.0,647.0,1470.0,0.19644508938120753,0.0012270130610657097,0.15130963517305893,0.22910764872521247,0.6604303086997194,0.0020728943441900094,0.0032999074052557174,0.0751987839101964
mkgw_mhyper_native,W-N,dev_oof,Linear-p,3,tail,4276,2503.0,444.0,276.0,0.5206217581338609,0.0060421747162587944,0.1038353601496726,0.17738713543747503,0.5853601496725912,0.004070774056809452,0.010112948773068248,0.06531805425631439
mkgw_mhyper_native,W-N,dev_oof,Clip-g,1,head,4276,2836.0,754.0,1470.0,0.1956412532352185,0.0016213534288795361,0.17633302151543498,0.26586741889985893,0.6632366697848456,0.004211394093770643,0.00583274752265018,0.1553671655753041
mkgw_mhyper_native,W-N,dev_oof,Clip-g,1,tail,4276,2501.0,515.0,239.0,0.5226801883557026,0.0024322961926202665,0.12043966323666978,0.20591763294682128,0.5848924228250701,0.006032524345904754,0.00846482053852502,0.1322497661365763
mkgw_mhyper_native,W-N,dev_oof,Clip-g,2,head,4276,2637.0,708.0,1350.0,0.19158678601142243,0.0009547333980155068,0.16557530402245088,0.2684869169510808,0.6166978484565014,0.0027676770162419276,0.003722410414257434,0.124450420954163
mkgw_mhyper_native,W-N,dev_oof,Clip-g,2,tail,4276,2937.0,673.0,277.0,0.5241832087898071,0.004379702716230616,0.15739008419083256,0.22914538644875723,0.6868568755846586,0.007697832554150731,0.012077535270381344,0.16225444340505157
mkgw_mhyper_native,W-N,dev_oof,Clip-g,3,head,4276,2824.0,735.0,1505.0,0.19712927253768037,0.0019111962175385481,0.17188961646398504,0.26026912181303113,0.6604303086997194,0.003303978669998978,0.0052151748875375265,0.15086529466791393
mkgw_mhyper_native,W-N,dev_oof,Clip-g,3,tail,4276,2503.0,494.0,312.0,0.5226778192664121,0.008098235848809945,0.11552853133769879,0.19736316420295646,0.5853601496725912,0.005238286638770311,0.013336522487580256,0.1320743685687559
mkgw_mhyper_native,W-N,dev_oof,Shrink-fixed,1,head,4276,2472.0,519.0,1372.0,0.19497490084196892,0.0009550010356299573,0.12137511693171188,0.2099514563106796,0.578110383536015,0.001710796573077708,0.002665797608707665,0.051297942001871176
mkgw_mhyper_native,W-N,dev_oof,Shrink-fixed,1,tail,4276,1102.0,155.0,108.0,0.5203219548016721,7.406263858976779e-05,0.0362488306828812,0.14065335753176045,0.2577174929840973,0.001988136213617169,0.002062198852206937,0.014745088868100999
mkgw_mhyper_native,W-N,dev_oof,Shrink-fixed,2,head,4276,2180.0,441.0,1215.0,0.1912075434580265,0.0005754908446195682,0.10313376987839101,0.20229357798165137,0.509822263797942,0.0008736533744320537,0.0014491442190516218,0.03937090739008436
mkgw_mhyper_native,W-N,dev_oof,Shrink-fixed,2,tail,4276,1331.0,220.0,98.0,0.519378441812935,-0.0004250642606415008,0.05144995322731525,0.1652892561983471,0.31127221702525726,0.0039008585661234104,0.0034757943054819097,0.01742282507015902
mkgw_mhyper_native,W-N,dev_oof,Shrink-fixed,3,head,4276,2477.0,512.0,1391.0,0.1960035991865312,0.0007855228663893767,0.11973807296538821,0.2067016552280985,0.5792797006548176,0.001725131173617547,0.002510654040006923,0.050841908325538136
mkgw_mhyper_native,W-N,dev_oof,Shrink-fixed,3,tail,4276,1122.0,152.0,150.0,0.5161923260334309,0.0016127426158287818,0.03554724041159962,0.1354723707664884,0.2623947614593078,0.002105572245031797,0.0037183148608605785,0.015072497661365737
mkgw_mhyper_native,W-N,dev_oof,Radius-1,1,head,4276,2836.0,889.0,1420.0,0.19647963424535073,0.0024597344390117604,0.20790458372310572,0.31346967559943584,0.6632366697848456,0.0077032563815674915,0.010162990820579254,0.27501169317118807
mkgw_mhyper_native,W-N,dev_oof,Radius-1,1,tail,4276,2501.0,563.0,257.0,0.524319773060028,0.004071880896945637,0.13166510757717492,0.22510995601759295,0.5848924228250701,0.005994550795716817,0.010066431692662454,0.21209073900841943
mkgw_mhyper_native,W-N,dev_oof,Radius-1,2,head,4276,2637.0,829.0,1301.0,0.19184400778004493,0.0012119551666380022,0.19387277829747426,0.3143723928706864,0.6166978484565014,0.005188627306249023,0.006400582472887024,0.22194808231992547
mkgw_mhyper_native,W-N,dev_oof,Radius-1,2,tail,4276,2937.0,724.0,302.0,0.5249288025100867,0.005125296436510144,0.16931711880261927,0.24651004426285325,0.6868568755846586,0.008977069302562455,0.014102365739072599,0.25333255378858766
mkgw_mhyper_native,W-N,dev_oof,Radius-1,3,head,4276,2824.0,870.0,1433.0,0.19641609874294297,0.001198022422801157,0.20346117867165575,0.30807365439093487,0.6604303086997194,0.007189913017508674,0.008387935440309831,0.2712231057062676
mkgw_mhyper_native,W-N,dev_oof,Radius-1,3,tail,4276,2503.0,530.0,320.0,0.5249005920205785,0.010321008602976358,0.12394761459307764,0.21174590491410308,0.5853601496725912,0.004967741926325489,0.01528875052930185,0.21134237605238573
mkgw_mhyper_native,W-N,dev_oof,No-gate,1,head,4276,3908.0,1065.0,1902.0,0.19448330012284032,0.00046340031650134335,0.24906454630495792,0.272517911975435,0.9139382600561272,0.005627624711195024,0.00609102502769637,0.1577876520112253
mkgw_mhyper_native,W-N,dev_oof,No-gate,1,tail,4276,3727.0,840.0,498.0,0.5225947233154142,0.0023468311523318734,0.19644527595884004,0.22538234504963778,0.8716089803554724,0.00896051460169266,0.011307345754024537,0.13949953227315232
mkgw_mhyper_native,W-N,dev_oof,No-gate,2,head,4276,3796.0,1056.0,1758.0,0.1918139493127563,0.001181896699349362,0.2469597754911132,0.2781875658587987,0.8877455565949486,0.004437260522909391,0.005619157222258752,0.13306828811973812
mkgw_mhyper_native,W-N,dev_oof,No-gate,2,tail,4276,4000.0,1074.0,432.0,0.5228722087297909,0.003068702656214429,0.25116931711880264,0.2685,0.9354536950420954,0.01018807469660634,0.013256777352820766,0.16410196445275943
mkgw_mhyper_native,W-N,dev_oof,No-gate,3,head,4276,3882.0,1024.0,1914.0,0.1975774150018806,0.002359338681738805,0.23947614593077643,0.26378155589902114,0.9078578110383536,0.004649092742267298,0.007008431424006102,0.15498129092609897
mkgw_mhyper_native,W-N,dev_oof,No-gate,3,tail,4276,3748.0,804.0,568.0,0.5239348695763696,0.009355286158767493,0.1880261927034612,0.21451440768409819,0.8765201122544434,0.0065722041649358,0.0159274903237033,0.1394527595884002
mkgw_mhyper_native,W-N,dev_oof,Global,1,head,4276,0.0,0.0,0.0,0.19401989980633896,0.0,0.0,,0.0,0.0,0.0,0.0
mkgw_mhyper_native,W-N,dev_oof,Global,1,tail,4276,0.0,0.0,0.0,0.5202478921630823,0.0,0.0,,0.0,0.0,0.0,0.0
mkgw_mhyper_native,W-N,dev_oof,Global,2,head,4276,0.0,0.0,0.0,0.19063205261340693,0.0,0.0,,0.0,0.0,0.0,0.0
mkgw_mhyper_native,W-N,dev_oof,Global,2,tail,4276,0.0,0.0,0.0,0.5198035060735765,0.0,0.0,,0.0,0.0,0.0,0.0
mkgw_mhyper_native,W-N,dev_oof,Global,3,head,4276,0.0,0.0,0.0,0.19521807632014182,0.0,0.0,,0.0,0.0,0.0,0.0
mkgw_mhyper_native,W-N,dev_oof,Global,3,tail,4276,0.0,0.0,0.0,0.5145795834176021,0.0,0.0,,0.0,0.0,0.0,0.0
mkgw_mhyper_native,W-N,test,ADC,1,head,4274,2877.0,772.0,1473.0,0.1954313898717488,0.0014061190949742266,0.18062704726251755,0.2683350712547793,0.6731399157697707,0.004936683510867374,0.006342802605841601,0.13431211979410398
mkgw_mhyper_native,W-N,test,ADC,1,tail,4274,2420.0,426.0,221.0,0.542233970544325,0.0022676395259591535,0.09967243799719233,0.17603305785123968,0.5662143191389799,0.006259749489176187,0.008527389015135342,0.10866869443144596
mkgw_mhyper_native,W-N,test,ADC,2,head,4274,2698.0,783.0,1330.0,0.19330422367331954,0.002027719559926243,0.1832007487131493,0.29021497405485547,0.6312587739822181,0.0032327248537557794,0.005260444413682021,0.10760411792232087
mkgw_mhyper_native,W-N,test,ADC,2,tail,4274,2968.0,639.0,270.0,0.5389842289347906,0.0033871243802050476,0.1495086569957885,0.2152964959568733,0.6944314459522696,0.008267098849441004,0.011654223229646054,0.13449929808142264
mkgw_mhyper_native,W-N,test,ADC,3,head,4274,2870.0,829.0,1417.0,0.19303339306240422,-8.405213257466492e-05,0.19396350023397285,0.2888501742160279,0.6715021057557323,0.004672714729896812,0.004588662597322146,0.13281469349555455
mkgw_mhyper_native,W-N,test,ADC,3,tail,4274,2407.0,436.0,269.0,0.5396834218689582,0.005675341583165919,0.1020121665886757,0.1811383464894059,0.5631726719700515,0.005409868918238164,0.011085210501404083,0.1080018717828732
mkgw_mhyper_native,W-N,test,Center-0.5,1,head,4274,2877.0,805.0,1467.0,0.1941958694786975,0.00017059870192292684,0.18834815161441273,0.2798053527980535,0.6731399157697707,0.00624651864637815,0.006417117348301076,0.15379036031820295
mkgw_mhyper_native,W-N,test,Center-0.5,1,tail,4274,2420.0,407.0,223.0,0.5427029416268194,0.002736610608453603,0.09522695367337389,0.16818181818181818,0.5662143191389799,0.0055061828934776765,0.00824279350193128,0.08176181562938686
mkgw_mhyper_native,W-N,test,Center-0.5,2,head,4274,2698.0,794.0,1328.0,0.19325466738630012,0.0019781632729068362,0.185774450163781,0.29429206819866566,0.6312587739822181,0.003052224088406573,0.005030387361313409,0.12136172204024366
mkgw_mhyper_native,W-N,test,Center-0.5,2,tail,4274,2968.0,585.0,240.0,0.5379729536557647,0.002375849101179187,0.1368741226017782,0.1971024258760108,0.6944314459522696,0.008110184761235163,0.010486033862414349,0.10017547964436115
mkgw_mhyper_native,W-N,test,Center-0.5,3,head,4274,2870.0,854.0,1420.0,0.1932891122516992,0.0001716670567203008,0.19981282171268133,0.2975609756097561,0.6715021057557323,0.0053358437243426595,0.005507510781062961,0.15204726251754783
mkgw_mhyper_native,W-N,test,Center-0.5,3,tail,4274,2407.0,412.0,252.0,0.5390499699217302,0.005041889635937917,0.09639681796911559,0.17116742833402576,0.5631726719700515,0.005531818697122565,0.010573708333060483,0.08225315863359839
mkgw_mhyper_native,W-N,test,Linear-p,1,head,4274,2877.0,705.0,1465.0,0.1936677171581803,-0.00035755361859427984,0.16495086569957884,0.24504692387904067,0.6731399157697707,0.004115069782509683,0.0037575161639154028,0.07386523163313045
mkgw_mhyper_native,W-N,test,Linear-p,1,tail,4274,2420.0,393.0,205.0,0.5421441661385313,0.0021778351201656057,0.09195133364529715,0.16239669421487604,0.5662143191389799,0.0054174726485028074,0.007595307768668412,0.05861020121665899
mkgw_mhyper_native,W-N,test,Linear-p,2,head,4274,2698.0,715.0,1289.0,0.19304779790786553,0.0017712937944722531,0.16729059429106224,0.2650111193476649,0.6312587739822181,0.0016006074440881692,0.0033719012385604223,0.059054749649040984
mkgw_mhyper_native,W-N,test,Linear-p,2,tail,4274,2968.0,575.0,222.0,0.5378141289182734,0.002217024363687901,0.1345343940102948,0.19373315363881402,0.6944314459522696,0.007454719797067844,0.009671744160755743,0.07261347683668698
mkgw_mhyper_native,W-N,test,Linear-p,3,head,4274,2870.0,750.0,1397.0,0.19351268575218455,0.0003952405572056612,0.1754796443612541,0.2613240418118467,0.6715021057557323,0.002873578738114354,0.003268819295320015,0.07163079082826376
mkgw_mhyper_native,W-N,test,Linear-p,3,tail,4274,2407.0,401.0,240.0,0.5374769218543584,0.0034688415685661237,0.09382311651848385,0.16659742417947654,0.5631726719700515,0.005663631538655485,0.009132473107221607,0.05839962564342549
mkgw_mhyper_native,W-N,test,Clip-g,1,head,4274,2877.0,796.0,1460.0,0.1949453032580435,0.0009200324812689411,0.18624239588207767,0.27667709419534237,0.6731399157697707,0.0055596931900315765,0.006479725671300517,0.15090079550772106
mkgw_mhyper_native,W-N,test,Clip-g,1,tail,4274,2420.0,427.0,221.0,0.5418135761847096,0.0018472451663438172,0.09990641085634067,0.17644628099173554,0.5662143191389799,0.00659376518342714,0.008441010349770956,0.11959522695367349
mkgw_mhyper_native,W-N,test,Clip-g,2,head,4274,2698.0,803.0,1331.0,0.19306307008995943,0.0017865659765661584,0.18788020589611604,0.29762787249814676,0.6312587739822181,0.003542256510101871,0.005328822486668029,0.12064810481984127
mkgw_mhyper_native,W-N,test,Clip-g,2,tail,4274,2968.0,638.0,274.0,0.5396777293552508,0.004080624800665294,0.14927468413664016,0.21495956873315364,0.6944314459522696,0.00817191793039279,0.012252542731058086,0.14895882077679
mkgw_mhyper_native,W-N,test,Clip-g,3,head,4274,2870.0,844.0,1421.0,0.19303932051592448,-7.812467905439769e-05,0.19747309312119793,0.2940766550522648,0.6715021057557323,0.005071461595514519,0.004993336916460122,0.14199812821712693
mkgw_mhyper_native,W-N,test,Clip-g,3,tail,4274,2407.0,434.0,271.0,0.5399570265803278,0.005948946294535612,0.10154422087037904,0.1803074366431242,0.5631726719700515,0.005383011508413689,0.0113319578029493,0.11871782873186719
mkgw_mhyper_native,W-N,test,Shrink-fixed,1,head,4274,2614.0,585.0,1371.0,0.1938642287121724,-0.0001610420646021646,0.1368741226017782,0.22379495026778884,0.6116050538137576,0.0024992189889767864,0.0023381769243746215,0.045168460458587016
mkgw_mhyper_native,W-N,test,Shrink-fixed,1,tail,4274,1296.0,170.0,105.0,0.5405122632348018,0.0005459322164360694,0.0397753860552176,0.13117283950617284,0.3032288254562471,0.003246764726067749,0.0037926969425038184,0.01650678521291528
mkgw_mhyper_native,W-N,test,Shrink-fixed,2,head,4274,2326.0,522.0,1180.0,0.19244270416762,0.0011662000542267117,0.12213383247543284,0.2244196044711952,0.544220870379036,0.0009542108870289968,0.0021204109412557084,0.031375760411792394
mkgw_mhyper_native,W-N,test,Shrink-fixed,2,tail,4274,1588.0,230.0,99.0,0.5359800973730031,0.00038299281841756784,0.05381375760411792,0.14483627204030228,0.371548900327562,0.0034494733469977805,0.0038324661654153486,0.020121665886757158
mkgw_mhyper_native,W-N,test,Shrink-fixed,3,head,4274,2591.0,587.0,1328.0,0.19394303728485227,0.0008255920898733754,0.13734206832007487,0.22655345426476264,0.6062236780533458,0.001555866064950109,0.0023814581548234843,0.044478240524099405
mkgw_mhyper_native,W-N,test,Shrink-fixed,3,tail,4274,1341.0,189.0,145.0,0.5353172084301736,0.0013091281443813134,0.044220870379036034,0.14093959731543623,0.3137576041179223,0.003389059448565355,0.004698187592946668,0.01695133364529713
mkgw_mhyper_native,W-N,test,Radius-1,1,head,4274,2877.0,972.0,1396.0,0.19197245444280867,-0.0020528163339659034,0.2274216190921853,0.337851929092805,0.6731399157697707,0.011392751746617327,0.009339935412651426,0.28538839494618584
mkgw_mhyper_native,W-N,test,Radius-1,1,tail,4274,2420.0,495.0,253.0,0.5426679980373085,0.002701667018942648,0.11581656527842771,0.20454545454545456,0.5662143191389799,0.008404404543630357,0.011106071562573004,0.21127749181095043
mkgw_mhyper_native,W-N,test,Radius-1,2,head,4274,2698.0,924.0,1302.0,0.19184940392045902,0.0005728998070657408,0.21619092185306504,0.3424759080800593,0.6312587739822181,0.007122436177706814,0.0076953359847725545,0.2305802526906887
mkgw_mhyper_native,W-N,test,Radius-1,2,tail,4274,2968.0,703.0,300.0,0.5406762190157948,0.005079114461209184,0.16448291998128217,0.23685983827493262,0.6944314459522696,0.010402472492763116,0.015481586953972303,0.25876228357510556
mkgw_mhyper_native,W-N,test,Radius-1,3,head,4274,2870.0,1007.0,1371.0,0.19247733768775965,-0.0006401075072192308,0.23561066916237716,0.35087108013937285,0.6715021057557323,0.009909733491846196,0.00926962598462696,0.2794922788956476
mkgw_mhyper_native,W-N,test,Radius-1,3,tail,4274,2407.0,476.0,288.0,0.5427492217279939,0.008741141442201584,0.11137108095460926,0.19775654341503948,0.5631726719700515,0.005739467537248158,0.014480608979449743,0.2107393542349092
mkgw_mhyper_native,W-N,test,No-gate,1,head,4274,3849.0,1066.0,1822.0,0.19607587058369008,0.0020505998069155337,0.24941506785212916,0.27695505326058717,0.900561534861956,0.0055553264090659514,0.007605926215981487,0.14798783341132407
mkgw_mhyper_native,W-N,test,No-gate,1,tail,4274,3706.0,765.0,457.0,0.5421002174349994,0.0021338864166335902,0.17898923724847918,0.20642201834862386,0.8671034160037435,0.008763384818752969,0.010897271235386561,0.12656761815629378
mkgw_mhyper_native,W-N,test,No-gate,2,head,4274,3769.0,1127.0,1663.0,0.19424154929799342,0.0029650451846001467,0.26368741226017783,0.2990183072433006,0.8818437061300889,0.004456555700446209,0.007421600885046355,0.12243799719232526
mkgw_mhyper_native,W-N,test,No-gate,2,tail,4274,3970.0,1000.0,427.0,0.5369400048400252,0.0013429002854397165,0.2339728591483388,0.2518891687657431,0.928872250818905,0.011762860014891657,0.013105760300331375,0.1490524099204491
mkgw_mhyper_native,W-N,test,No-gate,3,head,4274,3841.0,1105.0,1786.0,0.19340340586698757,0.00028596067200866847,0.25854000935891436,0.28768549856808123,0.8986897519887693,0.0056937124833314045,0.005979673155340073,0.14640851661207271
mkgw_mhyper_native,W-N,test,No-gate,3,tail,4274,3713.0,741.0,524.0,0.5398473451457083,0.00583926485991609,0.17337388862891903,0.19956908160517103,0.8687412260177819,0.008195846529590396,0.014035111389506489,0.12631024801123053
mkgw_mhyper_native,W-N,test,Global,1,head,4274,0.0,0.0,0.0,0.19402527077677456,0.0,0.0,,0.0,0.0,0.0,0.0
mkgw_mhyper_native,W-N,test,Global,1,tail,4274,0.0,0.0,0.0,0.5399663310183658,0.0,0.0,,0.0,0.0,0.0,0.0
mkgw_mhyper_native,W-N,test,Global,2,head,4274,0.0,0.0,0.0,0.19127650411339328,0.0,0.0,,0.0,0.0,0.0,0.0
mkgw_mhyper_native,W-N,test,Global,2,tail,4274,0.0,0.0,0.0,0.5355971045545855,0.0,0.0,,0.0,0.0,0.0,0.0
mkgw_mhyper_native,W-N,test,Global,3,head,4274,0.0,0.0,0.0,0.1931174451949789,0.0,0.0,,0.0,0.0,0.0,0.0
mkgw_mhyper_native,W-N,test,Global,3,tail,4274,0.0,0.0,0.0,0.5340080802857923,0.0,0.0,,0.0,0.0,0.0,0.0
mkgw_mhyper_adamf,W-A,dev_oof,ADC,1,head,4276,1143.0,244.0,788.0,0.18733686067675118,-0.0004485359071333122,0.05706267539756782,0.21347331583552057,0.26730589335827876,0.0017904122046256213,0.0013418762974923089,0.05332086061739946
mkgw_mhyper_adamf,W-A,dev_oof,ADC,1,tail,4276,394.0,68.0,247.0,0.5195788835350227,0.0018843214230475813,0.015902712815715623,0.17258883248730963,0.0921421889616464,0.0014366741635830798,0.003320995586630661,0.015528531337698786
mkgw_mhyper_adamf,W-A,dev_oof,ADC,2,head,4276,1527.0,300.0,1049.0,0.18838131010715692,0.0003104120951034437,0.07015902712815715,0.19646365422396855,0.3571094480823199,0.001553243820374919,0.0018636559154783627,0.07257951356407853
mkgw_mhyper_adamf,W-A,dev_oof,ADC,2,tail,4276,365.0,55.0,218.0,0.5198805829065802,0.0022907334574986168,0.012862488306828812,0.1506849315068493,0.0853601496725912,0.0014105870266681356,0.003701320484166752,0.014452759588400373
mkgw_mhyper_adamf,W-A,dev_oof,ADC,3,head,4276,1189.0,231.0,839.0,0.19246041689575216,0.0009102765025586046,0.05402245088868101,0.19428090832632464,0.27806361085126285,0.0010238681214813996,0.0019341446240400038,0.056817118802619304
mkgw_mhyper_adamf,W-A,dev_oof,ADC,3,tail,4276,380.0,63.0,226.0,0.5165171194901783,0.0022761738397462025,0.014733395696913003,0.16578947368421051,0.08886810102899906,0.001641121880913938,0.00391729572066014,0.016300280636108517
mkgw_mhyper_adamf,W-A,dev_oof,Center-0.5,1,head,4276,1958.0,603.0,1013.0,0.1802148739372027,-0.007570522646681797,0.14101964452759588,0.3079673135852911,0.4579045837231057,0.012380705248110736,0.004810182601428936,0.2391370439663235
mkgw_mhyper_adamf,W-A,dev_oof,Center-0.5,1,tail,4276,2756.0,435.0,757.0,0.5045105939590281,-0.013183968152946928,0.10173058933582788,0.15783744557329463,0.6445275958840038,0.02353100515144809,0.010347036998501162,0.20358980355472397
mkgw_mhyper_adamf,W-A,dev_oof,Center-0.5,2,head,4276,2003.0,655.0,1069.0,0.18473659002237078,-0.0033343079896827154,0.15318054256314312,0.327009485771343,0.4684284377923293,0.00918989631149036,0.005855588321807646,0.2837815715622078
mkgw_mhyper_adamf,W-A,dev_oof,Center-0.5,2,tail,4276,2307.0,335.0,581.0,0.5109617435126658,-0.006628105936415851,0.07834424695977549,0.14521022973558734,0.5395229186155285,0.01723929306143221,0.010611187125016358,0.1839335827876519
mkgw_mhyper_adamf,W-A,dev_oof,Center-0.5,3,head,4276,1806.0,546.0,943.0,0.1887814997424771,-0.0027686406507164787,0.127689429373246,0.3023255813953488,0.4223573433115061,0.009109273545046877,0.0063406328943303985,0.23636576239476123
mkgw_mhyper_adamf,W-A,dev_oof,Center-0.5,3,tail,4276,2455.0,364.0,673.0,0.5074863266431467,-0.00675461900728531,0.08512628624883069,0.14826883910386965,0.5741347053320861,0.019589618396573805,0.012834999389288494,0.19478484565014023
mkgw_mhyper_adamf,W-A,dev_oof,Linear-p,1,head,4276,1143.0,217.0,772.0,0.18731370856128546,-0.0004716880225990183,0.050748362956033674,0.18985126859142606,0.26730589335827876,0.0011684646451789952,0.0006967766225799769,0.027256782039289097
mkgw_mhyper_adamf,W-A,dev_oof,Linear-p,1,tail,4276,394.0,66.0,230.0,0.5185078137203029,0.0008132516083278283,0.015434985968194575,0.16751269035532995,0.0921421889616464,0.0011891205707462592,0.0020023721790740872,0.007881197380729654
mkgw_mhyper_adamf,W-A,dev_oof,Linear-p,2,head,4276,1527.0,250.0,1055.0,0.18826084263578668,0.00018994462373321473,0.05846585594013096,0.16371971185330714,0.3571094480823199,0.0008805996529852918,0.001070544276718506,0.03892656688493922
mkgw_mhyper_adamf,W-A,dev_oof,Linear-p,2,tail,4276,365.0,40.0,206.0,0.5196656563212373,0.002075806872155652,0.009354536950420954,0.1095890410958904,0.0853601496725912,0.0008317564873108907,0.002907563359466542,0.007600561272217025
mkgw_mhyper_adamf,W-A,dev_oof,Linear-p,3,head,4276,1189.0,190.0,843.0,0.19223656211587534,0.0006864217226817727,0.04443405051449953,0.159798149705635,0.27806361085126285,0.0005776948758944351,0.0012641165985762077,0.031372778297474306
mkgw_mhyper_adamf,W-A,dev_oof,Linear-p,3,tail,4276,380.0,53.0,205.0,0.5148021221718889,0.0005611765214567965,0.012394761459307764,0.1394736842105263,0.08886810102899906,0.0011159147673991516,0.0016770912888559478,0.008430776426566883
mkgw_mhyper_adamf,W-A,dev_oof,Clip-g,1,head,4276,1143.0,244.0,788.0,0.1872836980773235,-0.0005016985065609849,0.05706267539756782,0.21347331583552057,0.26730589335827876,0.0019252063205352963,0.0014235078139743112,0.05985734331150612
mkgw_mhyper_adamf,W-A,dev_oof,Clip-g,1,tail,4276,394.0,70.0,247.0,0.5195414774894699,0.0018469153774948283,0.01637043966323667,0.17766497461928935,0.0921421889616464,0.00157338945894934,0.003420304836444168,0.016393826005612726
mkgw_mhyper_adamf,W-A,dev_oof,Clip-g,2,head,4276,1527.0,305.0,1048.0,0.18854651624854726,0.0004756182364937888,0.07132834424695977,0.1997380484610347,0.3571094480823199,0.001473047436049189,0.0019486656725429775,0.08144293732460242
mkgw_mhyper_adamf,W-A,dev_oof,Clip-g,2,tail,4276,365.0,53.0,219.0,0.5201868834632405,0.002597034014158895,0.012394761459307764,0.14520547945205478,0.0853601496725912,0.0012926881768899256,0.003889722191048821,0.015493451824134705
mkgw_mhyper_adamf,W-A,dev_oof,Clip-g,3,head,4276,1189.0,240.0,832.0,0.1926163243089329,0.001066183915739337,0.05612722170252572,0.20185029436501262,0.27806361085126285,0.0010319838441755595,0.0020981677599148964,0.06536482694106642
mkgw_mhyper_adamf,W-A,dev_oof,Clip-g,3,tail,4276,380.0,65.0,222.0,0.5168551840967757,0.0026142384463435885,0.01520112254443405,0.17105263157894737,0.08886810102899906,0.001998939800778771,0.004613178247122359,0.017691768007483632
mkgw_mhyper_adamf,W-A,dev_oof,Shrink-fixed,1,head,4276,1958.0,449.0,1099.0,0.18375539395947488,-0.004030002624409605,0.1050046772684752,0.2293156281920327,0.4579045837231057,0.006859494066108368,0.0028294914416987613,0.11905986903648269
mkgw_mhyper_adamf,W-A,dev_oof,Shrink-fixed,1,tail,4276,2760.0,333.0,750.0,0.5090525856125232,-0.00864197649945185,0.07787652011225445,0.12065217391304348,0.6454630495790459,0.015317561757678622,0.006675585258226773,0.12677736202058024
mkgw_mhyper_adamf,W-A,dev_oof,Shrink-fixed,2,head,4276,2003.0,446.0,1196.0,0.1857111890553038,-0.0023597089567496832,0.10430308699719364,0.22266600099850226,0.4684284377923293,0.004959927300682479,0.002600218343932797,0.13357109448082305
mkgw_mhyper_adamf,W-A,dev_oof,Shrink-fixed,2,tail,4276,2307.0,238.0,581.0,0.5128440028580777,-0.004745846591003854,0.055659494855004675,0.10316428261811877,0.5395229186155285,0.010972411432559885,0.006226564841556031,0.11043030869971956
mkgw_mhyper_adamf,W-A,dev_oof,Shrink-fixed,3,head,4276,1806.0,409.0,1046.0,0.18905526594283456,-0.002494874450359014,0.09565014031805426,0.2264673311184939,0.4223573433115061,0.0057555476835427916,0.003260673233183778,0.11545837231057064
mkgw_mhyper_adamf,W-A,dev_oof,Shrink-fixed,3,tail,4276,2455.0,305.0,646.0,0.5068767081142417,-0.007364237536190421,0.07132834424695977,0.12423625254582485,0.5741347053320861,0.013922224589335416,0.006557987053144992,0.11697848456501425
mkgw_mhyper_adamf,W-A,dev_oof,Radius-1,1,head,4276,1143.0,282.0,768.0,0.1876245934482475,-0.00016080313563697794,0.06594948550046772,0.24671916010498687,0.26730589335827876,0.002777068238232192,0.002616265102595214,0.10834892422825075
mkgw_mhyper_adamf,W-A,dev_oof,Radius-1,1,tail,4276,394.0,77.0,253.0,0.5209234217397726,0.003228859627797456,0.018007483629560336,0.19543147208121828,0.0921421889616464,0.00280240528481553,0.006031264912612984,0.031162301216089802
mkgw_mhyper_adamf,W-A,dev_oof,Radius-1,2,head,4276,1527.0,385.0,1000.0,0.18815886678478186,8.796877272838446e-05,0.09003741814780168,0.25212835625409297,0.3571094480823199,0.002691521438855266,0.0027794902115836494,0.14476145930776413
mkgw_mhyper_adamf,W-A,dev_oof,Radius-1,2,tail,4276,365.0,59.0,222.0,0.5206719432574096,0.003082093808328013,0.013797942001870907,0.16164383561643836,0.0853601496725912,0.0020682446659839038,0.005150338474311917,0.02922123479887745
mkgw_mhyper_adamf,W-A,dev_oof,Radius-1,3,head,4276,1189.0,313.0,790.0,0.19257193763536398,0.001021797242170405,0.07319925163704397,0.26324642556770395,0.27806361085126285,0.0022901512437013055,0.0033119484858717112,0.11634705332086057
mkgw_mhyper_adamf,W-A,dev_oof,Radius-1,3,tail,4276,380.0,71.0,235.0,0.5194504764257328,0.005209530775300772,0.016604303086997195,0.1868421052631579,0.08886810102899906,0.0022546381348394905,0.007464168910140262,0.0329045837231057
mkgw_mhyper_adamf,W-A,dev_oof,No-gate,1,head,4276,2161.0,422.0,1358.0,0.18701607853100713,-0.0007693180528773519,0.09869036482694106,0.1952799629801018,0.505378858746492,0.00269823705529063,0.0019289190024132778,0.06902478952291873
mkgw_mhyper_adamf,W-A,dev_oof,No-gate,1,tail,4276,853.0,117.0,424.0,0.5193682735924156,0.0016737114804404878,0.02736202057998129,0.13716295427901523,0.19948550046772684,0.0019524751614409506,0.003626186641881438,0.02217025257249767
mkgw_mhyper_adamf,W-A,dev_oof,No-gate,2,head,4276,2677.0,496.0,1667.0,0.18738156274430884,-0.0006893352677446571,0.11599625818521983,0.18528203212551364,0.6260523854069223,0.0027203878335344328,0.0020310525657897763,0.09015434985968189
mkgw_mhyper_adamf,W-A,dev_oof,No-gate,2,tail,4276,1001.0,126.0,480.0,0.5190579317469666,0.0014680822978849688,0.029466791393826006,0.1258741258741259,0.23409728718428438,0.002746055856128756,0.004214138154013725,0.023678671655753054
mkgw_mhyper_adamf,W-A,dev_oof,No-gate,3,head,4276,2348.0,414.0,1466.0,0.19229684672109995,0.0007467063279063739,0.09681945743685688,0.17632027257240204,0.54911131898971,0.0018280635469377475,0.0025747698748441214,0.07436856875584659
mkgw_mhyper_adamf,W-A,dev_oof,No-gate,3,tail,4276,926.0,127.0,437.0,0.5166436255227121,0.0024026798722800845,0.02970065481758653,0.13714902807775378,0.2165575304022451,0.0022501188010361686,0.004652798673316253,0.024099625818521996
mkgw_mhyper_adamf,W-A,dev_oof,Global,1,head,4276,0.0,0.0,0.0,0.1877853965838845,0.0,0.0,,0.0,0.0,0.0,0.0
mkgw_mhyper_adamf,W-A,dev_oof,Global,1,tail,4276,0.0,0.0,0.0,0.5176945621119751,0.0,0.0,,0.0,0.0,0.0,0.0
mkgw_mhyper_adamf,W-A,dev_oof,Global,2,head,4276,0.0,0.0,0.0,0.18807089801205348,0.0,0.0,,0.0,0.0,0.0,0.0
mkgw_mhyper_adamf,W-A,dev_oof,Global,2,tail,4276,0.0,0.0,0.0,0.5175898494490816,0.0,0.0,,0.0,0.0,0.0,0.0
mkgw_mhyper_adamf,W-A,dev_oof,Global,3,head,4276,0.0,0.0,0.0,0.19155014039319357,0.0,0.0,,0.0,0.0,0.0,0.0
mkgw_mhyper_adamf,W-A,dev_oof,Global,3,tail,4276,0.0,0.0,0.0,0.5142409456504321,0.0,0.0,,0.0,0.0,0.0,0.0
mkgw_mhyper_adamf,W-A,test,ADC,1,head,4274,1200.0,228.0,833.0,0.18513446447474655,0.0004159637328639008,0.05334581188582124,0.19,0.28076743097800655,0.0019554198897394686,0.0023713836226033694,0.05684370613008901
mkgw_mhyper_adamf,W-A,test,ADC,1,tail,4274,373.0,52.0,234.0,0.5373090942937476,0.000807112169000774,0.012166588675713618,0.13941018766756033,0.08727187646233037,0.0016536168818549295,0.0024607290508557034,0.01445952269536734
mkgw_mhyper_adamf,W-A,test,ADC,2,head,4274,1625.0,313.0,1127.0,0.18430415014065102,0.0005613598981463234,0.07323350491343004,0.1926153846153846,0.38020589611605055,0.0015240836398401963,0.0020854435379865197,0.07808844174075817
mkgw_mhyper_adamf,W-A,test,ADC,2,tail,4274,374.0,51.0,213.0,0.5360452312385896,0.0020797778139534247,0.011932615816565278,0.13636363636363635,0.08750584932147872,0.0012399395198941648,0.003319717333847589,0.015219934487599441
mkgw_mhyper_adamf,W-A,test,ADC,3,head,4274,1276.0,229.0,911.0,0.18493459845523924,0.0009139172842394415,0.053579784744969584,0.17946708463949843,0.2985493682732803,0.000740911240513528,0.0016548285247529695,0.06065746373420687
mkgw_mhyper_adamf,W-A,test,ADC,3,tail,4274,356.0,55.0,222.0,0.5366815679264376,0.0013053387747172793,0.012868507253158634,0.1544943820224719,0.0832943378568086,0.0014363426093375931,0.0027416813840548727,0.014962564342536268
mkgw_mhyper_adamf,W-A,test,Center-0.5,1,head,4274,1979.0,618.0,1028.0,0.17930821180788323,-0.005410288933999417,0.14459522695367338,0.3122789287518949,0.4630322882545625,0.012291395853892466,0.006881106919893049,0.24694665418811376
mkgw_mhyper_adamf,W-A,test,Center-0.5,1,tail,4274,2683.0,429.0,688.0,0.5222233855463604,-0.014278596578386508,0.10037435657463734,0.15989563920983973,0.627749181094993,0.02469882559636646,0.010420229017979944,0.19635002339728588
mkgw_mhyper_adamf,W-A,test,Center-0.5,2,head,4274,2066.0,672.0,1112.0,0.18308970024882734,-0.0006530899936773608,0.15722976134768366,0.32526621490803487,0.48338792700046795,0.00880161154333666,0.008148521549659298,0.2981633130556852
mkgw_mhyper_adamf,W-A,test,Center-0.5,2,tail,4274,2316.0,340.0,539.0,0.5237075748245703,-0.010257878600065905,0.0795507721104352,0.14680483592400692,0.5418811417875526,0.01959263308634166,0.009334754486275758,0.18674543752924658
mkgw_mhyper_adamf,W-A,test,Center-0.5,3,head,4274,1878.0,581.0,996.0,0.1800760324386871,-0.003944648732312689,0.13593823116518483,0.3093716719914803,0.43940102948058024,0.010596970785737582,0.006652322053424891,0.2498011230697237
mkgw_mhyper_adamf,W-A,test,Center-0.5,3,tail,4274,2462.0,411.0,637.0,0.5241199714798057,-0.011256257671914615,0.09616284510996724,0.1669374492282697,0.5760411792232101,0.023498846106334632,0.01224258843442002,0.19570659803462795
mkgw_mhyper_adamf,W-A,test,Linear-p,1,head,4274,1200.0,201.0,821.0,0.18546415915258635,0.0007456584107036947,0.0470285446888161,0.1675,0.28076743097800655,0.0009389783944790997,0.0016846368051827943,0.028837154890032822
mkgw_mhyper_adamf,W-A,test,Linear-p,1,tail,4274,373.0,52.0,221.0,0.5371596478508944,0.0006576657261475071,0.012166588675713618,0.13941018766756033,0.08727187646233037,0.0010123295622480205,0.0016699952883955276,0.007498830135704259
mkgw_mhyper_adamf,W-A,test,Linear-p,2,head,4274,1625.0,264.0,1125.0,0.18452703821070665,0.0007842479682019641,0.06176883481516144,0.16246153846153846,0.38020589611605055,0.0007377804511871607,0.0015220284193891251,0.042980814225549877
mkgw_mhyper_adamf,W-A,test,Linear-p,2,tail,4274,374.0,48.0,195.0,0.5357055994407319,0.0017401460160957473,0.011230697239120261,0.12834224598930483,0.08750584932147872,0.0007728253499097397,0.002512971366005487,0.007955077211043519
mkgw_mhyper_adamf,W-A,test,Linear-p,3,head,4274,1276.0,183.0,901.0,0.18464300692210125,0.0006223257511014544,0.042817033224146,0.14341692789968652,0.2985493682732803,0.0005453513777817222,0.0011676771288831767,0.030194197473093178
mkgw_mhyper_adamf,W-A,test,Linear-p,3,tail,4274,356.0,42.0,201.0,0.5362784603643684,0.0009022312126481152,0.009826860084230228,0.11797752808988764,0.0832943378568086,0.0007440657290164656,0.0016462969416645807,0.007756200280767432
mkgw_mhyper_adamf,W-A,test,Clip-g,1,head,4274,1200.0,235.0,830.0,0.18512559668834064,0.00040709594645798567,0.054983621899859614,0.19583333333333333,0.28076743097800655,0.002012433894779591,0.0024195298412375763,0.06313757604117932
mkgw_mhyper_adamf,W-A,test,Clip-g,1,tail,4274,373.0,54.0,235.0,0.5372733860368167,0.0007714039120698505,0.012634534394010294,0.1447721179624665,0.08727187646233037,0.0017748625890939614,0.002546266501163812,0.015278427702386526
mkgw_mhyper_adamf,W-A,test,Clip-g,2,head,4274,1625.0,323.0,1121.0,0.1847481198693802,0.0010053296268754995,0.07557323350491343,0.19876923076923078,0.38020589611605055,0.0015471255930475,0.002552455219923,0.0857042583060364
mkgw_mhyper_adamf,W-A,test,Clip-g,2,tail,4274,374.0,51.0,215.0,0.5361052826159428,0.0021398291913065815,0.011932615816565278,0.13636363636363635,0.08750584932147872,0.0012401555779011247,0.0033799847692077066,0.016612072999532053
mkgw_mhyper_adamf,W-A,test,Clip-g,3,head,4274,1276.0,231.0,910.0,0.18528621586514962,0.0012655346941498424,0.05404773046326626,0.1810344827586207,0.2985493682732803,0.000674219600781053,0.0019397542949308956,0.06716190921853073
mkgw_mhyper_adamf,W-A,test,Clip-g,3,tail,4274,356.0,56.0,224.0,0.5373611346393067,0.0019849054875863852,0.013102480112306972,0.15730337078651685,0.0832943378568086,0.0015167496504066755,0.003501655137993061,0.0162962096396818
mkgw_mhyper_adamf,W-A,test,Shrink-fixed,1,head,4274,1979.0,459.0,1119.0,0.18201795186758954,-0.00270054887429311,0.1073935423490875,0.23193532086912583,0.4630322882545625,0.006961860025578293,0.004261311151285185,0.12302292934019664
mkgw_mhyper_adamf,W-A,test,Shrink-fixed,1,tail,4274,2686.0,313.0,685.0,0.5259188021309003,-0.010583179993846644,0.07323350491343004,0.116530156366344,0.628451099672438,0.016603006369929323,0.006019826376082679,0.12326860084230248
mkgw_mhyper_adamf,W-A,test,Shrink-fixed,2,head,4274,2066.0,451.0,1262.0,0.1824809387286746,-0.0012618515138301113,0.1055217594759008,0.21829622458857695,0.48338792700046795,0.0052851672799355464,0.004023315766105437,0.13937763219466542
mkgw_mhyper_adamf,W-A,test,Shrink-fixed,2,tail,4274,2316.0,239.0,540.0,0.5275007637626695,-0.006464689661966696,0.055919513336452974,0.10319516407599309,0.5418811417875526,0.012190972993053066,0.005726283331086371,0.1116167524567152
mkgw_mhyper_adamf,W-A,test,Shrink-fixed,3,head,4274,1878.0,409.0,1114.0,0.1816764308437134,-0.0023442503272863885,0.09569489939167057,0.21778487752928646,0.43940102948058024,0.005728847815815272,0.003384597488528883,0.12149040711277502
mkgw_mhyper_adamf,W-A,test,Shrink-fixed,3,tail,4274,2462.0,294.0,627.0,0.5269984805374746,-0.00837774861424574,0.0687880205896116,0.11941510966693746,0.5760411792232101,0.014457633677818554,0.006079885063572813,0.11747777257838113
mkgw_mhyper_adamf,W-A,test,Radius-1,1,head,4274,1200.0,296.0,817.0,0.18600805190741218,0.0012895511655295234,0.06925596630790828,0.24666666666666667,0.28076743097800655,0.003088034714070099,0.00437758587959962,0.11524333177351445
mkgw_mhyper_adamf,W-A,test,Radius-1,1,tail,4274,373.0,70.0,245.0,0.5387768604806072,0.0022748783558603726,0.016378100140383715,0.1876675603217158,0.08727187646233037,0.0028142991845895057,0.005089177540449879,0.029211511464670097
mkgw_mhyper_adamf,W-A,test,Radius-1,2,head,4274,1625.0,412.0,1078.0,0.18486834088311027,0.0011255506406055605,0.09639681796911559,0.25353846153846155,0.38020589611605055,0.003206443490226477,0.0043319941308320375,0.15255030416471657
mkgw_mhyper_adamf,W-A,test,Radius-1,2,tail,4274,374.0,63.0,229.0,0.5367943728078056,0.0028289193831693995,0.014740290126345344,0.16844919786096257,0.08750584932147872,0.002201111927031537,0.005030031310200936,0.030884417407580713
mkgw_mhyper_adamf,W-A,test,Radius-1,3,head,4274,1276.0,308.0,867.0,0.1858028069268978,0.001782125755898003,0.07206364061768834,0.2413793103448276,0.2985493682732803,0.002012536230120465,0.003794661986018467,0.1218764623303698
mkgw_mhyper_adamf,W-A,test,Radius-1,3,tail,4274,356.0,68.0,231.0,0.5391784260630081,0.003802196911287843,0.015910154422087038,0.19101123595505617,0.0832943378568086,0.0021266109350688927,0.005928807846356736,0.030334581188582125
mkgw_mhyper_adamf,W-A,test,No-gate,1,head,4274,2276.0,415.0,1433.0,0.18495327272193873,0.00023477198005608153,0.0970987365465606,0.18233743409490333,0.5325222274216191,0.0027286710099933384,0.0029634429900494193,0.07316331305568548
mkgw_mhyper_adamf,W-A,test,No-gate,1,tail,4274,862.0,117.0,422.0,0.5375495675414084,0.0010475854166614826,0.02737482452035564,0.1357308584686775,0.20168460458586804,0.0022266861103531683,0.0032742715270146516,0.02154890032756201
mkgw_mhyper_adamf,W-A,test,No-gate,2,head,4274,2772.0,512.0,1702.0,0.1837962061939701,5.341595146541159e-05,0.11979410388394947,0.1847041847041847,0.6485727655591952,0.002427034252452633,0.0024804502039180447,0.0950982686008423
mkgw_mhyper_adamf,W-A,test,No-gate,2,tail,4274,987.0,119.0,449.0,0.5362043962973684,0.0022389428727321867,0.027842770238652316,0.12056737588652482,0.23093121197941038,0.0021419423345560517,0.004380885207288238,0.02425128685072533
mkgw_mhyper_adamf,W-A,test,No-gate,3,head,4274,2358.0,413.0,1500.0,0.18496643002527183,0.0009457488542720381,0.09663079082826392,0.17514843087362172,0.5517080018717829,0.0015064366402914434,0.0024521854945634817,0.07689518015910152
mkgw_mhyper_adamf,W-A,test,No-gate,3,tail,4274,901.0,120.0,414.0,0.5371347403079952,0.001758511156274951,0.028076743097800654,0.13318534961154274,0.21080954609265326,0.002033351374668362,0.0037918625309433123,0.022976134768366872
mkgw_mhyper_adamf,W-A,test,Global,1,head,4274,0.0,0.0,0.0,0.18471850074188265,0.0,0.0,,0.0,0.0,0.0,0.0
mkgw_mhyper_adamf,W-A,test,Global,1,tail,4274,0.0,0.0,0.0,0.5365019821247469,0.0,0.0,,0.0,0.0,0.0,0.0
mkgw_mhyper_adamf,W-A,test,Global,2,head,4274,0.0,0.0,0.0,0.1837427902425047,0.0,0.0,,0.0,0.0,0.0,0.0
mkgw_mhyper_adamf,W-A,test,Global,2,tail,4274,0.0,0.0,0.0,0.5339654534246362,0.0,0.0,,0.0,0.0,0.0,0.0
mkgw_mhyper_adamf,W-A,test,Global,3,head,4274,0.0,0.0,0.0,0.1840206811709998,0.0,0.0,,0.0,0.0,0.0,0.0
mkgw_mhyper_adamf,W-A,test,Global,3,tail,4274,0.0,0.0,0.0,0.5353762291517203,0.0,0.0,,0.0,0.0,0.0,0.0
db15k_mhyper_native,D-N,dev_oof,ADC,1,head,7922,1335.0,222.0,519.0,0.24478264784677173,-0.00013719544585535448,0.02802322645796516,0.1662921348314607,0.16851805099722292,0.0008033030087360923,0.0006661075628807377,0.013834890179247631
db15k_mhyper_native,D-N,dev_oof,ADC,1,tail,7922,89.0,14.0,26.0,0.523285881248588,-5.3031356710566454e-05,0.0017672304973491543,0.15730337078651685,0.011234536733148195,6.724087574844556e-05,1.4209519037879109e-05,0.0008520575612219139
db15k_mhyper_native,D-N,dev_oof,ADC,2,head,7922,754.0,98.0,297.0,0.24372355719621816,0.00011790370377866787,0.01237061348144408,0.129973474801061,0.09517798535723303,0.00026211435486633405,0.00038001805864500187,0.006488260540267599
db15k_mhyper_native,D-N,dev_oof,ADC,2,tail,7922,38.0,10.0,11.0,0.5205408151167079,7.182367985788412e-05,0.0012623074981065387,0.2631578947368421,0.004796768492804847,2.3638895798063196e-05,9.546257565594732e-05,0.0004670537742994194
db15k_mhyper_native,D-N,dev_oof,ADC,3,head,7922,2353.0,419.0,1006.0,0.24188926028005373,-0.00012813762632104866,0.052890684170663976,0.1780705482362941,0.29702095430446857,0.0018628746158723406,0.001734736989551292,0.027448876546326807
db15k_mhyper_native,D-N,dev_oof,ADC,3,tail,7922,238.0,20.0,70.0,0.5212470011792795,7.572176821462915e-05,0.0025246149962130774,0.08403361344537816,0.030042918454935622,5.080967367533029e-05,0.00012653144188995945,0.0019944458470083325
db15k_mhyper_native,D-N,dev_oof,Center-0.5,1,head,7922,2149.0,968.0,823.0,0.24403959820900173,-0.000880245083625351,0.12219136581671296,0.45044206607724524,0.27126988134309515,0.005454291142558837,0.004574046058933484,0.13495960616005992
db15k_mhyper_native,D-N,dev_oof,Center-0.5,1,tail,7922,1138.0,243.0,281.0,0.5197039500091675,-0.003634962596131054,0.030674072203988892,0.21353251318101935,0.14365059328452412,0.005944154196613772,0.002309191600482718,0.06208028275687951
db15k_mhyper_native,D-N,dev_oof,Center-0.5,2,head,7922,1732.0,785.0,708.0,0.2438180651538965,0.00021241166145703012,0.09909113860136329,0.4532332563510393,0.2186316586720525,0.003177507349397851,0.0033899190108548803,0.09922368088866425
db15k_mhyper_native,D-N,dev_oof,Center-0.5,2,tail,7922,1978.0,335.0,494.0,0.5164227107689432,-0.004046280667906826,0.04228730118656905,0.16936299292214357,0.24968442312547337,0.007573411832492499,0.0035271311645856712,0.10417823781873303
db15k_mhyper_native,D-N,dev_oof,Center-0.5,3,head,7922,3078.0,1275.0,1282.0,0.2389321114523561,-0.003085286454018673,0.1609442060085837,0.4142300194931774,0.3885382479171926,0.01183671827819958,0.00875143182418091,0.20869098712446207
db15k_mhyper_native,D-N,dev_oof,Center-0.5,3,tail,7922,983.0,206.0,288.0,0.5182673953568836,-0.002903884054181291,0.0260035344609947,0.20956256358087488,0.12408482706387276,0.005631581327019582,0.0027276972728382904,0.056759656652360484
db15k_mhyper_native,D-N,dev_oof,Linear-p,1,head,7922,1216.0,179.0,442.0,0.24476031935655898,-0.0001595239360681066,0.022595304216107042,0.14720394736842105,0.1534965917697551,0.0005378280151013532,0.00037830407903324673,0.0077631911133551985
db15k_mhyper_native,D-N,dev_oof,Linear-p,1,tail,7922,57.0,10.0,17.0,0.523282515998666,-5.6396606632496786e-05,0.0012623074981065387,0.17543859649122806,0.007195152739207271,6.396478635184312e-05,7.568179719346344e-06,0.000378692249431962
db15k_mhyper_native,D-N,dev_oof,Linear-p,2,head,7922,620.0,78.0,224.0,0.24373292209832373,0.00012726860588424302,0.009845998485231003,0.12580645161290321,0.0782630648826054,8.934143947809856e-05,0.00021661004536234157,0.003944710931582929
db15k_mhyper_native,D-N,dev_oof,Linear-p,2,tail,7922,35.0,10.0,9.0,0.5204849268944776,1.5935457627514153e-05,0.0012623074981065387,0.2857142857142857,0.004418076243372886,5.416083588388792e-06,2.1351541215902944e-05,0.0002587730371118406
db15k_mhyper_native,D-N,dev_oof,Linear-p,3,head,7922,2263.0,351.0,883.0,0.2416522439105232,-0.00036515399585158344,0.04430699318353951,0.15510384445426426,0.28566018682150973,0.0011461760072747624,0.0007810220114231793,0.014617520828073783
db15k_mhyper_native,D-N,dev_oof,Linear-p,3,tail,7922,168.0,16.0,49.0,0.5212937302056773,0.00012245079461236706,0.002019691996970462,0.09523809523809523,0.02120676596818985,4.6205489039182335e-05,0.00016865628365154937,0.0010918959858621567
db15k_mhyper_native,D-N,dev_oof,Clip-g,1,head,7922,1335.0,224.0,523.0,0.24477521209735348,-0.00014463119527361376,0.02827568795758647,0.16779026217228465,0.16851805099722292,0.0008264766843909301,0.0006818454891173164,0.014251451653622791
db15k_mhyper_native,D-N,dev_oof,Clip-g,1,tail,7922,89.0,15.0,26.0,0.5232847625026179,-5.415010268063553e-05,0.0018934612471598082,0.16853932584269662,0.011234536733148195,6.841115499053368e-05,1.4261052309898156e-05,0.0008709921736935121
db15k_mhyper_native,D-N,dev_oof,Clip-g,2,head,7922,754.0,101.0,298.0,0.24385107841913709,0.0002454249266975959,0.012749305730876041,0.13395225464190982,0.09517798535723303,0.00020133420307381726,0.0004467591297714131,0.006797525877303702
db15k_mhyper_native,D-N,dev_oof,Clip-g,2,tail,7922,38.0,11.0,11.0,0.5205389410091563,6.994957230634865e-05,0.0013885382479171926,0.2894736842105263,0.004796768492804847,2.554170763843675e-05,9.54912799447854e-05,0.0004986114617520828
db15k_mhyper_native,D-N,dev_oof,Clip-g,3,head,7922,2353.0,421.0,1009.0,0.2418867533904206,-0.00013064451595417293,0.05314314567028528,0.17892052698682534,0.29702095430446857,0.0019143815780585465,0.001783737062104374,0.028250441807624455
db15k_mhyper_native,D-N,dev_oof,Clip-g,3,tail,7922,238.0,20.0,70.0,0.5212471686690807,7.588925801585336e-05,0.0025246149962130774,0.08403361344537816,0.030042918454935622,5.081011257619547e-05,0.00012669937059204883,0.0020386266094420615
db15k_mhyper_native,D-N,dev_oof,Shrink-fixed,1,head,7922,2149.0,733.0,823.0,0.24462863782791483,-0.00029120546471224444,0.09252713961120929,0.34108887854816194,0.27126988134309515,0.0011430007736157337,0.0008517953089034894,0.023863923251704198
db15k_mhyper_native,D-N,dev_oof,Shrink-fixed,1,tail,7922,1138.0,112.0,242.0,0.5226338359163896,-0.000705076688908928,0.014137843978793235,0.0984182776801406,0.14365059328452412,0.0012492829434143362,0.0005442062545054082,0.01316586720525119
db15k_mhyper_native,D-N,dev_oof,Shrink-fixed,2,head,7922,1732.0,617.0,696.0,0.2437943767023905,0.00018872320995100598,0.07788437263317344,0.35623556581986143,0.2186316586720525,0.0006331477664771988,0.0008218709764282047,0.01767861651098212
db15k_mhyper_native,D-N,dev_oof,Shrink-fixed,2,tail,7922,1978.0,156.0,395.0,0.5202129754357581,-0.0002560160010919056,0.019691996970462006,0.0788675429726997,0.24968442312547337,0.0011789222860783821,0.0009229062849864766,0.021894723554657974
db15k_mhyper_native,D-N,dev_oof,Shrink-fixed,3,head,7922,3078.0,882.0,1287.0,0.24183528082553715,-0.00018211708083762173,0.11133552133299672,0.28654970760233917,0.3885382479171926,0.0024054793669859662,0.002223362286148345,0.040311789952032315
db15k_mhyper_native,D-N,dev_oof,Shrink-fixed,3,tail,7922,983.0,86.0,240.0,0.5209926910036757,-0.0001785884073891869,0.010855844483716234,0.08748728382502544,0.12408482706387276,0.0008626374827222241,0.0006840490753330372,0.011827821257258255
db15k_mhyper_native,D-N,dev_oof,Radius-1,1,head,7922,1335.0,360.0,604.0,0.2442605470504048,-0.0006592962422222694,0.045443069931835396,0.2696629213483146,0.16851805099722292,0.0035883111666073875,0.0029290149243851185,0.06435243625347137
db15k_mhyper_native,D-N,dev_oof,Radius-1,1,tail,7922,89.0,27.0,37.0,0.5230782216671525,-0.00026069093814605086,0.003408230244887655,0.30337078651685395,0.011234536733148195,0.0004272611755136976,0.00016657023736764675,0.004033072456450391
db15k_mhyper_native,D-N,dev_oof,Radius-1,2,head,7922,754.0,185.0,355.0,0.24415948655902736,0.0005538330665878641,0.023352688714970968,0.2453580901856764,0.09517798535723303,0.0015334333729573463,0.0020872664395452105,0.03233400656399898
db15k_mhyper_native,D-N,dev_oof,Radius-1,2,tail,7922,38.0,13.0,15.0,0.5205505863680154,8.159493116542032e-05,0.0016409997475385005,0.34210526315789475,0.004796768492804847,4.849594356353881e-05,0.0001300908747289591,0.002196415046705377
db15k_mhyper_native,D-N,dev_oof,Radius-1,3,head,7922,2353.0,689.0,1099.0,0.23926314532071347,-0.002754252585661309,0.08697298661954052,0.292817679558011,0.29702095430446857,0.00912833058923422,0.006374078003572909,0.12820626104519092
db15k_mhyper_native,D-N,dev_oof,Radius-1,3,tail,7922,238.0,43.0,93.0,0.52094023840397,-0.00023104100709492605,0.005427922241858117,0.18067226890756302,0.030042918454935622,0.0008882738285876732,0.0006572328214927471,0.009732390810401413
db15k_mhyper_native,D-N,dev_oof,No-gate,1,head,7922,4644.0,750.0,1751.0,0.24521699686420245,0.0002971535715753587,0.0946730623579904,0.16149870801033592,0.5862156021206766,0.0021969386186757455,0.0024940921902511046,0.03816586720525129
db15k_mhyper_native,D-N,dev_oof,No-gate,1,tail,7922,973.0,113.0,213.0,0.5230498191978027,-0.00028909340749586125,0.014264074728603887,0.11613566289825282,0.12282251956576622,0.0005798255996610042,0.000290732192165143,0.006608179752587719
db15k_mhyper_native,D-N,dev_oof,No-gate,2,head,7922,3835.0,520.0,1478.0,0.2440072007963705,0.0004015473039310172,0.06563998990154002,0.13559322033898305,0.48409492552385763,0.0010940600839402788,0.0014956073878712958,0.027789699570815656
db15k_mhyper_native,D-N,dev_oof,No-gate,2,tail,7922,411.0,42.0,101.0,0.5203743660317344,-9.462540511559267e-05,0.0053016914920474625,0.10218978102189781,0.05188083817217874,0.0004488593100743004,0.0003542339049587077,0.0029096187831355717
db15k_mhyper_native,D-N,dev_oof,No-gate,3,head,7922,5368.0,919.0,2321.0,0.24189798098426885,-0.00011941692210591956,0.11600605907599092,0.17119970193740686,0.67760666498359,0.00319496453858908,0.0030755476164831606,0.051792476647311216
db15k_mhyper_native,D-N,dev_oof,No-gate,3,tail,7922,1561.0,175.0,430.0,0.5213172595645037,0.00014598015343879166,0.02209038121686443,0.11210762331838565,0.1970462004544307,0.0009912719478609162,0.0011372521012997078,0.010982075233526907
db15k_mhyper_native,D-N,dev_oof,Global,1,head,7922,0.0,0.0,0.0,0.2449198432926271,0.0,0.0,,0.0,0.0,0.0,0.0
db15k_mhyper_native,D-N,dev_oof,Global,1,tail,7922,0.0,0.0,0.0,0.5233389126052985,0.0,0.0,,0.0,0.0,0.0,0.0
db15k_mhyper_native,D-N,dev_oof,Global,2,head,7922,0.0,0.0,0.0,0.24360565349243948,0.0,0.0,,0.0,0.0,0.0,0.0
db15k_mhyper_native,D-N,dev_oof,Global,2,tail,7922,0.0,0.0,0.0,0.52046899143685,0.0,0.0,,0.0,0.0,0.0,0.0
db15k_mhyper_native,D-N,dev_oof,Global,3,head,7922,0.0,0.0,0.0,0.24201739790637478,0.0,0.0,,0.0,0.0,0.0,0.0
db15k_mhyper_native,D-N,dev_oof,Global,3,tail,7922,0.0,0.0,0.0,0.5211712794110649,0.0,0.0,,0.0,0.0,0.0,0.0
db15k_mhyper_native,D-N,test,ADC,1,head,9902,1235.0,229.0,495.0,0.23631637935225877,-0.00021661664903475247,0.023126641082609575,0.1854251012145749,0.12472227832761058,0.0009456498191325882,0.0007290331700978358,0.012603514441526934
db15k_mhyper_native,D-N,test,ADC,1,tail,9902,50.0,5.0,21.0,0.5142296111873172,1.580464891922482e-05,0.0005049484952534841,0.1,0.005049484952534842,5.502122322307184e-07,1.635486115145554e-05,0.0005352454049686931
db15k_mhyper_native,D-N,test,ADC,2,head,9902,421.0,81.0,186.0,0.2388430444368439,-5.839191772007648e-05,0.008180165623106443,0.19239904988123516,0.042516663300343364,0.00030792844228056716,0.00024953652456049077,0.004302161179559683
db15k_mhyper_native,D-N,test,ADC,2,tail,9902,35.0,1.0,19.0,0.5107981970647937,7.754887330702302e-05,0.00010098969905069682,0.02857142857142857,0.003534639466774389,5.822403539206729e-10,7.754945554737695e-05,0.0003736618864875782
db15k_mhyper_native,D-N,test,ADC,3,head,9902,2826.0,509.0,1256.0,0.23595541644564627,-0.00028804544277247625,0.05140375681680469,0.18011323425336165,0.2853968895172692,0.002363685616431223,0.0020756401736587464,0.028761866289638647
db15k_mhyper_native,D-N,test,ADC,3,tail,9902,111.0,21.0,42.0,0.5107699647120254,-1.7639040484148252e-05,0.0021207836800646333,0.1891891891891892,0.011209856594627348,8.696814724154739e-05,6.93291067573991e-05,0.0011512825691779437
db15k_mhyper_native,D-N,test,Center-0.5,1,head,9902,2148.0,1054.0,780.0,0.2356265598417724,-0.0009064361595211425,0.10644314279943445,0.49068901303538176,0.2169258735608968,0.004312781656739773,0.0034063454972186294,0.10750353463946616
db15k_mhyper_native,D-N,test,Center-0.5,1,tail,9902,984.0,191.0,248.0,0.5123252611331138,-0.0018885454052841174,0.019289032518683094,0.19410569105691056,0.09937386386588568,0.003069396767670308,0.0011808513623861898,0.04064330438295286
db15k_mhyper_native,D-N,test,Center-0.5,2,head,9902,1611.0,843.0,631.0,0.23892964320868235,2.8206854118350317e-05,0.08513431629973743,0.5232774674115456,0.1626944051706726,0.0018473560565596446,0.0018755629106779945,0.06928903251868289
db15k_mhyper_native,D-N,test,Center-0.5,2,tail,9902,1989.0,334.0,483.0,0.506279635627278,-0.0044410125642087425,0.03373055948293274,0.16792357968828556,0.20086851141183598,0.006797776164816258,0.0023567636006075164,0.08053928499293098
db15k_mhyper_native,D-N,test,Center-0.5,3,head,9902,3720.0,1541.0,1544.0,0.23468230621201241,-0.0015611556764063249,0.15562512623712382,0.414247311827957,0.3756816804685922,0.01015837108727311,0.008597215410866785,0.2032316703696208
db15k_mhyper_native,D-N,test,Center-0.5,3,tail,9902,704.0,149.0,209.0,0.5092383443192419,-0.0015492594332676976,0.015047465158553828,0.21164772727272727,0.07109674813169056,0.0025509611284954244,0.001001701695227727,0.030660472631791513
db15k_mhyper_native,D-N,test,Linear-p,1,head,9902,1235.0,179.0,447.0,0.23670202283014777,0.00016902682885424944,0.018077156130074733,0.14493927125506073,0.12472227832761058,0.0002831605751774396,0.0004521874040316889,0.006296707735810933
db15k_mhyper_native,D-N,test,Linear-p,1,tail,9902,50.0,4.0,18.0,0.5142194772178182,5.670679420271123e-06,0.0004039587962027873,0.08,0.005049484952534842,6.422550448224118e-08,5.734904924753364e-06,0.0002726721874368816
db15k_mhyper_native,D-N,test,Linear-p,2,head,9902,421.0,64.0,159.0,0.2389414810857863,4.0044731222312645e-05,0.006463340739244597,0.15201900237529692,0.042516663300343364,7.556853597280881e-05,0.00011561326719512145,0.002161179559684912
db15k_mhyper_native,D-N,test,Linear-p,2,tail,9902,35.0,1.0,11.0,0.5107719134041618,5.1265212675135814e-05,0.00010098969905069682,0.02857142857142857,0.003534639466774389,2.9982169689118785e-10,5.126551249683271e-05,0.00019188042819632414
db15k_mhyper_native,D-N,test,Linear-p,3,head,9902,2826.0,398.0,1130.0,0.236339620335676,9.615844725725388e-05,0.04019390022217734,0.1408351026185421,0.2853968895172692,0.0009166063504947258,0.0010127647977519795,0.014426378509392136
db15k_mhyper_native,D-N,test,Linear-p,3,tail,9902,111.0,21.0,39.0,0.510748483063606,-3.912068890356283e-05,0.0021207836800646333,0.1891891891891892,0.011209856594627348,5.254278790374865e-05,1.3422099000185826e-05,0.0005756412845889724
db15k_mhyper_native,D-N,test,Clip-g,1,head,9902,1235.0,229.0,495.0,0.2363172247193385,-0.00021577128195503125,0.023126641082609575,0.1854251012145749,0.12472227832761058,0.0009456619142186434,0.0007298906322636123,0.012754998990102982
db15k_mhyper_native,D-N,test,Clip-g,1,tail,9902,50.0,5.0,21.0,0.5142296115910794,1.580505268142465e-05,0.0005049484952534841,0.1,0.005049484952534842,5.502122322307184e-07,1.635526491365537e-05,0.0005503938598262977
db15k_mhyper_native,D-N,test,Clip-g,2,head,9902,421.0,82.0,188.0,0.23884271367963356,-5.872267493043085e-05,0.00828115532215714,0.19477434679334918,0.042516663300343364,0.0003092873577845984,0.0002505646828541676,0.004468794182993332
db15k_mhyper_native,D-N,test,Clip-g,2,tail,9902,35.0,1.0,20.0,0.5107989071247097,7.825893322303167e-05,0.00010098969905069682,0.02857142857142857,0.003534639466774389,5.822403539206729e-10,7.82595154633856e-05,0.00040900828115532215
db15k_mhyper_native,D-N,test,Clip-g,3,head,9902,2826.0,509.0,1261.0,0.23603223000885304,-0.00021123187956569291,0.05140375681680469,0.18011323425336165,0.2853968895172692,0.002307179206694957,0.0020959473271292637,0.02932235911937001
db15k_mhyper_native,D-N,test,Clip-g,3,tail,9902,111.0,21.0,42.0,0.5107699643845103,-1.763936799926503e-05,0.0021207836800646333,0.1891891891891892,0.011209856594627348,8.696847475666417e-05,6.93291067573991e-05,0.001176529993940618
db15k_mhyper_native,D-N,test,Shrink-fixed,1,head,9902,2148.0,803.0,811.0,0.23626434574592017,-0.0002686502553733507,0.08109472833770956,0.3738361266294227,0.2169258735608968,0.001044740766534499,0.0007760905111611484,0.018587154110280807
db15k_mhyper_native,D-N,test,Shrink-fixed,1,tail,9902,984.0,85.0,215.0,0.5140827935750926,-0.00013101296330546438,0.00858412441930923,0.08638211382113821,0.09937386386588568,0.0004535045195011017,0.00032249155619563734,0.008230660472631783
db15k_mhyper_native,D-N,test,Shrink-fixed,2,head,9902,1611.0,706.0,656.0,0.23889569191189208,-5.744442671892714e-06,0.07129872752979197,0.4382371198013656,0.1626944051706726,0.00035840205467319643,0.00035265761200130373,0.011315895778630633
db15k_mhyper_native,D-N,test,Shrink-fixed,2,tail,9902,1989.0,143.0,373.0,0.5100585435817632,-0.000662104609723515,0.014441526964249647,0.0718954248366013,0.20086851141183598,0.001169832897940223,0.0005077282882167081,0.01578973944657649
db15k_mhyper_native,D-N,test,Shrink-fixed,3,head,9902,3720.0,1082.0,1572.0,0.2361515513305084,-9.191055791032904e-05,0.10927085437285397,0.2908602150537634,0.3756816804685922,0.002462524260752443,0.0023706137028421145,0.03888608361947062
db15k_mhyper_native,D-N,test,Shrink-fixed,3,tail,9902,704.0,78.0,187.0,0.5105505305171845,-0.0002370732353250978,0.007877196525954352,0.11079545454545454,0.07109674813169056,0.0005118227283898737,0.0002747494930647759,0.006226014946475451
db15k_mhyper_native,D-N,test,Radius-1,1,head,9902,1235.0,366.0,538.0,0.23583482985367793,-0.0006981661476155843,0.03696222985255504,0.2963562753036437,0.12472227832761058,0.003301907357332081,0.002603741209716496,0.05523126641082613
db15k_mhyper_native,D-N,test,Radius-1,1,tail,9902,50.0,14.0,26.0,0.5141799275780897,-3.3878960308235346e-05,0.0014138557867097556,0.28,0.005049484952534842,0.00017310158758742335,0.000139222627279188,0.002519692991314886
db15k_mhyper_native,D-N,test,Radius-1,2,head,9902,421.0,119.0,202.0,0.238923690888615,2.2254534051023047e-05,0.012017774187032922,0.2826603325415677,0.042516663300343364,0.0012478410111556816,0.0012700955452067046,0.018864875782670158
db15k_mhyper_native,D-N,test,Radius-1,2,tail,9902,35.0,7.0,21.0,0.5107785793936119,5.793120212523265e-05,0.0007069278933548778,0.2,0.003534639466774389,0.0001548511931581287,0.00021278239528336134,0.0017622702484346596
db15k_mhyper_native,D-N,test,Radius-1,3,head,9902,2826.0,806.0,1330.0,0.23491067524975448,-0.001332786638664257,0.08139769743486164,0.28520877565463554,0.2853968895172692,0.00821106898135912,0.006878282342694866,0.13261967279337522
db15k_mhyper_native,D-N,test,Radius-1,3,tail,9902,111.0,32.0,53.0,0.5108878140132923,0.00010021026078278483,0.0032316703696222983,0.2882882882882883,0.011209856594627348,0.00025239616243222577,0.0003526064232150106,0.005120177741870329
db15k_mhyper_native,D-N,test,No-gate,1,head,9902,5587.0,924.0,2206.0,0.23650590945953437,-2.7086541759145697e-05,0.09331448192284388,0.16538392697333096,0.5642294485962431,0.002259328247087965,0.0022322417053288195,0.035543324580892724
db15k_mhyper_native,D-N,test,No-gate,1,tail,9902,1074.0,123.0,278.0,0.5143822493815404,0.00016844284314241817,0.01242173298323571,0.11452513966480447,0.1084629367804484,0.00040121142493967286,0.0005696542680820909,0.005776610785699846
db15k_mhyper_native,D-N,test,No-gate,2,head,9902,4617.0,675.0,1819.0,0.23878379478784031,-0.00011764156672366764,0.06816804685922036,0.14619883040935672,0.46626944051706726,0.0012882754579610586,0.0011706338912373913,0.025838214502121013
db15k_mhyper_native,D-N,test,No-gate,2,tail,9902,460.0,68.0,118.0,0.5105609016096956,-0.0001597465817910866,0.006867299535447385,0.14782608695652175,0.04645526156332054,0.0003011394716764825,0.0001413928898853959,0.002524742476267419
db15k_mhyper_native,D-N,test,No-gate,3,head,9902,6566.0,1151.0,2853.0,0.23587133807486688,-0.0003721238135518731,0.11623914360735205,0.17529698446542796,0.6630983639668754,0.0035440765282999265,0.003171952714748053,0.04853564936376485
db15k_mhyper_native,D-N,test,No-gate,3,tail,9902,1839.0,223.0,525.0,0.5104128658439374,-0.00037473790857211065,0.02252070288830539,0.1212615551930397,0.18572005655423146,0.0010381391209895046,0.0006634012124173941,0.009957584326398738
db15k_mhyper_native,D-N,test,Global,1,head,9902,0.0,0.0,0.0,0.23653299600129352,0.0,0.0,,0.0,0.0,0.0,0.0
db15k_mhyper_native,D-N,test,Global,1,tail,9902,0.0,0.0,0.0,0.514213806538398,0.0,0.0,,0.0,0.0,0.0,0.0
db15k_mhyper_native,D-N,test,Global,2,head,9902,0.0,0.0,0.0,0.23890143635456398,0.0,0.0,,0.0,0.0,0.0,0.0
db15k_mhyper_native,D-N,test,Global,2,tail,9902,0.0,0.0,0.0,0.5107206481914867,0.0,0.0,,0.0,0.0,0.0,0.0
db15k_mhyper_native,D-N,test,Global,3,head,9902,0.0,0.0,0.0,0.23624346188841874,0.0,0.0,,0.0,0.0,0.0,0.0
db15k_mhyper_native,D-N,test,Global,3,tail,9902,0.0,0.0,0.0,0.5107876037525095,0.0,0.0,,0.0,0.0,0.0,0.0
db15k_mhyper_adamf,D-A,dev_oof,ADC,1,head,7922,44.0,12.0,25.0,0.24485710562940546,-6.273766322162566e-05,0.0015147689977278464,0.2727272727272727,0.00555415299166877,0.0002879737444470679,0.0002252360812254423,0.0012938651855592023
db15k_mhyper_adamf,D-A,dev_oof,ADC,1,tail,7922,11.0,3.0,6.0,0.5233086899471536,-3.0222658144921855e-05,0.0003786922494319616,0.2727272727272727,0.0013885382479171926,6.455736315130942e-05,3.433470500638757e-05,0.0003534460994698309
db15k_mhyper_adamf,D-A,dev_oof,ADC,2,head,7922,60.0,16.0,37.0,0.24388835876635873,0.00028270527391925014,0.002019691996970462,0.26666666666666666,0.007573844988639233,0.000169122338657951,0.0004518276125772012,0.0018619035597071446
db15k_mhyper_adamf,D-A,dev_oof,ADC,2,tail,7922,12.0,3.0,8.0,0.520431226366533,-3.776507031696412e-05,0.0003786922494319616,0.25,0.0015147689977278464,6.522411624978401e-05,2.745904593281988e-05,0.0003660691744508963
db15k_mhyper_adamf,D-A,dev_oof,ADC,3,head,7922,38.0,10.0,19.0,0.24206753835477293,5.014044839815902e-05,0.0012623074981065387,0.2631578947368421,0.004796768492804847,0.00016054568015586403,0.00021068612855402305,0.001155011360767483
db15k_mhyper_adamf,D-A,dev_oof,ADC,3,tail,7922,8.0,0.0,4.0,0.5211878190200169,1.653960895202683e-05,0.0,0.0,0.001009845998485231,0.0,1.653960895202683e-05,0.0002461499621307751
db15k_mhyper_adamf,D-A,dev_oof,Center-0.5,1,head,7922,708.0,476.0,223.0,0.24504308552465554,0.00012324223202844637,0.060085836909871244,0.672316384180791,0.08937137086594295,0.0004677807668214266,0.0005910229988498729,0.026072961373390546
db15k_mhyper_adamf,D-A,dev_oof,Center-0.5,1,tail,7922,44.0,8.0,26.0,0.523418292029278,7.937942397951072e-05,0.001009845998485231,0.18181818181818182,0.00555415299166877,8.144658417305213e-05,0.00016082600815256283,0.002145922746781116
db15k_mhyper_adamf,D-A,dev_oof,Center-0.5,2,head,7922,467.0,261.0,199.0,0.24409990567521248,0.000494252182773003,0.03294622570058066,0.5588865096359743,0.05894976016157536,0.00031986771640744264,0.0008141198991804458,0.022058823529411777
db15k_mhyper_adamf,D-A,dev_oof,Center-0.5,2,tail,7922,62.0,15.0,28.0,0.5202119012164301,-0.0002570902204198219,0.0018934612471598082,0.24193548387096775,0.00782630648826054,0.0003299044004006456,7.28141799808237e-05,0.0026824034334763953
db15k_mhyper_adamf,D-A,dev_oof,Center-0.5,3,head,7922,703.0,471.0,221.0,0.24230651838996084,0.00028912048358606835,0.05945468316081798,0.6699857752489331,0.08874021711688967,0.000247138410282052,0.0005362588938681202,0.022304973491542538
db15k_mhyper_adamf,D-A,dev_oof,Center-0.5,3,tail,7922,59.0,8.0,31.0,0.5213288428914125,0.00015756348034760584,0.001009845998485231,0.13559322033898305,0.007447614238828578,2.4855686775385024e-05,0.00018241916712299084,0.002335268871497097
db15k_mhyper_adamf,D-A,dev_oof,Linear-p,1,head,7922,44.0,10.0,28.0,0.24477793502889653,-0.00014190826373055315,0.0012623074981065387,0.22727272727272727,0.00555415299166877,0.00029610403680398027,0.00015419577307342712,0.000681646048977531
db15k_mhyper_adamf,D-A,dev_oof,Linear-p,1,tail,7922,11.0,3.0,6.0,0.5232873797366229,-5.1532868675662985e-05,0.0003786922494319616,0.2727272727272727,0.0013885382479171926,6.44084586310746e-05,1.2875589955411628e-05,0.00018303458722544814
db15k_mhyper_adamf,D-A,dev_oof,Linear-p,2,head,7922,60.0,11.0,35.0,0.24385422961624517,0.0002485761238057017,0.0013885382479171926,0.18333333333333332,0.007573844988639233,3.332371669321096e-05,0.0002818998404989127,0.0009656652360515022
db15k_mhyper_adamf,D-A,dev_oof,Linear-p,2,tail,7922,12.0,3.0,8.0,0.5204130030103294,-5.598842652053709e-05,0.0003786922494319616,0.25,0.0015147689977278464,6.426531170630083e-05,8.27688518576376e-06,0.0002019691996970462
db15k_mhyper_adamf,D-A,dev_oof,Linear-p,3,head,7922,38.0,7.0,20.0,0.24215910208997196,0.00014170418359719383,0.0008836152486745772,0.18421052631578946,0.004796768492804847,6.468621528773554e-05,0.00020639039888492935,0.0005806614491290079
db15k_mhyper_adamf,D-A,dev_oof,Linear-p,3,tail,7922,8.0,0.0,5.0,0.5211785941052791,7.314694214269163e-06,0.0,0.0,0.001009845998485231,0.0,7.314694214269163e-06,0.00013885382479171928
db15k_mhyper_adamf,D-A,dev_oof,Clip-g,1,head,7922,44.0,13.0,26.0,0.24485616646799488,-6.367682463220356e-05,0.0016409997475385005,0.29545454545454547,0.00555415299166877,0.0002902364483457916,0.00022655962371358806,0.0015337036101994446
db15k_mhyper_adamf,D-A,dev_oof,Clip-g,1,tail,7922,11.0,3.0,6.0,0.5233083193490624,-3.059325623615401e-05,0.0003786922494319616,0.2727272727272727,0.0013885382479171926,6.555746999794433e-05,3.496421376179031e-05,0.0003913153244130271
db15k_mhyper_adamf,D-A,dev_oof,Clip-g,2,head,7922,60.0,17.0,38.0,0.24392300848335013,0.0003173549909106399,0.002145922746781116,0.2833333333333333,0.007573844988639233,0.00016850839310171236,0.00048586338401235225,0.00210805352183792
db15k_mhyper_adamf,D-A,dev_oof,Clip-g,2,tail,7922,12.0,4.0,7.0,0.5204370356607524,-3.195577609757901e-05,0.0005049229992426155,0.3333333333333333,0.0015147689977278464,6.4340595530751e-05,3.238481943317199e-05,0.0004228730118656905
db15k_mhyper_adamf,D-A,dev_oof,Clip-g,3,head,7922,38.0,8.0,20.0,0.2421942698795206,0.00017687197314583407,0.001009845998485231,0.21052631578947367,0.004796768492804847,3.443488748182582e-05,0.00021130686062765988,0.001319111335521333
db15k_mhyper_adamf,D-A,dev_oof,Clip-g,3,tail,7922,8.0,1.0,4.0,0.5211922351188264,2.0955707761534837e-05,0.00012623074981065388,0.125,0.001009845998485231,6.010988086221609e-07,2.1556806570157e-05,0.0002840191870739712
db15k_mhyper_adamf,D-A,dev_oof,Shrink-fixed,1,head,7922,708.0,436.0,252.0,0.24494937583222892,2.9532539601834912e-05,0.05503660691744509,0.615819209039548,0.08937137086594295,0.0003244679638114859,0.00035400050341332083,0.011474375157788442
db15k_mhyper_adamf,D-A,dev_oof,Shrink-fixed,1,tail,7922,44.0,7.0,23.0,0.5233267993560651,-1.2113249233448072e-05,0.0008836152486745772,0.1590909090909091,0.00555415299166877,6.563880715637796e-05,5.352555792292988e-05,0.0009277960111083059
db15k_mhyper_adamf,D-A,dev_oof,Shrink-fixed,2,head,7922,467.0,224.0,231.0,0.24400337515584447,0.0003977216634049749,0.02827568795758647,0.4796573875802998,0.05894976016157536,0.00019514501495550957,0.0005928666783604844,0.007233021964150461
db15k_mhyper_adamf,D-A,dev_oof,Shrink-fixed,2,tail,7922,62.0,13.0,29.0,0.5203236948568193,-0.0001452965800307073,0.0016409997475385005,0.20967741935483872,0.00782630648826054,0.00019773367399051153,5.243709395980421e-05,0.0012181267356728097
db15k_mhyper_adamf,D-A,dev_oof,Shrink-fixed,3,head,7922,703.0,437.0,249.0,0.2422913522236479,0.00027395431727311097,0.05516283766725574,0.6216216216216216,0.08874021711688967,5.7241430694275515e-05,0.0003311957479673866,0.011322898258015657
db15k_mhyper_adamf,D-A,dev_oof,Shrink-fixed,3,tail,7922,59.0,9.0,30.0,0.5211418659963154,-2.9413414749514346e-05,0.0011360767482958849,0.15254237288135594,0.007447614238828578,0.00013370490549235734,0.00010429149074284302,0.001117142135824287
db15k_mhyper_adamf,D-A,dev_oof,Radius-1,1,head,7922,44.0,16.0,24.0,0.24487120050960196,-4.864278302514122e-05,0.002019691996970462,0.36363636363636365,0.00555415299166877,0.000378731123459608,0.0003300883404344668,0.003338803332491795
db15k_mhyper_adamf,D-A,dev_oof,Radius-1,1,tail,7922,11.0,3.0,7.0,0.5233565430653102,1.7630460011722547e-05,0.0003786922494319616,0.2727272727272727,0.0013885382479171926,7.071729585946676e-05,8.83477558711893e-05,0.0008204998737692503
db15k_mhyper_adamf,D-A,dev_oof,Radius-1,2,head,7922,60.0,21.0,35.0,0.2439519545874155,0.00034630109497602854,0.0026508457460237313,0.35,0.007573844988639233,0.00022402294582547574,0.0005703240408015043,0.004493814693259277
db15k_mhyper_adamf,D-A,dev_oof,Radius-1,2,tail,7922,12.0,5.0,6.0,0.5204502432687711,-1.87481680788466e-05,0.0006311537490532694,0.4166666666666667,0.0015147689977278464,6.773253666654446e-05,4.898436858769788e-05,0.0009025498611461753
db15k_mhyper_adamf,D-A,dev_oof,Radius-1,3,head,7922,38.0,13.0,18.0,0.2421997988209479,0.00018240091457310314,0.0016409997475385005,0.34210526315789475,0.004796768492804847,0.0001381994539148073,0.0003206003684879105,0.0027960111083059833
db15k_mhyper_adamf,D-A,dev_oof,Radius-1,3,tail,7922,8.0,1.0,4.0,0.521228748824495,5.746941343014212e-05,0.00012623074981065388,0.125,0.001009845998485231,3.52818865930399e-06,6.099760208944611e-05,0.0006437768240343347
db15k_mhyper_adamf,D-A,dev_oof,No-gate,1,head,7922,4582.0,907.0,1892.0,0.24105593782731818,-0.0038639054653089146,0.11449129007826306,0.1979484941073767,0.578389295632416,0.0073742465395983895,0.0035103410742894758,0.055232264579651455
db15k_mhyper_adamf,D-A,dev_oof,No-gate,1,tail,7922,1686.0,219.0,493.0,0.5219502413228361,-0.001388671282462432,0.0276445342085332,0.1298932384341637,0.21282504418076242,0.0029110968980239063,0.0015224256155614742,0.01602499368846255
db15k_mhyper_adamf,D-A,dev_oof,No-gate,2,head,7922,5001.0,1031.0,2208.0,0.2399794090740463,-0.003626244418393195,0.13014390305478415,0.20615876824635074,0.63127997980308,0.00772374795566914,0.004097503537275944,0.06652360515021445
db15k_mhyper_adamf,D-A,dev_oof,No-gate,2,tail,7922,2031.0,286.0,661.0,0.5186454961450567,-0.001823495291793214,0.03610199444584701,0.14081733136386015,0.25637465286543804,0.0036828294357499135,0.0018593341439566999,0.020361019944458537
db15k_mhyper_adamf,D-A,dev_oof,No-gate,3,head,7922,4463.0,831.0,1969.0,0.240134574221638,-0.0018828236847367613,0.10489775309265337,0.1861976249159758,0.5633678364049483,0.0052556177291056515,0.0033727940443688906,0.05198813430951766
db15k_mhyper_adamf,D-A,dev_oof,No-gate,3,tail,7922,1437.0,189.0,486.0,0.5211582163242617,-1.3063086803121628e-05,0.02385761171421358,0.1315240083507307,0.18139358747790962,0.002189227313788331,0.0021761642269852092,0.013544559454683185
db15k_mhyper_adamf,D-A,dev_oof,Global,1,head,7922,0.0,0.0,0.0,0.2449198432926271,0.0,0.0,,0.0,0.0,0.0,0.0
db15k_mhyper_adamf,D-A,dev_oof,Global,1,tail,7922,0.0,0.0,0.0,0.5233389126052985,0.0,0.0,,0.0,0.0,0.0,0.0
db15k_mhyper_adamf,D-A,dev_oof,Global,2,head,7922,0.0,0.0,0.0,0.24360565349243948,0.0,0.0,,0.0,0.0,0.0,0.0
db15k_mhyper_adamf,D-A,dev_oof,Global,2,tail,7922,0.0,0.0,0.0,0.52046899143685,0.0,0.0,,0.0,0.0,0.0,0.0
db15k_mhyper_adamf,D-A,dev_oof,Global,3,head,7922,0.0,0.0,0.0,0.24201739790637478,0.0,0.0,,0.0,0.0,0.0,0.0
db15k_mhyper_adamf,D-A,dev_oof,Global,3,tail,7922,0.0,0.0,0.0,0.5211712794110649,0.0,0.0,,0.0,0.0,0.0,0.0
db15k_mhyper_adamf,D-A,test,ADC,1,head,9902,70.0,16.0,45.0,0.23682169109817247,0.00028869509687894405,0.0016158351848111492,0.22857142857142856,0.007069278933548778,2.8919765260183217e-05,0.00031761486213912726,0.0021763280145425164
db15k_mhyper_adamf,D-A,test,ADC,1,tail,9902,12.0,3.0,7.0,0.5143112765589645,9.747002056649808e-05,0.0003029690971520905,0.25,0.001211876388608362,1.808847192644653e-06,9.927886775914272e-05,0.0003635629165825086
db15k_mhyper_adamf,D-A,test,ADC,2,head,9902,94.0,13.0,64.0,0.23943563673561227,0.0005342003810482884,0.0013128660876590588,0.13829787234042554,0.009493031710765503,1.4714364272129615e-05,0.000548914745320418,0.002928701272470208
db15k_mhyper_adamf,D-A,test,ADC,2,tail,9902,27.0,5.0,17.0,0.5108618897337907,0.00014124154230393994,0.0005049484952534841,0.18518518518518517,0.0027267218743688144,5.2339648028460816e-05,0.00019358119033240076,0.0008281155322157139
db15k_mhyper_adamf,D-A,test,ADC,3,head,9902,52.0,13.0,36.0,0.23642910321809926,0.0001856413296805125,0.0013128660876590588,0.25,0.005251464350636235,0.0001910927981699963,0.0003767341278505088,0.001661280549383963
db15k_mhyper_adamf,D-A,test,ADC,3,tail,9902,12.0,6.0,5.0,0.5108096769179173,2.2073165407811014e-05,0.000605938194304181,0.5,0.001211876388608362,1.1144273398038923e-06,2.3187592747614904e-05,0.0003635629165825086
db15k_mhyper_adamf,D-A,test,Center-0.5,1,head,9902,932.0,621.0,296.0,0.23708644112882865,0.0005534451275351294,0.06271460311048273,0.6663090128755365,0.09412239951524945,0.00011513178138878283,0.0006685769089239122,0.02311654211270445
db15k_mhyper_adamf,D-A,test,Center-0.5,1,tail,9902,53.0,9.0,20.0,0.5143213862161254,0.00010757967772748937,0.0009089072914562715,0.16981132075471697,0.005352454049686932,6.377801212147148e-05,0.00017135768984896085,0.0017875176731973342
db15k_mhyper_adamf,D-A,test,Center-0.5,2,head,9902,102.0,31.0,56.0,0.23961930433480647,0.0007178679802424911,0.0031306806705716016,0.30392156862745096,0.010300949303171077,6.186131788058246e-05,0.0007797292981230736,0.007836800646334074
db15k_mhyper_adamf,D-A,test,Center-0.5,2,tail,9902,90.0,13.0,49.0,0.5108392073542443,0.0001185591627576153,0.0013128660876590588,0.14444444444444443,0.009089072914562714,0.00019607638950609271,0.00031463555226370803,0.0034386992526762284
db15k_mhyper_adamf,D-A,test,Center-0.5,3,head,9902,916.0,628.0,280.0,0.23669908886184293,0.00045562697342419763,0.06342153100383761,0.6855895196506551,0.0925065643304383,0.0002686483095476015,0.0007242752829717991,0.017395475661482505
db15k_mhyper_adamf,D-A,test,Center-0.5,3,tail,9902,71.0,20.0,27.0,0.5106921403595114,-9.546339299811143e-05,0.0020197939810139365,0.28169014084507044,0.007170268632599475,0.00017351608962554635,7.805269662743494e-05,0.0021308826499697032
db15k_mhyper_adamf,D-A,test,Linear-p,1,head,9902,70.0,16.0,45.0,0.23666460026775712,0.00013160426646361382,0.0016158351848111492,0.22857142857142856,0.007069278933548778,2.2612606321545315e-05,0.00015421687278515913,0.0011563320541304787
db15k_mhyper_adamf,D-A,test,Linear-p,1,tail,9902,12.0,2.0,7.0,0.5142270277213626,1.322118296468018e-05,0.00020197939810139365,0.16666666666666666,0.001211876388608362,2.8002281430285526e-09,1.3223983192823208e-05,0.0001817814582912543
db15k_mhyper_adamf,D-A,test,Linear-p,2,head,9902,94.0,12.0,66.0,0.23926930122452944,0.0003678648699654466,0.001211876388608362,0.1276595744680851,0.009493031710765503,1.2324290675906575e-05,0.0003801891606413532,0.0015905877600484748
db15k_mhyper_adamf,D-A,test,Linear-p,2,tail,9902,27.0,5.0,17.0,0.5107433964839893,2.2748292502573377e-05,0.0005049484952534841,0.18518518518518517,0.0027267218743688144,1.7839570656879647e-05,4.058786315945303e-05,0.0004191072510603919
db15k_mhyper_adamf,D-A,test,Linear-p,3,head,9902,52.0,13.0,35.0,0.23631763016837637,7.416827995763487e-05,0.0013128660876590588,0.25,0.005251464350636235,0.00017464041405359932,0.0002488086940112342,0.0009038578065037365
db15k_mhyper_adamf,D-A,test,Linear-p,3,tail,9902,12.0,6.0,5.0,0.5107979166510072,1.0312898497653119e-05,0.000605938194304181,0.5,0.001211876388608362,3.40706909296703e-07,1.0653605406949822e-05,0.00019692991314885884
db15k_mhyper_adamf,D-A,test,Clip-g,1,head,9902,70.0,15.0,45.0,0.23683612891227787,0.0003031329109843499,0.0015148454857604524,0.21428571428571427,0.007069278933548778,2.165442087501548e-05,0.00032478733185936534,0.0024691981417895373
db15k_mhyper_adamf,D-A,test,Clip-g,1,tail,9902,12.0,3.0,7.0,0.5143112015284749,9.739499007693555e-05,0.0003029690971520905,0.25,0.001211876388608362,3.212141916108831e-06,0.00010060713199304438,0.00039890931125025243
db15k_mhyper_adamf,D-A,test,Clip-g,2,head,9902,94.0,13.0,65.0,0.2395052215915165,0.0006037852369525111,0.0013128660876590588,0.13829787234042554,0.009493031710765503,1.5263730056847223e-05,0.0006190489670093584,0.0033882044031508783
db15k_mhyper_adamf,D-A,test,Clip-g,2,tail,9902,27.0,5.0,17.0,0.5109090046108146,0.00018835641932792369,0.0005049484952534841,0.18518518518518517,0.0027267218743688144,5.246008893370912e-05,0.0002408165082616328,0.0009139567764088063
db15k_mhyper_adamf,D-A,test,Clip-g,3,head,9902,52.0,13.0,37.0,0.23644801042768987,0.00020454853927111388,0.0013128660876590588,0.25,0.005251464350636235,0.00019113357113871525,0.00039568211040982913,0.001888507372248031
db15k_mhyper_adamf,D-A,test,Clip-g,3,tail,9902,12.0,6.0,5.0,0.5108284135679014,4.080981539184288e-05,0.000605938194304181,0.5,0.001211876388608362,1.1330071794728632e-06,4.194282257131575e-05,0.0004039587962027873
db15k_mhyper_adamf,D-A,test,Shrink-fixed,1,head,9902,932.0,601.0,316.0,0.23694274109634955,0.0004097450950560345,0.06069480912946879,0.6448497854077253,0.09412239951524945,6.904696692341651e-05,0.0004787920619794509,0.015532215713997167
db15k_mhyper_adamf,D-A,test,Shrink-fixed,1,tail,9902,53.0,14.0,18.0,0.5141655584433044,-4.824809509360139e-05,0.0014138557867097556,0.2641509433962264,0.005352454049686932,0.00016184615607081195,0.00011359806097721056,0.0010452433851747122
db15k_mhyper_adamf,D-A,test,Shrink-fixed,2,head,9902,102.0,14.0,70.0,0.23956184206672046,0.0006604057121564871,0.0014138557867097556,0.13725490196078433,0.010300949303171077,1.5415009387981993e-05,0.0006758207215444691,0.0034487982225812966
db15k_mhyper_adamf,D-A,test,Shrink-fixed,2,tail,9902,90.0,11.0,48.0,0.5107896178615257,6.896967003898173e-05,0.001110886689557665,0.12222222222222222,0.009089072914562714,0.00015410175464405386,0.00022307142468303562,0.00190870531205817
db15k_mhyper_adamf,D-A,test,Shrink-fixed,3,head,9902,916.0,621.0,285.0,0.23664824950943936,0.00040478762102061025,0.06271460311048273,0.6779475982532751,0.0925065643304383,0.00017696971094963883,0.000581757331970249,0.014926277519692992
db15k_mhyper_adamf,D-A,test,Shrink-fixed,3,tail,9902,71.0,17.0,28.0,0.5107779538023016,-9.649950207936235e-06,0.0017168248838618462,0.23943661971830985,0.007170268632599475,7.412763946787503e-05,6.447768925993881e-05,0.0013179155726115936
db15k_mhyper_adamf,D-A,test,Radius-1,1,head,9902,70.0,18.0,43.0,0.2369461714252979,0.00041317542400438445,0.001817814582912543,0.2571428571428571,0.007069278933548778,2.875201851107517e-05,0.00044192744251545966,0.004256715814986872
db15k_mhyper_adamf,D-A,test,Radius-1,1,tail,9902,12.0,2.0,8.0,0.5143608174288321,0.00014701089043416332,0.00020197939810139365,0.16666666666666666,0.001211876388608362,1.8115266581935552e-06,0.00014882241709235686,0.0006968289234498081
db15k_mhyper_adamf,D-A,test,Radius-1,2,head,9902,94.0,19.0,60.0,0.2396449657684911,0.0007435294139271135,0.0019188042819632397,0.20212765957446807,0.009493031710765503,2.943726888314932e-05,0.0007729666828102629,0.0057917592405574625
db15k_mhyper_adamf,D-A,test,Radius-1,2,tail,9902,27.0,6.0,17.0,0.5109380562467526,0.00021740805526596681,0.000605938194304181,0.2222222222222222,0.0027267218743688144,6.311287204371346e-05,0.0002805209273096803,0.001590587760048475
db15k_mhyper_adamf,D-A,test,Radius-1,3,head,9902,52.0,17.0,33.0,0.23659775588619686,0.00035429399777811815,0.0017168248838618462,0.3269230769230769,0.005251464350636235,0.00020557578515659677,0.0005598697829347148,0.0032569177943849725
db15k_mhyper_adamf,D-A,test,Radius-1,3,tail,9902,12.0,7.0,4.0,0.5108540787982976,6.647504578804243e-05,0.0007069278933548778,0.5833333333333334,0.001211876388608362,1.9506201955546424e-06,6.842566598359706e-05,0.0007119773783074127
db15k_mhyper_adamf,D-A,test,No-gate,1,head,9902,5922.0,1267.0,2560.0,0.23263675871413173,-0.0038962372871617934,0.1279539486972329,0.21394799054373523,0.5980609977782266,0.008204170247560006,0.004307932960398211,0.06823369016360316
db15k_mhyper_adamf,D-A,test,No-gate,1,tail,9902,2399.0,322.0,747.0,0.5127778626511396,-0.001435943887258446,0.03251868309432438,0.1342225927469779,0.2422742880226217,0.003322119873013013,0.0018861759857545669,0.01987982225812976
db15k_mhyper_adamf,D-A,test,No-gate,2,head,9902,6562.0,1553.0,3035.0,0.23141386160152122,-0.007487574753042771,0.15683700262573216,0.23666565071624504,0.6626944051706726,0.01206289986477439,0.004575325111731619,0.08282670167642885
db15k_mhyper_adamf,D-A,test,No-gate,2,tail,9902,2864.0,435.0,969.0,0.5089161043750582,-0.0018045438164284245,0.04393051908705312,0.15188547486033518,0.2892344980811957,0.004496305774517973,0.0026917619580895478,0.025237325792769244
db15k_mhyper_adamf,D-A,test,No-gate,3,head,9902,5914.0,1216.0,2744.0,0.2335385708843417,-0.002704891004077023,0.12280347404564734,0.20561379776800812,0.597253080185821,0.007552807634776089,0.0048479166306990675,0.06510805897798404
db15k_mhyper_adamf,D-A,test,No-gate,3,tail,9902,2095.0,293.0,735.0,0.5101827110796724,-0.0006048926728371716,0.02958998182185417,0.13985680190930788,0.21157341951120986,0.0026071782108124646,0.0020022855379752927,0.01748636639062822
db15k_mhyper_adamf,D-A,test,Global,1,head,9902,0.0,0.0,0.0,0.23653299600129352,0.0,0.0,,0.0,0.0,0.0,0.0
db15k_mhyper_adamf,D-A,test,Global,1,tail,9902,0.0,0.0,0.0,0.514213806538398,0.0,0.0,,0.0,0.0,0.0,0.0
db15k_mhyper_adamf,D-A,test,Global,2,head,9902,0.0,0.0,0.0,0.23890143635456398,0.0,0.0,,0.0,0.0,0.0,0.0
db15k_mhyper_adamf,D-A,test,Global,2,tail,9902,0.0,0.0,0.0,0.5107206481914867,0.0,0.0,,0.0,0.0,0.0,0.0
db15k_mhyper_adamf,D-A,test,Global,3,head,9902,0.0,0.0,0.0,0.23624346188841874,0.0,0.0,,0.0,0.0,0.0,0.0
db15k_mhyper_adamf,D-A,test,Global,3,tail,9902,0.0,0.0,0.0,0.5107876037525095,0.0,0.0,,0.0,0.0,0.0,0.0
mkgw_native_adamf,W-NA,dev_oof,ADC,1,head,4276,47.0,19.0,11.0,0.18351828799494135,-0.00024125066980606894,0.004443405051449953,0.40425531914893614,0.010991580916744622,0.00047519481149686733,0.0002339441416907984,0.000947146866230122
mkgw_native_adamf,W-NA,dev_oof,ADC,1,tail,4276,382.0,88.0,155.0,0.48684141110378903,0.0008746144867441106,0.0205799812909261,0.23036649214659685,0.08933582787652011,0.002081174654520196,0.0029557891412643074,0.02004209541627689
mkgw_native_adamf,W-NA,dev_oof,ADC,2,head,4276,30.0,8.0,13.0,0.17961367408632725,0.00025438377217912366,0.0018709073900841909,0.26666666666666666,0.007015902712815715,1.4231690314313952e-07,0.00025452608908226677,0.0006782039289055193
mkgw_native_adamf,W-NA,dev_oof,ADC,2,tail,4276,189.0,49.0,81.0,0.4874396880139876,-0.000524862470180727,0.011459307764265668,0.25925925925925924,0.04420018709073901,0.0013357163966745411,0.0008108539264938143,0.00851262862488307
mkgw_native_adamf,W-NA,dev_oof,ADC,3,head,4276,35.0,10.0,12.0,0.18626591607865353,8.232309054813801e-06,0.0023386342376052385,0.2857142857142857,0.008185219831618335,1.300197987844381e-05,2.1234288933257613e-05,0.0008652946679139384
mkgw_native_adamf,W-NA,dev_oof,ADC,3,tail,4276,346.0,80.0,147.0,0.48835310255894504,0.0005106403749714864,0.018709073900841908,0.23121387283236994,0.08091674462114125,0.0013323857067429566,0.001843026081714443,0.017761927034611782
mkgw_native_adamf,W-NA,dev_oof,Center-0.5,1,head,4276,47.0,20.0,10.0,0.18348810076977892,-0.0002714378949684956,0.004677268475210477,0.425531914893617,0.010991580916744622,0.00029192002749364206,2.048213252514637e-05,0.003788587464920486
mkgw_native_adamf,W-NA,dev_oof,Center-0.5,1,tail,4276,382.0,128.0,148.0,0.4854649897803264,-0.000501806836718599,0.029934518241347054,0.33507853403141363,0.08933582787652011,0.005085240342915915,0.004583433506197316,0.0600093545369504
mkgw_native_adamf,W-NA,dev_oof,Center-0.5,2,head,4276,30.0,11.0,10.0,0.17944502525715247,8.57349430043552e-05,0.0025724976613657625,0.36666666666666664,0.007015902712815715,3.623580041177501e-05,0.00012197074341613022,0.0024789522918615527
mkgw_native_adamf,W-NA,dev_oof,Center-0.5,2,tail,4276,189.0,77.0,74.0,0.4876315476515003,-0.0003330028326680575,0.018007483629560336,0.4074074074074074,0.04420018709073901,0.0024702311277938365,0.0021372282951257794,0.027572497661365762
mkgw_native_adamf,W-NA,dev_oof,Center-0.5,3,head,4276,35.0,16.0,9.0,0.1860804964102123,-0.0001771873593864327,0.0037418147801683817,0.45714285714285713,0.008185219831618335,0.0002516947291158319,7.450736972939919e-05,0.003122076707202993
mkgw_native_adamf,W-NA,dev_oof,Center-0.5,3,tail,4276,346.0,101.0,155.0,0.4895159834069471,0.0016735212229735314,0.02362020579981291,0.29190751445086704,0.08091674462114125,0.0033411441917391314,0.005014665414712663,0.05370673526660427
mkgw_native_adamf,W-NA,dev_oof,Linear-p,1,head,4276,47.0,19.0,11.0,0.18351908993328858,-0.0002404487314588527,0.004443405051449953,0.40425531914893614,0.010991580916744622,0.0004743850690190683,0.00023393633756021564,0.0006898971000935456
mkgw_native_adamf,W-NA,dev_oof,Linear-p,1,tail,4276,382.0,74.0,147.0,0.4857645683722277,-0.00020222824481724828,0.017305893358278764,0.193717277486911,0.08933582787652011,0.0016451734795039673,0.0014429452346867192,0.01076941066417212
mkgw_native_adamf,W-NA,dev_oof,Linear-p,2,head,4276,30.0,8.0,13.0,0.17961362599293237,0.0002543356787842369,0.0018709073900841909,0.26666666666666666,0.007015902712815715,9.425495258059334e-08,0.00025442993373681744,0.00047942001870907405
mkgw_native_adamf,W-NA,dev_oof,Linear-p,2,tail,4276,189.0,35.0,79.0,0.4878624891418024,-0.00010206134236594391,0.008185219831618335,0.18518518518518517,0.04420018709073901,0.0007514811357036406,0.0006494197933376967,0.004536950420954164
mkgw_native_adamf,W-NA,dev_oof,Linear-p,3,head,4276,35.0,11.0,11.0,0.18626518648537949,7.502715780758081e-06,0.0025724976613657625,0.3142857142857143,0.008185219831618335,1.2942580673205416e-05,2.0445296453963494e-05,0.0005729653882132836
mkgw_native_adamf,W-NA,dev_oof,Linear-p,3,tail,4276,346.0,72.0,138.0,0.4876125357256112,-0.0002299264583623192,0.01683816651075772,0.20809248554913296,0.08091674462114125,0.0010407856951547537,0.0008108592367924342,0.00967025257249766
mkgw_native_adamf,W-NA,dev_oof,Clip-g,1,head,4276,47.0,19.0,11.0,0.18351827806813634,-0.00024126059661108278,0.004443405051449953,0.40425531914893614,0.010991580916744622,0.0004752047383018811,0.0002339441416907984,0.0009939195509822266
mkgw_native_adamf,W-NA,dev_oof,Clip-g,1,tail,4276,382.0,92.0,158.0,0.4870211529931033,0.001054356376058317,0.021515434985968196,0.24083769633507854,0.08933582787652011,0.0023374326381722715,0.0033917890142305877,0.02220533208606174
mkgw_native_adamf,W-NA,dev_oof,Clip-g,2,head,4276,30.0,8.0,13.0,0.17961366757658515,0.00025437726243702846,0.0018709073900841909,0.26666666666666666,0.007015902712815715,1.5862145862373698e-07,0.00025453588389565216,0.0007249766136576241
mkgw_native_adamf,W-NA,dev_oof,Clip-g,2,tail,4276,189.0,50.0,82.0,0.48758316683927594,-0.0003813836448924329,0.011693171188026192,0.26455026455026454,0.04420018709073901,0.001350506420236035,0.000969122775343602,0.009085594013096355
mkgw_native_adamf,W-NA,dev_oof,Clip-g,3,head,4276,35.0,10.0,12.0,0.18626591900560452,8.235236005785197e-06,0.0023386342376052385,0.2857142857142857,0.008185219831618335,1.300197987844381e-05,2.1237215884229008e-05,0.0008886810102899909
mkgw_native_adamf,W-NA,dev_oof,Clip-g,3,tail,4276,346.0,85.0,148.0,0.48880275596310496,0.0009602937791314085,0.019878391019644528,0.24566473988439305,0.08091674462114125,0.001444094967586257,0.002404388746717665,0.019761459307764264
mkgw_native_adamf,W-NA,dev_oof,Shrink-fixed,1,head,4276,47.0,19.0,10.0,0.18349730417087123,-0.0002622344938761849,0.004443405051449953,0.40425531914893614,0.010991580916744622,0.00027862040588452265,1.6385912008337672e-05,0.001929373246024321
mkgw_native_adamf,W-NA,dev_oof,Shrink-fixed,1,tail,4276,382.0,90.0,157.0,0.48661617809706165,0.0006493814800166787,0.021047708138447148,0.2356020942408377,0.08933582787652011,0.002450336335421188,0.0030997178154378666,0.023444808231992516
mkgw_native_adamf,W-NA,dev_oof,Shrink-fixed,2,head,4276,30.0,9.0,11.0,0.1794550010077203,9.5710693572184e-05,0.002104770813844715,0.3,0.007015902712815715,2.1659266371277304e-05,0.00011736995994346133,0.001239476145930776
mkgw_native_adamf,W-NA,dev_oof,Shrink-fixed,2,tail,4276,189.0,62.0,80.0,0.48743270250032866,-0.000531847983839692,0.014499532273152479,0.328042328042328,0.04420018709073901,0.0017356053667459913,0.0012037573829062995,0.010862956033676334
mkgw_native_adamf,W-NA,dev_oof,Shrink-fixed,3,head,4276,35.0,12.0,11.0,0.1860952084755721,-0.000162475294026624,0.002806361085126286,0.34285714285714286,0.008185219831618335,0.0002383617243326637,7.58864303060397e-05,0.0015318054256314305
mkgw_native_adamf,W-NA,dev_oof,Shrink-fixed,3,tail,4276,346.0,81.0,152.0,0.48858649663862913,0.0007440344546556083,0.01894293732460243,0.23410404624277456,0.08091674462114125,0.001412221265010152,0.0021562557196657603,0.02100093545369504
mkgw_native_adamf,W-NA,dev_oof,Radius-1,1,head,4276,47.0,20.0,10.0,0.1835135453750528,-0.000245993289694633,0.004677268475210477,0.425531914893617,0.010991580916744622,0.0004799574944239861,0.00023396420472935307,0.0015902712815715624
mkgw_native_adamf,W-NA,dev_oof,Radius-1,1,tail,4276,382.0,114.0,154.0,0.4867701534854745,0.0008033568684295283,0.02666043030869972,0.29842931937172773,0.08933582787652011,0.0036101913507219138,0.0044135482191514416,0.04413002806361085
mkgw_native_adamf,W-NA,dev_oof,Radius-1,2,head,4276,30.0,9.0,12.0,0.1796138277284053,0.00025453741425718584,0.002104770813844715,0.3,0.007015902712815715,2.3682052949849587e-07,0.0002547742347866844,0.0012277829747427502
mkgw_native_adamf,W-NA,dev_oof,Radius-1,2,tail,4276,189.0,63.0,83.0,0.48778925402963724,-0.00017529645453111684,0.014733395696913003,0.3333333333333333,0.04420018709073901,0.0020461486655339316,0.001870852211002815,0.018685687558465856
mkgw_native_adamf,W-NA,dev_oof,Radius-1,3,head,4276,35.0,10.0,12.0,0.1862655234496244,7.839680025693227e-06,0.0023386342376052385,0.2857142857142857,0.008185219831618335,1.3076350837631131e-05,2.091603086332436e-05,0.0015318054256314314
mkgw_native_adamf,W-NA,dev_oof,Radius-1,3,tail,4276,346.0,94.0,153.0,0.4889825641335592,0.0011401019495856915,0.021983161833489244,0.27167630057803466,0.08091674462114125,0.002568779334263162,0.003708881283848854,0.03939429373246024
mkgw_native_adamf,W-NA,dev_oof,No-gate,1,head,4276,3759.0,1400.0,1335.0,0.18079103360043336,-0.0029685050643140734,0.3274087932647334,0.37243947858473,0.8790926099158092,0.007946532879908583,0.00497802781559451,0.045638447146866594
mkgw_native_adamf,W-NA,dev_oof,No-gate,1,tail,4276,3235.0,595.0,697.0,0.48306011089373263,-0.002906685723312334,0.1391487371375117,0.1839258114374034,0.7565481758652947,0.015664929769935654,0.01275824404662332,0.07180776426566889
mkgw_native_adamf,W-NA,dev_oof,No-gate,2,head,4276,2583.0,811.0,993.0,0.17629421868929385,-0.0030650716248542694,0.18966323666978485,0.3139759969028262,0.6040692235734331,0.006274155218864714,0.003209083594010444,0.03365294667913956
mkgw_native_adamf,W-NA,dev_oof,No-gate,2,tail,4276,3307.0,687.0,669.0,0.4839722888287657,-0.003992261655402647,0.1606641721234799,0.20774115512549138,0.7733863423760524,0.012357188915236142,0.008364927259833493,0.06517773620205816
mkgw_native_adamf,W-NA,dev_oof,No-gate,3,head,4276,3486.0,1262.0,1277.0,0.18062308290213602,-0.0056346008674627015,0.2951356407857811,0.36201950659781984,0.8152478952291862,0.009023547123031116,0.003388946255568413,0.043030869971936725
mkgw_native_adamf,W-NA,dev_oof,No-gate,3,tail,4276,3291.0,650.0,736.0,0.48605286711444984,-0.0017895950695236854,0.1520112254443405,0.19750835612275905,0.769644527595884,0.01421054023928971,0.012420945169766023,0.06996024321796082
mkgw_native_adamf,W-NA,dev_oof,Global,1,head,4276,0.0,0.0,0.0,0.18375953866474742,0.0,0.0,,0.0,0.0,0.0,0.0
mkgw_native_adamf,W-NA,dev_oof,Global,1,tail,4276,0.0,0.0,0.0,0.48596679661704495,0.0,0.0,,0.0,0.0,0.0,0.0
mkgw_native_adamf,W-NA,dev_oof,Global,2,head,4276,0.0,0.0,0.0,0.17935929031414813,0.0,0.0,,0.0,0.0,0.0,0.0
mkgw_native_adamf,W-NA,dev_oof,Global,2,tail,4276,0.0,0.0,0.0,0.48796455048416837,0.0,0.0,,0.0,0.0,0.0,0.0
mkgw_native_adamf,W-NA,dev_oof,Global,3,head,4276,0.0,0.0,0.0,0.18625768376959873,0.0,0.0,,0.0,0.0,0.0,0.0
mkgw_native_adamf,W-NA,dev_oof,Global,3,tail,4276,0.0,0.0,0.0,0.48784246218397354,0.0,0.0,,0.0,0.0,0.0,0.0
mkgw_native_adamf,W-NA,test,ADC,1,head,4274,38.0,10.0,17.0,0.1810323439380746,-2.450740560461482e-05,0.002339728591483388,0.2631578947368421,0.008890968647636874,4.5932495151621785e-05,2.1425089547006955e-05,0.0012868507253158633
mkgw_native_adamf,W-NA,test,ADC,1,tail,4274,369.0,81.0,150.0,0.5065011598386315,0.0012964958740377195,0.018951801591015442,0.21951219512195122,0.08633598502573701,0.001965740366023205,0.0032622362400609247,0.020905474964904067
mkgw_native_adamf,W-NA,test,ADC,2,head,4274,38.0,8.0,16.0,0.1798303774478102,4.288124531852771e-05,0.0018717828731867104,0.21052631578947367,0.008890968647636874,2.2072398479737803e-07,4.3101969303325084e-05,0.000982686008423023
mkgw_native_adamf,W-NA,test,ADC,2,tail,4274,142.0,37.0,66.0,0.5075599227517521,-0.00016163139825285853,0.008656995788488536,0.2605633802816901,0.033224145999064106,0.000574387337494666,0.0004127559392418074,0.007042583060364998
mkgw_native_adamf,W-NA,test,ADC,3,head,4274,46.0,18.0,16.0,0.1847916451730664,-0.00018435375557049503,0.004211511464670099,0.391304347826087,0.010762751520823585,0.00040390579321872603,0.00021955203764823102,0.0014623303696771174
mkgw_native_adamf,W-NA,test,ADC,3,tail,4274,293.0,81.0,137.0,0.5058801227267348,-0.00013536704370859862,0.018951801591015442,0.2764505119453925,0.06855404773046327,0.002111984875118466,0.001976617831409867,0.01665886757136172
mkgw_native_adamf,W-NA,test,Center-0.5,1,head,4274,38.0,14.0,16.0,0.1807407207965244,-0.0003161305471548258,0.003275620028076743,0.3684210526315789,0.008890968647636874,0.0003301801536274616,1.4049606472635807e-05,0.003989237248479176
mkgw_native_adamf,W-NA,test,Center-0.5,1,tail,4274,369.0,116.0,142.0,0.5059627650443879,0.0007581010797940686,0.0271408516612073,0.3143631436314363,0.08633598502573701,0.003965346533874767,0.004723447613668837,0.059394010294805774
mkgw_native_adamf,W-NA,test,Center-0.5,2,head,4274,38.0,18.0,12.0,0.17972678598497133,-6.0710217520319966e-05,0.004211511464670099,0.47368421052631576,0.008890968647636874,0.00010864021019853369,4.792999267821371e-05,0.0033692091717360782
mkgw_native_adamf,W-NA,test,Center-0.5,2,tail,4274,142.0,45.0,67.0,0.5079369546964614,0.00021540054645640612,0.010528778661675245,0.31690140845070425,0.033224145999064106,0.0011868355758110824,0.0014022361222674885,0.02151380439868975
mkgw_native_adamf,W-NA,test,Center-0.5,3,head,4274,46.0,19.0,16.0,0.1848555754334246,-0.00012042349521228586,0.004445484323818437,0.41304347826086957,0.010762751520823585,0.0002661995772100112,0.00014577608199772542,0.004831539541413196
mkgw_native_adamf,W-NA,test,Center-0.5,3,tail,4274,293.0,114.0,125.0,0.5056071802728529,-0.00040830949759053473,0.02667290594291062,0.3890784982935154,0.06855404773046327,0.0037321820618315075,0.0033238725642409737,0.04693495554515674
mkgw_native_adamf,W-NA,test,Linear-p,1,head,4274,38.0,10.0,17.0,0.1810364303168153,-2.0421026863907833e-05,0.002339728591483388,0.2631578947368421,0.008890968647636874,4.145051241753021e-05,2.1029485553622382e-05,0.0007838090781469349
mkgw_native_adamf,W-NA,test,Linear-p,1,tail,4274,369.0,69.0,147.0,0.5062390290209328,0.0010343650563389287,0.016144127281235376,0.18699186991869918,0.08633598502573701,0.001077433764693554,0.0021117988210324823,0.011230697239120258
mkgw_native_adamf,W-NA,test,Linear-p,2,head,4274,38.0,8.0,16.0,0.17984933660410454,6.18404016128867e-05,0.0018717828731867104,0.21052631578947367,0.008890968647636874,1.59601654758389e-07,6.200000326764508e-05,0.0006551240056153487
mkgw_native_adamf,W-NA,test,Linear-p,2,tail,4274,142.0,25.0,68.0,0.5077816248772744,6.0070727269462344e-05,0.00584932147870847,0.176056338028169,0.033224145999064106,0.00016917116731589237,0.00022924189458535472,0.003696771174543753
mkgw_native_adamf,W-NA,test,Linear-p,3,head,4274,46.0,17.0,16.0,0.18478994336013593,-0.00018605556850097093,0.0039775386055217596,0.3695652173913043,0.010762751520823585,0.0002476641930920157,6.160862459104476e-05,0.0009007955077211043
mkgw_native_adamf,W-NA,test,Linear-p,3,tail,4274,293.0,68.0,136.0,0.5053587291843771,-0.0006567605860663418,0.015910154422087038,0.23208191126279865,0.06855404773046327,0.0018449782238139248,0.0011882176377475831,0.008996256434253624
mkgw_native_adamf,W-NA,test,Clip-g,1,head,4274,38.0,10.0,17.0,0.18103183957202623,-2.5011771652985855e-05,0.002339728591483388,0.2631578947368421,0.008890968647636874,4.6442049519610045e-05,2.1430277866624183e-05,0.0013804398689751989
mkgw_native_adamf,W-NA,test,Clip-g,1,tail,4274,369.0,83.0,149.0,0.5066153932805528,0.0014107293159589835,0.01941974730931212,0.22493224932249323,0.08633598502573701,0.002100800657011076,0.0035115299729700593,0.02324520355638746
mkgw_native_adamf,W-NA,test,Clip-g,2,head,4274,38.0,8.0,16.0,0.17983038226988696,4.2886067395293775e-05,0.0018717828731867104,0.21052631578947367,0.008890968647636874,2.2717424917052938e-07,4.3113241644464304e-05,0.0010528778661675249
mkgw_native_adamf,W-NA,test,Clip-g,2,tail,4274,142.0,37.0,67.0,0.5076184435548031,-0.00010311059520181544,0.008656995788488536,0.2605633802816901,0.033224145999064106,0.000584106900719163,0.0004809963055173476,0.00753392606457651
mkgw_native_adamf,W-NA,test,Clip-g,3,head,4274,46.0,18.0,16.0,0.18479289556512446,-0.00018310336351242803,0.004211511464670099,0.391304347826087,0.010762751520823585,0.00040398559294353427,0.0002208822294311062,0.001591015442208704
mkgw_native_adamf,W-NA,test,Clip-g,3,tail,4274,293.0,82.0,137.0,0.5060034292264699,-1.206054397349907e-05,0.01918577445016378,0.27986348122866894,0.06855404773046327,0.0021732519912173805,0.002161191447243881,0.01841366401497426
mkgw_native_adamf,W-NA,test,Shrink-fixed,1,head,4274,38.0,15.0,15.0,0.18087216817374768,-0.00018468316993153794,0.0035095928872250818,0.39473684210526316,0.008890968647636874,0.00020527216438230803,2.0588994450770114e-05,0.001965372016846045
mkgw_native_adamf,W-NA,test,Shrink-fixed,1,tail,4274,369.0,92.0,145.0,0.5059219936603034,0.0007173296957095826,0.02152550304164717,0.24932249322493225,0.08633598502573701,0.0024614904819974743,0.0031788201777070567,0.0257487131492747
mkgw_native_adamf,W-NA,test,Shrink-fixed,2,head,4274,38.0,16.0,14.0,0.1797647491676598,-2.2747034831854948e-05,0.003743565746373421,0.42105263157894735,0.008890968647636874,9.409111382751622e-05,7.134407899566128e-05,0.001789892372484791
mkgw_native_adamf,W-NA,test,Shrink-fixed,2,tail,4274,142.0,40.0,68.0,0.5076578044774316,-6.374967257339924e-05,0.009358914365933552,0.28169014084507044,0.033224145999064106,0.000707081356804034,0.0006433316842306348,0.009686476368741221
mkgw_native_adamf,W-NA,test,Shrink-fixed,3,head,4274,46.0,17.0,17.0,0.18501932695061704,4.3328021980143924e-05,0.0039775386055217596,0.3695652173913043,0.010762751520823585,0.00019911022653743886,0.00024243824851758285,0.0024099204492278887
mkgw_native_adamf,W-NA,test,Shrink-fixed,3,tail,4274,293.0,86.0,136.0,0.5056584822380485,-0.0003570075323949066,0.020121665886757137,0.2935153583617747,0.06855404773046327,0.0024713692043585697,0.002114361671963663,0.020262049602246146
mkgw_native_adamf,W-NA,test,Radius-1,1,head,4274,38.0,9.0,18.0,0.18102921104942132,-2.7640294257904104e-05,0.0021057557323350493,0.23684210526315788,0.008890968647636874,5.002687961940546e-05,2.2386585361501352e-05,0.0023514272344408046
mkgw_native_adamf,W-NA,test,Radius-1,1,tail,4274,369.0,104.0,145.0,0.5063146364707881,0.00110997250619425,0.024333177351427236,0.28184281842818426,0.08633598502573701,0.003039864401020301,0.0041498369072145505,0.0419981282171268
mkgw_native_adamf,W-NA,test,Radius-1,2,head,4274,38.0,8.0,16.0,0.17981026007129472,2.276386880307455e-05,0.0018717828731867104,0.21052631578947367,0.008890968647636874,3.247109433843989e-07,2.3088579746458952e-05,0.0016846045858680395
mkgw_native_adamf,W-NA,test,Radius-1,2,tail,4274,142.0,40.0,68.0,0.5079142783694185,0.0001927242194134667,0.009358914365933552,0.28169014084507044,0.033224145999064106,0.0008122441679046185,0.0010049683873180851,0.01406176883481516
mkgw_native_adamf,W-NA,test,Radius-1,3,head,4274,46.0,19.0,15.0,0.18475522978772857,-0.00022076914090831797,0.004445484323818437,0.41304347826086957,0.010762751520823585,0.00044885449876807133,0.00022808535785975335,0.002725783809078147
mkgw_native_adamf,W-NA,test,Radius-1,3,tail,4274,293.0,96.0,134.0,0.5063399477137421,0.0003244579432987198,0.022461394478240523,0.32764505119453924,0.06855404773046327,0.002530852275882661,0.0028553102191813807,0.03334113242863828
mkgw_native_adamf,W-NA,test,No-gate,1,head,4274,3871.0,1444.0,1305.0,0.1779565766566132,-0.003100274687065988,0.33785680861020123,0.3730302247481271,0.9057089377632195,0.008237886553368058,0.00513761186630207,0.04763687412260218
mkgw_native_adamf,W-NA,test,No-gate,1,tail,4274,3344.0,622.0,710.0,0.5005217664623576,-0.004682897502236271,0.14553111839026672,0.18600478468899523,0.7824052409920449,0.018921681971022373,0.014238784468786101,0.07842770238652307
mkgw_native_adamf,W-NA,test,No-gate,2,head,4274,2598.0,868.0,925.0,0.1755213114768926,-0.004266184725599064,0.20308844174075807,0.33410315627405696,0.6078614880673842,0.006448406628484395,0.0021822219028853327,0.0350842302292936
mkgw_native_adamf,W-NA,test,No-gate,2,tail,4274,3444.0,667.0,681.0,0.5056822051261205,-0.0020393490238844276,0.15605989705194198,0.19367015098722415,0.8058025269068788,0.012330078042176526,0.010290729018292099,0.06998128217126819
mkgw_native_adamf,W-NA,test,No-gate,3,head,4274,3581.0,1299.0,1259.0,0.18111314434552073,-0.003862854583116168,0.3039307440336921,0.3627478358000559,0.8378568086102012,0.007858294224798616,0.003995439641682447,0.04468881609733306
mkgw_native_adamf,W-NA,test,No-gate,3,tail,4274,3444.0,672.0,719.0,0.5044695261306198,-0.0015459636398236366,0.15722976134768366,0.1951219512195122,0.8058025269068788,0.016176156841529243,0.014630193201705608,0.07537435657463729
mkgw_native_adamf,W-NA,test,Global,1,head,4274,0.0,0.0,0.0,0.18105685134367921,0.0,0.0,,0.0,0.0,0.0,0.0
mkgw_native_adamf,W-NA,test,Global,1,tail,4274,0.0,0.0,0.0,0.5052046639645938,0.0,0.0,,0.0,0.0,0.0,0.0
mkgw_native_adamf,W-NA,test,Global,2,head,4274,0.0,0.0,0.0,0.17978749620249165,0.0,0.0,,0.0,0.0,0.0,0.0
mkgw_native_adamf,W-NA,test,Global,2,tail,4274,0.0,0.0,0.0,0.507721554150005,0.0,0.0,,0.0,0.0,0.0,0.0
mkgw_native_adamf,W-NA,test,Global,3,head,4274,0.0,0.0,0.0,0.1849759989286369,0.0,0.0,,0.0,0.0,0.0,0.0
mkgw_native_adamf,W-NA,test,Global,3,tail,4274,0.0,0.0,0.0,0.5060154897704434,0.0,0.0,,0.0,0.0,0.0,0.0
db15k_native_adamf,D-NA,dev_oof,ADC,1,head,7922,214.0,28.0,132.0,0.21283977562229556,-5.7498270722708354e-05,0.0035344609946983086,0.1308411214953271,0.02701338045947993,0.00026901757598445965,0.0002115193052617513,0.002915930320626105
db15k_native_adamf,D-NA,dev_oof,ADC,1,tail,7922,156.0,20.0,71.0,0.4268509395320684,0.000286249180441049,0.0025246149962130774,0.1282051282051282,0.019691996970462006,9.264228677905562e-05,0.00037889146722010463,0.0019944458470083316
db15k_native_adamf,D-NA,dev_oof,ADC,2,head,7922,79.0,17.0,49.0,0.21776115628314602,-2.478441656420606e-05,0.002145922746781116,0.21518987341772153,0.009972229235041655,6.40298387924158e-05,3.924542222820973e-05,0.001009845998485231
db15k_native_adamf,D-NA,dev_oof,ADC,2,tail,7922,10.0,1.0,3.0,0.4336206582776681,-6.307560330456794e-05,0.00012623074981065388,0.1,0.0012623074981065387,6.311537490532694e-05,3.9771600759004074e-08,0.00012623074981065388
db15k_native_adamf,D-NA,dev_oof,ADC,3,head,7922,548.0,99.0,300.0,0.21060642804777405,-0.0004670801846957973,0.012496844231254734,0.18065693430656934,0.06917445089623832,0.0008018283372792011,0.00033474815258340365,0.007441302701338041
db15k_native_adamf,D-NA,dev_oof,ADC,3,tail,7922,822.0,73.0,347.0,0.42463562870512084,0.0005092660881069389,0.009214844736177733,0.08880778588807786,0.10376167634435748,0.00106529714255325,0.0015745632306601888,0.010578136834132784
db15k_native_adamf,D-NA,dev_oof,Center-0.5,1,head,7922,230.0,70.0,125.0,0.21247559415771833,-0.00042167973529994083,0.008836152486745772,0.30434782608695654,0.02903307245645039,0.001057528310707083,0.000635848575407142,0.017243120424135314
db15k_native_adamf,D-NA,dev_oof,Center-0.5,1,tail,7922,187.0,46.0,82.0,0.4271426830364163,0.0005779926847889799,0.005806614491290078,0.24598930481283424,0.023605150214592276,0.0009197811842696975,0.0014977738690586774,0.013348901792476645
db15k_native_adamf,D-NA,dev_oof,Center-0.5,2,head,7922,118.0,39.0,61.0,0.2175894158952999,-0.0001965248044103261,0.004922999242615501,0.3305084745762712,0.014895228477657157,0.0004950302709651797,0.00029850546655485363,0.007984094925523858
db15k_native_adamf,D-NA,dev_oof,Center-0.5,2,tail,7922,247.0,63.0,64.0,0.43218209677287334,-0.0015016371080993135,0.007952537238071194,0.2550607287449393,0.031178995203231506,0.0030003302248979985,0.001498693116798685,0.012370613481444083
db15k_native_adamf,D-NA,dev_oof,Center-0.5,3,head,7922,562.0,159.0,304.0,0.21120027945025763,0.00012677121778779132,0.020070689219893967,0.28291814946619215,0.07094168139358747,0.0021171159317313463,0.002243887149519137,0.042741731885887424
db15k_native_adamf,D-NA,dev_oof,Center-0.5,3,tail,7922,831.0,190.0,390.0,0.42480351421124296,0.0006771515942290341,0.023983842464024237,0.2286401925391095,0.10489775309265337,0.005233896081905798,0.005911047676134832,0.06290709416813942
db15k_native_adamf,D-NA,dev_oof,Linear-p,1,head,7922,214.0,21.0,132.0,0.21290746416088124,1.0190267862969948e-05,0.0026508457460237313,0.09813084112149532,0.02701338045947993,9.782791830527505e-05,0.00010801818616824499,0.001445342085331988
db15k_native_adamf,D-NA,dev_oof,Linear-p,1,tail,7922,156.0,19.0,64.0,0.42655125305396274,-1.3437297664592346e-05,0.0023983842464024236,0.12179487179487179,0.019691996970462006,0.0002005502964273332,0.00018711299876274083,0.0010035344609946992
db15k_native_adamf,D-NA,dev_oof,Linear-p,2,head,7922,79.0,17.0,49.0,0.21775857722084274,-2.736347886747159e-05,0.002145922746781116,0.21518987341772153,0.009972229235041655,6.353485384058848e-05,3.61713749731169e-05,0.0005112345367331487
db15k_native_adamf,D-NA,dev_oof,Linear-p,2,tail,7922,10.0,0.0,3.0,0.4336837539501264,2.006915380699794e-08,0.0,0.0,0.0012623074981065387,0.0,2.006915380699794e-08,6.311537490532699e-05
db15k_native_adamf,D-NA,dev_oof,Linear-p,3,head,7922,548.0,86.0,299.0,0.2108044937802183,-0.00026901445225154555,0.010855844483716234,0.15693430656934307,0.06917445089623832,0.0003897423959197815,0.00012072794366823592,0.003742741731885885
db15k_native_adamf,D-NA,dev_oof,Linear-p,3,tail,7922,822.0,64.0,312.0,0.4239775951501964,-0.0001487674668175094,0.008078767987881848,0.07785888077858881,0.10376167634435748,0.0009364914578824797,0.00078772399106497,0.005364806866952781
db15k_native_adamf,D-NA,dev_oof,Clip-g,1,head,7922,214.0,28.0,132.0,0.2128398434050948,-5.7430487923489925e-05,0.0035344609946983086,0.1308411214953271,0.02701338045947993,0.00026927301491562136,0.00021184252699213145,0.0029790456955314324
db15k_native_adamf,D-NA,dev_oof,Clip-g,1,tail,7922,156.0,20.0,71.0,0.42687197799037013,0.00030728763874282464,0.0025246149962130774,0.1282051282051282,0.019691996970462006,9.264228677905562e-05,0.00039992992552188026,0.002007068921989397
db15k_native_adamf,D-NA,dev_oof,Clip-g,2,head,7922,79.0,17.0,49.0,0.21776115687322234,-2.478382648788508e-05,0.002145922746781116,0.21518987341772153,0.009972229235041655,6.40298387924158e-05,3.924601230453071e-05,0.0010161575359757637
db15k_native_adamf,D-NA,dev_oof,Clip-g,2,tail,7922,10.0,1.0,3.0,0.4336206582776681,-6.307560330456794e-05,0.00012623074981065388,0.1,0.0012623074981065387,6.311537490532694e-05,3.9771600759004074e-08,0.00012623074981065388
db15k_native_adamf,D-NA,dev_oof,Clip-g,3,head,7922,548.0,102.0,302.0,0.21053474883633197,-0.0005387593961378703,0.012875536480686695,0.18613138686131386,0.06917445089623832,0.0009385792794070118,0.0003998198832691414,0.007674829588487752
db15k_native_adamf,D-NA,dev_oof,Clip-g,3,tail,7922,822.0,75.0,348.0,0.42466620766933755,0.0005398450523236075,0.00946730623579904,0.09124087591240876,0.10376167634435748,0.00106645113873854,0.0016062961910621471,0.010817975258773026
db15k_native_adamf,D-NA,dev_oof,Shrink-fixed,1,head,7922,230.0,42.0,137.0,0.21272270645604086,-0.00017456743697741734,0.0053016914920474625,0.1826086956521739,0.02903307245645039,0.00046814509905610365,0.0002935776620786863,0.007005806614491289
db15k_native_adamf,D-NA,dev_oof,Shrink-fixed,1,tail,7922,187.0,33.0,83.0,0.4268390957710331,0.000274405419405776,0.0041656147437515775,0.17647058823529413,0.023605150214592276,0.000655247675054312,0.000929653094460088,0.005263822267104266
db15k_native_adamf,D-NA,dev_oof,Shrink-fixed,2,head,7922,118.0,28.0,62.0,0.2176747965564691,-0.00011114414324111486,0.0035344609946983086,0.23728813559322035,0.014895228477657157,0.00020687951478998864,9.57353715488738e-05,0.0031620802827568794
db15k_native_adamf,D-NA,dev_oof,Shrink-fixed,2,tail,7922,245.0,42.0,56.0,0.4331086182148639,-0.0005751156661087478,0.0053016914920474625,0.17142857142857143,0.0309265337036102,0.0016550515913134661,0.0010799359252047184,0.005724564503913156
db15k_native_adamf,D-NA,dev_oof,Shrink-fixed,3,head,7922,562.0,120.0,317.0,0.21093766022901958,-0.00013584800345026258,0.015147689977278465,0.21352313167259787,0.07094168139358747,0.00117099087936207,0.0010351428759118075,0.017022216611966682
db15k_native_adamf,D-NA,dev_oof,Shrink-fixed,3,tail,7922,831.0,121.0,380.0,0.42400477036156425,-0.0001215922554496542,0.01527392072708912,0.14560770156438027,0.10489775309265337,0.0032665490844793013,0.0031449568290296474,0.02491795001262309
db15k_native_adamf,D-NA,dev_oof,Radius-1,1,head,7922,214.0,35.0,134.0,0.21287248650112614,-2.4787391892127583e-05,0.004418076243372886,0.16355140186915887,0.02701338045947993,0.00031772107282564263,0.00029293368093351503,0.006595556677606666
db15k_native_adamf,D-NA,dev_oof,Radius-1,1,tail,7922,156.0,26.0,75.0,0.42685557348898195,0.00029088313735463014,0.003281999495077001,0.16666666666666666,0.019691996970462006,0.0004936306649364984,0.0007845138022911285,0.004525372380711943
db15k_native_adamf,D-NA,dev_oof,Radius-1,2,head,7922,79.0,19.0,49.0,0.21777100406553013,-1.4936634180091126e-05,0.0023983842464024236,0.24050632911392406,0.009972229235041655,6.484026711679308e-05,4.990363293670195e-05,0.0022279727341580407
db15k_native_adamf,D-NA,dev_oof,Radius-1,2,tail,7922,10.0,3.0,2.0,0.43358914906412654,-9.458481684610772e-05,0.0003786922494319616,0.3,0.0012623074981065387,9.468049674972101e-05,9.567990361328933e-08,0.0002903307245645039
db15k_native_adamf,D-NA,dev_oof,Radius-1,3,head,7922,548.0,123.0,310.0,0.21050027663140328,-0.0005732316010665609,0.015526382226710427,0.22445255474452555,0.06917445089623832,0.0015295013397390947,0.0009562697386725337,0.0173945973239081
db15k_native_adamf,D-NA,dev_oof,Radius-1,3,tail,7922,822.0,120.0,375.0,0.4243042399391114,0.00017787732209748828,0.015147689977278465,0.145985401459854,0.10376167634435748,0.0029029696230717865,0.0030808469451692752,0.024646553900530156
db15k_native_adamf,D-NA,dev_oof,No-gate,1,head,7922,1593.0,306.0,784.0,0.21231453964667196,-0.0005827342463463035,0.03862660944206009,0.192090395480226,0.20108558444837163,0.001312806239413312,0.0007300719930670083,0.012553648068669548
db15k_native_adamf,D-NA,dev_oof,No-gate,1,tail,7922,2714.0,245.0,903.0,0.42542475732480034,-0.0011399330268269587,0.0309265337036102,0.09027266028002948,0.3425902549861146,0.0036486749797414023,0.0025087419529144428,0.01924387780863429
db15k_native_adamf,D-NA,dev_oof,No-gate,2,head,7922,1035.0,256.0,525.0,0.21707673062542335,-0.0007092100742868796,0.03231507195152739,0.24734299516908212,0.13064882605402675,0.0009585384804425764,0.0002493284061556966,0.007580156526129752
db15k_native_adamf,D-NA,dev_oof,No-gate,2,tail,7922,670.0,71.0,233.0,0.4331566448591985,-0.0005270890217741286,0.008962383236556425,0.10597014925373134,0.0845746023731381,0.0014083447582461535,0.0008812557364720249,0.004443322393335012
db15k_native_adamf,D-NA,dev_oof,No-gate,3,head,7922,1818.0,300.0,794.0,0.20948435856712316,-0.0015891496653466844,0.03786922494319616,0.16501650165016502,0.22948750315576874,0.0022801699851234918,0.0006910203197768079,0.01678237818732646
db15k_native_adamf,D-NA,dev_oof,No-gate,3,tail,7922,4548.0,388.0,1278.0,0.42266562760054016,-0.0014607350164737394,0.0489775309265337,0.0853122251539138,0.5740974501388538,0.005516109166891576,0.004055374150417837,0.037395859631406334
db15k_native_adamf,D-NA,dev_oof,Global,1,head,7922,0.0,0.0,0.0,0.21289727389301827,0.0,0.0,,0.0,0.0,0.0,0.0
db15k_native_adamf,D-NA,dev_oof,Global,1,tail,7922,0.0,0.0,0.0,0.4265646903516273,0.0,0.0,,0.0,0.0,0.0,0.0
db15k_native_adamf,D-NA,dev_oof,Global,2,head,7922,0.0,0.0,0.0,0.21778594069971022,0.0,0.0,,0.0,0.0,0.0,0.0
db15k_native_adamf,D-NA,dev_oof,Global,2,tail,7922,0.0,0.0,0.0,0.43368373388097264,0.0,0.0,,0.0,0.0,0.0,0.0
db15k_native_adamf,D-NA,dev_oof,Global,3,head,7922,0.0,0.0,0.0,0.21107350823246984,0.0,0.0,,0.0,0.0,0.0,0.0
db15k_native_adamf,D-NA,dev_oof,Global,3,tail,7922,0.0,0.0,0.0,0.4241263626170139,0.0,0.0,,0.0,0.0,0.0,0.0
db15k_native_adamf,D-NA,test,ADC,1,head,9902,319.0,56.0,199.0,0.2084228063199343,-0.00019554281556390942,0.005655423146839022,0.1755485893416928,0.03221571399717229,0.00038012554413261975,0.00018458272856871038,0.003650777620682691
db15k_native_adamf,D-NA,test,ADC,1,tail,9902,213.0,23.0,106.0,0.42049759578892787,0.0001175466715537436,0.002322763078166027,0.107981220657277,0.021510805897798423,0.0002323774743660741,0.00034992414591981767,0.002570187840840235
db15k_native_adamf,D-NA,test,ADC,2,head,9902,71.0,19.0,47.0,0.2076171892473748,-6.757238657533294e-05,0.0019188042819632397,0.2676056338028169,0.007170268632599475,7.659576085768586e-05,9.023374282352923e-06,0.0008230660472631791
db15k_native_adamf,D-NA,test,ADC,2,tail,9902,22.0,4.0,13.0,0.42010971630426797,-5.5008794607441524e-05,0.0004039587962027873,0.18181818181818182,0.00222177337911533,0.00010103492481493891,4.602613020749739e-05,0.0003080185821046253
db15k_native_adamf,D-NA,test,ADC,3,head,9902,790.0,151.0,444.0,0.20626849458306729,-0.0002293434864458498,0.015249444556655221,0.1911392405063291,0.07978186225005049,0.0006881007443018605,0.00045875725785601054,0.00944758634619268
db15k_native_adamf,D-NA,test,ADC,3,tail,9902,1001.0,98.0,433.0,0.4135638769266296,0.0003406913004098908,0.00989699050696829,0.0979020979020979,0.10109068874974753,0.0012203161001317626,0.0015610074005416533,0.01142698444758633
db15k_native_adamf,D-NA,test,Center-0.5,1,head,9902,333.0,90.0,200.0,0.20889331410566997,0.0002749649701717768,0.009089072914562714,0.2702702702702703,0.03362956978388204,0.0009075912263542059,0.0011825561965259825,0.02029892950919007
db15k_native_adamf,D-NA,test,Center-0.5,1,tail,9902,237.0,42.0,127.0,0.4211663336169298,0.0007862844995556416,0.004241567360129267,0.17721518987341772,0.02393455867501515,0.000835865584274138,0.0016221500838297796,0.014173904261765296
db15k_native_adamf,D-NA,test,Center-0.5,2,head,9902,128.0,33.0,74.0,0.2077445326767584,5.9771042808257394e-05,0.0033326600686729956,0.2578125,0.012926681478489193,0.00023657676423304933,0.0002963478070413068,0.006665320137345991
db15k_native_adamf,D-NA,test,Center-0.5,2,tail,9902,296.0,81.0,89.0,0.41935979910213034,-0.0008049259967450896,0.008180165623106443,0.27364864864864863,0.02989295091900626,0.0023994756563226545,0.001594549659577565,0.011886487578267019
db15k_native_adamf,D-NA,test,Center-0.5,3,head,9902,804.0,251.0,428.0,0.20649529174615658,-2.546323356555229e-06,0.025348414461724905,0.31218905472636815,0.08119571803676025,0.002596763831289641,0.002594217507933086,0.04990405978590188
db15k_native_adamf,D-NA,test,Center-0.5,3,tail,9902,1013.0,222.0,481.0,0.4154165022230434,0.0021933165968236403,0.022419713189254696,0.21915103652517276,0.1023025651383559,0.004289495366184607,0.006482811963008247,0.062452029892950914
db15k_native_adamf,D-NA,test,Linear-p,1,head,9902,319.0,46.0,200.0,0.20861921238808673,8.632525885134084e-07,0.004645526156332054,0.14420062695924765,0.03221571399717229,0.00010923713214042324,0.0001101003847289367,0.0017673197333871956
db15k_native_adamf,D-NA,test,Linear-p,1,tail,9902,213.0,17.0,98.0,0.4204485785280691,6.85294106949756e-05,0.0017168248838618462,0.07981220657276995,0.021510805897798423,0.00015573096022404576,0.00022426037091902135,0.0012724702080387808
db15k_native_adamf,D-NA,test,Linear-p,2,head,9902,71.0,14.0,48.0,0.20768935348821344,4.591854263286447e-06,0.0014138557867097556,0.19718309859154928,0.007170268632599475,8.183492291426298e-08,4.67368918620071e-06,0.0004090082811553224
db15k_native_adamf,D-NA,test,Linear-p,2,tail,9902,22.0,4.0,12.0,0.4200998756506535,-6.48494482219425e-05,0.0004039587962027873,0.18181818181818182,0.00222177337911533,0.00010101351302725569,3.6164064805313176e-05,0.00015653403352858017
db15k_native_adamf,D-NA,test,Linear-p,3,head,9902,790.0,141.0,433.0,0.2063514786284229,-0.00014635944109023843,0.014239547566148253,0.17848101265822786,0.07978186225005049,0.00042570916906386265,0.00027934972797362417,0.0047263179155726046
db15k_native_adamf,D-NA,test,Linear-p,3,tail,9902,1001.0,78.0,402.0,0.41351160548510196,0.0002884198588822036,0.007877196525954352,0.07792207792207792,0.10109068874974753,0.000477373824114435,0.0007657936829966386,0.005554433447788315
db15k_native_adamf,D-NA,test,Clip-g,1,head,9902,319.0,56.0,199.0,0.2084234664273896,-0.00019488270810861526,0.005655423146839022,0.1755485893416928,0.03221571399717229,0.0003802449650894247,0.00018536225698080944,0.0037265198949707136
db15k_native_adamf,D-NA,test,Clip-g,1,tail,9902,213.0,23.0,105.0,0.42049310967230863,0.00011306055493448899,0.002322763078166027,0.107981220657277,0.021510805897798423,0.00023237748995957687,0.00034543804489406594,0.002656029085033327
db15k_native_adamf,D-NA,test,Clip-g,2,head,9902,71.0,19.0,47.0,0.20761642476046602,-6.833687348413052e-05,0.0019188042819632397,0.2676056338028169,0.007170268632599475,7.659576085768586e-05,8.258887373555342e-06,0.0008331650171682487
db15k_native_adamf,D-NA,test,Clip-g,2,tail,9902,22.0,4.0,13.0,0.42010971630426797,-5.5008794607441524e-05,0.0004039587962027873,0.18181818181818182,0.00222177337911533,0.00010103492481493891,4.602613020749739e-05,0.00032316703696222984
db15k_native_adamf,D-NA,test,Clip-g,3,head,9902,790.0,152.0,442.0,0.20626587160402232,-0.0002319664654908059,0.015350434255705918,0.19240506329113924,0.07978186225005049,0.0007049247582698699,0.00047295829277906384,0.00987679256715814
db15k_native_adamf,D-NA,test,Clip-g,3,tail,9902,1001.0,99.0,434.0,0.41367811459912984,0.0004549289729101205,0.009997980206018987,0.0989010989010989,0.10109068874974753,0.0011904934170911038,0.0016454223900012241,0.011709755604928282
db15k_native_adamf,D-NA,test,Shrink-fixed,1,head,9902,333.0,68.0,212.0,0.20874251465665455,0.0001241655211563451,0.006867299535447385,0.2042042042042042,0.03362956978388204,0.0005732715516311472,0.0006974370727874923,0.008377095536255302
db15k_native_adamf,D-NA,test,Shrink-fixed,1,tail,9902,237.0,28.0,122.0,0.4207602024681255,0.0003801533507513463,0.002827711573419511,0.11814345991561181,0.02393455867501515,0.0004829634211256575,0.0008631167718770038,0.005912946879418299
db15k_native_adamf,D-NA,test,Shrink-fixed,2,head,9902,127.0,28.0,72.0,0.2076021422788631,-8.26193550870354e-05,0.002827711573419511,0.2204724409448819,0.012825691779438497,0.00019233757021636954,0.00010971821512933413,0.0029337507574227427
db15k_native_adamf,D-NA,test,Shrink-fixed,2,tail,9902,294.0,51.0,82.0,0.41992223246129673,-0.00024249263757872118,0.0051504746515855385,0.17346938775510204,0.029690971520904868,0.001334047451627968,0.0010915548140492466,0.0059735406988487205
db15k_native_adamf,D-NA,test,Shrink-fixed,3,head,9902,804.0,184.0,448.0,0.2063201757399081,-0.00017766232960502405,0.018582104625328215,0.22885572139303484,0.08119571803676025,0.001303265942858614,0.0011256036132535898,0.020420117148050896
db15k_native_adamf,D-NA,test,Shrink-fixed,3,tail,9902,1013.0,135.0,471.0,0.41412587133605194,0.0009026857098322005,0.013633609371844073,0.1332675222112537,0.1023025651383559,0.002454889963382059,0.0033575756732142593,0.025671581498687132
db15k_native_adamf,D-NA,test,Radius-1,1,head,9902,319.0,67.0,204.0,0.20858748907038543,-3.086006511276845e-05,0.006766309836396688,0.21003134796238246,0.03221571399717229,0.0006080214789912936,0.0005771614138785253,0.008033730559482933
db15k_native_adamf,D-NA,test,Radius-1,1,tail,9902,213.0,26.0,117.0,0.42081003600125616,0.00042998688388200035,0.0026257321753181176,0.12206572769953052,0.021510805897798423,0.0003724135024830294,0.0008024003863650298,0.005635225207028884
db15k_native_adamf,D-NA,test,Radius-1,2,head,9902,71.0,22.0,43.0,0.20764738031792082,-3.738131602930652e-05,0.00222177337911533,0.30985915492957744,0.007170268632599475,6.41048213811167e-05,2.6723505351810188e-05,0.0017925671581498688
db15k_native_adamf,D-NA,test,Radius-1,2,tail,9902,22.0,5.0,13.0,0.42015449981100983,-1.022528786559055e-05,0.0005049484952534841,0.22727272727272727,0.00222177337911533,0.00010443603871829775,9.421075085270722e-05,0.000671581498687134
db15k_native_adamf,D-NA,test,Radius-1,3,head,9902,790.0,181.0,444.0,0.20633661560523686,-0.000161222464276271,0.018279135528176126,0.2291139240506329,0.07978186225005049,0.0013104614949278736,0.0011492390306516026,0.021288628559886887
db15k_native_adamf,D-NA,test,Radius-1,3,tail,9902,1001.0,130.0,478.0,0.4143810734122376,0.0011578877860178773,0.013128660876590587,0.12987012987012986,0.10109068874974753,0.0023441653910763515,0.003502053177094229,0.025146435063623494
db15k_native_adamf,D-NA,test,No-gate,1,head,9902,2273.0,461.0,1088.0,0.20815400380252716,-0.00046434533297103986,0.046556251262371236,0.20281566212054553,0.2295495859422339,0.0013866621147962627,0.0009223167818252225,0.014754595031306855
db15k_native_adamf,D-NA,test,No-gate,1,tail,9902,3718.0,356.0,1288.0,0.41929614738453846,-0.001083901732835678,0.03595233286204807,0.09575040344271113,0.37547970107049083,0.00414917801802556,0.00306527628518988,0.021662290446374636
db15k_native_adamf,D-NA,test,No-gate,2,head,9902,1396.0,387.0,688.0,0.2070832968479655,-0.0006014647859846264,0.03908301353261967,0.27722063037249284,0.14098161987477278,0.001085208531069916,0.0004837437450852898,0.008649767723692192
db15k_native_adamf,D-NA,test,No-gate,2,tail,9902,950.0,102.0,354.0,0.41998593659515604,-0.00017878850371939178,0.010300949303171077,0.10736842105263159,0.09594021409816199,0.0012265778548085676,0.001047789351089176,0.005195920016158342
db15k_native_adamf,D-NA,test,No-gate,3,head,9902,2553.0,436.0,1119.0,0.20596458547544477,-0.0005332525940683489,0.04403150878610382,0.1707794751273012,0.257826701676429,0.0017467790749836373,0.0012135264809152882,0.01998081195718045
db15k_native_adamf,D-NA,test,No-gate,3,tail,9902,5982.0,491.0,1788.0,0.4121046418655156,-0.0011185437607041516,0.04958594223389214,0.08207957204948178,0.6041203797212684,0.005625492860902212,0.004506949100198061,0.04075439305190856
db15k_native_adamf,D-NA,test,Global,1,head,9902,0.0,0.0,0.0,0.2086183491354982,0.0,0.0,,0.0,0.0,0.0,0.0
db15k_native_adamf,D-NA,test,Global,1,tail,9902,0.0,0.0,0.0,0.42038004911737414,0.0,0.0,,0.0,0.0,0.0,0.0
db15k_native_adamf,D-NA,test,Global,2,head,9902,0.0,0.0,0.0,0.20768476163395014,0.0,0.0,,0.0,0.0,0.0,0.0
db15k_native_adamf,D-NA,test,Global,2,tail,9902,0.0,0.0,0.0,0.4201647250988754,0.0,0.0,,0.0,0.0,0.0,0.0
db15k_native_adamf,D-NA,test,Global,3,head,9902,0.0,0.0,0.0,0.20649783806951313,0.0,0.0,,0.0,0.0,0.0,0.0
db15k_native_adamf,D-NA,test,Global,3,tail,9902,0.0,0.0,0.0,0.41322318562621974,0.0,0.0,,0.0,0.0,0.0,0.0
