pair,label,split,method,seed,direction,n,mrr,utility,harm_rate,mean_loss,action_rate,mean_movement,full_minus_method
mkgw_mhyper_native,W-N,dev_oof,ADC,1,head,4276,0.19498388970062794,0.0009639898942889716,0.17492984097287184,0.0040534175661165175,0.6632366697848456,0.14184985968194577,0.0
mkgw_mhyper_native,W-N,dev_oof,ADC,1,tail,4276,0.522656832358136,0.002408940195053637,0.11903648269410665,0.005894430241264716,0.5848924228250701,0.12124649204864357,0.0
mkgw_mhyper_native,W-N,dev_oof,ADC,2,head,4276,0.1915945345021764,0.0009624818887694626,0.16323666978484566,0.0026658700133910048,0.6166978484565014,0.11555191768007485,0.0
mkgw_mhyper_native,W-N,dev_oof,ADC,2,tail,4276,0.5238189776991251,0.004015471625548653,0.15411599625818523,0.007515795917351439,0.6868568755846586,0.1476379794200187,0.0
mkgw_mhyper_native,W-N,dev_oof,ADC,3,head,4276,0.19702399537346318,0.001805919053321375,0.17118802619270346,0.0032369424557296632,0.6604303086997194,0.13971000935453695,0.0
mkgw_mhyper_native,W-N,dev_oof,ADC,3,tail,4276,0.5228453953940734,0.008265811976471292,0.1148269410664172,0.004836717878191075,0.5853601496725912,0.12087231057062674,0.0
mkgw_mhyper_native,W-N,dev_oof,Random-I,1,head,4276,0.19442171283443435,0.00040181302809538517,0.1792209940284734,0.003870814218448871,0.6442112881510801,0.1167956571167693,0.0005621768661935865
mkgw_mhyper_native,W-N,dev_oof,Random-I,1,tail,4276,0.5218626751388457,0.001614782975763387,0.13610751692976997,0.006212184579722316,0.6039178044588359,0.0966598025692349,0.0007941572192902499
mkgw_mhyper_native,W-N,dev_oof,Random-I,2,head,4276,0.19169771099202068,0.0010656583786137562,0.17554009531209752,0.0029616900417339547,0.635744192287717,0.0981991552116311,-0.0001031764898442936
mkgw_mhyper_native,W-N,dev_oof,Random-I,2,tail,4276,0.5220076289130147,0.002204122839438151,0.17903130877530576,0.007288651092664959,0.6678105317534431,0.11722143859808945,0.0018113487861105009
mkgw_mhyper_native,W-N,dev_oof,Random-I,3,head,4276,0.19701130409114528,0.0017932277710034682,0.17267299409459483,0.003087956602342412,0.6410138075314105,0.11458984557692592,1.2691282317907046e-05
mkgw_mhyper_native,W-N,dev_oof,Random-I,3,tail,4276,0.520971210490371,0.006391627072768865,0.1297275812721841,0.004563052118818956,0.6047766508409003,0.09623333475151828,0.0018741849037024287
mkgw_mhyper_native,W-N,dev_oof,Head-first,1,head,4276,0.19406595074666222,4.6050940323253576e-05,0.22801683816651075,0.005486343934151836,0.8381665107577175,0.14927502338634235,0.0009179389539657181
mkgw_mhyper_native,W-N,dev_oof,Head-first,1,tail,4276,0.5211244880814329,0.0008765959183505253,0.08933582787652011,0.003943265889272758,0.4099625818521983,0.06573900841908326,0.001532344276703111
mkgw_mhyper_native,W-N,dev_oof,Head-first,2,head,4276,0.19189120164972578,0.0012591490363188403,0.22217025257249767,0.0037576325005635367,0.8140785781103835,0.12564312441534145,-0.00029666714754937747
mkgw_mhyper_native,W-N,dev_oof,Head-first,2,tail,4276,0.5216946821375462,0.0018911760639697,0.12418147801683817,0.005322883534657423,0.48947614593077643,0.08505612722170251,0.002124295561578952
mkgw_mhyper_native,W-N,dev_oof,Head-first,3,head,4276,0.1974365816418048,0.002218505321662996,0.21913002806361084,0.004257469725697514,0.8332553788587465,0.14736903648269412,-0.0004125862683416213
mkgw_mhyper_native,W-N,dev_oof,Head-first,3,tail,4276,0.5206276898361435,0.006048106418541407,0.08606173994387278,0.0027111688859762584,0.41253507951356405,0.06492048643592141,0.002217705557929886
mkgw_mhyper_native,W-N,dev_oof,Tail-first,1,head,4276,0.19437066545908674,0.0003507656527477818,0.11295603367633301,0.0022037524362513512,0.37652011225444343,0.07185453695042096,0.0006132242415411901
mkgw_mhyper_native,W-N,dev_oof,Tail-first,1,tail,4276,0.5225947233154142,0.0023468311523318734,0.19644527595884004,0.008960514601692664,0.8716089803554724,0.13949953227315248,6.210904272176318e-05
mkgw_mhyper_native,W-N,dev_oof,Tail-first,2,head,4276,0.1906608755071522,2.8822893745244336e-05,0.10664172123479888,0.001942690376357592,0.36810102899906455,0.05700420954162769,0.0009336589950242182
mkgw_mhyper_native,W-N,dev_oof,Tail-first,2,tail,4276,0.5228722087297909,0.0030687026562144287,0.25116931711880264,0.01018807469660634,0.9354536950420954,0.1641019644527596,0.0009467689693342233
mkgw_mhyper_native,W-N,dev_oof,Tail-first,3,head,4276,0.196623135790191,0.0014050594700491905,0.10430308699719364,0.0017893013571137761,0.3692703461178672,0.06935219831618335,0.0004008595832721845
mkgw_mhyper_native,W-N,dev_oof,Tail-first,3,tail,4276,0.5239348695763696,0.009355286158767493,0.1880261927034612,0.006572204164935802,0.8765201122544434,0.13945275958840037,-0.0010894741822962003
mkgw_mhyper_native,W-N,dev_oof,Low-A-gap,1,head,4276,0.1944006556713134,0.0003807558649744333,0.205799812909261,0.0047994578769688,0.7467259120673526,0.12880028063610852,0.0005832340293145381
mkgw_mhyper_native,W-N,dev_oof,Low-A-gap,1,tail,4276,0.5207943724666556,0.0005464803035732794,0.12488306828811974,0.0062539056234801335,0.5014031805425632,0.05104069223573432,0.0018624598914803573
mkgw_mhyper_native,W-N,dev_oof,Low-A-gap,2,head,4276,0.19169683368901325,0.0010647810756063234,0.19714686623012162,0.0033767390119866874,0.7289522918615529,0.10369504209541627,-0.00010229918683686087
mkgw_mhyper_native,W-N,dev_oof,Low-A-gap,2,tail,4276,0.5203113696876039,0.0005078636140273961,0.17773620205799812,0.007428347274688388,0.5746024321796072,0.06935219831618333,0.003507608011521256
mkgw_mhyper_native,W-N,dev_oof,Low-A-gap,3,head,4276,0.1966830875342374,0.0014650112140955828,0.19784845650140317,0.003919264038852574,0.7462581852198317,0.12680074836295605,0.00034090783922579194
mkgw_mhyper_native,W-N,dev_oof,Low-A-gap,3,tail,4276,0.5186008329045978,0.004021249486995683,0.11529466791393826,0.004189574402110495,0.49953227315247895,0.0508068288119738,0.0042445624894756106
mkgw_mhyper_native,W-N,dev_oof,Gap-agree,1,head,4276,0.19416942485227148,0.00014952504593251042,0.15926099158091675,0.002973361764664318,0.5306361085126287,0.09956735266604302,0.0008144648483564611
mkgw_mhyper_native,W-N,dev_oof,Gap-agree,1,tail,4276,0.5230391845699471,0.0027912924068648134,0.161599625818522,0.006283714320437155,0.7174929840972872,0.12448550046772684,-0.00038235221181117735
mkgw_mhyper_native,W-N,dev_oof,Gap-agree,2,head,4276,0.19203723447946253,0.0014051818660555811,0.15645463049579045,0.002279419365177294,0.5306361085126287,0.08707904583723104,-0.0004426999772861186
mkgw_mhyper_native,W-N,dev_oof,Gap-agree,2,tail,4276,0.5238082572865773,0.0040047512130008565,0.19457436856875585,0.006279751690718806,0.7729186155285314,0.14548643592142188,1.0720412547795608e-05
mkgw_mhyper_native,W-N,dev_oof,Gap-agree,3,head,4276,0.19717724627643438,0.0019591699562925688,0.15458372310570626,0.002567428876073876,0.5444340505144996,0.10001169317118803,-0.00015325090297119384
mkgw_mhyper_native,W-N,dev_oof,Gap-agree,3,tail,4276,0.5236951743043051,0.009115590886703046,0.14522918615528532,0.00426029414153888,0.7013564078578111,0.12293030869971933,-0.0008497789102317535
mkgw_mhyper_native,W-N,dev_oof,Random-shape,1,head,4276,0.19504318358571365,0.001023283779374699,0.1748766877262857,0.003958878008448696,0.6632366697848456,0.14184985968194577,-5.92938850857276e-05
mkgw_mhyper_native,W-N,dev_oof,Random-shape,1,tail,4276,0.5225468422852796,0.0022989501221972225,0.1215494853748209,0.0058844435182525785,0.5848924228250701,0.12124649204864357,0.00010999007285641427
mkgw_mhyper_native,W-N,dev_oof,Random-shape,2,head,4276,0.1919583090872563,0.0013262564738493689,0.16391596451240095,0.0027180425020369237,0.6166978484565014,0.11555191768007485,-0.00036377458507990643
mkgw_mhyper_native,W-N,dev_oof,Random-shape,2,tail,4276,0.5232813853438535,0.003477879270276994,0.15769025481094362,0.007870901202445683,0.6868568755846586,0.1476379794200187,0.0005375923552716583
mkgw_mhyper_native,W-N,dev_oof,Random-shape,3,head,4276,0.1969523704167483,0.0017342940966064671,0.1735409212754187,0.0033735272563568085,0.6604303086997194,0.13971000935453698,7.162495671490771e-05
mkgw_mhyper_native,W-N,dev_oof,Random-shape,3,tail,4276,0.5227173376088777,0.008137754191275642,0.11655613388415452,0.004689342942925449,0.5853601496725912,0.12087231057062674,0.00012805778519565163
mkgw_mhyper_native,W-N,dev_oof,No-gate,1,head,4276,0.19448330012284032,0.00046340031650134357,0.24906454630495792,0.005627624711195026,0.9139382600561272,0.15778765201122547,0.0005005895777876282
mkgw_mhyper_native,W-N,dev_oof,No-gate,1,tail,4276,0.5225947233154142,0.0023468311523318734,0.19644527595884004,0.008960514601692664,0.8716089803554724,0.13949953227315248,6.210904272176318e-05
mkgw_mhyper_native,W-N,dev_oof,No-gate,2,head,4276,0.1918139493127563,0.0011818966993493616,0.2469597754911132,0.004437260522909391,0.8877455565949486,0.13306828811973806,-0.00021941481057989904
mkgw_mhyper_native,W-N,dev_oof,No-gate,2,tail,4276,0.5228722087297909,0.0030687026562144287,0.25116931711880264,0.01018807469660634,0.9354536950420954,0.1641019644527596,0.0009467689693342233
mkgw_mhyper_native,W-N,dev_oof,No-gate,3,head,4276,0.1975774150018806,0.0023593386817388055,0.23947614593077643,0.0046490927422672985,0.9078578110383536,0.15498129092609916,-0.0005534196284174306
mkgw_mhyper_native,W-N,dev_oof,No-gate,3,tail,4276,0.5239348695763696,0.009355286158767493,0.1880261927034612,0.006572204164935802,0.8765201122544434,0.13945275958840037,-0.0010894741822962003
mkgw_mhyper_native,W-N,test,ADC,1,head,4274,0.1954313898717488,0.0014061190949742257,0.18062704726251755,0.004936683510867375,0.6731399157697707,0.1343121197941039,0.0
mkgw_mhyper_native,W-N,test,ADC,1,tail,4274,0.542233970544325,0.0022676395259591535,0.09967243799719233,0.006259749489176188,0.5662143191389799,0.10866869443144593,0.0
mkgw_mhyper_native,W-N,test,ADC,2,head,4274,0.19330422367331954,0.002027719559926242,0.1832007487131493,0.003232724853755779,0.6312587739822181,0.10760411792232104,0.0
mkgw_mhyper_native,W-N,test,ADC,2,tail,4274,0.5389842289347906,0.0033871243802050476,0.1495086569957885,0.008267098849441004,0.6944314459522696,0.13449929808142252,0.0
mkgw_mhyper_native,W-N,test,ADC,3,head,4274,0.19303339306240422,-8.40521325746657e-05,0.19396350023397285,0.004672714729896812,0.6715021057557323,0.13281469349555453,0.0
mkgw_mhyper_native,W-N,test,ADC,3,tail,4274,0.5396834218689582,0.005675341583165919,0.1020121665886757,0.005409868918238164,0.5631726719700515,0.10800187178287317,0.0
mkgw_mhyper_native,W-N,test,Random-I,1,head,4274,0.1954730399901269,0.0014477692133523516,0.182121604289993,0.0041714521211457314,0.6449052776637765,0.11176096266538557,-4.165011837812623e-05
mkgw_mhyper_native,W-N,test,Random-I,1,tail,4274,0.5414326521609562,0.0014663211425903408,0.12286305286848048,0.0059996966281556045,0.5944489572449742,0.08671798175018965,0.0008013183833688134
mkgw_mhyper_native,W-N,test,Random-I,2,head,4274,0.19392548518908725,0.0026489810756939606,0.1890184444737413,0.0030063859064238694,0.6472181339389823,0.09250579067907856,-0.000621261515767719
mkgw_mhyper_native,W-N,test,Random-I,2,tail,4274,0.5365477469753424,0.0009506424207568145,0.17042665654274464,0.008604079248575468,0.6784720859955051,0.1088898598607819,0.0024364819594482334
mkgw_mhyper_native,W-N,test,Random-I,3,head,4274,0.19333232724120172,0.00021488204622282936,0.18741987253242645,0.0040819265856294005,0.6461297546365787,0.1105429668251831,-0.00029893417879749476
mkgw_mhyper_native,W-N,test,Random-I,3,tail,4274,0.5379625211035769,0.00395444081778464,0.11751983051529193,0.005545083517943205,0.5885450230892051,0.08553194317406851,0.0017209007653812775
mkgw_mhyper_native,W-N,test,Head-first,1,head,4274,0.19564076364946364,0.0016154928726890838,0.22087037903603182,0.0051490086210256485,0.7901263453439401,0.13554047730463267,-0.0002093737777148583
mkgw_mhyper_native,W-N,test,Head-first,1,tail,4274,0.5411871411841983,0.0012208101658325407,0.09124941506785213,0.004077529166118668,0.44922788956481047,0.0670098268600842,0.0010468293601266132
mkgw_mhyper_native,W-N,test,Head-first,2,head,4274,0.19479497332257187,0.0035184692091785987,0.2213383247543285,0.003587461342900578,0.7737482452035563,0.11062236780533459,-0.0014907496492523563
mkgw_mhyper_native,W-N,test,Head-first,2,tail,4274,0.5358487551950766,0.0002516506404910707,0.13055685540477305,0.0071257569537790865,0.5519419747309312,0.0893074403369209,0.003135473739713977
mkgw_mhyper_native,W-N,test,Head-first,3,head,4274,0.19338308362566595,0.0002656384306870418,0.2267197005147403,0.004979557188407785,0.7931679925128685,0.1340313523631259,-0.0003496905632617073
mkgw_mhyper_native,W-N,test,Head-first,3,tail,4274,0.5376128847811273,0.0036048044953350764,0.08656995788488535,0.004163455396704932,0.4415067852129153,0.06456481048198408,0.0020705370878308415
mkgw_mhyper_native,W-N,test,Tail-first,1,head,4274,0.194351510950476,0.00032624017370143805,0.12681328965839964,0.0027762155513518082,0.400561534861956,0.0725666822648573,0.0010798789212727877
mkgw_mhyper_native,W-N,test,Tail-first,1,tail,4274,0.5415578122730055,0.001591481254639665,0.17267197005147403,0.008574451387024373,0.8387927000467946,0.1226017781937295,0.0006761582713194885
mkgw_mhyper_native,W-N,test,Tail-first,2,head,4274,0.19318056226713504,0.001904058153741755,0.11792232101076275,0.0012500670901131746,0.3968179691155826,0.053263921385119324,0.0001236614061844872
mkgw_mhyper_native,W-N,test,Tail-first,2,tail,4274,0.5369400048400252,0.0013429002854397165,0.2339728591483388,0.011762860014891657,0.928872250818905,0.14905240992044916,0.0020442240947653317
mkgw_mhyper_native,W-N,test,Tail-first,3,head,4274,0.1938943064071001,0.0007768612121212032,0.12447356106691623,0.0020207596752450704,0.4010294805802527,0.07091717360786151,-0.0008609133446958686
mkgw_mhyper_native,W-N,test,Tail-first,3,tail,4274,0.5405011064942635,0.00649302620847129,0.16682264857276555,0.007530092000014837,0.8336452971455312,0.12085868039307439,-0.0008176846253053722
mkgw_mhyper_native,W-N,test,Low-A-gap,1,head,4274,0.1952097061712109,0.0011844353944363301,0.1846045858680393,0.004694865829024609,0.6909218530650445,0.11488067384183434,0.00022168370053789522
mkgw_mhyper_native,W-N,test,Low-A-gap,1,tail,4274,0.5397521701953496,-0.00021416082301617967,0.12213383247543284,0.006555018298400981,0.5484323818437061,0.05504211511464668,0.0024818003489753336
mkgw_mhyper_native,W-N,test,Low-A-gap,2,head,4274,0.1940165964437699,0.002740092330376625,0.19045390734674777,0.0031665876148859553,0.673373888628919,0.08888628919045391,-0.0007123727704503829
mkgw_mhyper_native,W-N,test,Low-A-gap,2,tail,4274,0.5352722322494138,-0.00032487230517170684,0.1743097800655124,0.00914694649874333,0.6523163313055685,0.07945718296677581,0.003711996685376754
mkgw_mhyper_native,W-N,test,Low-A-gap,3,head,4274,0.19233204849594676,-0.0007853966990321265,0.19677117454375292,0.005009611441787278,0.6927936359382312,0.11254094525035098,0.0007013445664574607
mkgw_mhyper_native,W-N,test,Low-A-gap,3,tail,4274,0.5362460123075474,0.002237932021755204,0.114646700982686,0.005592394660981246,0.5418811417875526,0.05428170332241458,0.003437409561410714
mkgw_mhyper_native,W-N,test,Gap-agree,1,head,4274,0.195815421911679,0.0017901511349044375,0.16963032288254562,0.0036023040507378087,0.5671502105755732,0.10167290594291063,-0.00038403203993021205
mkgw_mhyper_native,W-N,test,Gap-agree,1,tail,4274,0.5418761284048829,0.00190979738651711,0.13593823116518483,0.006280920291730052,0.6722040243331774,0.10912494150678519,0.0003578421394420438
mkgw_mhyper_native,W-N,test,Gap-agree,2,head,4274,0.19390121731621465,0.00262471320282138,0.1780533458118858,0.0022467132289319975,0.5783809078146935,0.08750584932147872,-0.0005969936428951387
mkgw_mhyper_native,W-N,test,Gap-agree,2,tail,4274,0.5377994926972441,0.0022023881426585686,0.17711745437529247,0.007269958711309755,0.7473093121197941,0.12938699110903132,0.0011847362375464788
mkgw_mhyper_native,W-N,test,Gap-agree,3,head,4274,0.1932833822726222,0.0001659370776433119,0.17103416003743566,0.003676298178467314,0.5671502105755732,0.10005849321478708,-0.0002499892102179776
mkgw_mhyper_native,W-N,test,Gap-agree,3,tail,4274,0.53909491127129,0.005086830985497628,0.128451099672438,0.006392279520409257,0.6675245671502106,0.10813055685540474,0.000588510597668291
mkgw_mhyper_native,W-N,test,Random-shape,1,head,4274,0.19533153530321587,0.0013062645264413047,0.18231487109312303,0.004768521887500341,0.6731399157697707,0.13431211979410393,9.985456853292058e-05
mkgw_mhyper_native,W-N,test,Random-shape,1,tail,4274,0.5419015972809236,0.0019352662625577598,0.10151943863194085,0.006276083079434304,0.5662143191389799,0.10866869443144593,0.00033237326340139473
mkgw_mhyper_native,W-N,test,Random-shape,2,head,4274,0.1935053936049011,0.002228889491507813,0.18376348836505182,0.00320723152882554,0.6312587739822182,0.10760411792232102,-0.0002011699315815709
mkgw_mhyper_native,W-N,test,Random-shape,2,tail,4274,0.5385987910318285,0.0030016864772430224,0.15261371420045708,0.00831578621684863,0.6944314459522696,0.1344992980814225,0.0003854379029620256
mkgw_mhyper_native,W-N,test,Random-shape,3,head,4274,0.1931843579917949,6.691279681601688e-05,0.19287803383354052,0.004496555545658911,0.6715021057557323,0.13281469349555453,-0.00015096492939068243
mkgw_mhyper_native,W-N,test,Random-shape,3,tail,4274,0.539774933556753,0.005766853270960696,0.1039192515449917,0.005394429428927396,0.5631726719700515,0.10800187178287317,-9.151168779477738e-05
mkgw_mhyper_native,W-N,test,No-gate,1,head,4274,0.19607587058369008,0.0020505998069155337,0.24941506785212916,0.005555326409065952,0.900561534861956,0.1479878334113243,-0.0006444807119413079
mkgw_mhyper_native,W-N,test,No-gate,1,tail,4274,0.5421002174349994,0.0021338864166335907,0.17898923724847918,0.00876338481875297,0.8671034160037435,0.12656761815629383,0.00013375310932556303
mkgw_mhyper_native,W-N,test,No-gate,2,head,4274,0.19424154929799342,0.002965045184600145,0.26368741226017783,0.00445655570044621,0.8818437061300889,0.1224379971923257,-0.0009373256246739036
mkgw_mhyper_native,W-N,test,No-gate,2,tail,4274,0.5369400048400252,0.0013429002854397165,0.2339728591483388,0.011762860014891657,0.928872250818905,0.14905240992044916,0.0020442240947653317
mkgw_mhyper_native,W-N,test,No-gate,3,head,4274,0.19340340586698757,0.0002859606720086684,0.25854000935891436,0.005693712483331405,0.8986897519887693,0.14640851661207302,-0.0003700128045833341
mkgw_mhyper_native,W-N,test,No-gate,3,tail,4274,0.5398473451457083,0.005839264859916091,0.17337388862891903,0.008195846529590396,0.8687412260177819,0.12631024801123067,-0.00016392327675017216
mkgw_mhyper_adamf,W-A,dev_oof,ADC,1,head,4276,0.18733686067675118,-0.0004485359071333123,0.05706267539756782,0.0017904122046256213,0.26730589335827876,0.05332086061739945,0.0
mkgw_mhyper_adamf,W-A,dev_oof,ADC,1,tail,4276,0.5195788835350227,0.0018843214230475818,0.015902712815715623,0.0014366741635830798,0.0921421889616464,0.015528531337698786,0.0
mkgw_mhyper_adamf,W-A,dev_oof,ADC,2,head,4276,0.18838131010715692,0.00031041209510344355,0.07015902712815715,0.001553243820374919,0.3571094480823199,0.07257951356407859,0.0
mkgw_mhyper_adamf,W-A,dev_oof,ADC,2,tail,4276,0.5198805829065802,0.002290733457498616,0.012862488306828812,0.0014105870266681356,0.0853601496725912,0.014452759588400374,0.0
mkgw_mhyper_adamf,W-A,dev_oof,ADC,3,head,4276,0.19246041689575216,0.0009102765025586043,0.05402245088868101,0.0010238681214813994,0.27806361085126285,0.05681711880261927,0.0
mkgw_mhyper_adamf,W-A,dev_oof,ADC,3,tail,4276,0.5165171194901783,0.0022761738397462025,0.014733395696913003,0.001641121880913938,0.08886810102899906,0.016300280636108513,0.0
mkgw_mhyper_adamf,W-A,dev_oof,Random-I,1,head,4276,0.1877914041891855,6.007605300992475e-06,0.05515000843001416,0.0011834889106421065,0.2775669070634185,0.047743262347729666,-0.0004545435124343047
mkgw_mhyper_adamf,W-A,dev_oof,Random-I,1,tail,4276,0.5184111219893138,0.0007165598773388121,0.011270183251608498,0.0007872657886648423,0.08188117525650661,0.009129440400029276,0.0011677615457087696
mkgw_mhyper_adamf,W-A,dev_oof,Random-I,2,head,4276,0.18790774297175258,-0.00016315504030090381,0.06322176371614774,0.0013831719088023742,0.3473182068282908,0.06237437743481491,0.0004735671354043474
mkgw_mhyper_adamf,W-A,dev_oof,Random-I,2,tail,4276,0.5181937178773224,0.0006038684282407679,0.01201593364073802,0.0011113152378321028,0.09515139092662034,0.009634501690808572,0.0016868650292578484
mkgw_mhyper_adamf,W-A,dev_oof,Random-I,3,head,4276,0.19221957980954282,0.0006694394163492605,0.04986323883905582,0.0007600901917773888,0.28502832079999896,0.050057179587677046,0.00024083708620934377
mkgw_mhyper_adamf,W-A,dev_oof,Random-I,3,tail,4276,0.5151489197709115,0.0009079741204793882,0.011212337270761385,0.0008483801372380867,0.08190339108026302,0.009122165476861888,0.0013681997192668146
mkgw_mhyper_adamf,W-A,dev_oof,Head-first,1,head,4276,0.18704741386579768,-0.000737982718086804,0.0706267539756782,0.001949066272498995,0.35944808231992514,0.05558933582787653,0.0002894468109534917
mkgw_mhyper_adamf,W-A,dev_oof,Head-first,1,tail,4276,0.5176945621119751,0.0,0.0,0.0,0.0,0.0,0.0018843214230475818
mkgw_mhyper_adamf,W-A,dev_oof,Head-first,2,head,4276,0.18784563556601327,-0.00022526244604021274,0.07787652011225445,0.0018192329981387527,0.4424695977549111,0.0717376052385407,0.0005356745411436563
mkgw_mhyper_adamf,W-A,dev_oof,Head-first,2,tail,4276,0.5175898494490816,0.0,0.0,0.0,0.0,0.0,0.002290733457498616
mkgw_mhyper_adamf,W-A,dev_oof,Head-first,3,head,4276,0.19223776578806515,0.0006876253948715787,0.06127221702525725,0.000871105502493175,0.3669317118802619,0.05793966323666979,0.0002226511076870256
mkgw_mhyper_adamf,W-A,dev_oof,Head-first,3,tail,4276,0.5142409456504321,0.0,0.0,0.0,0.0,0.0,0.0022761738397462025
mkgw_mhyper_adamf,W-A,dev_oof,Tail-first,1,head,4276,0.18817526597441384,0.00038986939052934914,0.03391019644527596,0.000517395331377838,0.17025257249766138,0.0377689429373246,-0.0008384052976626615
mkgw_mhyper_adamf,W-A,dev_oof,Tail-first,1,tail,4276,0.5193662848762464,0.0016717227642713368,0.026426566884939197,0.0017933096961930456,0.1891955098222638,0.020930776426566884,0.0002125986587762447
mkgw_mhyper_adamf,W-A,dev_oof,Tail-first,2,head,4276,0.18800853814864935,-6.235986340414408e-05,0.0362488306828812,0.0009475208365993256,0.2137511693171188,0.048596819457436866,0.00037277195850758763
mkgw_mhyper_adamf,W-A,dev_oof,Tail-first,2,tail,4276,0.5189767681834242,0.001386918734342616,0.028999064546304958,0.002707076667619943,0.22871842843779233,0.02314078578110384,0.0009038147231560003
mkgw_mhyper_adamf,W-A,dev_oof,Tail-first,3,head,4276,0.1921122378126499,0.0005620974194563312,0.026894293732460245,0.0002717088185452222,0.17095416276894293,0.03916043030869972,0.000348179083102273
mkgw_mhyper_adamf,W-A,dev_oof,Tail-first,3,tail,4276,0.5163522580128173,0.0021113123623851594,0.027128157156220765,0.001990774818161314,0.19597754911131898,0.021760991580916746,0.0001648614773610434
mkgw_mhyper_adamf,W-A,dev_oof,Low-A-gap,1,head,4276,0.1877265620600604,-5.883452382409144e-05,0.05402245088868101,0.0012674785974703445,0.27899906454630496,0.049836295603367636,-0.0003897013833092209
mkgw_mhyper_adamf,W-A,dev_oof,Low-A-gap,1,tail,4276,0.5191344293082817,0.0014398671963065748,0.00912067352666043,0.0003249686239809972,0.08044901777362021,0.010161365762394762,0.00044445422674100715
mkgw_mhyper_adamf,W-A,dev_oof,Low-A-gap,2,head,4276,0.1888814224840716,0.0008105244720181167,0.06969130028063611,0.0009828062268013352,0.37277829747427504,0.06715388213283444,-0.000500112376914673
mkgw_mhyper_adamf,W-A,dev_oof,Low-A-gap,2,tail,4276,0.5199420418240934,0.0023521923750118843,0.00912067352666043,0.0005670478998407771,0.06969130028063611,0.008828344246959776,-6.145891751326799e-05
mkgw_mhyper_adamf,W-A,dev_oof,Low-A-gap,3,head,4276,0.19251897120392128,0.0009688308107277198,0.052853133769878394,0.0008967553686180202,0.2993451824134705,0.05349625818521984,-5.855430816911554e-05
mkgw_mhyper_adamf,W-A,dev_oof,Low-A-gap,3,tail,4276,0.5154039333120171,0.001162987661584954,0.010757717492984098,0.0003489571592719846,0.06758652946679139,0.009389616463985034,0.0011131861781612483
mkgw_mhyper_adamf,W-A,dev_oof,Gap-agree,1,head,4276,0.18721608953074959,-0.0005693070531348919,0.05636108512628625,0.0019034629011816613,0.26028999064546304,0.04976613657623948,0.00012077114600157976
mkgw_mhyper_adamf,W-A,dev_oof,Gap-agree,1,tail,4276,0.5191325212306048,0.001437959118629787,0.0156688493919551,0.0015340519731500521,0.09915809167446211,0.014183816651075773,0.0004463623044177949
mkgw_mhyper_adamf,W-A,dev_oof,Gap-agree,2,head,4276,0.187789295139047,-0.0002816028730065052,0.06548175865294668,0.0018403056705392014,0.34424695977549113,0.06652245088868101,0.0005920149681099487
mkgw_mhyper_adamf,W-A,dev_oof,Gap-agree,2,tail,4276,0.519678277373323,0.002088427924241342,0.011693171188026192,0.0016939379660263119,0.09822263797942002,0.013751169317118804,0.0002023055332572748
mkgw_mhyper_adamf,W-A,dev_oof,Gap-agree,3,head,4276,0.19228984312645794,0.000739702733264362,0.05215154349859682,0.0012521568038354745,0.2705799812909261,0.052572497661365764,0.00017057376929424228
mkgw_mhyper_adamf,W-A,dev_oof,Gap-agree,3,tail,4276,0.5166629042760813,0.0024219586256491554,0.0156688493919551,0.0016421889676047274,0.09635173058933583,0.015259588400374181,-0.00014578478590295297
mkgw_mhyper_adamf,W-A,dev_oof,Random-shape,1,head,4276,0.1873061319138008,-0.0004792646700836783,0.057791655828484514,0.001915442349847191,0.26730589335827876,0.05332086061739944,3.072876295036599e-05
mkgw_mhyper_adamf,W-A,dev_oof,Random-shape,1,tail,4276,0.5194605560590515,0.0017659939470763936,0.015416641347660076,0.0015117586863283477,0.0921421889616464,0.015528531337698782,0.0001183274759711881
mkgw_mhyper_adamf,W-A,dev_oof,Random-shape,2,head,4276,0.18817131674244694,0.00010041873039346206,0.07145087796739903,0.001683979011328327,0.3571094480823199,0.07257951356407857,0.00020999336470998146
mkgw_mhyper_adamf,W-A,dev_oof,Random-shape,2,tail,4276,0.5198170509286862,0.002227201479604593,0.012149606939709085,0.0014810176765821562,0.08536014967259119,0.014452759588400374,6.353197789402319e-05
mkgw_mhyper_adamf,W-A,dev_oof,Random-shape,3,head,4276,0.19244668883396338,0.0008965484407698046,0.05239809491770391,0.0010604430998652182,0.27806361085126285,0.05681711880261928,1.3728061788799686e-05
mkgw_mhyper_adamf,W-A,dev_oof,Random-shape,3,tail,4276,0.5163807913651418,0.002139845714709735,0.014851360977785874,0.0016496423484597615,0.08886810102899906,0.01630028063610851,0.0001363281250364676
mkgw_mhyper_adamf,W-A,dev_oof,No-gate,1,head,4276,0.18701607853100713,-0.0007693180528773522,0.09869036482694106,0.00269823705529063,0.505378858746492,0.06902478952291863,0.0003207821457440399
mkgw_mhyper_adamf,W-A,dev_oof,No-gate,1,tail,4276,0.5193682735924156,0.0016737114804404882,0.02736202057998129,0.0019524751614409506,0.19948550046772684,0.022170252572497665,0.00021060994260709343
mkgw_mhyper_adamf,W-A,dev_oof,No-gate,2,head,4276,0.18738156274430884,-0.0006893352677446572,0.11599625818521983,0.002720387833534433,0.6260523854069223,0.09015434985968195,0.0009997473628481006
mkgw_mhyper_adamf,W-A,dev_oof,No-gate,2,tail,4276,0.5190579317469666,0.0014680822978849688,0.029466791393826006,0.002746055856128756,0.23409728718428438,0.023678671655753047,0.0008226511596136474
mkgw_mhyper_adamf,W-A,dev_oof,No-gate,3,head,4276,0.19229684672109995,0.0007467063279063735,0.09681945743685688,0.001828063546937748,0.54911131898971,0.0743685687558466,0.00016357017465223062
mkgw_mhyper_adamf,W-A,dev_oof,No-gate,3,tail,4276,0.5166436255227121,0.0024026798722800845,0.02970065481758653,0.0022501188010361686,0.2165575304022451,0.024099625818521986,-0.00012650603253388216
mkgw_mhyper_adamf,W-A,test,ADC,1,head,4274,0.18513446447474655,0.00041596373286390106,0.05334581188582124,0.0019554198897394686,0.28076743097800655,0.056843706130088906,0.0
mkgw_mhyper_adamf,W-A,test,ADC,1,tail,4274,0.5373090942937476,0.0008071121690007738,0.012166588675713618,0.0016536168818549293,0.08727187646233037,0.014459522695367337,0.0
mkgw_mhyper_adamf,W-A,test,ADC,2,head,4274,0.18430415014065102,0.0005613598981463231,0.07323350491343004,0.0015240836398401963,0.38020589611605055,0.07808844174075807,0.0
mkgw_mhyper_adamf,W-A,test,ADC,2,tail,4274,0.5360452312385896,0.0020797778139534247,0.011932615816565278,0.0012399395198941648,0.08750584932147872,0.015219934487599441,0.0
mkgw_mhyper_adamf,W-A,test,ADC,3,head,4274,0.18493459845523924,0.0009139172842394419,0.053579784744969584,0.0007409112405135282,0.2985493682732803,0.06065746373420683,0.0
mkgw_mhyper_adamf,W-A,test,ADC,3,tail,4274,0.5366815679264376,0.0013053387747172795,0.012868507253158634,0.0014363426093375931,0.0832943378568086,0.014962564342536266,0.0
mkgw_mhyper_adamf,W-A,test,Random-I,1,head,4274,0.18568635882979925,0.0009678580879166059,0.05097099714563416,0.0011636972644013905,0.2825873991237883,0.05096595550643966,-0.0005518943550527049
mkgw_mhyper_adamf,W-A,test,Random-I,1,tail,4274,0.5367204951830289,0.0002185130582819802,0.011965785109908129,0.0011689116797972013,0.08545190831654863,0.009256102428574362,0.0005885991107187939
mkgw_mhyper_adamf,W-A,test,Random-I,2,head,4274,0.18414331552610652,0.0004005252836018276,0.06907621467483939,0.001249171458176275,0.37337038028629216,0.0679173460725816,0.00016083461454449542
mkgw_mhyper_adamf,W-A,test,Random-I,2,tail,4274,0.5348393439100593,0.0008738904854230838,0.011437894781912254,0.0009010544341184119,0.09434136515123706,0.009889160134145395,0.0012058873285303406
mkgw_mhyper_adamf,W-A,test,Random-I,3,head,4274,0.18476046756700026,0.0007397863960004802,0.05303501275429632,0.0007780232897502384,0.2956902069501746,0.05339402755992017,0.00017413088823896162
mkgw_mhyper_adamf,W-A,test,Random-I,3,tail,4274,0.5361025612667886,0.0007263321150682368,0.011453582882643453,0.0008294892585450663,0.08615349917991426,0.009402153453754643,0.0005790066596490424
mkgw_mhyper_adamf,W-A,test,Head-first,1,head,4274,0.1858705827001513,0.001152081958268653,0.061534861956013105,0.0013658632174286898,0.35563874590547495,0.05871548900327563,-0.0007361182254047518
mkgw_mhyper_adamf,W-A,test,Head-first,1,tail,4274,0.5360980334096931,-0.0004039487150537303,0.0021057557323350493,0.00043100474755692925,0.012400561534861956,0.0013687412260177823,0.0012110608840545042
mkgw_mhyper_adamf,W-A,test,Head-first,2,head,4274,0.18381110231563833,6.831207313363654e-05,0.08914365933551709,0.001975500363898748,0.46771174543752925,0.07791296209639682,0.0004930478250126867
mkgw_mhyper_adamf,W-A,test,Head-first,2,tail,4274,0.5339654534246362,0.0,0.0,0.0,0.0,0.0,0.0020797778139534247
mkgw_mhyper_adamf,W-A,test,Head-first,3,head,4274,0.18475672880328753,0.0007360476322877265,0.06738418343472158,0.0010069147226204475,0.3799719232569022,0.06240056153486197,0.00017786965195171542
mkgw_mhyper_adamf,W-A,test,Head-first,3,tail,4274,0.5353807541081635,4.524956443252014e-06,0.0,0.0,0.0018717828731867104,0.0002105755732335049,0.0013008138182740276
mkgw_mhyper_adamf,W-A,test,Tail-first,1,head,4274,0.18606231504078932,0.0013438142989066842,0.04071127749181095,0.0006726833608010122,0.22274216190921853,0.04493448759943846,-0.0009278505660427831
mkgw_mhyper_adamf,W-A,test,Tail-first,1,tail,4274,0.5372456892985689,0.000743707173822019,0.020121665886757137,0.0016174883654542075,0.1452971455311184,0.015219934487599441,6.340499517875519e-05
mkgw_mhyper_adamf,W-A,test,Tail-first,2,head,4274,0.18453326609779086,0.0007904758552861555,0.05474964904071128,0.0005098406912290405,0.2945718296677585,0.05894946186242395,-0.0002291159571398323
mkgw_mhyper_adamf,W-A,test,Tail-first,2,tail,4274,0.5360181329077804,0.0020526794831442026,0.02129153018249883,0.0013653394931002955,0.1731399157697707,0.01808610201216659,2.7098330809222806e-05
mkgw_mhyper_adamf,W-A,test,Tail-first,3,head,4274,0.18468675476822166,0.0006660735972218816,0.04000935891436593,0.00043805795612494815,0.23303696771174542,0.04685306504445484,0.0002478436870175602
mkgw_mhyper_adamf,W-A,test,Tail-first,3,tail,4274,0.5361709567578302,0.0007947276061099023,0.018951801591015442,0.0012239946613379505,0.14880673841834346,0.016062236780533458,0.0005106111686073768
mkgw_mhyper_adamf,W-A,test,Low-A-gap,1,head,4274,0.186278928191759,0.0015604274498763598,0.04843238184370613,0.0007958566167663445,0.27842770238652315,0.0520004679457183,-0.001144463717012459
mkgw_mhyper_adamf,W-A,test,Low-A-gap,1,tail,4274,0.5372759475149212,0.0007739653901743327,0.011230697239120261,0.001055891872905259,0.08961160505381376,0.011277491810949931,3.314677882644128e-05
mkgw_mhyper_adamf,W-A,test,Low-A-gap,2,head,4274,0.1845740114046254,0.0008312211621207088,0.07089377632194666,0.0011608823481649491,0.3879270004679457,0.07232101076275152,-0.00026986126397438584
mkgw_mhyper_adamf,W-A,test,Low-A-gap,2,tail,4274,0.536818374987659,0.002852921563022809,0.008656995788488536,0.0005570535356244992,0.07978474496958353,0.01031820308844174,-0.0007731437490693845
mkgw_mhyper_adamf,W-A,test,Low-A-gap,3,head,4274,0.1848494890654494,0.0008288078944496155,0.053579784744969584,0.000797466824590441,0.301123069723912,0.055884417407580725,8.510938978982657e-05
mkgw_mhyper_adamf,W-A,test,Low-A-gap,3,tail,4274,0.5370108421200047,0.0016346129682844176,0.011464670098268601,0.0005834883130138225,0.08072063640617688,0.010832943378568088,-0.00032927419356713807
mkgw_mhyper_adamf,W-A,test,Gap-agree,1,head,4274,0.18526009565949267,0.000541594917610016,0.05568554047730463,0.0016508936335906648,0.27538605521759474,0.053965839962564335,-0.00012563118474611507
mkgw_mhyper_adamf,W-A,test,Gap-agree,1,tail,4274,0.5374381711060812,0.0009361889813342672,0.012166588675713618,0.0017561332786895482,0.09265325222274216,0.012810014038371549,-0.00012907681233349314
mkgw_mhyper_adamf,W-A,test,Gap-agree,2,head,4274,0.18423412448317913,0.0004913342406744395,0.07159569489939167,0.001413190714992795,0.3687412260177819,0.07274216190921852,7.002565747188375e-05
mkgw_mhyper_adamf,W-A,test,Gap-agree,2,tail,4274,0.5358550233889797,0.0018895699643435568,0.012400561534861956,0.00182691116614083,0.09897051941974731,0.014272344408048667,0.00019020784960986788
mkgw_mhyper_adamf,W-A,test,Gap-agree,3,head,4274,0.18467690157427613,0.0006562204032763326,0.054983621899859614,0.0008616617069824516,0.2922321010762752,0.0572531586335985,0.00025769688096310945
mkgw_mhyper_adamf,W-A,test,Gap-agree,3,tail,4274,0.5371284667248688,0.0017522375731484148,0.010996724379971923,0.0015356872351249455,0.08961160505381376,0.013441740758072066,-0.0004468987984311353
mkgw_mhyper_adamf,W-A,test,Random-shape,1,head,4274,0.1851125543194512,0.0003940535775685646,0.05406272528249068,0.0019192414768718293,0.28076743097800655,0.056843706130088906,2.191015529533635e-05
mkgw_mhyper_adamf,W-A,test,Random-shape,1,tail,4274,0.537383835987816,0.0008818538630691818,0.01312873449254144,0.0016425436413111242,0.08727187646233037,0.014459522695367339,-7.474169406840797e-05
mkgw_mhyper_adamf,W-A,test,Random-shape,2,head,4274,0.18410953356554793,0.0003667433230432368,0.07475128374425369,0.0016232844212620886,0.38020589611605055,0.07808844174075807,0.0001946165751030864
mkgw_mhyper_adamf,W-A,test,Random-shape,2,tail,4274,0.5361637460724645,0.00219829264782837,0.011541125796336758,0.0011399336494976274,0.08750584932147872,0.015219934487599437,-0.0001185148338749453
mkgw_mhyper_adamf,W-A,test,Random-shape,3,head,4274,0.18499689451472892,0.0009762133437291325,0.05509189522000311,0.000802586656884935,0.2985493682732803,0.06065746373420683,-6.229605948969055e-05
mkgw_mhyper_adamf,W-A,test,Random-shape,3,tail,4274,0.5370608250907178,0.0016845959389975012,0.01224626591963981,0.0012642421281107274,0.0832943378568086,0.014962564342536263,-0.00037925716428022173
mkgw_mhyper_adamf,W-A,test,No-gate,1,head,4274,0.18495327272193873,0.0002347719800560813,0.0970987365465606,0.0027286710099933384,0.5325222274216191,0.07316331305568555,0.0001811917528078196
mkgw_mhyper_adamf,W-A,test,No-gate,1,tail,4274,0.5375495675414084,0.001047585416661483,0.02737482452035564,0.0022266861103531683,0.20168460458586804,0.021548900327562008,-0.0002404732476607089
mkgw_mhyper_adamf,W-A,test,No-gate,2,head,4274,0.1837962061939701,5.341595146541143e-05,0.11979410388394947,0.002427034252452633,0.6485727655591952,0.0950982686008423,0.0005079439466809117
mkgw_mhyper_adamf,W-A,test,No-gate,2,tail,4274,0.5362043962973684,0.0022389428727321867,0.027842770238652316,0.0021419423345560517,0.23093121197941038,0.02425128685072532,-0.00015916505877876222
mkgw_mhyper_adamf,W-A,test,No-gate,3,head,4274,0.18496643002527183,0.0009457488542720384,0.09663079082826392,0.0015064366402914439,0.5517080018717829,0.07689518015910154,-3.1831570032596464e-05
mkgw_mhyper_adamf,W-A,test,No-gate,3,tail,4274,0.5371347403079952,0.001758511156274951,0.028076743097800654,0.002033351374668362,0.21080954609265326,0.022976134768366872,-0.00045317238155767164
db15k_mhyper_native,D-N,dev_oof,ADC,1,head,7922,0.24478264784677173,-0.00013719544585535443,0.02802322645796516,0.0008033030087360924,0.16851805099722292,0.013834890179247664,0.0
db15k_mhyper_native,D-N,dev_oof,ADC,1,tail,7922,0.523285881248588,-5.3031356710566454e-05,0.0017672304973491543,6.724087574844555e-05,0.011234536733148195,0.0008520575612219138,0.0
db15k_mhyper_native,D-N,dev_oof,ADC,2,head,7922,0.24372355719621816,0.00011790370377866788,0.01237061348144408,0.00026211435486633405,0.09517798535723303,0.006488260540267612,0.0
db15k_mhyper_native,D-N,dev_oof,ADC,2,tail,7922,0.5205408151167079,7.182367985788412e-05,0.0012623074981065387,2.36388957980632e-05,0.004796768492804847,0.0004670537742994194,0.0
db15k_mhyper_native,D-N,dev_oof,ADC,3,head,7922,0.24188926028005373,-0.00012813762632104847,0.052890684170663976,0.0018628746158723408,0.29702095430446857,0.027448876546326682,0.0
db15k_mhyper_native,D-N,dev_oof,ADC,3,tail,7922,0.5212470011792795,7.572176821462915e-05,0.0025246149962130774,5.080967367533029e-05,0.030042918454935622,0.001994445847008332,0.0
db15k_mhyper_native,D-N,dev_oof,Random-I,1,head,7922,0.24491845057937395,-1.3927132531334898e-06,0.024093378548998873,0.0005401938615510444,0.15025180933648655,0.00962619326813059,-0.00013580273260222094
db15k_mhyper_native,D-N,dev_oof,Random-I,1,tail,7922,0.523326510789889,-1.2401815409528561e-05,0.0029907035190470913,7.073044660440951e-05,0.02950077839388457,0.0015638168953544488,-4.0629541301037874e-05
db15k_mhyper_native,D-N,dev_oof,Random-I,2,head,7922,0.2436986911993931,9.303770695363297e-05,0.011101917329801224,0.0002425449792671502,0.09212834356118857,0.0051307283378403115,2.4865996825034893e-05
db15k_mhyper_native,D-N,dev_oof,Random-I,2,tail,7922,0.5204806774116437,1.168597479369294e-05,0.0012856233943326018,6.21548275512819e-05,0.007846410288849285,0.000434665657125002,6.0137705064191185e-05
db15k_mhyper_native,D-N,dev_oof,Random-I,3,head,7922,0.24214996059899727,0.00013256269262249521,0.04161163539793853,0.0010723682503047524,0.25179124505818073,0.019010489137930676,-0.0002607003189435436
db15k_mhyper_native,D-N,dev_oof,Random-I,3,tail,7922,0.5211989116762208,2.7632265155912396e-05,0.0077186646499924905,0.00030449590009977933,0.07527262770122345,0.004021905936387707,4.808950305871677e-05
db15k_mhyper_native,D-N,dev_oof,Head-first,1,head,7922,0.24495330022852393,3.3456935896852387e-05,0.028401918707397122,0.0005500989000512484,0.17975258773037112,0.01149330977026004,-0.00017065238175220686
db15k_mhyper_native,D-N,dev_oof,Head-first,1,tail,7922,0.5233389126052985,0.0,0.0,0.0,0.0,0.0,-5.3031356710566454e-05
db15k_mhyper_native,D-N,dev_oof,Head-first,2,head,7922,0.24377250270530243,0.00016684921286294526,0.012244382731633426,0.0001800204758321701,0.09997475385003787,0.005522595304216111,-4.894550908427735e-05
db15k_mhyper_native,D-N,dev_oof,Head-first,2,tail,7922,0.52046899143685,0.0,0.0,0.0,0.0,0.0,7.182367985788412e-05
db15k_mhyper_native,D-N,dev_oof,Head-first,3,head,7922,0.24179546137704527,-0.0002219365293295107,0.051249684423125476,0.0015729624639881626,0.3159555667760667,0.024040646301439032,9.379890300846226e-05
db15k_mhyper_native,D-N,dev_oof,Head-first,3,tail,7922,0.5212412872056258,7.000779456088339e-05,0.0007573844988639232,6.844643347654882e-07,0.01110830598333754,0.000586972986619541,5.713973653745763e-06
db15k_mhyper_native,D-N,dev_oof,Tail-first,1,head,7922,0.2449617523794212,4.190908679410066e-05,0.01565261297652108,0.0002025711755041045,0.09126483211310275,0.005869729866195408,-0.00017910453264945517
db15k_mhyper_native,D-N,dev_oof,Tail-first,1,tail,7922,0.523200858648843,-0.00013805395645553886,0.01047715223428427,0.0003823558688647233,0.08848775561726836,0.004714718505427926,8.50225997449724e-05
db15k_mhyper_native,D-N,dev_oof,Tail-first,2,head,7922,0.24374657113532477,0.000140917642885278,0.008331229487503155,0.00015990423331813095,0.06904822014642767,0.0038563494067154784,-2.301393910661011e-05
db15k_mhyper_native,D-N,dev_oof,Tail-first,2,tail,7922,0.5204071292950675,-6.186214178245624e-05,0.0037869224943196163,0.0003217746761460375,0.0309265337036102,0.001716738197424894,0.00013368582164034038
db15k_mhyper_native,D-N,dev_oof,Tail-first,3,head,7922,0.2418487021323702,-0.00016869577400457415,0.028528149457207774,0.0008099854821260232,0.16902297399646554,0.012597828831103258,4.0558147683525565e-05
db15k_mhyper_native,D-N,dev_oof,Tail-first,3,tail,7922,0.5211589007273661,-1.2378683698743534e-05,0.01729361272405958,0.0006960306332934298,0.15804089876293864,0.008552133299671806,8.810045191337266e-05
db15k_mhyper_native,D-N,dev_oof,Low-A-gap,1,head,7922,0.24521145521979415,0.0002916119271670675,0.023226457965160312,0.00035458071189509193,0.14466043928300934,0.009782883110325678,-0.00042880737302242205
db15k_mhyper_native,D-N,dev_oof,Low-A-gap,1,tail,7922,0.5233006173328008,-3.8295272497810075e-05,0.004039383993940924,7.870712522128284e-05,0.035092148447361776,0.0018492804847260807,-1.4736084212756344e-05
db15k_mhyper_native,D-N,dev_oof,Low-A-gap,2,head,7922,0.24370653281647978,0.00010087932404028136,0.010982075233526888,0.00017666721177205395,0.09176975511234536,0.005143903054784149,1.702437973838654e-05
db15k_mhyper_native,D-N,dev_oof,Low-A-gap,2,tail,7922,0.5204644245882644,-4.566848585614874e-06,0.0015147689977278464,0.00014771367902678868,0.008204998737692502,0.0004291845493562235,7.639052844349901e-05
db15k_mhyper_native,D-N,dev_oof,Low-A-gap,3,head,7922,0.24196299222480433,-5.440568157043468e-05,0.04771522342842716,0.0013406428178033263,0.2525877303711184,0.020121181519818225,-7.373194475061382e-05
db15k_mhyper_native,D-N,dev_oof,Low-A-gap,3,tail,7922,0.5210471696092103,-0.00012410980185460408,0.00782630648826054,0.0003069391308627232,0.07447614238828579,0.004033072456450394,0.00019983157006923322
db15k_mhyper_native,D-N,dev_oof,Gap-agree,1,head,7922,0.24495725099779692,3.7407705169839584e-05,0.023605150214592276,0.0005526373720900207,0.13948497854077252,0.009864933097702602,-0.00017460315102519415
db15k_mhyper_native,D-N,dev_oof,Gap-agree,1,tail,7922,0.5230983613471476,-0.00024055125815088723,0.005049229992426155,0.00034042645343848637,0.04026760918959859,0.0023037111840444346,0.00018751990144032078
db15k_mhyper_native,D-N,dev_oof,Gap-agree,2,head,7922,0.24377110459164716,0.00016545109920768205,0.010855844483716234,0.00015305597494800918,0.08444837162332744,0.005106033829840952,-4.7547395429014135e-05
db15k_mhyper_native,D-N,dev_oof,Gap-agree,2,tail,7922,0.5203613360608729,-0.00010765537597708947,0.0026508457460237313,0.0002760052318657367,0.015526382226710427,0.0010035344609946987,0.00017947905583497352
db15k_mhyper_native,D-N,dev_oof,Gap-agree,3,head,7922,0.24234801089346256,0.00033061298708777435,0.04304468568543297,0.0010049451295851943,0.23958596314062106,0.019016662458975007,-0.00045875061340882277
db15k_mhyper_native,D-N,dev_oof,Gap-agree,3,tail,7922,0.52119371207284,2.2432661775162116e-05,0.009088613986367079,0.00048733058388282426,0.08747790961878314,0.004954556930068168,5.328910643946703e-05
db15k_mhyper_native,D-N,dev_oof,Random-shape,1,head,7922,0.24487723087286992,-4.261241975717932e-05,0.02777970562274827,0.000812704751102641,0.16851805099722292,0.013834890179247664,-9.458302609817513e-05
db15k_mhyper_native,D-N,dev_oof,Random-shape,1,tail,7922,0.5232972929309521,-4.161967434649069e-05,0.0014854904765912087,5.442723146127892e-05,0.011234536733148195,0.0008520575612219139,-1.1411682364075762e-05
db15k_mhyper_native,D-N,dev_oof,Random-shape,2,head,7922,0.24379440386665624,0.00018875037421676137,0.011875319659474822,0.00027574481862701434,0.09517798535723303,0.006488260540267612,-7.084667043809352e-05
db15k_mhyper_native,D-N,dev_oof,Random-shape,2,tail,7922,0.5205495946132968,8.06031764467884e-05,0.0010501963546810378,2.820187103576545e-05,0.004796768492804847,0.0004670537742994194,-8.779496588904288e-06
db15k_mhyper_native,D-N,dev_oof,Random-shape,3,head,7922,0.241968241546537,-4.915635983777557e-05,0.05229577839398556,0.0017532573484719863,0.29702095430446857,0.027448876546326682,-7.898126648327294e-05
db15k_mhyper_native,D-N,dev_oof,Random-shape,3,tail,7922,0.5212952695893412,0.0001239901782763738,0.0027991852960034935,4.862806669993137e-05,0.03004291845493562,0.001994445847008332,-4.826841006174465e-05
db15k_mhyper_native,D-N,dev_oof,No-gate,1,head,7922,0.24521699686420245,0.0002971535715753589,0.0946730623579904,0.0021969386186757463,0.5862156021206766,0.03816586720525122,-0.0004343490174307134
db15k_mhyper_native,D-N,dev_oof,No-gate,1,tail,7922,0.5230498191978027,-0.00028909340749586125,0.014264074728603887,0.0005798255996610042,0.12282251956576622,0.006608179752587735,0.0002360620507852948
db15k_mhyper_native,D-N,dev_oof,No-gate,2,head,7922,0.2440072007963705,0.0004015473039310172,0.06563998990154002,0.0010940600839402788,0.48409492552385763,0.02778969957081547,-0.0002836436001523493
db15k_mhyper_native,D-N,dev_oof,No-gate,2,tail,7922,0.5203743660317344,-9.462540511559265e-05,0.0053016914920474625,0.00044885931007430046,0.05188083817217874,0.002909618783135574,0.0001664490849734768
db15k_mhyper_native,D-N,dev_oof,No-gate,3,head,7922,0.24189798098426885,-0.00011941692210591952,0.11600605907599092,0.00319496453858908,0.67760666498359,0.05179247664731129,-8.72070421512886e-06
db15k_mhyper_native,D-N,dev_oof,No-gate,3,tail,7922,0.5213172595645037,0.00014598015343879166,0.02209038121686443,0.0009912719478609162,0.1970462004544307,0.010982075233526895,-7.025838522416248e-05
db15k_mhyper_native,D-N,test,ADC,1,head,9902,0.23631637935225877,-0.00021661664903475242,0.023126641082609575,0.0009456498191325884,0.12472227832761058,0.01260351444152696,0.0
db15k_mhyper_native,D-N,test,ADC,1,tail,9902,0.5142296111873172,1.5804648919224822e-05,0.0005049484952534841,5.502122322307184e-07,0.005049484952534842,0.0005352454049686931,0.0
db15k_mhyper_native,D-N,test,ADC,2,head,9902,0.2388430444368439,-5.8391917720076395e-05,0.008180165623106443,0.00030792844228056716,0.042516663300343364,0.0043021611795596845,0.0
db15k_mhyper_native,D-N,test,ADC,2,tail,9902,0.5107981970647937,7.754887330702302e-05,0.00010098969905069682,5.822403539206729e-10,0.003534639466774389,0.0003736618864875782,0.0
db15k_mhyper_native,D-N,test,ADC,3,head,9902,0.23595541644564627,-0.00028804544277247636,0.05140375681680469,0.0023636856164312224,0.2853968895172692,0.028761866289638453,0.0
db15k_mhyper_native,D-N,test,ADC,3,tail,9902,0.5107699647120254,-1.763904048414825e-05,0.0021207836800646333,8.696814724154736e-05,0.011209856594627348,0.0011512825691779437,0.0
db15k_mhyper_native,D-N,test,Random-I,1,head,9902,0.23648916188351488,-4.3834117778649003e-05,0.01686043817291479,0.0004996202701463486,0.1052259150504083,0.006917946990923959,-0.0001727825312561034
db15k_mhyper_native,D-N,test,Random-I,1,tail,9902,0.5142469079295178,3.310139111979216e-05,0.0028193323826562868,8.942823066571617e-05,0.024545848229737138,0.001305780778180342,-1.729674220056734e-05
db15k_mhyper_native,D-N,test,Random-I,2,head,9902,0.23889121511753603,-1.0221237027962759e-05,0.005961696725297616,0.00012536052022613065,0.041205487478579536,0.00232159369131825,-4.817068069211367e-05
db15k_mhyper_native,D-N,test,Random-I,2,tail,9902,0.5107032399545335,-1.7408236953141546e-05,0.0007120394975674085,3.3035037168782305e-05,0.0048458152885382175,0.00026251575616520787,9.495711026016457e-05
db15k_mhyper_native,D-N,test,Random-I,3,head,9902,0.23609116940521863,-0.00015229248320011143,0.038361804768545574,0.0013553469909020734,0.22553163859798694,0.01784152878334512,-0.00013575295957236484
db15k_mhyper_native,D-N,test,Random-I,3,tail,9902,0.5106184022345266,-0.000169201517982972,0.00888050735806969,0.00038699608793737,0.07107510751390964,0.0038135369310823277,0.00015156247749882374
db15k_mhyper_native,D-N,test,Head-first,1,head,9902,0.23648363799965216,-4.935800164136401e-05,0.021510805897798423,0.0005526767208918499,0.12977176328014542,0.008513431629973747,-0.00016725864739338837
db15k_mhyper_native,D-N,test,Head-first,1,tail,9902,0.514213806538398,0.0,0.0,0.0,0.0,0.0,1.5804648919224822e-05
db15k_mhyper_native,D-N,test,Head-first,2,head,9902,0.23907765535691905,0.00017621900235506572,0.007776206826903656,0.000203854441907242,0.046051302767117754,0.0026206826903655846,-0.00023461092007514214
db15k_mhyper_native,D-N,test,Head-first,2,tail,9902,0.5107206481914867,0.0,0.0,0.0,0.0,0.0,7.754887330702302e-05
db15k_mhyper_native,D-N,test,Head-first,3,head,9902,0.23596762420131936,-0.0002758376870993833,0.04978792163199354,0.0017609354000977097,0.2966067461118966,0.023626540092910528,-1.22077556730931e-05
db15k_mhyper_native,D-N,test,Head-first,3,tail,9902,0.5107876037525095,0.0,0.0,0.0,0.0,0.0,-1.763904048414825e-05
db15k_mhyper_native,D-N,test,Tail-first,1,head,9902,0.23659153893033372,5.854292904020767e-05,0.0051504746515855385,2.7710214374476423e-05,0.030700868511411836,0.002034942435871542,-0.00027515957807496005
db15k_mhyper_native,D-N,test,Tail-first,1,tail,9902,0.5144067675366256,0.00019296099822762667,0.011613815390830135,0.0003496608157031042,0.09907089476873358,0.005276711775398913,-0.00017715634930840185
db15k_mhyper_native,D-N,test,Tail-first,2,head,9902,0.2391198964633816,0.00021846010881763643,0.0014138557867097556,2.273504699844497e-06,0.0095940214098162,0.000550393859826298,-0.0002768520265377128
db15k_mhyper_native,D-N,test,Tail-first,2,tail,9902,0.5105237650370872,-0.00019688315439945702,0.005958392243991113,0.0002402508201391975,0.03645728135730156,0.0019642496465360547,0.0002744320277064801
db15k_mhyper_native,D-N,test,Tail-first,3,head,9902,0.2364012099081563,0.0001577480197375597,0.02039991920824076,0.0005359207491811238,0.11573419511209856,0.009684912138961827,-0.00044579346251003607
db15k_mhyper_native,D-N,test,Tail-first,3,tail,9902,0.5104129018816789,-0.0003747018708306729,0.022217733791153303,0.0010377367204761746,0.18087255099979802,0.009710159563724508,0.0003570628303465247
db15k_mhyper_native,D-N,test,Low-A-gap,1,head,9902,0.23669216566712165,0.00015916966582813855,0.017572207634821247,0.000526844530935413,0.10048475055544334,0.007281357301555242,-0.000375786314862891
db15k_mhyper_native,D-N,test,Low-A-gap,1,tail,9902,0.5142336138124841,1.9807274086149947e-05,0.002827711573419511,0.000134870880394681,0.02928701272470208,0.0015754393051908718,-4.002625166925161e-06
db15k_mhyper_native,D-N,test,Low-A-gap,2,head,9902,0.23884787345357805,-5.356290098594263e-05,0.005655423146839022,0.00019705113382250417,0.03999192082407595,0.0023884063825489812,-4.8290167341337454e-06
db15k_mhyper_native,D-N,test,Low-A-gap,2,tail,9902,0.5107053466014035,-1.5301590083113047e-05,0.0008079175924055746,1.8066549205556497e-05,0.0060593819430418095,0.0003231670369622301,9.285046339013608e-05
db15k_mhyper_native,D-N,test,Low-A-gap,3,head,9902,0.23607327991909582,-0.0001701819693229289,0.04079983841648152,0.0014334780882108895,0.21823873964855584,0.018572005655423145,-0.00011786347344954729
db15k_mhyper_native,D-N,test,Low-A-gap,3,tail,9902,0.5107128127520568,-7.479100045274804e-05,0.00828115532215714,0.00041669261540579455,0.07836800646334074,0.00424156736012927,5.7151959968599846e-05
db15k_mhyper_native,D-N,test,Gap-agree,1,head,9902,0.2369508637549557,0.0004178677536621717,0.018178145829125428,0.0002615208835479046,0.09311250252474247,0.007271258331650172,-0.000634484402696924
db15k_mhyper_native,D-N,test,Gap-agree,1,tail,9902,0.5142830336708812,6.922713248324237e-05,0.005251464350636235,0.00019123469264831672,0.03665926075540295,0.0021510805897798435,-5.342248356401756e-05
db15k_mhyper_native,D-N,test,Gap-agree,2,head,9902,0.23898916002838289,8.772367381890464e-05,0.0051504746515855385,8.655376776601452e-05,0.03150878610381741,0.0023328620480710972,-0.00014611559153898107
db15k_mhyper_native,D-N,test,Gap-agree,2,tail,9902,0.5106816479195693,-3.900027191735197e-05,0.002322763078166027,0.00013586935510351115,0.014542516663300344,0.0009190062613613416,0.000116549145224375
db15k_mhyper_native,D-N,test,Gap-agree,3,head,9902,0.23600091030021714,-0.0002425515882016094,0.0415067663098364,0.0016240236825701352,0.21399717228842657,0.018173096344172895,-4.549385457086695e-05
db15k_mhyper_native,D-N,test,Gap-agree,3,tail,9902,0.5105409705716684,-0.00024663318084113217,0.011512825691779438,0.0006431553863613705,0.08260957382347,0.004771763280145428,0.00022899414035698393
db15k_mhyper_native,D-N,test,Random-shape,1,head,9902,0.23637598651349315,-0.0001570094878003768,0.02271006937788299,0.0008954812341285087,0.12472227832761058,0.01260351444152696,-5.9607161234375664e-05
db15k_mhyper_native,D-N,test,Random-shape,1,tail,9902,0.5142275573825615,1.3750844163590366e-05,0.0004321924755072832,2.189333362105534e-07,0.005049484952534842,0.0005352454049686931,2.0538047556344545e-06
db15k_mhyper_native,D-N,test,Random-shape,2,head,9902,0.23890407464412156,2.63828955756199e-06,0.007919953618127477,0.0002702289183841297,0.042516663300343364,0.0043021611795596845,-6.10302072776384e-05
db15k_mhyper_native,D-N,test,Random-shape,2,tail,9902,0.510794266753297,7.3618561810302e-05,9.567445173223909e-05,5.515961247669533e-10,0.003534639466774389,0.0003736618864875782,3.930311496721034e-06
db15k_mhyper_native,D-N,test,Random-shape,3,head,9902,0.23590353171978953,-0.0003399301686292158,0.05226794256857007,0.0023865950558490372,0.2853968895172692,0.028761866289638453,5.1884725856739555e-05
db15k_mhyper_native,D-N,test,Random-shape,3,tail,9902,0.5108137253148357,2.6121562326182983e-05,0.0019397608298413656,7.445106088569898e-05,0.011209856594627348,0.0011512825691779437,-4.376060281033123e-05
db15k_mhyper_native,D-N,test,No-gate,1,head,9902,0.23650590945953437,-2.7086541759145664e-05,0.09331448192284388,0.002259328247087965,0.5642294485962431,0.035543324580892766,-0.00018953010727560686
db15k_mhyper_native,D-N,test,No-gate,1,tail,9902,0.5143822493815404,0.00016844284314241812,0.01242173298323571,0.00040121142493967286,0.1084629367804484,0.005776610785699863,-0.00015263819422319327
db15k_mhyper_native,D-N,test,No-gate,2,head,9902,0.23878379478784031,-0.00011764156672366754,0.06816804685922036,0.0012882754579610586,0.46626944051706726,0.025838214502120798,5.924964900359117e-05
db15k_mhyper_native,D-N,test,No-gate,2,tail,9902,0.5105609016096956,-0.0001597465817910866,0.006867299535447385,0.0003011394716764825,0.04645526156332054,0.002524742476267422,0.0002372954550981096
db15k_mhyper_native,D-N,test,No-gate,3,head,9902,0.23587133807486688,-0.0003721238135518727,0.11623914360735205,0.0035440765282999265,0.6630983639668754,0.0485356493637649,8.407837077939639e-05
db15k_mhyper_native,D-N,test,No-gate,3,tail,9902,0.5104128658439374,-0.00037473790857211065,0.02252070288830539,0.0010381391209895049,0.18572005655423146,0.009957584326398716,0.00035709886808796244
db15k_mhyper_adamf,D-A,dev_oof,ADC,1,head,7922,0.24485710562940546,-6.273766322162564e-05,0.0015147689977278464,0.000287973744447068,0.00555415299166877,0.0012938651855592023,0.0
db15k_mhyper_adamf,D-A,dev_oof,ADC,1,tail,7922,0.5233086899471536,-3.0222658144921865e-05,0.0003786922494319616,6.455736315130942e-05,0.0013885382479171926,0.0003534460994698309,0.0
db15k_mhyper_adamf,D-A,dev_oof,ADC,2,head,7922,0.24388835876635873,0.00028270527391925014,0.002019691996970462,0.000169122338657951,0.007573844988639233,0.0018619035597071448,0.0
db15k_mhyper_adamf,D-A,dev_oof,ADC,2,tail,7922,0.520431226366533,-3.776507031696411e-05,0.0003786922494319616,6.522411624978401e-05,0.0015147689977278464,0.0003660691744508963,0.0
db15k_mhyper_adamf,D-A,dev_oof,ADC,3,head,7922,0.24206753835477293,5.014044839815902e-05,0.0012623074981065387,0.00016054568015586403,0.004796768492804847,0.0011550113607674832,0.0
db15k_mhyper_adamf,D-A,dev_oof,ADC,3,tail,7922,0.5211878190200169,1.653960895202683e-05,0.0,0.0,0.001009845998485231,0.0002461499621307751,0.0
db15k_mhyper_adamf,D-A,dev_oof,Random-I,1,head,7922,0.24487689551543895,-4.294777718812783e-05,0.0008680715928315197,7.105471586158027e-05,0.004799679229963338,0.0004531638471121209,-1.9789886033497856e-05
db15k_mhyper_adamf,D-A,dev_oof,Random-I,1,tail,7922,0.52332670908766,-1.2203517638479638e-05,0.00027193349920317345,2.718160904800276e-05,0.002143012009622625,0.00016157157051530053,-1.801914050644221e-05
db15k_mhyper_adamf,D-A,dev_oof,Random-I,2,head,7922,0.2435662241826929,-3.94293097465931e-05,0.0010899321062926726,8.247713477945006e-05,0.005878716687687449,0.0006447847093412853,0.0003221345836658433
db15k_mhyper_adamf,D-A,dev_oof,Random-I,2,tail,7922,0.5204433921455488,-2.5599291301192e-05,0.0004563330493273983,4.74634781585433e-05,0.0032098972986796307,0.0002540892295488909,-1.2165779015772115e-05
db15k_mhyper_adamf,D-A,dev_oof,Random-I,3,head,7922,0.24200029521001176,-1.710269636302373e-05,0.0007091420345575725,4.4184931872453865e-05,0.004130977721764981,0.0003858776499389527,6.724314476118276e-05
db15k_mhyper_adamf,D-A,dev_oof,Random-I,3,tail,7922,0.5211685597596508,-2.7196514140739258e-06,0.00022169926519322825,2.3359368853079215e-05,0.0016756367695250963,0.0001252516216911332,1.9259260366100756e-05
db15k_mhyper_adamf,D-A,dev_oof,Head-first,1,head,7922,0.24505582375523052,0.00013598046260343988,0.0012623074981065387,7.497602305360108e-05,0.006942691239585963,0.0007068921989396619,-0.00019871812582506553
db15k_mhyper_adamf,D-A,dev_oof,Head-first,1,tail,7922,0.5233389126052985,0.0,0.0,0.0,0.0,0.0,-3.0222658144921865e-05
db15k_mhyper_adamf,D-A,dev_oof,Head-first,2,head,7922,0.24334204442260587,-0.00026360906983360894,0.002145922746781116,0.0002868521985243993,0.009088613986367079,0.001072961373390558,0.0005463143437528592
db15k_mhyper_adamf,D-A,dev_oof,Head-first,2,tail,7922,0.52046899143685,0.0,0.0,0.0,0.0,0.0,-3.776507031696411e-05
db15k_mhyper_adamf,D-A,dev_oof,Head-first,3,head,7922,0.2419604516496988,-5.694625667597456e-05,0.001009845998485231,6.886041876487774e-05,0.005806614491290078,0.0005806614491290078,0.00010708670507413358
db15k_mhyper_adamf,D-A,dev_oof,Head-first,3,tail,7922,0.5211712794110649,0.0,0.0,0.0,0.0,0.0,1.653960895202683e-05
db15k_mhyper_adamf,D-A,dev_oof,Tail-first,1,head,7922,0.2449198432926271,0.0,0.0,0.0,0.0,0.0,-6.273766322162564e-05
db15k_mhyper_adamf,D-A,dev_oof,Tail-first,1,tail,7922,0.5232169782042452,-0.00012193440105334855,0.0008836152486745772,0.00019025606001689868,0.006942691239585963,0.000517546074223681,9.171174290842667e-05
db15k_mhyper_adamf,D-A,dev_oof,Tail-first,2,head,7922,0.24360565349243948,0.0,0.0,0.0,0.0,0.0,0.00028270527391925014
db15k_mhyper_adamf,D-A,dev_oof,Tail-first,2,tail,7922,0.5203846975624208,-8.429387442918345e-05,0.0016409997475385005,0.00012712343751395747,0.009088613986367079,0.0006753345114869986,4.652880411221935e-05
db15k_mhyper_adamf,D-A,dev_oof,Tail-first,3,head,7922,0.24201739790637478,0.0,0.0,0.0,0.0,0.0,5.014044839815902e-05
db15k_mhyper_adamf,D-A,dev_oof,Tail-first,3,tail,7922,0.5212982454356606,0.00012696602459567763,0.0003786922494319616,6.331565919194231e-05,0.005806614491290078,0.0004039383993940925,-0.0001104264156436508
db15k_mhyper_adamf,D-A,dev_oof,Low-A-gap,1,head,7922,0.2449119552619787,-7.888030648390797e-06,0.001009845998485231,1.1568899594904105e-05,0.005175460742236809,0.0004796768492804848,-5.484963257323484e-05
db15k_mhyper_adamf,D-A,dev_oof,Low-A-gap,1,tail,7922,0.5233392356977675,3.230924689591697e-07,0.00012623074981065388,5.1522755024756426e-08,0.0017672304973491543,0.00013885382479171928,-3.0545750613881035e-05
db15k_mhyper_adamf,D-A,dev_oof,Low-A-gap,2,head,7922,0.24367676100483437,7.110751239489467e-05,0.0016409997475385005,3.583143692812735e-05,0.006690229739964655,0.0007700075738449886,0.0002115977615243555
db15k_mhyper_adamf,D-A,dev_oof,Low-A-gap,2,tail,7922,0.5204676979109274,-1.2935259225589716e-06,0.0003786922494319616,1.6659245927291898e-06,0.0023983842464024236,0.00020828073718757894,-3.647154439440515e-05
db15k_mhyper_adamf,D-A,dev_oof,Low-A-gap,3,head,7922,0.24203424432990342,1.684642352865304e-05,0.0005049229992426155,6.504382694486232e-06,0.005049229992426155,0.00047336531178995215,3.3294024869505994e-05
db15k_mhyper_adamf,D-A,dev_oof,Low-A-gap,3,tail,7922,0.5211835626985558,1.228328749088614e-05,0.00012623074981065388,5.976504603312043e-09,0.0007573844988639232,8.204998737692504e-05,4.256321461140692e-06
db15k_mhyper_adamf,D-A,dev_oof,Gap-agree,1,head,7922,0.24499907415246341,7.92308598363278e-05,0.0007573844988639232,6.424225583272593e-05,0.0022721534965917697,0.0005554152991668771,-0.00014196852305795344
db15k_mhyper_adamf,D-A,dev_oof,Gap-agree,1,tail,7922,0.5232567139787677,-8.219862653075301e-05,0.001009845998485231,0.00018088918335850508,0.004670537742994194,0.0008899267861651099,5.197596838583116e-05
db15k_mhyper_adamf,D-A,dev_oof,Gap-agree,2,head,7922,0.24377145343153708,0.00016579993909760044,0.0006311537490532694,8.941540297726821e-05,0.003281999495077001,0.0008078767987881848,0.00011690533482164973
db15k_mhyper_adamf,D-A,dev_oof,Gap-agree,2,tail,7922,0.5205869457290402,0.00011795429219024624,0.0007573844988639232,7.671958351585896e-05,0.005806614491290078,0.0011550113607674828,-0.00015571936250721036
db15k_mhyper_adamf,D-A,dev_oof,Gap-agree,3,head,7922,0.24216690968671636,0.00014951178034159,0.0003786922494319616,3.454854729464721e-08,0.0018934612471598082,0.0004291845493562232,-9.937133194343096e-05
db15k_mhyper_adamf,D-A,dev_oof,Gap-agree,3,tail,7922,0.5211872975590627,1.6018147997781485e-05,0.0006311537490532694,0.00019991146555629717,0.00391315324413027,0.0007573844988639232,5.214609542453088e-07
db15k_mhyper_adamf,D-A,dev_oof,Random-shape,1,head,7922,0.2447914236392806,-0.00012841965334647626,0.0015524742866323275,0.0003085361079137205,0.00555415299166877,0.0012938651855592023,6.568199012485064e-05
db15k_mhyper_adamf,D-A,dev_oof,Random-shape,1,tail,7922,0.5233098210436707,-2.9091561627789773e-05,0.0002821628525179322,6.364001367373304e-05,0.0013885382479171926,0.0003534460994698309,-1.1310965171320885e-06
db15k_mhyper_adamf,D-A,dev_oof,Random-shape,2,head,7922,0.24384223367192986,0.00023658017949037966,0.0019187073971219388,0.0001276906306901727,0.007573844988639233,0.0018619035597071446,4.61250944288705e-05
db15k_mhyper_adamf,D-A,dev_oof,Random-shape,2,tail,7922,0.5204143425409788,-5.4648895871199405e-05,0.0004312230583593765,7.836244182646328e-05,0.0015147689977278464,0.0003660691744508963,1.6883825554235285e-05
db15k_mhyper_adamf,D-A,dev_oof,Random-shape,3,head,7922,0.24214181671998347,0.0001244188136086862,0.0013200601287388638,0.00010604243463245645,0.004796768492804847,0.0011550113607674832,-7.42783652105272e-05
db15k_mhyper_adamf,D-A,dev_oof,Random-shape,3,tail,7922,0.52118715068239,1.5871271325084905e-05,1.1475522710059443e-05,9.5629355917162e-07,0.001009845998485231,0.0002461499621307751,6.683376269419268e-07
db15k_mhyper_adamf,D-A,dev_oof,No-gate,1,head,7922,0.24105593782731818,-0.0038639054653089155,0.11449129007826306,0.007374246539598391,0.578389295632416,0.055232264579651615,0.00380116780208729
db15k_mhyper_adamf,D-A,dev_oof,No-gate,1,tail,7922,0.5219502413228361,-0.001388671282462432,0.0276445342085332,0.002911096898023906,0.21282504418076242,0.016024993688462514,0.0013584486243175102
db15k_mhyper_adamf,D-A,dev_oof,No-gate,2,head,7922,0.2399794090740463,-0.0036262444183931953,0.13014390305478415,0.007723747955669139,0.63127997980308,0.06652360515021459,0.003908949692312445
db15k_mhyper_adamf,D-A,dev_oof,No-gate,2,tail,7922,0.5186454961450567,-0.0018234952917932138,0.03610199444584701,0.003682829435749914,0.25637465286543804,0.020361019944458474,0.00178573022147625
db15k_mhyper_adamf,D-A,dev_oof,No-gate,3,head,7922,0.240134574221638,-0.0018828236847367615,0.10489775309265337,0.005255617729105652,0.5633678364049483,0.0519881343095178,0.0019329641331349207
db15k_mhyper_adamf,D-A,dev_oof,No-gate,3,tail,7922,0.5211582163242617,-1.3063086803121684e-05,0.02385761171421358,0.0021892273137883306,0.18139358747790962,0.013544559454683164,2.960269575514856e-05
db15k_mhyper_adamf,D-A,test,ADC,1,head,9902,0.23682169109817247,0.000288695096878944,0.0016158351848111492,2.8919765260183224e-05,0.007069278933548778,0.002176328014542517,0.0
db15k_mhyper_adamf,D-A,test,ADC,1,tail,9902,0.5143112765589645,9.747002056649808e-05,0.0003029690971520905,1.808847192644653e-06,0.001211876388608362,0.0003635629165825086,0.0
db15k_mhyper_adamf,D-A,test,ADC,2,head,9902,0.23943563673561227,0.0005342003810482885,0.0013128660876590588,1.4714364272129618e-05,0.009493031710765503,0.002928701272470208,0.0
db15k_mhyper_adamf,D-A,test,ADC,2,tail,9902,0.5108618897337907,0.0001412415423039399,0.0005049484952534841,5.233964802846083e-05,0.0027267218743688144,0.0008281155322157139,0.0
db15k_mhyper_adamf,D-A,test,ADC,3,head,9902,0.23642910321809926,0.00018564132968051247,0.0013128660876590588,0.00019109279816999634,0.005251464350636235,0.001661280549383963,0.0
db15k_mhyper_adamf,D-A,test,ADC,3,tail,9902,0.5108096769179173,2.2073165407811014e-05,0.000605938194304181,1.1144273398038923e-06,0.001211876388608362,0.0003635629165825086,0.0
db15k_mhyper_adamf,D-A,test,Random-I,1,head,9902,0.23649129220063597,-4.170380065753443e-05,0.0010205968515607314,8.879383341925288e-05,0.00496055971092987,0.0006155985251499592,0.00033039889753647855
db15k_mhyper_adamf,D-A,test,Random-I,1,tail,9902,0.5141925708605535,-2.1235677844542936e-05,0.0004488929034733337,4.958916346062805e-05,0.0033205956112272706,0.0002775218735713889,0.00011870569841104098
db15k_mhyper_adamf,D-A,test,Random-I,2,head,9902,0.23880712073529223,-9.431561927175942e-05,0.0015175948568211192,0.00015609399682061888,0.00689770824187741,0.000954513312048895,0.0006285160003200479
db15k_mhyper_adamf,D-A,test,Random-I,2,tail,9902,0.5106919528003577,-2.869539112894782e-05,0.0007914130848034395,8.474123118103695e-05,0.0053220453432569065,0.0004688820469299423,0.00016993693343288774
db15k_mhyper_adamf,D-A,test,Random-I,3,head,9902,0.2362206683853954,-2.2793503023336177e-05,0.0007587389624920185,6.420682380393397e-05,0.00409384241193738,0.00048879462222671,0.00020843483270384865
db15k_mhyper_adamf,D-A,test,Random-I,3,tail,9902,0.510780301483455,-7.302269054570948e-06,0.00032855749282572976,3.2582580514325684e-05,0.0023694983273072167,0.00019860869893977657,2.937543446238196e-05
db15k_mhyper_adamf,D-A,test,Head-first,1,head,9902,0.23645205019391455,-8.094580737896566e-05,0.002322763078166027,0.00014694077234897658,0.00828115532215714,0.0010098969905069683,0.0003696409042579097
db15k_mhyper_adamf,D-A,test,Head-first,1,tail,9902,0.514213806538398,0.0,0.0,0.0,0.0,0.0,9.747002056649808e-05
db15k_mhyper_adamf,D-A,test,Head-first,2,head,9902,0.2385887083717623,-0.00031272798280169864,0.0033326600686729956,0.00037449837345199965,0.012219753585134316,0.0016410826095738234,0.0008469283638499872
db15k_mhyper_adamf,D-A,test,Head-first,2,tail,9902,0.5107206481914867,0.0,0.0,0.0,0.0,0.0,0.0001412415423039399
db15k_mhyper_adamf,D-A,test,Head-first,3,head,9902,0.23622167850069167,-2.1783387727060762e-05,0.0009089072914562715,5.7790202561022704e-05,0.006463340739244597,0.0008281155322157139,0.00020742471740757326
db15k_mhyper_adamf,D-A,test,Head-first,3,tail,9902,0.5107876037525095,0.0,0.0,0.0,0.0,0.0,2.2073165407811014e-05
db15k_mhyper_adamf,D-A,test,Tail-first,1,head,9902,0.23653299600129352,0.0,0.0,0.0,0.0,0.0,0.000288695096878944
db15k_mhyper_adamf,D-A,test,Tail-first,1,tail,9902,0.5140650597911142,-0.00014874674728382228,0.0016158351848111492,0.00015507288252301348,0.00828115532215714,0.0006867299535447387,0.0002462167678503204
db15k_mhyper_adamf,D-A,test,Tail-first,2,head,9902,0.23890143635456398,0.0,0.0,0.0,0.0,0.0,0.0005342003810482885
db15k_mhyper_adamf,D-A,test,Tail-first,2,tail,9902,0.5105057280963476,-0.00021492009513898077,0.0021207836800646333,0.00039570963986516514,0.012219753585134316,0.0011462330842254092,0.00035616163744292073
db15k_mhyper_adamf,D-A,test,Tail-first,3,head,9902,0.23624346188841874,0.0,0.0,0.0,0.0,0.0,0.00018564132968051247
db15k_mhyper_adamf,D-A,test,Tail-first,3,tail,9902,0.5108113631550846,2.3759402575005447e-05,0.0008079175924055746,1.8174695419931207e-05,0.006463340739244597,0.0005907897394465765,-1.6862371671944342e-06
db15k_mhyper_adamf,D-A,test,Low-A-gap,1,head,9902,0.2364715588405852,-6.143716070831347e-05,0.0009089072914562715,7.52699822077397e-05,0.005049484952534842,0.0007119773783074127,0.0003501322575872575
db15k_mhyper_adamf,D-A,test,Low-A-gap,1,tail,9902,0.5142269631688098,1.315663041177402e-05,0.0008079175924055746,6.807021109299483e-05,0.0032316703696222983,0.0003080185821046254,8.431339015472404e-05
db15k_mhyper_adamf,D-A,test,Low-A-gap,2,head,9902,0.23880918216502325,-9.225418954073702e-05,0.001211876388608362,0.00018310106763226315,0.006261361341143203,0.0009291052312664107,0.0006264545705890254
db15k_mhyper_adamf,D-A,test,Low-A-gap,2,tail,9902,0.5107334230750855,1.2774883598849463e-05,0.0008079175924055746,0.00011166665390871625,0.005958392243991113,0.0005604928297313675,0.0001284666587050904
db15k_mhyper_adamf,D-A,test,Low-A-gap,3,head,9902,0.23620876410570227,-3.4697782716461906e-05,0.0007069278933548778,0.00010768106547421804,0.004241567360129267,0.0006008887093516462,0.0002203391123969744
db15k_mhyper_adamf,D-A,test,Low-A-gap,3,tail,9902,0.5107343644825056,-5.323927000383606e-05,0.0003029690971520905,5.3861316939911475e-05,0.00222177337911533,0.00014138557867097561,7.531243541164707e-05
db15k_mhyper_adamf,D-A,test,Gap-agree,1,head,9902,0.2366619094780408,0.00012891347674728383,0.0007069278933548778,1.885891542147044e-05,0.0034336497677236923,0.0010452433851747122,0.00015978162013166028
db15k_mhyper_adamf,D-A,test,Gap-agree,1,tail,9902,0.5143315252229262,0.0001177186845282652,0.0010098969905069683,5.238718303800636e-05,0.004847505554433448,0.0011563320541304787,-2.0248663961767125e-05
db15k_mhyper_adamf,D-A,test,Gap-agree,2,head,9902,0.2392081300392945,0.0003066936847305258,0.0010098969905069683,0.00011814427744021983,0.004847505554433448,0.0014845485760452434,0.0002275066963177626
db15k_mhyper_adamf,D-A,test,Gap-agree,2,tail,9902,0.5107550236025128,3.437541102617217e-05,0.0016158351848111492,0.00026955410431515404,0.007372248030700869,0.001812765097960008,0.00010686613127776777
db15k_mhyper_adamf,D-A,test,Gap-agree,3,head,9902,0.23625582245155885,1.236056314011394e-05,0.0007069278933548778,5.90732117720953e-05,0.0027267218743688144,0.0008230660472631792,0.0001732807665403985
db15k_mhyper_adamf,D-A,test,Gap-agree,3,tail,9902,0.5107195967066279,-6.800704588157016e-05,0.0013128660876590588,0.00010238517288177274,0.0037366188648757827,0.0008786103817410625,9.008021128938116e-05
db15k_mhyper_adamf,D-A,test,Random-shape,1,head,9902,0.23681317177664313,0.0002801757753496181,0.0015754393051908705,2.8368232459263952e-05,0.007069278933548778,0.002176328014542517,8.519321529326033e-06
db15k_mhyper_adamf,D-A,test,Random-shape,1,tail,9902,0.5143112765589645,9.747002056649808e-05,0.0003029690971520905,1.808847192644653e-06,0.001211876388608362,0.0003635629165825086,0.0
db15k_mhyper_adamf,D-A,test,Random-shape,2,head,9902,0.23943186205378836,0.0005304256992243721,0.001296996277808235,1.4624461870516052e-05,0.009493031710765503,0.002928701272470208,3.7746818239162735e-06
db15k_mhyper_adamf,D-A,test,Random-shape,2,tail,9902,0.5108618897337907,0.0001412415423039399,0.0005049484952534841,5.233964802846083e-05,0.0027267218743688144,0.0008281155322157139,0.0
db15k_mhyper_adamf,D-A,test,Random-shape,3,head,9902,0.23642910321809926,0.00018564132968051247,0.0013128660876590588,0.00019109279816999634,0.005251464350636235,0.001661280549383963,0.0
db15k_mhyper_adamf,D-A,test,Random-shape,3,tail,9902,0.5108096769179173,2.2073165407811014e-05,0.000605938194304181,1.1144273398038923e-06,0.001211876388608362,0.0003635629165825086,0.0
db15k_mhyper_adamf,D-A,test,No-gate,1,head,9902,0.23263675871413173,-0.0038962372871617934,0.1279539486972329,0.008204170247560004,0.5980609977782266,0.06823369016360332,0.004184932384040737
db15k_mhyper_adamf,D-A,test,No-gate,1,tail,9902,0.5127778626511396,-0.0014359438872584456,0.03251868309432438,0.003322119873013013,0.2422742880226217,0.019879822258129672,0.0015334139078249439
db15k_mhyper_adamf,D-A,test,No-gate,2,head,9902,0.23141386160152122,-0.007487574753042773,0.15683700262573216,0.01206289986477439,0.6626944051706726,0.08282670167642901,0.008021775134091061
db15k_mhyper_adamf,D-A,test,No-gate,2,tail,9902,0.5089161043750582,-0.001804543816428424,0.04393051908705312,0.004496305774517973,0.2892344980811957,0.025237325792769143,0.0019457853587323641
db15k_mhyper_adamf,D-A,test,No-gate,3,head,9902,0.2335385708843417,-0.002704891004077023,0.12280347404564734,0.007552807634776089,0.597253080185821,0.06510805897798425,0.0028905323337575354
db15k_mhyper_adamf,D-A,test,No-gate,3,tail,9902,0.5101827110796724,-0.0006048926728371719,0.02958998182185417,0.0026071782108124646,0.21157341951120986,0.017486366390628158,0.000626965838244983
mkgw_native_adamf,W-NA,dev_oof,ADC,1,head,4276,0.18351828799494135,-0.00024125066980606894,0.004443405051449953,0.00047519481149686733,0.010991580916744622,0.0009471468662301218,0.0
mkgw_native_adamf,W-NA,dev_oof,ADC,1,tail,4276,0.48684141110378903,0.0008746144867441105,0.0205799812909261,0.002081174654520196,0.08933582787652011,0.02004209541627689,0.0
mkgw_native_adamf,W-NA,dev_oof,ADC,2,head,4276,0.17961367408632725,0.0002543837721791237,0.0018709073900841909,1.4231690314313952e-07,0.007015902712815715,0.0006782039289055193,0.0
mkgw_native_adamf,W-NA,dev_oof,ADC,2,tail,4276,0.4874396880139876,-0.000524862470180727,0.011459307764265668,0.0013357163966745411,0.04420018709073901,0.008512628624883067,0.0
mkgw_native_adamf,W-NA,dev_oof,ADC,3,head,4276,0.18626591607865353,8.232309054813808e-06,0.0023386342376052385,1.3001979878443812e-05,0.008185219831618335,0.0008652946679139384,0.0
mkgw_native_adamf,W-NA,dev_oof,ADC,3,tail,4276,0.48835310255894504,0.0005106403749714865,0.018709073900841908,0.0013323857067429566,0.08091674462114125,0.017761927034611782,0.0
mkgw_native_adamf,W-NA,dev_oof,Random-I,1,head,4276,0.18357322647204727,-0.0001863121927001547,0.014784460716351658,0.000448047438339465,0.0438671012864491,0.0022965832601908958,-5.49384771059142e-05
mkgw_native_adamf,W-NA,dev_oof,Random-I,1,tail,4276,0.48574259050288776,-0.0002242061141571931,0.010382206825148609,0.0011784356826604614,0.056460307506815625,0.005386473947593275,0.0010988206009013035
mkgw_native_adamf,W-NA,dev_oof,Random-I,2,head,4276,0.1792396922535628,-0.00011959806058532799,0.005739034139846924,0.0002225464133901192,0.01874459224591378,0.0010302652584502677,0.00037398183276445164
mkgw_native_adamf,W-NA,dev_oof,Random-I,2,tail,4276,0.4877874895518217,-0.00017706093234665354,0.006807443707484877,0.0005287345284476472,0.03247149755764095,0.002753037658120029,-0.00034780153783407335
mkgw_native_adamf,W-NA,dev_oof,Random-I,3,head,4276,0.1859317547105456,-0.0003259290590531254,0.012599332654291131,0.0005037368613837944,0.03692174112417988,0.0019457877001386114,0.0003341613681079392
mkgw_native_adamf,W-NA,dev_oof,Random-I,3,tail,4276,0.48772568708357406,-0.00011677510039949363,0.010349230694813062,0.0009778054369670099,0.0521802233285797,0.004770463789772818,0.0006274154753709802
mkgw_native_adamf,W-NA,dev_oof,Head-first,1,head,4276,0.18352388594859612,-0.00023565271615131353,0.03157156220767072,0.0011950060239810589,0.10032740879326474,0.005273620205799816,-5.597953654755412e-06
mkgw_native_adamf,W-NA,dev_oof,Head-first,1,tail,4276,0.48596679661704495,0.0,0.0,0.0,0.0,0.0,0.0008746144867441105
mkgw_native_adamf,W-NA,dev_oof,Head-first,2,head,4276,0.17828661386425762,-0.0010726764498905012,0.01637043966323667,0.0011078586160838347,0.05121608980355472,0.0027829747427502343,0.0013270602220696248
mkgw_native_adamf,W-NA,dev_oof,Head-first,2,tail,4276,0.48796455048416837,0.0,0.0,0.0,0.0,0.0,-0.000524862470180727
mkgw_native_adamf,W-NA,dev_oof,Head-first,3,head,4276,0.18557082149329784,-0.0006868622763008898,0.03391019644527596,0.0012293808179945698,0.08910196445275959,0.004794200187090742,0.0006950945853557035
mkgw_native_adamf,W-NA,dev_oof,Head-first,3,tail,4276,0.48784246218397354,0.0,0.0,0.0,0.0,0.0,0.0005106403749714865
mkgw_native_adamf,W-NA,dev_oof,Tail-first,1,head,4276,0.18375953866474742,0.0,0.0,0.0,0.0,0.0,-0.00024125066980606894
mkgw_native_adamf,W-NA,dev_oof,Tail-first,1,tail,4276,0.4860828357665871,0.00011603914954217769,0.01941066417212348,0.0021414360122373965,0.10032740879326474,0.009459775491113187,0.000758575337201933
mkgw_native_adamf,W-NA,dev_oof,Tail-first,2,head,4276,0.17935929031414813,0.0,0.0,0.0,0.0,0.0,0.0002543837721791237
mkgw_native_adamf,W-NA,dev_oof,Tail-first,2,tail,4276,0.4880653315097124,0.00010078102554402456,0.01216089803554724,0.0009639606943036079,0.05121608980355472,0.004431711880261926,-0.0006256434957247514
mkgw_native_adamf,W-NA,dev_oof,Tail-first,3,head,4276,0.18625768376959873,0.0,0.0,0.0,0.0,0.0,8.232309054813808e-06
mkgw_native_adamf,W-NA,dev_oof,Tail-first,3,tail,4276,0.4872453590916019,-0.0005971030923716513,0.018007483629560336,0.002255502361210118,0.08910196445275959,0.008430776426566883,0.0011077434673431382
mkgw_native_adamf,W-NA,dev_oof,Low-A-gap,1,head,4276,0.18354582563458258,-0.00021371303016484524,0.02478952291861553,0.0006707597844299122,0.06782039289055192,0.0034494855004677293,-2.7537639641223723e-05
mkgw_native_adamf,W-NA,dev_oof,Low-A-gap,1,tail,4276,0.48578059234164733,-0.0001862042753976323,0.011693171188026192,0.0004289992721692531,0.032507015902712814,0.0030986903648269402,0.0010608187621417428
mkgw_native_adamf,W-NA,dev_oof,Low-A-gap,2,head,4276,0.17898742488135397,-0.00037186543279416767,0.009822263797942002,0.0005258890947648816,0.028999064546304958,0.0014967259120673532,0.0006262492049732914
mkgw_native_adamf,W-NA,dev_oof,Low-A-gap,2,tail,4276,0.48765482964213774,-0.0003097208420306445,0.007249766136576239,0.0003668205014362965,0.022217025257249765,0.0017539756782039284,-0.00021514162815008237
mkgw_native_adamf,W-NA,dev_oof,Low-A-gap,3,head,4276,0.18584360271155775,-0.0004140810580409808,0.022684752104770813,0.0005946744203655827,0.05963517305893358,0.003086997193638917,0.0004223133670957945
mkgw_native_adamf,W-NA,dev_oof,Low-A-gap,3,tail,4276,0.48802123077610227,0.0001787685921287068,0.010523854069223574,0.0003261205393679965,0.029466791393826006,0.0025958840037418143,0.00033187178284277977
mkgw_native_adamf,W-NA,dev_oof,Gap-agree,1,head,4276,0.18350044571250826,-0.0002590929522391773,0.00420954162768943,0.0003974413377140778,0.016604303086997195,0.0009471468662301215,1.784228243310834e-05
mkgw_native_adamf,W-NA,dev_oof,Gap-agree,1,tail,4276,0.48472715683165357,-0.0012396397853913952,0.019644527595884004,0.0021573956751841468,0.08372310570626754,0.006244153414405985,0.002114254272135506
mkgw_native_adamf,W-NA,dev_oof,Gap-agree,2,head,4276,0.17941283599572705,5.354568157892333e-05,0.00420954162768943,8.002559638780457e-05,0.013096351730589336,0.0010406922357343307,0.00020083809060020033
mkgw_native_adamf,W-NA,dev_oof,Gap-agree,2,tail,4276,0.48752622093855735,-0.0004383295456110227,0.007015902712815715,0.000866026372853309,0.03811973807296539,0.004045837231057062,-8.65329245697041e-05
mkgw_native_adamf,W-NA,dev_oof,Gap-agree,3,head,4276,0.18644471994168607,0.00018703617208733978,0.00304022450888681,0.0001703690709143531,0.013096351730589336,0.0008185219831618332,-0.00017880386303252598
mkgw_native_adamf,W-NA,dev_oof,Gap-agree,3,tail,4276,0.48770710119060257,-0.00013536099337098958,0.01683816651075772,0.0013672912410206569,0.07600561272217025,0.00678203928905519,0.000646001368342476
mkgw_native_adamf,W-NA,dev_oof,Random-shape,1,head,4276,0.18370919729088672,-5.034137386070833e-05,0.004711309200745578,9.514989273773117e-05,0.010991580916744622,0.0009471468662301218,-0.00019090929594536057
mkgw_native_adamf,W-NA,dev_oof,Random-shape,1,tail,4276,0.48667730683156846,0.000710510214523513,0.02022376348507731,0.002210807173298769,0.08933582787652011,0.02004209541627689,0.00016410427222059758
mkgw_native_adamf,W-NA,dev_oof,Random-shape,2,head,4276,0.17931261851863312,-4.667179551501816e-05,0.0026790540803371585,7.798110499010821e-05,0.007015902712815715,0.0006782039289055194,0.0003010555676941418
mkgw_native_adamf,W-NA,dev_oof,Random-shape,2,tail,4276,0.4873651944168156,-0.0005993560673528005,0.01165917050080489,0.001417040280488792,0.04420018709073901,0.008512628624883067,7.44935971720737e-05
mkgw_native_adamf,W-NA,dev_oof,Random-shape,3,head,4276,0.18620159602047703,-5.608774912168217e-05,0.003027501765082256,8.192496348002476e-05,0.008185219831618335,0.0008652946679139384,6.432005817649598e-05
mkgw_native_adamf,W-NA,dev_oof,Random-shape,3,tail,4276,0.4883088345703428,0.0004663723863692361,0.0180405541973415,0.0014530899163009072,0.08091674462114125,0.017761927034611782,4.426798860225029e-05
mkgw_native_adamf,W-NA,dev_oof,No-gate,1,head,4276,0.18079103360043336,-0.0029685050643140734,0.3274087932647334,0.007946532879908583,0.8790926099158092,0.04563844714686627,0.0027272543945080045
mkgw_native_adamf,W-NA,dev_oof,No-gate,1,tail,4276,0.48306011089373263,-0.002906685723312333,0.1391487371375117,0.015664929769935654,0.7565481758652947,0.07180776426566883,0.0037813002100564436
mkgw_native_adamf,W-NA,dev_oof,No-gate,2,head,4276,0.17629421868929385,-0.0030650716248542694,0.18966323666978485,0.006274155218864714,0.6040692235734331,0.033652946679139394,0.003319455397033393
mkgw_native_adamf,W-NA,dev_oof,No-gate,2,tail,4276,0.4839722888287657,-0.003992261655402647,0.1606641721234799,0.01235718891523614,0.7733863423760524,0.06517773620205798,0.0034673991852219197
mkgw_native_adamf,W-NA,dev_oof,No-gate,3,head,4276,0.18062308290213602,-0.0056346008674627015,0.2951356407857811,0.009023547123031116,0.8152478952291862,0.04303086997193641,0.005642833176517515
mkgw_native_adamf,W-NA,dev_oof,No-gate,3,tail,4276,0.48605286711444984,-0.0017895950695236858,0.1520112254443405,0.01421054023928971,0.769644527595884,0.06996024321796071,0.0023002354444951723
mkgw_native_adamf,W-NA,test,ADC,1,head,4274,0.1810323439380746,-2.450740560461483e-05,0.002339728591483388,4.593249515162178e-05,0.008890968647636874,0.0012868507253158633,0.0
mkgw_native_adamf,W-NA,test,ADC,1,tail,4274,0.5065011598386315,0.0012964958740377195,0.018951801591015442,0.001965740366023205,0.08633598502573701,0.02090547496490407,0.0
mkgw_native_adamf,W-NA,test,ADC,2,head,4274,0.1798303774478102,4.2881245318527704e-05,0.0018717828731867104,2.2072398479737803e-07,0.008890968647636874,0.000982686008423023,0.0
mkgw_native_adamf,W-NA,test,ADC,2,tail,4274,0.5075599227517521,-0.00016163139825285848,0.008656995788488536,0.000574387337494666,0.033224145999064106,0.0070425830603649976,0.0
mkgw_native_adamf,W-NA,test,ADC,3,head,4274,0.1847916451730664,-0.000184353755570495,0.004211511464670099,0.00040390579321872603,0.010762751520823585,0.0014623303696771174,0.0
mkgw_native_adamf,W-NA,test,ADC,3,tail,4274,0.5058801227267348,-0.00013536704370859868,0.018951801591015442,0.002111984875118466,0.06855404773046327,0.01665886757136172,0.0
mkgw_native_adamf,W-NA,test,Random-I,1,head,4274,0.1808632742260828,-0.0001935771175964082,0.0102460135591074,0.00045502258546230057,0.030629824226353634,0.0016692883776908795,0.00016906971199179337
mkgw_native_adamf,W-NA,test,Random-I,1,tail,4274,0.5048100803026534,-0.0003945836619404309,0.011450008083278996,0.00160522752303282,0.06459712944702026,0.0065864742334036,0.0016910795359781504
mkgw_native_adamf,W-NA,test,Random-I,2,head,4274,0.17967988552319056,-0.00010761067930110276,0.003753459270539289,0.00015950655242244214,0.011836367213063517,0.0006899885327587716,0.00015049192461963047
mkgw_native_adamf,W-NA,test,Random-I,2,tail,4274,0.5076381482938945,-8.340585611041465e-05,0.005813688546491541,0.0004813770999073661,0.030278747433637464,0.0026523596930709695,-7.822554214244378e-05
mkgw_native_adamf,W-NA,test,Random-I,3,head,4274,0.18480649820415931,-0.00016950072447756588,0.007438759401781733,0.00035458954532517075,0.023623915455594384,0.0013096906248236913,-1.485303109292906e-05
mkgw_native_adamf,W-NA,test,Random-I,3,tail,4274,0.5059062149078062,-0.00010927486263718087,0.01051558989369999,0.0011527875031662642,0.055692883795692476,0.0052969340152287,-2.6092181071417903e-05
mkgw_native_adamf,W-NA,test,Head-first,1,head,4274,0.1805452784794084,-0.0005115728642707997,0.031586335985025735,0.0014207671228057893,0.09522695367337389,0.005194197473093124,0.00048706545866618474
mkgw_native_adamf,W-NA,test,Head-first,1,tail,4274,0.5052046639645938,0.0,0.0,0.0,0.0,0.0,0.0012964958740377195
mkgw_native_adamf,W-NA,test,Head-first,2,head,4274,0.1791133212304801,-0.0006741749720115487,0.014038371548900327,0.0008677385678316759,0.04211511464670098,0.00237482452035564,0.0007170562173300764
mkgw_native_adamf,W-NA,test,Head-first,2,tail,4274,0.507721554150005,0.0,0.0,0.0,0.0,0.0,-0.00016163139825285848
mkgw_native_adamf,W-NA,test,Head-first,3,head,4274,0.1850011047169263,2.5105788289394658e-05,0.02526906878802059,0.001165910647420824,0.07931679925128685,0.004281703322414602,-0.00020945954385988963
mkgw_native_adamf,W-NA,test,Head-first,3,tail,4274,0.5060154897704434,0.0,0.0,0.0,0.0,0.0,-0.00013536704370859868
mkgw_native_adamf,W-NA,test,Tail-first,1,head,4274,0.18105685134367921,0.0,0.0,0.0,0.0,0.0,-2.450740560461483e-05
mkgw_native_adamf,W-NA,test,Tail-first,1,tail,4274,0.50380346454495,-0.001401199419643936,0.020355638745905475,0.003040754680977277,0.09522695367337389,0.009265325222274214,0.0026976952936816558
mkgw_native_adamf,W-NA,test,Tail-first,2,head,4274,0.17978749620249165,0.0,0.0,0.0,0.0,0.0,4.2881245318527704e-05
mkgw_native_adamf,W-NA,test,Tail-first,2,tail,4274,0.5069340312338654,-0.0007875229161395781,0.008189050070191857,0.0009818556105202004,0.04211511464670098,0.0036850725315863346,0.0006258915178867194
mkgw_native_adamf,W-NA,test,Tail-first,3,head,4274,0.1849759989286369,0.0,0.0,0.0,0.0,0.0,-0.000184353755570495
mkgw_native_adamf,W-NA,test,Tail-first,3,tail,4274,0.5061835807887991,0.00016809101835563511,0.014974262985493684,0.0012214575100428506,0.07931679925128685,0.007849789424426764,-0.0003034580620642339
mkgw_native_adamf,W-NA,test,Low-A-gap,1,head,4274,0.18123372143851713,0.00017687009483789785,0.020355638745905475,0.00048079573906716696,0.05053813757604118,0.0027959756668226505,-0.00020137750044251269
mkgw_native_adamf,W-NA,test,Low-A-gap,1,tail,4274,0.5048440305084555,-0.00036063345613832206,0.013102480112306972,0.0013920502266862598,0.04468881609733271,0.0050538137576041165,0.001657129330176042
mkgw_native_adamf,W-NA,test,Low-A-gap,2,head,4274,0.17962223181127554,-0.00016526439121612355,0.00772110435189518,0.000168474579875381,0.019653720168460457,0.0010528778661675249,0.00020814563653465126
mkgw_native_adamf,W-NA,test,Low-A-gap,2,tail,4274,0.5074137553757756,-0.0003077987742293271,0.007253158633598503,0.0004184846452471739,0.022461394478240523,0.0017197005147402897,0.00014616737597646863
mkgw_native_adamf,W-NA,test,Low-A-gap,3,head,4274,0.1850638689615649,8.787003292800548e-05,0.011464670098268601,0.0002699155142413838,0.03579784744969584,0.002012166588675715,-0.00027222378849850053
mkgw_native_adamf,W-NA,test,Low-A-gap,3,tail,4274,0.5066877222878365,0.0006722325173931335,0.011932615816565278,0.000704201145776192,0.043518951801591016,0.004117922321010762,-0.0008075995611017321
mkgw_native_adamf,W-NA,test,Gap-agree,1,head,4274,0.1801844204119158,-0.0008724309317634269,0.00772110435189518,0.001089581483891333,0.022929340196537203,0.0012868507253158633,0.0008479235261588122
mkgw_native_adamf,W-NA,test,Gap-agree,1,tail,4274,0.5038713997655451,-0.0013332641990487452,0.01544220870379036,0.0024314389947574606,0.07229761347683669,0.005357978474496957,0.0026297600730864645
mkgw_native_adamf,W-NA,test,Gap-agree,2,head,4274,0.17979394587924324,6.449676751599371e-06,0.006785212915301825,0.0001404599393046843,0.01731399157697707,0.0013921385119326155,3.6431568566928324e-05
mkgw_native_adamf,W-NA,test,Gap-agree,2,tail,4274,0.5075080357681538,-0.00021351838185116088,0.004679457182966776,0.00040092772791005903,0.024801123069723912,0.0024801123069723902,5.1886983598302346e-05
mkgw_native_adamf,W-NA,test,Gap-agree,3,head,4274,0.1845838909247796,-0.00039210800385731644,0.00584932147870847,0.0005499747865152372,0.016612072999532053,0.001087973795039775,0.0002077542482868215
mkgw_native_adamf,W-NA,test,Gap-agree,3,tail,4274,0.5065899280661977,0.0005744382957542875,0.014506317267197005,0.0006051931637790076,0.0627047262517548,0.005205896116050536,-0.0007098053394628861
mkgw_native_adamf,W-NA,test,Random-shape,1,head,4274,0.18102445359974612,-3.239774393310028e-05,0.0031038504869317068,7.535563833599054e-05,0.008890968647636874,0.0012868507253158633,7.890338328485449e-06
mkgw_native_adamf,W-NA,test,Random-shape,1,tail,4274,0.5061580173175485,0.0009533533529546657,0.018487933086334767,0.0019217910215356727,0.08633598502573701,0.02090547496490407,0.00034314252108305415
mkgw_native_adamf,W-NA,test,Random-shape,2,head,4274,0.17973081939218424,-5.6676810307399464e-05,0.0029346952896321167,0.00010150438213445695,0.008890968647636874,0.000982686008423023,9.955805562592718e-05
mkgw_native_adamf,W-NA,test,Random-shape,2,tail,4274,0.5076807568894828,-4.079726052215272e-05,0.008994934382642669,0.00061215421305936,0.033224145999064106,0.0070425830603649976,-0.00012083413773070579
mkgw_native_adamf,W-NA,test,Random-shape,3,head,4274,0.1849672824049699,-8.716523666988618e-06,0.004155936400313009,0.00023728129436006315,0.010762751520823585,0.0014623303696771174,-0.0001756372319035064
mkgw_native_adamf,W-NA,test,Random-shape,3,tail,4274,0.5062644553947516,0.00024896562430817425,0.017924888512471725,0.0020705805049868404,0.06855404773046327,0.01665886757136172,-0.0003843326680167728
mkgw_native_adamf,W-NA,test,No-gate,1,head,4274,0.1779565766566132,-0.003100274687065988,0.33785680861020123,0.008237886553368058,0.9057089377632195,0.04763687412260181,0.003075767281461373
mkgw_native_adamf,W-NA,test,No-gate,1,tail,4274,0.5005217664623576,-0.004682897502236272,0.14553111839026672,0.018921681971022373,0.7824052409920449,0.07842770238652313,0.005979393376273992
mkgw_native_adamf,W-NA,test,No-gate,2,head,4274,0.1755213114768926,-0.004266184725599063,0.20308844174075807,0.006448406628484396,0.6078614880673842,0.035084230229293405,0.004309065970917591
mkgw_native_adamf,W-NA,test,No-gate,2,tail,4274,0.5056822051261205,-0.002039349023884428,0.15605989705194198,0.012330078042176526,0.8058025269068788,0.06998128217126812,0.0018777176256315697
mkgw_native_adamf,W-NA,test,No-gate,3,head,4274,0.18111314434552073,-0.003862854583116168,0.3039307440336921,0.007858294224798617,0.8378568086102012,0.04468881609733274,0.0036785008275456743
mkgw_native_adamf,W-NA,test,No-gate,3,tail,4274,0.5044695261306198,-0.0015459636398236357,0.15722976134768366,0.016176156841529243,0.8058025269068788,0.07537435657463733,0.0014105965961150374
db15k_native_adamf,D-NA,dev_oof,ADC,1,head,7922,0.21283977562229556,-5.7498270722708314e-05,0.0035344609946983086,0.00026901757598445965,0.02701338045947993,0.0029159303206261044,0.0
db15k_native_adamf,D-NA,dev_oof,ADC,1,tail,7922,0.4268509395320684,0.000286249180441049,0.0025246149962130774,9.26422867790556e-05,0.019691996970462006,0.0019944458470083307,0.0
db15k_native_adamf,D-NA,dev_oof,ADC,2,head,7922,0.21776115628314602,-2.4784416564206057e-05,0.002145922746781116,6.40298387924158e-05,0.009972229235041655,0.0010098459984852308,0.0
db15k_native_adamf,D-NA,dev_oof,ADC,2,tail,7922,0.4336206582776681,-6.307560330456794e-05,0.00012623074981065388,6.311537490532694e-05,0.0012623074981065387,0.00012623074981065388,0.0
db15k_native_adamf,D-NA,dev_oof,ADC,3,head,7922,0.21060642804777405,-0.00046708018469579726,0.012496844231254734,0.000801828337279201,0.06917445089623832,0.007441302701338046,0.0
db15k_native_adamf,D-NA,dev_oof,ADC,3,tail,7922,0.42463562870512084,0.000509266088106939,0.009214844736177733,0.0010652971425532498,0.10376167634435748,0.010578136834132792,0.0
db15k_native_adamf,D-NA,dev_oof,Random-I,1,head,7922,0.2128493478215781,-4.792607144017048e-05,0.002198909952260343,0.00011517100049888033,0.014775857866215924,0.0009705721485907038,-9.572199282537899e-06
db15k_native_adamf,D-NA,dev_oof,Random-I,1,tail,7922,0.4264583976793997,-0.0001062926722276228,0.0028887239270571213,0.0003424857998411307,0.03192951956372601,0.001798216529567498,0.00039254185266867183
db15k_native_adamf,D-NA,dev_oof,Random-I,2,head,7922,0.2177559113076451,-3.0029392065106865e-05,0.0020634136136775693,3.8738129553458104e-05,0.007961413711599976,0.0006120828656090098,5.244975500900812e-06
db15k_native_adamf,D-NA,dev_oof,Random-I,2,tail,7922,0.43366751852033514,-1.621536063751317e-05,0.00034661696475716923,4.597503974654492e-05,0.003273123021548218,0.00017137088905000257,-4.686024266705477e-05
db15k_native_adamf,D-NA,dev_oof,Random-I,3,head,7922,0.21072626883744003,-0.00034723939502981176,0.007153023965031443,0.0004977412964030544,0.04695414858104662,0.0035405915096505093,-0.00011984078966598549
db15k_native_adamf,D-NA,dev_oof,Random-I,3,tail,7922,0.4237816621595986,-0.00034470045741528076,0.01087980201834244,0.0012318662543214572,0.1259819786595492,0.00829729150313653,0.0008539665455222199
db15k_native_adamf,D-NA,dev_oof,Head-first,1,head,7922,0.212873791271681,-2.3482621337275955e-05,0.007321383489017925,0.0003470334277976843,0.046452915930320623,0.0031242110578136853,-3.401564938543236e-05
db15k_native_adamf,D-NA,dev_oof,Head-first,1,tail,7922,0.426567367973593,2.6776219656805363e-06,0.0,0.0,0.00025246149962130775,1.26230749810654e-05,0.0002835715584753685
db15k_native_adamf,D-NA,dev_oof,Head-first,2,head,7922,0.217748764336558,-3.7176363152240075e-05,0.002019691996970462,7.587463288070871e-05,0.011234536733148195,0.0008268114112597831,1.2391946588034016e-05
db15k_native_adamf,D-NA,dev_oof,Head-first,2,tail,7922,0.43368373388097264,0.0,0.0,0.0,0.0,0.0,-6.307560330456794e-05
db15k_native_adamf,D-NA,dev_oof,Head-first,3,head,7922,0.20987998387718637,-0.0011935243552834611,0.025624842211562738,0.0016450490693256342,0.1666245897500631,0.01264200959353699,0.0007264441705876638
db15k_native_adamf,D-NA,dev_oof,Head-first,3,tail,7922,0.42401368098033354,-0.00011268163668039071,0.0008836152486745772,0.00013289846388216348,0.006311537490532693,0.000416561474375158,0.0006219477247873298
db15k_native_adamf,D-NA,dev_oof,Tail-first,1,head,7922,0.21289727389301827,0.0,0.0,0.0,0.0,0.0,-5.7498270722708314e-05
db15k_native_adamf,D-NA,dev_oof,Tail-first,1,tail,7922,0.42649101674706613,-7.367360456118093e-05,0.00555415299166877,0.0004912651661981504,0.046705377429941936,0.0026634688210047984,0.00035992278500223004
db15k_native_adamf,D-NA,dev_oof,Tail-first,2,head,7922,0.21778635006644978,4.0936673954877173e-07,0.0013885382479171926,4.86487942602431e-07,0.004796768492804847,0.00043549608684675576,-2.5193783303754827e-05
db15k_native_adamf,D-NA,dev_oof,Tail-first,2,tail,7922,0.4336907593589644,7.025477991767048e-06,0.00025246149962130775,1.4112776525729123e-06,0.006437768240343348,0.0003408230244887657,-7.010108129633498e-05
db15k_native_adamf,D-NA,dev_oof,Tail-first,3,head,7922,0.21107350823246984,0.0,0.0,0.0,0.0,0.0,-0.00046708018469579726
db15k_native_adamf,D-NA,dev_oof,Tail-first,3,tail,7922,0.4237281873641478,-0.00039817525286613267,0.01565261297652108,0.0018055942411700084,0.17293612724059582,0.011360767482958853,0.0009074413409730718
db15k_native_adamf,D-NA,dev_oof,Low-A-gap,1,head,7922,0.21289886583018502,1.5919371667548564e-06,0.0031557687452663467,7.902548435621626e-05,0.016031305225953044,0.0009530421610704373,-5.909020788946322e-05
db15k_native_adamf,D-NA,dev_oof,Low-A-gap,1,tail,7922,0.42667179842023467,0.00010710806860737024,0.0035344609946983086,0.00030726492570328303,0.030674072203988892,0.00175460742236809,0.00017914111183367878
db15k_native_adamf,D-NA,dev_oof,Low-A-gap,2,head,7922,0.217783889707099,-2.0509926112126653e-06,0.0023983842464024236,5.8768369303160146e-06,0.008709921736935118,0.0006627114365059329,-2.2733423952993385e-05
db15k_native_adamf,D-NA,dev_oof,Low-A-gap,2,tail,7922,0.4337468941715903,6.31602906176524e-05,0.00012623074981065388,1.1871230389716658e-07,0.0025246149962130774,0.00012623074981065398,-0.00012623589392222033
db15k_native_adamf,D-NA,dev_oof,Low-A-gap,3,head,7922,0.21083910227167477,-0.00023440596079507398,0.008331229487503155,0.00042062619372800137,0.04481191618278212,0.0035533956071699072,-0.00023267422390072334
db15k_native_adamf,D-NA,dev_oof,Low-A-gap,3,tail,7922,0.4241962511874571,6.988857044316457e-05,0.014264074728603887,0.0017535057519931228,0.1281242110578137,0.008678364049482457,0.00043937751766377466
db15k_native_adamf,D-NA,dev_oof,Gap-agree,1,head,7922,0.21281546729593995,-8.180659707831335e-05,0.0031557687452663467,0.0002205072091879625,0.02120676596818985,0.0014453420853319874,2.4308326355604997e-05
db15k_native_adamf,D-NA,dev_oof,Gap-agree,1,tail,7922,0.42654987919467957,-1.4811156947739499e-05,0.002145922746781116,0.00010703869646700793,0.025498611461752082,0.001464276697803586,0.0003010603373887885
db15k_native_adamf,D-NA,dev_oof,Gap-agree,2,head,7922,0.21779920677612863,1.3266076418417248e-05,0.0016409997475385005,1.1005911074121023e-05,0.009088613986367079,0.0006879575864680637,-3.8050492982623294e-05
db15k_native_adamf,D-NA,dev_oof,Gap-agree,2,tail,7922,0.4336838809218505,1.470408778600992e-07,0.00012623074981065388,2.824181031879561e-09,0.002145922746781116,0.00010729613733905588,-6.322264418242803e-05
db15k_native_adamf,D-NA,dev_oof,Gap-agree,3,head,7922,0.21060641754337295,-0.0004670906890968827,0.008331229487503155,0.0006262116611697366,0.055920222166119665,0.004418076243372888,1.0504401085500268e-08
db15k_native_adamf,D-NA,dev_oof,Gap-agree,3,tail,7922,0.424007764412744,-0.00011859820426989201,0.01072961373390558,0.0014136315817147892,0.11701590507447614,0.008015652612976525,0.0006278642923768311
db15k_native_adamf,D-NA,dev_oof,Random-shape,1,head,7922,0.21282784894881185,-6.942494420641064e-05,0.004054014801713995,0.00035047839178015236,0.02701338045947993,0.0029159303206261044,1.1926673483702362e-05
db15k_native_adamf,D-NA,dev_oof,Random-shape,1,tail,7922,0.4267442436188885,0.00017955326726122874,0.0021581281180236174,0.0001652171444602363,0.019691996970462006,0.001994445847008331,0.00010669591317982029
db15k_native_adamf,D-NA,dev_oof,Random-shape,2,head,7922,0.21776235757594123,-2.358312376898459e-05,0.0020836795544608485,6.0291270818923496e-05,0.009972229235041655,0.0010098459984852308,-1.2012927952214655e-06
db15k_native_adamf,D-NA,dev_oof,Random-shape,2,tail,7922,0.43368788619232496,4.152311352317399e-06,4.448131183803993e-05,1.397554730046525e-05,0.0012623074981065387,0.0001262307498106539,-6.722791465688535e-05
db15k_native_adamf,D-NA,dev_oof,Random-shape,3,head,7922,0.210498086883378,-0.0005754213490918211,0.012034626306769837,0.0009381556872432251,0.06917445089623832,0.007441302701338045,0.0001083411643960238
db15k_native_adamf,D-NA,dev_oof,Random-shape,3,tail,7922,0.42436964547509654,0.00024328285808261673,0.00964818804898297,0.0011888518459937897,0.10376167634435748,0.010578136834132794,0.00026598323002432236
db15k_native_adamf,D-NA,dev_oof,No-gate,1,head,7922,0.21231453964667196,-0.0005827342463463037,0.03862660944206009,0.0013128062394133118,0.20108558444837163,0.012553648068669534,0.0005252359756235951
db15k_native_adamf,D-NA,dev_oof,No-gate,1,tail,7922,0.42542475732480034,-0.0011399330268269591,0.0309265337036102,0.0036486749797414023,0.3425902549861146,0.019243877808634197,0.0014261822072680081
db15k_native_adamf,D-NA,dev_oof,No-gate,2,head,7922,0.21707673062542335,-0.0007092100742868798,0.03231507195152739,0.0009585384804425766,0.13064882605402675,0.00758015652612977,0.0006844256577226736
db15k_native_adamf,D-NA,dev_oof,No-gate,2,tail,7922,0.4331566448591985,-0.0005270890217741286,0.008962383236556425,0.0014083447582461535,0.0845746023731381,0.00444332239333502,0.0004640134184695606
db15k_native_adamf,D-NA,dev_oof,No-gate,3,head,7922,0.20948435856712316,-0.0015891496653466838,0.03786922494319616,0.002280169985123492,0.22948750315576874,0.01678237818732644,0.0011220694806508868
db15k_native_adamf,D-NA,dev_oof,No-gate,3,tail,7922,0.42266562760054016,-0.0014607350164737394,0.0489775309265337,0.005516109166891577,0.5740974501388538,0.03739585963140622,0.0019700011045806786
db15k_native_adamf,D-NA,test,ADC,1,head,9902,0.2084228063199343,-0.0001955428155639094,0.005655423146839022,0.0003801255441326198,0.03221571399717229,0.0036507776206826893,0.0
db15k_native_adamf,D-NA,test,ADC,1,tail,9902,0.42049759578892787,0.00011754667155374359,0.002322763078166027,0.0002323774743660741,0.021510805897798423,0.002570187840840234,0.0
db15k_native_adamf,D-NA,test,ADC,2,head,9902,0.2076171892473748,-6.757238657533295e-05,0.0019188042819632397,7.659576085768588e-05,0.007170268632599475,0.0008230660472631791,0.0
db15k_native_adamf,D-NA,test,ADC,2,tail,9902,0.42010971630426797,-5.5008794607441524e-05,0.0004039587962027873,0.00010103492481493891,0.00222177337911533,0.0003080185821046253,0.0
db15k_native_adamf,D-NA,test,ADC,3,head,9902,0.20626849458306729,-0.00022934348644584974,0.015249444556655221,0.0006881007443018604,0.07978186225005049,0.009447586346192687,0.0
db15k_native_adamf,D-NA,test,ADC,3,tail,9902,0.4135638769266296,0.0003406913004098909,0.00989699050696829,0.0012203161001317626,0.10109068874974753,0.011426984447586344,0.0
db15k_native_adamf,D-NA,test,Random-I,1,head,9902,0.20857602277099538,-4.2326364502818615e-05,0.00260530674263225,0.00013070271769936932,0.017538072046225598,0.001194957505966098,-0.00015321645106109076
db15k_native_adamf,D-NA,test,Random-I,1,tail,9902,0.42027561272542513,-0.00010443639194902422,0.003452595634689224,0.0003990888163927433,0.03618844784874512,0.002086644103323618,0.00022198306350276783
db15k_native_adamf,D-NA,test,Random-I,2,head,9902,0.20766475145737626,-2.001017657389226e-05,0.0016116597090450658,3.7656438054077834e-05,0.005944429888866502,0.0004679930053114855,-4.756221000144068e-05
db15k_native_adamf,D-NA,test,Random-I,2,tail,9902,0.42015364806938044,-1.107702949500086e-05,0.00041074151219559573,4.5122332158252786e-05,0.0034476121228483032,0.0001854440470993045,-4.393176511244068e-05
db15k_native_adamf,D-NA,test,Random-I,3,head,9902,0.20637340324422798,-0.00012443482528513915,0.007471557252775561,0.0003818054398058966,0.05054961817158399,0.004052445397631101,-0.00010490866116071055
db15k_native_adamf,D-NA,test,Random-I,3,tail,9902,0.4129706677330048,-0.00025251789321494624,0.010671945593146485,0.0012225719879942955,0.13032293282821403,0.00878922498839171,0.0005932091936248371
db15k_native_adamf,D-NA,test,Head-first,1,head,9902,0.20844991484747574,-0.00016843428802246977,0.007574227428802262,0.00036126197157941245,0.053726519894970716,0.0035952332862048087,-2.7108527541439655e-05
db15k_native_adamf,D-NA,test,Head-first,1,tail,9902,0.42038004911737414,0.0,0.0,0.0,0.0,0.0,0.00011754667155374359
db15k_native_adamf,D-NA,test,Head-first,2,head,9902,0.20748540446519137,-0.00019935716875877786,0.0027267218743688144,0.00021123900670510712,0.009392042011714804,0.0006715814986871341,0.00013178478218344494
db15k_native_adamf,D-NA,test,Head-first,2,tail,9902,0.4201647250988754,0.0,0.0,0.0,0.0,0.0,-5.5008794607441524e-05
db15k_native_adamf,D-NA,test,Head-first,3,head,9902,0.20592826407734854,-0.0005695739921646008,0.026964249646536053,0.0015134794359349837,0.18087255099979802,0.014517269238537675,0.0003402305057187509
db15k_native_adamf,D-NA,test,Head-first,3,tail,9902,0.41322318562621974,0.0,0.0,0.0,0.0,0.0,0.0003406913004098909
db15k_native_adamf,D-NA,test,Tail-first,1,head,9902,0.2086183491354982,0.0,0.0,0.0,0.0,0.0,-0.0001955428155639094
db15k_native_adamf,D-NA,test,Tail-first,1,tail,9902,0.4199001754804013,-0.00047987363697281105,0.005251464350636235,0.0008525427627828459,0.053726519894970716,0.003044839426378511,0.0005974203085265547
db15k_native_adamf,D-NA,test,Tail-first,2,head,9902,0.20768485046395,8.882999985368972e-08,0.0010098969905069683,1.2415118334417161e-08,0.002928701272470208,0.00029287012724702073,-6.766121657518663e-05
db15k_native_adamf,D-NA,test,Tail-first,2,tail,9902,0.4201655877875743,8.626886988625418e-07,0.0008079175924055746,5.652242321840285e-05,0.006463340739244597,0.00033831549181983464,-5.587148330630405e-05
db15k_native_adamf,D-NA,test,Tail-first,3,head,9902,0.20649783806951313,0.0,0.0,0.0,0.0,0.0,-0.00022934348644584974
db15k_native_adamf,D-NA,test,Tail-first,3,tail,9902,0.412755803801858,-0.00046738182436174743,0.015451423954756615,0.0019312023936623856,0.18087255099979802,0.012250050494849531,0.0008080731247716382
db15k_native_adamf,D-NA,test,Low-A-gap,1,head,9902,0.2085184405406008,-9.990859489740376e-05,0.003938598262977176,0.00023916956288522816,0.01777418703292264,0.0013431629973742682,-9.563422066650563e-05
db15k_native_adamf,D-NA,test,Low-A-gap,1,tail,9902,0.4206846367124202,0.0003045875950460512,0.0038376085639264795,0.0004869974442791195,0.03595233286204807,0.002095536255301961,-0.00018704092349230755
db15k_native_adamf,D-NA,test,Low-A-gap,2,head,9902,0.20762134536545843,-6.341626849170366e-05,0.001817814582912543,0.00011905227185447423,0.006867299535447385,0.000515047465158554,-4.156118083629292e-06
db15k_native_adamf,D-NA,test,Low-A-gap,2,tail,9902,0.4204068364413823,0.00024211134250691835,0.0003029690971520905,1.3863520959858922e-07,0.002524742476267421,0.0001363360937184408,-0.0002971201371143599
db15k_native_adamf,D-NA,test,Low-A-gap,3,head,9902,0.2066671022610355,0.00016926419152235993,0.009089072914562714,0.0001799464650368009,0.04998990103009493,0.004090082811553222,-0.0003986076779682096
db15k_native_adamf,D-NA,test,Low-A-gap,3,tail,9902,0.413994150880983,0.000770965254763262,0.012926681478489193,0.0012384799676106015,0.13088264996970309,0.009073924459705113,-0.00043027395435337113
db15k_native_adamf,D-NA,test,Gap-agree,1,head,9902,0.20857477883216888,-4.357030332931359e-05,0.004544536457281357,0.000175190228419599,0.02443950717026863,0.0017319733387194513,-0.00015197251223459578
db15k_native_adamf,D-NA,test,Gap-agree,1,tail,9902,0.42035075745939593,-2.9291657978203224e-05,0.002827711573419511,0.0004140294491210039,0.02928701272470208,0.001807715613007474,0.0001468383295319468
db15k_native_adamf,D-NA,test,Gap-agree,2,head,9902,0.20760948664466775,-7.527498928240559e-05,0.0016158351848111492,8.417506440371962e-05,0.006766309836396688,0.0005099979802060191,7.702602707072632e-06
db15k_native_adamf,D-NA,test,Gap-agree,2,tail,9902,0.4201145318063601,-5.019329251530132e-05,0.0007069278933548778,5.266359237058668e-05,0.0026257321753181176,0.00014138557867097564,-4.8155020921402156e-06
db15k_native_adamf,D-NA,test,Gap-agree,3,head,9902,0.2063057154998224,-0.00019212256969071783,0.010805897798424561,0.0004542878462554051,0.061704706119975763,0.005089880832155121,-3.7220916755131883e-05
db15k_native_adamf,D-NA,test,Gap-agree,3,tail,9902,0.4131716164500414,-5.156917617832913e-05,0.0095940214098162,0.0012647669089470043,0.11916784487982225,0.00842254090082812,0.0003922604765882201
db15k_native_adamf,D-NA,test,Random-shape,1,head,9902,0.2085229965488954,-9.53525866028078e-05,0.005520106784489388,0.0002948168985818917,0.03221571399717229,0.00365077762068269,-0.00010019022896110157
db15k_native_adamf,D-NA,test,Random-shape,1,tail,9902,0.4204315682996043,5.151918223016005e-05,0.0027917493879038974,0.000282407077192446,0.021510805897798423,0.002570187840840234,6.602748932358359e-05
db15k_native_adamf,D-NA,test,Random-shape,2,head,9902,0.2076371545096753,-4.760712427483908e-05,0.0018049904941442004,6.770682111936602e-05,0.007170268632599475,0.0008230660472631791,-1.9965262300493862e-05
db15k_native_adamf,D-NA,test,Random-shape,2,tail,9902,0.42015270571009544,-1.2019388780001173e-05,0.00035816114198212247,7.027757972728502e-05,0.00222177337911533,0.0003080185821046253,-4.298940582744036e-05
db15k_native_adamf,D-NA,test,Random-shape,3,head,9902,0.20629185464703134,-0.00020598342248180353,0.014766459513253753,0.0007498272351483669,0.07978186225005049,0.009447586346192687,-2.3360063964046208e-05
db15k_native_adamf,D-NA,test,Random-shape,3,tail,9902,0.4133607814368781,0.0001375958106583673,0.010468097349187964,0.001316397490115485,0.10109068874974753,0.011426984447586344,0.00020309548975152366
db15k_native_adamf,D-NA,test,No-gate,1,head,9902,0.20815400380252716,-0.00046434533297103997,0.046556251262371236,0.0013866621147962627,0.2295495859422339,0.014754595031306815,0.0002688025174071306
db15k_native_adamf,D-NA,test,No-gate,1,tail,9902,0.41929614738453846,-0.0010839017328356784,0.03595233286204807,0.00414917801802556,0.37547970107049083,0.021662290446374483,0.001201448404389422
db15k_native_adamf,D-NA,test,No-gate,2,head,9902,0.2070832968479655,-0.0006014647859846262,0.03908301353261967,0.001085208531069916,0.14098161987477278,0.008649767723692187,0.0005338923994092933
db15k_native_adamf,D-NA,test,No-gate,2,tail,9902,0.41998593659515604,-0.00017878850371939165,0.010300949303171077,0.0012265778548085676,0.09594021409816199,0.005195920016158355,0.00012377970911195025
db15k_native_adamf,D-NA,test,No-gate,3,head,9902,0.20596458547544477,-0.0005332525940683487,0.04403150878610382,0.001746779074983637,0.257826701676429,0.01998081195718037,0.0003039091076224989
db15k_native_adamf,D-NA,test,No-gate,3,tail,9902,0.4121046418655156,-0.0011185437607041512,0.04958594223389214,0.0056254928609022125,0.6041203797212684,0.04075439305190872,0.0014592350611140423
