pair,label,split,method,convention,changed_rows,endpoint_rows,seed,direction,n,mrr,global_mrr,delta_mrr,harm_rate,benefit_rate,rank_change_rate,conditional_loss,mean_loss,mean_gain,action_rate,mean_abs_alpha_deviation
mkgw_mhyper_native,W-N,dev,Global,raw_endpoint,0,0,1,head,4276,0.19429153782097075,0.19429153782097075,0.0,0.0,0.0,0.0,,0.0,0.0,,
mkgw_mhyper_native,W-N,dev,Global,raw_endpoint,0,0,1,tail,4276,0.5213228763889308,0.5213228763889308,0.0,0.0,0.0,0.0,,0.0,0.0,,
mkgw_mhyper_native,W-N,dev,Global,raw_endpoint,0,0,2,head,4276,0.19144519484794112,0.19144519484794112,0.0,0.0,0.0,0.0,,0.0,0.0,,
mkgw_mhyper_native,W-N,dev,Global,raw_endpoint,0,0,2,tail,4276,0.5195024163656786,0.5195024163656786,0.0,0.0,0.0,0.0,,0.0,0.0,,
mkgw_mhyper_native,W-N,dev,Global,raw_endpoint,0,0,3,head,4276,0.19591321613478416,0.19591321613478416,0.0,0.0,0.0,0.0,,0.0,0.0,,
mkgw_mhyper_native,W-N,dev,Global,raw_endpoint,0,0,3,tail,4276,0.5155132337957664,0.5155132337957664,0.0,0.0,0.0,0.0,,0.0,0.0,,
mkgw_mhyper_native,W-N,dev,Global,normalized_endpoint,0,0,1,head,4276,0.19429153782097075,0.19429153782097075,0.0,0.0,0.0,0.0,,0.0,0.0,,
mkgw_mhyper_native,W-N,dev,Global,normalized_endpoint,0,0,1,tail,4276,0.5213228763889308,0.5213228763889308,0.0,0.0,0.0,0.0,,0.0,0.0,,
mkgw_mhyper_native,W-N,dev,Global,normalized_endpoint,0,0,2,head,4276,0.19144519484794112,0.19144519484794112,0.0,0.0,0.0,0.0,,0.0,0.0,,
mkgw_mhyper_native,W-N,dev,Global,normalized_endpoint,0,0,2,tail,4276,0.5195024163656786,0.5195024163656786,0.0,0.0,0.0,0.0,,0.0,0.0,,
mkgw_mhyper_native,W-N,dev,Global,normalized_endpoint,0,0,3,head,4276,0.19591321613478416,0.19591321613478416,0.0,0.0,0.0,0.0,,0.0,0.0,,
mkgw_mhyper_native,W-N,dev,Global,normalized_endpoint,0,0,3,tail,4276,0.5155132337957664,0.5155132337957664,0.0,0.0,0.0,0.0,,0.0,0.0,,
mkgw_mhyper_native,W-N,dev,ADC,raw_endpoint,0,0,1,head,4276,0.19650785130520865,0.19429153782097075,0.0022163134842379108,0.1695509822263798,0.34588400374181477,0.5154349859681946,0.019645225188908388,0.0033308672268378354,0.005547180711075746,,
mkgw_mhyper_native,W-N,dev,ADC,raw_endpoint,0,0,1,tail,4276,0.5250209295382764,0.5213228763889308,0.0036980531493455045,0.11435921421889617,0.0558933582787652,0.17025257249766138,0.04350556683192264,0.004975262437046345,0.008673315586391851,,
mkgw_mhyper_native,W-N,dev,ADC,raw_endpoint,0,0,2,head,4276,0.19215642462418828,0.19144519484794112,0.0007112297762471348,0.16604303086997194,0.31594948550046775,0.48199251637043966,0.018088715782436173,0.003003505193061197,0.003714734969308332,,
mkgw_mhyper_native,W-N,dev,ADC,raw_endpoint,0,0,2,tail,4276,0.5223735988310994,0.5195024163656786,0.0028711824654207383,0.15224508886810104,0.06127221702525725,0.21351730589335827,0.0515599330262521,0.007849746585615089,0.010720929051035827,,
mkgw_mhyper_native,W-N,dev,ADC,raw_endpoint,0,0,3,head,4276,0.19803716544075609,0.19591321613478416,0.0021239493059719474,0.16697848456501402,0.3517305893358279,0.5187090739008419,0.01695395978386283,0.0028309465120856083,0.004954895818057556,,
mkgw_mhyper_native,W-N,dev,ADC,raw_endpoint,0,0,3,tail,4276,0.5233755006038776,0.5155132337957664,0.007862266808111149,0.1145930776426567,0.06782039289055192,0.1824134705332086,0.0432765333493588,0.004959191146208094,0.012821457954319243,,
mkgw_mhyper_native,W-N,dev,ADC,normalized_endpoint,0,0,1,head,4276,0.19650785130520865,0.19429153782097075,0.0022163134842379108,0.1695509822263798,0.34588400374181477,0.5154349859681946,0.019645225188908388,0.0033308672268378354,0.005547180711075746,,
mkgw_mhyper_native,W-N,dev,ADC,normalized_endpoint,0,0,1,tail,4276,0.5250209295382764,0.5213228763889308,0.0036980531493455045,0.11435921421889617,0.0558933582787652,0.17025257249766138,0.04350556683192264,0.004975262437046345,0.008673315586391851,,
mkgw_mhyper_native,W-N,dev,ADC,normalized_endpoint,0,0,2,head,4276,0.19215642462418828,0.19144519484794112,0.0007112297762471348,0.16604303086997194,0.31594948550046775,0.48199251637043966,0.018088715782436173,0.003003505193061197,0.003714734969308332,,
mkgw_mhyper_native,W-N,dev,ADC,normalized_endpoint,0,0,2,tail,4276,0.5223735988310994,0.5195024163656786,0.0028711824654207383,0.15224508886810104,0.06127221702525725,0.21351730589335827,0.0515599330262521,0.007849746585615089,0.010720929051035827,,
mkgw_mhyper_native,W-N,dev,ADC,normalized_endpoint,0,0,3,head,4276,0.19803716544075609,0.19591321613478416,0.0021239493059719474,0.16697848456501402,0.3517305893358279,0.5187090739008419,0.01695395978386283,0.0028309465120856083,0.004954895818057556,,
mkgw_mhyper_native,W-N,dev,ADC,normalized_endpoint,0,0,3,tail,4276,0.5233755006038776,0.5155132337957664,0.007862266808111149,0.1145930776426567,0.06782039289055192,0.1824134705332086,0.0432765333493588,0.004959191146208094,0.012821457954319243,,
mkgw_mhyper_native,W-N,dev,Query-soft,raw_endpoint,0,0,1,head,4276,0.19551626941182376,0.19429153782097075,0.0012247315908530323,0.20065481758652948,0.466089803554724,0.6667446211412535,0.022031309494993444,0.004420688387910284,0.005645419978763317,,
mkgw_mhyper_native,W-N,dev,Query-soft,raw_endpoint,0,0,1,tail,4276,0.5216455485083975,0.5213228763889308,0.00032267211946654763,0.11693171188026193,0.15060804490177737,0.2675397567820393,0.05823660321335214,0.0068097057078288295,0.007132377827295377,,
mkgw_mhyper_native,W-N,dev,Query-soft,raw_endpoint,0,0,2,head,4276,0.1928668735411183,0.19144519484794112,0.001421678693177172,0.18896164639850327,0.4483161833489242,0.6372778297474275,0.015675203579816433,0.0029620122760738257,0.004383690969250997,,
mkgw_mhyper_native,W-N,dev,Query-soft,raw_endpoint,0,0,2,tail,4276,0.5206251115876227,0.5195024163656786,0.0011226952219440757,0.11623012160898036,0.10219831618334893,0.2184284377923293,0.05144777990585356,0.005979781714969415,0.007102476936913491,,
mkgw_mhyper_native,W-N,dev,Query-soft,raw_endpoint,0,0,3,head,4276,0.19662109793807642,0.19591321613478416,0.000707881803292268,0.20603367633302153,0.46492048643592143,0.6709541627689429,0.022492166531410774,0.004634143759161106,0.005342025562453373,,
mkgw_mhyper_native,W-N,dev,Query-soft,raw_endpoint,0,0,3,tail,4276,0.5191789073469355,0.5155132337957664,0.003665673551169012,0.1148269410664172,0.16019644527595883,0.27502338634237605,0.04848886549081241,0.005567828100090948,0.00923350165125996,,
mkgw_mhyper_native,W-N,dev,Query-soft,normalized_endpoint,0,0,1,head,4276,0.19551626941182376,0.19429153782097075,0.0012247315908530323,0.20065481758652948,0.466089803554724,0.6667446211412535,0.022031309494993444,0.004420688387910284,0.005645419978763317,,
mkgw_mhyper_native,W-N,dev,Query-soft,normalized_endpoint,0,0,1,tail,4276,0.5216455485083975,0.5213228763889308,0.00032267211946654763,0.11693171188026193,0.15060804490177737,0.2675397567820393,0.05823660321335214,0.0068097057078288295,0.007132377827295377,,
mkgw_mhyper_native,W-N,dev,Query-soft,normalized_endpoint,0,0,2,head,4276,0.1928668735411183,0.19144519484794112,0.001421678693177172,0.18896164639850327,0.4483161833489242,0.6372778297474275,0.015675203579816433,0.0029620122760738257,0.004383690969250997,,
mkgw_mhyper_native,W-N,dev,Query-soft,normalized_endpoint,0,0,2,tail,4276,0.5206251115876227,0.5195024163656786,0.0011226952219440757,0.11623012160898036,0.10219831618334893,0.2184284377923293,0.05144777990585356,0.005979781714969415,0.007102476936913491,,
mkgw_mhyper_native,W-N,dev,Query-soft,normalized_endpoint,0,0,3,head,4276,0.19662109793807642,0.19591321613478416,0.000707881803292268,0.20603367633302153,0.46492048643592143,0.6709541627689429,0.022492166531410774,0.004634143759161106,0.005342025562453373,,
mkgw_mhyper_native,W-N,dev,Query-soft,normalized_endpoint,0,0,3,tail,4276,0.5191789073469355,0.5155132337957664,0.003665673551169012,0.1148269410664172,0.16019644527595883,0.27502338634237605,0.04848886549081241,0.005567828100090948,0.00923350165125996,,
mkgw_mhyper_native,W-N,dev,Relation,raw_endpoint,0,543,1,head,4276,0.2014638164827218,0.19429153782097075,0.007172278661751068,0.3409728718428438,0.4204864359214219,0.7614593077642656,0.018967925960340082,0.006467548187599588,0.013639826849350655,,
mkgw_mhyper_native,W-N,dev,Relation,raw_endpoint,0,543,1,tail,4276,0.5317569533034888,0.5213228763889308,0.01043407691455783,0.17984097287184284,0.2731524789522919,0.4529934518241347,0.08180073203599474,0.014711123230982216,0.025145200145540045,,
mkgw_mhyper_native,W-N,dev,Relation,raw_endpoint,0,543,2,head,4276,0.19929256274671,0.19144519484794112,0.007847367898768848,0.33886810102899906,0.42586529466791395,0.764733395696913,0.019769340776362367,0.0066991989674810735,0.014546566866249921,,
mkgw_mhyper_native,W-N,dev,Relation,raw_endpoint,0,543,2,tail,4276,0.5305460739098822,0.5195024163656786,0.011043657544203446,0.181244153414406,0.27338634237605236,0.4546304957904584,0.0752426013769134,0.013637281587256286,0.02468093913145973,,
mkgw_mhyper_native,W-N,dev,Relation,raw_endpoint,0,543,3,head,4276,0.20244664366965037,0.19591321613478416,0.006533427534866222,0.33419083255378856,0.42726847521047706,0.7614593077642656,0.022450180390896846,0.0075026444758165564,0.014036072010682781,,
mkgw_mhyper_native,W-N,dev,Relation,raw_endpoint,1,543,3,tail,4276,0.5257644848864509,0.5155132337957664,0.010251251090684395,0.18685687558465855,0.274555659494855,0.4614125350795136,0.09712729085185008,0.0181489021025791,0.02840015319326349,,
mkgw_mhyper_native,W-N,dev,Relation,normalized_endpoint,0,543,1,head,4276,0.2014638164827218,0.19429153782097075,0.007172278661751068,0.3409728718428438,0.4204864359214219,0.7614593077642656,0.018967925960340082,0.006467548187599588,0.013639826849350655,,
mkgw_mhyper_native,W-N,dev,Relation,normalized_endpoint,0,543,1,tail,4276,0.5317569533034888,0.5213228763889308,0.01043407691455783,0.17984097287184284,0.2731524789522919,0.4529934518241347,0.08180073203599474,0.014711123230982216,0.025145200145540045,,
mkgw_mhyper_native,W-N,dev,Relation,normalized_endpoint,0,543,2,head,4276,0.19929256274671,0.19144519484794112,0.007847367898768848,0.33886810102899906,0.42586529466791395,0.764733395696913,0.019769340776362367,0.0066991989674810735,0.014546566866249921,,
mkgw_mhyper_native,W-N,dev,Relation,normalized_endpoint,0,543,2,tail,4276,0.5305460739098822,0.5195024163656786,0.011043657544203446,0.181244153414406,0.27338634237605236,0.4546304957904584,0.0752426013769134,0.013637281587256286,0.02468093913145973,,
mkgw_mhyper_native,W-N,dev,Relation,normalized_endpoint,0,543,3,head,4276,0.20244664366965037,0.19591321613478416,0.006533427534866222,0.33419083255378856,0.42726847521047706,0.7614593077642656,0.022450180390896846,0.0075026444758165564,0.014036072010682781,,
mkgw_mhyper_native,W-N,dev,Relation,normalized_endpoint,1,543,3,tail,4276,0.5258814165983311,0.5155132337957664,0.010368182802564657,0.18662301216089802,0.274555659494855,0.46117867165575305,0.09662243783286743,0.018031970390698836,0.02840015319326349,,
mkgw_mhyper_native,W-N,dev,Equal,raw_endpoint,0,0,1,head,4276,0.19391017079213343,0.19429153782097075,-0.0003813670288373032,0.20369504209541628,0.4883068288119738,0.6920018709073901,0.019249234452313715,0.003920973622068579,0.003539606593231277,,
mkgw_mhyper_native,W-N,dev,Equal,raw_endpoint,0,0,1,tail,4276,0.5196862193084725,0.5213228763889308,-0.0016366570804585085,0.10243217960710944,0.24976613657623947,0.3521983161833489,0.10608050873486487,0.010866057723543224,0.009229400643084714,,
mkgw_mhyper_native,W-N,dev,Equal,raw_endpoint,0,0,2,head,4276,0.19197772909883903,0.19144519484794112,0.0005325342508978602,0.18709073900841908,0.5035079513564079,0.6905986903648269,0.01817290789452553,0.0033999827679187136,0.003932517018816574,,
mkgw_mhyper_native,W-N,dev,Equal,raw_endpoint,0,0,2,tail,4276,0.5172180798696602,0.5195024163656786,-0.002284336496018443,0.09681945743685688,0.25444340505144997,0.35126286248830685,0.11753060667408499,0.011379249570409538,0.009094913074391095,,
mkgw_mhyper_native,W-N,dev,Equal,raw_endpoint,0,0,3,head,4276,0.19589758176469813,0.19591321613478416,-1.5634370085998407e-05,0.1999532273152479,0.48573433115060805,0.6856875584658559,0.020615780812656668,0.004122191907114464,0.004106557537028467,,
mkgw_mhyper_native,W-N,dev,Equal,raw_endpoint,0,0,3,tail,4276,0.5161795956848961,0.5155132337957664,0.0006663618891298159,0.09822263797942002,0.25140318054256316,0.34962581852198316,0.10230995438801765,0.010049153611545234,0.01071551550067505,,
mkgw_mhyper_native,W-N,dev,Equal,normalized_endpoint,0,0,1,head,4276,0.19391017079213343,0.19429153782097075,-0.0003813670288373032,0.20369504209541628,0.4883068288119738,0.6920018709073901,0.019249234452313715,0.003920973622068579,0.003539606593231277,,
mkgw_mhyper_native,W-N,dev,Equal,normalized_endpoint,0,0,1,tail,4276,0.5196862193084725,0.5213228763889308,-0.0016366570804585085,0.10243217960710944,0.24976613657623947,0.3521983161833489,0.10608050873486487,0.010866057723543224,0.009229400643084714,,
mkgw_mhyper_native,W-N,dev,Equal,normalized_endpoint,0,0,2,head,4276,0.19197772909883903,0.19144519484794112,0.0005325342508978602,0.18709073900841908,0.5035079513564079,0.6905986903648269,0.01817290789452553,0.0033999827679187136,0.003932517018816574,,
mkgw_mhyper_native,W-N,dev,Equal,normalized_endpoint,0,0,2,tail,4276,0.5172180798696602,0.5195024163656786,-0.002284336496018443,0.09681945743685688,0.25444340505144997,0.35126286248830685,0.11753060667408499,0.011379249570409538,0.009094913074391095,,
mkgw_mhyper_native,W-N,dev,Equal,normalized_endpoint,0,0,3,head,4276,0.19589758176469813,0.19591321613478416,-1.5634370085998407e-05,0.1999532273152479,0.48573433115060805,0.6856875584658559,0.020615780812656668,0.004122191907114464,0.004106557537028467,,
mkgw_mhyper_native,W-N,dev,Equal,normalized_endpoint,0,0,3,tail,4276,0.5161795956848961,0.5155132337957664,0.0006663618891298159,0.09822263797942002,0.25140318054256316,0.34962581852198316,0.10230995438801765,0.010049153611545234,0.01071551550067505,,
mkgw_mhyper_native,W-N,dev,RRF,raw_endpoint,0,0,1,head,4276,0.18469400808321376,0.19429153782097075,-0.009597529737756951,0.3854069223573433,0.43101028999064545,0.8164172123479888,0.05457159810896087,0.02103227167529642,0.011434741937539468,,
mkgw_mhyper_native,W-N,dev,RRF,raw_endpoint,0,0,1,tail,4276,0.4929169833850894,0.5213228763889308,-0.02840589300384162,0.25140318054256316,0.2775958840037418,0.528999064546305,0.18359187623141107,0.04615558160635335,0.017749688602511735,,
mkgw_mhyper_native,W-N,dev,RRF,raw_endpoint,0,0,2,head,4276,0.18229195905738788,0.19144519484794112,-0.009153235790553287,0.3914873713751169,0.4291393826005613,0.8206267539756782,0.05495471181289815,0.02151407567230858,0.012360839881755294,,
mkgw_mhyper_native,W-N,dev,RRF,raw_endpoint,0,0,2,tail,4276,0.4915197056834506,0.5195024163656786,-0.027982710682227945,0.2539756782039289,0.26333021515434984,0.5173058933582788,0.17197250955605672,0.04367683474693116,0.015694124064703205,,
mkgw_mhyper_native,W-N,dev,RRF,raw_endpoint,0,0,3,head,4276,0.18173216055370586,0.19591321613478416,-0.014181055581078267,0.4038821328344247,0.4246959775491113,0.828578110383536,0.06324091750543402,0.025541876644500597,0.011360821063422327,,
mkgw_mhyper_native,W-N,dev,RRF,raw_endpoint,0,0,3,tail,4276,0.48897344286415184,0.5155132337957664,-0.0265397909316146,0.2558465855940131,0.2708138447146866,0.5266604303086997,0.17151843837647116,0.04388240682503729,0.017342615893422685,,
mkgw_mhyper_native,W-N,dev,RRF,normalized_endpoint,0,0,1,head,4276,0.18469400808321376,0.19429153782097075,-0.009597529737756951,0.3854069223573433,0.43101028999064545,0.8164172123479888,0.05457159810896087,0.02103227167529642,0.011434741937539468,,
mkgw_mhyper_native,W-N,dev,RRF,normalized_endpoint,0,0,1,tail,4276,0.4929169833850894,0.5213228763889308,-0.02840589300384162,0.25140318054256316,0.2775958840037418,0.528999064546305,0.18359187623141107,0.04615558160635335,0.017749688602511735,,
mkgw_mhyper_native,W-N,dev,RRF,normalized_endpoint,0,0,2,head,4276,0.18229195905738788,0.19144519484794112,-0.009153235790553287,0.3914873713751169,0.4291393826005613,0.8206267539756782,0.05495471181289815,0.02151407567230858,0.012360839881755294,,
mkgw_mhyper_native,W-N,dev,RRF,normalized_endpoint,0,0,2,tail,4276,0.4915197056834506,0.5195024163656786,-0.027982710682227945,0.2539756782039289,0.26333021515434984,0.5173058933582788,0.17197250955605672,0.04367683474693116,0.015694124064703205,,
mkgw_mhyper_native,W-N,dev,RRF,normalized_endpoint,0,0,3,head,4276,0.18173216055370586,0.19591321613478416,-0.014181055581078267,0.4038821328344247,0.4246959775491113,0.828578110383536,0.06324091750543402,0.025541876644500597,0.011360821063422327,,
mkgw_mhyper_native,W-N,dev,RRF,normalized_endpoint,0,0,3,tail,4276,0.48897344286415184,0.5155132337957664,-0.0265397909316146,0.2558465855940131,0.2708138447146866,0.5266604303086997,0.17151843837647116,0.04388240682503729,0.017342615893422685,,
mkgw_mhyper_native,W-N,test,Global,raw_endpoint,0,0,1,head,4274,0.19402527077677456,0.19402527077677456,0.0,0.0,0.0,0.0,,0.0,0.0,,
mkgw_mhyper_native,W-N,test,Global,raw_endpoint,0,0,1,tail,4274,0.5399663310183658,0.5399663310183658,0.0,0.0,0.0,0.0,,0.0,0.0,,
mkgw_mhyper_native,W-N,test,Global,raw_endpoint,0,0,2,head,4274,0.19127650411339328,0.19127650411339328,0.0,0.0,0.0,0.0,,0.0,0.0,,
mkgw_mhyper_native,W-N,test,Global,raw_endpoint,0,0,2,tail,4274,0.5355971045545855,0.5355971045545855,0.0,0.0,0.0,0.0,,0.0,0.0,,
mkgw_mhyper_native,W-N,test,Global,raw_endpoint,0,0,3,head,4274,0.1931174451949789,0.1931174451949789,0.0,0.0,0.0,0.0,,0.0,0.0,,
mkgw_mhyper_native,W-N,test,Global,raw_endpoint,0,0,3,tail,4274,0.5340080802857923,0.5340080802857923,0.0,0.0,0.0,0.0,,0.0,0.0,,
mkgw_mhyper_native,W-N,test,Global,normalized_endpoint,0,0,1,head,4274,0.19402527077677456,0.19402527077677456,0.0,0.0,0.0,0.0,,0.0,0.0,,
mkgw_mhyper_native,W-N,test,Global,normalized_endpoint,0,0,1,tail,4274,0.5399663310183658,0.5399663310183658,0.0,0.0,0.0,0.0,,0.0,0.0,,
mkgw_mhyper_native,W-N,test,Global,normalized_endpoint,0,0,2,head,4274,0.19127650411339328,0.19127650411339328,0.0,0.0,0.0,0.0,,0.0,0.0,,
mkgw_mhyper_native,W-N,test,Global,normalized_endpoint,0,0,2,tail,4274,0.5355971045545855,0.5355971045545855,0.0,0.0,0.0,0.0,,0.0,0.0,,
mkgw_mhyper_native,W-N,test,Global,normalized_endpoint,0,0,3,head,4274,0.1931174451949789,0.1931174451949789,0.0,0.0,0.0,0.0,,0.0,0.0,,
mkgw_mhyper_native,W-N,test,Global,normalized_endpoint,0,0,3,tail,4274,0.5340080802857923,0.5340080802857923,0.0,0.0,0.0,0.0,,0.0,0.0,,
mkgw_mhyper_native,W-N,test,ADC,raw_endpoint,0,0,1,head,4274,0.1954313898717488,0.19402527077677456,0.0014061190949742257,0.18062704726251755,0.34464202152550305,0.5252690687880206,0.027330810007055905,0.004936683510867375,0.006342802605841601,,
mkgw_mhyper_native,W-N,test,ADC,raw_endpoint,0,1,1,tail,4274,0.5422339705443249,0.5399663310183658,0.0022676395259591535,0.09967243799719233,0.05170800187178287,0.1513804398689752,0.0628032143585423,0.006259749489176188,0.008527389015135342,,
mkgw_mhyper_native,W-N,test,ADC,raw_endpoint,0,0,2,head,4274,0.19330422367331956,0.19127650411339328,0.002027719559926242,0.1832007487131493,0.31118390266729057,0.49438465138043985,0.017645805906707793,0.003232724853755779,0.005260444413682021,,
mkgw_mhyper_native,W-N,test,ADC,raw_endpoint,0,0,2,tail,4274,0.5389842289347905,0.5355971045545855,0.0033871243802050476,0.1495086569957885,0.06317267197005147,0.21268132896583997,0.05529511812599508,0.008267098849441004,0.011654223229646054,,
mkgw_mhyper_native,W-N,test,ADC,raw_endpoint,0,0,3,head,4274,0.19303339306240422,0.1931174451949789,-8.40521325746657e-05,0.19396350023397285,0.3315395414131961,0.5255030416471689,0.0240906908993715,0.004672714729896812,0.004588662597322146,,
mkgw_mhyper_native,W-N,test,ADC,raw_endpoint,0,0,3,tail,4274,0.5396834218689582,0.5340080802857923,0.005675341583165919,0.1020121665886757,0.06293869911090313,0.16495086569957884,0.053031604946215394,0.005409868918238164,0.011085210501404081,,
mkgw_mhyper_native,W-N,test,ADC,normalized_endpoint,0,0,1,head,4274,0.1954313898717488,0.19402527077677456,0.0014061190949742257,0.18062704726251755,0.34464202152550305,0.5252690687880206,0.027330810007055905,0.004936683510867375,0.006342802605841601,,
mkgw_mhyper_native,W-N,test,ADC,normalized_endpoint,0,1,1,tail,4274,0.5422339705443249,0.5399663310183658,0.0022676395259591535,0.09967243799719233,0.05170800187178287,0.1513804398689752,0.0628032143585423,0.006259749489176188,0.008527389015135342,,
mkgw_mhyper_native,W-N,test,ADC,normalized_endpoint,0,0,2,head,4274,0.19330422367331956,0.19127650411339328,0.002027719559926242,0.1832007487131493,0.31118390266729057,0.49438465138043985,0.017645805906707793,0.003232724853755779,0.005260444413682021,,
mkgw_mhyper_native,W-N,test,ADC,normalized_endpoint,0,0,2,tail,4274,0.5389842289347905,0.5355971045545855,0.0033871243802050476,0.1495086569957885,0.06317267197005147,0.21268132896583997,0.05529511812599508,0.008267098849441004,0.011654223229646054,,
mkgw_mhyper_native,W-N,test,ADC,normalized_endpoint,0,0,3,head,4274,0.19303339306240422,0.1931174451949789,-8.40521325746657e-05,0.19396350023397285,0.3315395414131961,0.5255030416471689,0.0240906908993715,0.004672714729896812,0.004588662597322146,,
mkgw_mhyper_native,W-N,test,ADC,normalized_endpoint,0,0,3,tail,4274,0.5396834218689582,0.5340080802857923,0.005675341583165919,0.1020121665886757,0.06293869911090313,0.16495086569957884,0.053031604946215394,0.005409868918238164,0.011085210501404081,,
mkgw_mhyper_native,W-N,test,Query-soft,raw_endpoint,0,0,1,head,4274,0.1951599203980989,0.19402527077677456,0.0011346496213243316,0.21502105755732334,0.4602246139447824,0.6752456715021058,0.02620087155544986,0.005633739110776421,0.006768388732100753,,
mkgw_mhyper_native,W-N,test,Query-soft,raw_endpoint,0,0,1,tail,4274,0.5422797222936242,0.5399663310183658,0.0023133912752583436,0.10669162377164249,0.14225549836218998,0.24894712213383247,0.0591656219641811,0.0063124762788176365,0.008625867554075978,,
mkgw_mhyper_native,W-N,test,Query-soft,raw_endpoint,0,0,2,head,4274,0.193071628238651,0.19127650411339328,0.0017951241252577186,0.21244735610669163,0.43940102948058024,0.6518483855872719,0.015588249728064907,0.0033116824410582436,0.005106806566315962,,
mkgw_mhyper_native,W-N,test,Query-soft,raw_endpoint,0,0,2,tail,4274,0.5384854623493531,0.5355971045545855,0.002888357794767698,0.10949929808142256,0.10084230229293402,0.21034160037435656,0.04714477456372868,0.005162319722935195,0.008050677517702892,,
mkgw_mhyper_native,W-N,test,Query-soft,raw_endpoint,0,0,3,head,4274,0.19389540458976232,0.1931174451949789,0.0007779593947834125,0.22531586335985027,0.44992980814225547,0.6752456715021058,0.021038437635086255,0.004740293739491826,0.005518253134275238,,
mkgw_mhyper_native,W-N,test,Query-soft,raw_endpoint,0,0,3,tail,4274,0.5363653770078615,0.5340080802857923,0.002357296722069115,0.11230697239120262,0.14857276555919513,0.26087973795039776,0.06279493747362466,0.007052309309157661,0.009409606031226777,,
mkgw_mhyper_native,W-N,test,Query-soft,normalized_endpoint,0,0,1,head,4274,0.1951599203980989,0.19402527077677456,0.0011346496213243316,0.21502105755732334,0.4602246139447824,0.6752456715021058,0.02620087155544986,0.005633739110776421,0.006768388732100753,,
mkgw_mhyper_native,W-N,test,Query-soft,normalized_endpoint,0,0,1,tail,4274,0.5422797222936242,0.5399663310183658,0.0023133912752583436,0.10669162377164249,0.14225549836218998,0.24894712213383247,0.0591656219641811,0.0063124762788176365,0.008625867554075978,,
mkgw_mhyper_native,W-N,test,Query-soft,normalized_endpoint,0,0,2,head,4274,0.193071628238651,0.19127650411339328,0.0017951241252577186,0.21244735610669163,0.43940102948058024,0.6518483855872719,0.015588249728064907,0.0033116824410582436,0.005106806566315962,,
mkgw_mhyper_native,W-N,test,Query-soft,normalized_endpoint,0,0,2,tail,4274,0.5384854623493531,0.5355971045545855,0.002888357794767698,0.10949929808142256,0.10084230229293402,0.21034160037435656,0.04714477456372868,0.005162319722935195,0.008050677517702892,,
mkgw_mhyper_native,W-N,test,Query-soft,normalized_endpoint,0,0,3,head,4274,0.19389540458976232,0.1931174451949789,0.0007779593947834125,0.22531586335985027,0.44992980814225547,0.6752456715021058,0.021038437635086255,0.004740293739491826,0.005518253134275238,,
mkgw_mhyper_native,W-N,test,Query-soft,normalized_endpoint,0,0,3,tail,4274,0.5363653770078615,0.5340080802857923,0.002357296722069115,0.11230697239120262,0.14857276555919513,0.26087973795039776,0.06279493747362466,0.007052309309157661,0.009409606031226777,,
mkgw_mhyper_native,W-N,test,Relation,raw_endpoint,1,527,1,head,4274,0.20030608161517052,0.19402527077677456,0.006280810838395933,0.33855872718764624,0.41647168928404305,0.7550304164716893,0.027541805222910838,0.009324518520718758,0.015605329359114694,,
mkgw_mhyper_native,W-N,test,Relation,raw_endpoint,0,527,1,tail,4274,0.5439476641571398,0.5399663310183658,0.003981333138774071,0.18975198876930277,0.2473093121197941,0.43706130088909684,0.09408820382645419,0.01785342379580121,0.02183475693457528,,
mkgw_mhyper_native,W-N,test,Relation,raw_endpoint,1,527,2,head,4274,0.1919620715047046,0.19127650411339328,0.0006855673913113015,0.35493682732802995,0.41647168928404305,0.771408516612073,0.03426086873322072,0.012160444049671463,0.012846011440982763,,
mkgw_mhyper_native,W-N,test,Relation,raw_endpoint,1,527,2,tail,4274,0.5431847473976973,0.5355971045545855,0.007587642843111902,0.18483855872718766,0.25854000935891436,0.443378568086102,0.09062044290088564,0.016750152057019106,0.024337794900131007,,
mkgw_mhyper_native,W-N,test,Relation,raw_endpoint,0,527,3,head,4274,0.19456126140621252,0.1931174451949789,0.0014438162112336095,0.3509592887225082,0.41062236780533456,0.7615816565278428,0.030376722630447158,0.010660992968102653,0.012104809179336262,,
mkgw_mhyper_native,W-N,test,Relation,raw_endpoint,0,527,3,tail,4274,0.5395657696407334,0.5340080802857923,0.00555768935494123,0.19021993448759944,0.2573701450631727,0.4475900795507721,0.10424988580946187,0.01983040644901556,0.02538809580395679,,
mkgw_mhyper_native,W-N,test,Relation,normalized_endpoint,1,527,1,head,4274,0.20031778025812794,0.19402527077677456,0.006292509481353351,0.33855872718764624,0.41647168928404305,0.7550304164716893,0.027541805222910838,0.009324518520718758,0.01561702800207211,,
mkgw_mhyper_native,W-N,test,Relation,normalized_endpoint,0,527,1,tail,4274,0.5439476641571398,0.5399663310183658,0.003981333138774071,0.18975198876930277,0.2473093121197941,0.43706130088909684,0.09408820382645419,0.01785342379580121,0.02183475693457528,,
mkgw_mhyper_native,W-N,test,Relation,normalized_endpoint,1,527,2,head,4274,0.19207905793427876,0.19127650411339328,0.0008025538208854709,0.3547028544688816,0.41647168928404305,0.7711745437529247,0.03395365294742469,0.012043457620097292,0.012846011440982763,,
mkgw_mhyper_native,W-N,test,Relation,normalized_endpoint,1,527,2,tail,4274,0.5433017338272714,0.5355971045545855,0.007704629272686071,0.1846045858680393,0.25854000935891436,0.44314459522695365,0.09010158414664088,0.016633165627444935,0.024337794900131007,,
mkgw_mhyper_native,W-N,test,Relation,normalized_endpoint,0,527,3,head,4274,0.19456126140621252,0.1931174451949789,0.0014438162112336095,0.3509592887225082,0.41062236780533456,0.7615816565278428,0.030376722630447158,0.010660992968102653,0.012104809179336262,,
mkgw_mhyper_native,W-N,test,Relation,normalized_endpoint,0,527,3,tail,4274,0.5395657696407334,0.5340080802857923,0.00555768935494123,0.19021993448759944,0.2573701450631727,0.4475900795507721,0.10424988580946187,0.01983040644901556,0.02538809580395679,,
mkgw_mhyper_native,W-N,test,Equal,raw_endpoint,0,0,1,head,4274,0.1941129120294422,0.19402527077677456,8.764125266761645e-05,0.21010762751520823,0.4784744969583528,0.688582124473561,0.02145498920202591,0.0045078568796020745,0.004595498132269692,,
mkgw_mhyper_native,W-N,test,Equal,raw_endpoint,0,0,1,tail,4274,0.5385817783547266,0.5399663310183658,-0.001384552663639252,0.09639681796911559,0.2381843706130089,0.3345811885821245,0.12499374858618219,0.012048999629739602,0.010664446966100352,,
mkgw_mhyper_native,W-N,test,Equal,raw_endpoint,0,0,2,head,4274,0.19233105625084218,0.19127650411339328,0.0010545521374488985,0.19934487599438466,0.4908750584932148,0.6902199344875994,0.01717985270801369,0.003424715607680782,0.0044792677451296805,,
mkgw_mhyper_native,W-N,test,Equal,raw_endpoint,0,0,2,tail,4274,0.5362722674084324,0.5355971045545855,0.0006751628538468652,0.09733270940570894,0.23865231633130557,0.3359850257370145,0.09572522885179446,0.009317195882626696,0.009992358736473562,,
mkgw_mhyper_native,W-N,test,Equal,raw_endpoint,0,0,3,head,4274,0.1937848458415918,0.1931174451949789,0.000667400646612881,0.2068320074871315,0.47519887693027607,0.6820308844174076,0.012902557615843208,0.002668661893403228,0.003336062540016109,,
mkgw_mhyper_native,W-N,test,Equal,raw_endpoint,0,0,3,tail,4274,0.5347247677995349,0.5340080802857923,0.0007166875137426331,0.09686476368741226,0.24450163781001405,0.3413664014974263,0.11592617790183286,0.011229161827645953,0.011945849341388586,,
mkgw_mhyper_native,W-N,test,Equal,normalized_endpoint,0,0,1,head,4274,0.1941129120294422,0.19402527077677456,8.764125266761645e-05,0.21010762751520823,0.4784744969583528,0.688582124473561,0.02145498920202591,0.0045078568796020745,0.004595498132269692,,
mkgw_mhyper_native,W-N,test,Equal,normalized_endpoint,0,0,1,tail,4274,0.5385817783547266,0.5399663310183658,-0.001384552663639252,0.09639681796911559,0.2381843706130089,0.3345811885821245,0.12499374858618219,0.012048999629739602,0.010664446966100352,,
mkgw_mhyper_native,W-N,test,Equal,normalized_endpoint,0,0,2,head,4274,0.19233105625084218,0.19127650411339328,0.0010545521374488985,0.19934487599438466,0.4908750584932148,0.6902199344875994,0.01717985270801369,0.003424715607680782,0.0044792677451296805,,
mkgw_mhyper_native,W-N,test,Equal,normalized_endpoint,0,0,2,tail,4274,0.5362722674084324,0.5355971045545855,0.0006751628538468652,0.09733270940570894,0.23865231633130557,0.3359850257370145,0.09572522885179446,0.009317195882626696,0.009992358736473562,,
mkgw_mhyper_native,W-N,test,Equal,normalized_endpoint,0,0,3,head,4274,0.1937848458415918,0.1931174451949789,0.000667400646612881,0.2068320074871315,0.47519887693027607,0.6820308844174076,0.012902557615843208,0.002668661893403228,0.003336062540016109,,
mkgw_mhyper_native,W-N,test,Equal,normalized_endpoint,0,0,3,tail,4274,0.5347247677995349,0.5340080802857923,0.0007166875137426331,0.09686476368741226,0.24450163781001405,0.3413664014974263,0.11592617790183286,0.011229161827645953,0.011945849341388586,,
mkgw_mhyper_native,W-N,test,RRF,raw_endpoint,0,0,1,head,4274,0.18073932375236906,0.19402527077677456,-0.01328594702440551,0.40173139915769773,0.4197473093121198,0.8214787084698175,0.06377516757371679,0.025620487300905877,0.012334540276500366,,
mkgw_mhyper_native,W-N,test,RRF,raw_endpoint,0,0,1,tail,4274,0.5115204244455867,0.5399663310183658,-0.02844590657277906,0.25105287786616753,0.2641553579784745,0.515208235844642,0.19054683914053383,0.04783733233453272,0.019391425761753654,,
mkgw_mhyper_native,W-N,test,RRF,raw_endpoint,0,0,2,head,4274,0.1788611653578532,0.19127650411339328,-0.012415338755540094,0.39798783341132427,0.4213851193261582,0.8193729527374825,0.058835119413567984,0.023415661703902465,0.011000322948362373,,
mkgw_mhyper_native,W-N,test,RRF,raw_endpoint,0,0,2,tail,4274,0.512979458410947,0.5355971045545855,-0.022617646143638464,0.2407580720636406,0.25854000935891436,0.499298081422555,0.17449314029650295,0.042010632046116415,0.019392985902477948,,
mkgw_mhyper_native,W-N,test,RRF,raw_endpoint,0,0,3,head,4274,0.1817092578798962,0.1931174451949789,-0.011408187315082717,0.40243331773514274,0.4204492278895648,0.8228825456247075,0.056398464766456706,0.022696621291133725,0.011288433976051008,,
mkgw_mhyper_native,W-N,test,RRF,raw_endpoint,0,0,3,tail,4274,0.507468918635914,0.5340080802857923,-0.02653916164987826,0.2412260177819373,0.26579316799251285,0.5070191857744502,0.18888896294215238,0.045564932333495345,0.019025770683617084,,
mkgw_mhyper_native,W-N,test,RRF,normalized_endpoint,0,0,1,head,4274,0.18073932375236906,0.19402527077677456,-0.01328594702440551,0.40173139915769773,0.4197473093121198,0.8214787084698175,0.06377516757371679,0.025620487300905877,0.012334540276500366,,
mkgw_mhyper_native,W-N,test,RRF,normalized_endpoint,0,0,1,tail,4274,0.5115204244455867,0.5399663310183658,-0.02844590657277906,0.25105287786616753,0.2641553579784745,0.515208235844642,0.19054683914053383,0.04783733233453272,0.019391425761753654,,
mkgw_mhyper_native,W-N,test,RRF,normalized_endpoint,0,0,2,head,4274,0.1788611653578532,0.19127650411339328,-0.012415338755540094,0.39798783341132427,0.4213851193261582,0.8193729527374825,0.058835119413567984,0.023415661703902465,0.011000322948362373,,
mkgw_mhyper_native,W-N,test,RRF,normalized_endpoint,0,0,2,tail,4274,0.512979458410947,0.5355971045545855,-0.022617646143638464,0.2407580720636406,0.25854000935891436,0.499298081422555,0.17449314029650295,0.042010632046116415,0.019392985902477948,,
mkgw_mhyper_native,W-N,test,RRF,normalized_endpoint,0,0,3,head,4274,0.1817092578798962,0.1931174451949789,-0.011408187315082717,0.40243331773514274,0.4204492278895648,0.8228825456247075,0.056398464766456706,0.022696621291133725,0.011288433976051008,,
mkgw_mhyper_native,W-N,test,RRF,normalized_endpoint,0,0,3,tail,4274,0.507468918635914,0.5340080802857923,-0.02653916164987826,0.2412260177819373,0.26579316799251285,0.5070191857744502,0.18888896294215238,0.045564932333495345,0.019025770683617084,,
mkgw_mhyper_adamf,W-A,dev,Global,raw_endpoint,0,4276,1,head,4276,0.1877853965838845,0.1877853965838845,0.0,0.0,0.0,0.0,,0.0,0.0,,
mkgw_mhyper_adamf,W-A,dev,Global,raw_endpoint,0,4276,1,tail,4276,0.5176945621119751,0.5176945621119751,0.0,0.0,0.0,0.0,,0.0,0.0,,
mkgw_mhyper_adamf,W-A,dev,Global,raw_endpoint,0,4276,2,head,4276,0.18807089801205348,0.18807089801205348,0.0,0.0,0.0,0.0,,0.0,0.0,,
mkgw_mhyper_adamf,W-A,dev,Global,raw_endpoint,0,4276,2,tail,4276,0.5175898494490816,0.5175898494490816,0.0,0.0,0.0,0.0,,0.0,0.0,,
mkgw_mhyper_adamf,W-A,dev,Global,raw_endpoint,0,4276,3,head,4276,0.19155014039319357,0.19155014039319357,0.0,0.0,0.0,0.0,,0.0,0.0,,
mkgw_mhyper_adamf,W-A,dev,Global,raw_endpoint,0,4276,3,tail,4276,0.5142409456504321,0.5142409456504321,0.0,0.0,0.0,0.0,,0.0,0.0,,
mkgw_mhyper_adamf,W-A,dev,Global,normalized_endpoint,0,4276,1,head,4276,0.1877853965838845,0.1877853965838845,0.0,0.0,0.0,0.0,,0.0,0.0,,
mkgw_mhyper_adamf,W-A,dev,Global,normalized_endpoint,0,4276,1,tail,4276,0.5176945621119751,0.5176945621119751,0.0,0.0,0.0,0.0,,0.0,0.0,,
mkgw_mhyper_adamf,W-A,dev,Global,normalized_endpoint,0,4276,2,head,4276,0.18807089801205348,0.18807089801205348,0.0,0.0,0.0,0.0,,0.0,0.0,,
mkgw_mhyper_adamf,W-A,dev,Global,normalized_endpoint,0,4276,2,tail,4276,0.5175898494490816,0.5175898494490816,0.0,0.0,0.0,0.0,,0.0,0.0,,
mkgw_mhyper_adamf,W-A,dev,Global,normalized_endpoint,0,4276,3,head,4276,0.19155014039319357,0.19155014039319357,0.0,0.0,0.0,0.0,,0.0,0.0,,
mkgw_mhyper_adamf,W-A,dev,Global,normalized_endpoint,0,4276,3,tail,4276,0.5142409456504321,0.5142409456504321,0.0,0.0,0.0,0.0,,0.0,0.0,,
mkgw_mhyper_adamf,W-A,dev,ADC,raw_endpoint,0,3130,1,head,4276,0.18749457395522565,0.1877853965838845,-0.00029082262865884735,0.05729653882132835,0.18405051449953228,0.24134705332086062,0.03283380677261334,0.0018812634843990341,0.0015904408557401869,,
mkgw_mhyper_adamf,W-A,dev,ADC,raw_endpoint,0,3886,1,tail,4276,0.5194324515287804,0.5176945621119751,0.0017378894168051868,0.016604303086997195,0.05659494855004677,0.07319925163704397,0.08792096712569425,0.0014598663858569438,0.003197755802662131,,
mkgw_mhyper_adamf,W-A,dev,ADC,raw_endpoint,0,2729,2,head,4276,0.18814114042356753,0.18807089801205348,7.024241151406808e-05,0.07086061739943873,0.2488306828811974,0.3196913002806361,0.025174433625406955,0.0017838759093775276,0.0018541183208915955,,
mkgw_mhyper_adamf,W-A,dev,ADC,raw_endpoint,0,3916,2,tail,4276,0.520269592415011,0.5175898494490816,0.002679742965929514,0.011225444340505144,0.05215154349859682,0.06337698783910196,0.1135972986125715,0.001275180152807164,0.003954923118736678,,
mkgw_mhyper_adamf,W-A,dev,ADC,raw_endpoint,0,3089,3,head,4276,0.19236597351121257,0.19155014039319357,0.0008158331180190008,0.05449017773620206,0.19784845650140317,0.2523386342376052,0.02069522796767197,0.0011276866502496655,0.001943519768268666,,
mkgw_mhyper_adamf,W-A,dev,ADC,raw_endpoint,0,3909,3,tail,4276,0.5165757430188295,0.5142409456504321,0.0023347973683974757,0.01333021515434986,0.050748362956033674,0.06407857811038353,0.10002354453715372,0.0013333353691809542,0.003668132737578431,,
mkgw_mhyper_adamf,W-A,dev,ADC,normalized_endpoint,0,3130,1,head,4276,0.18749457395522565,0.1877853965838845,-0.00029082262865884735,0.05729653882132835,0.18405051449953228,0.24134705332086062,0.03283380677261334,0.0018812634843990341,0.0015904408557401869,,
mkgw_mhyper_adamf,W-A,dev,ADC,normalized_endpoint,0,3886,1,tail,4276,0.5194324515287804,0.5176945621119751,0.0017378894168051868,0.016604303086997195,0.05659494855004677,0.07319925163704397,0.08792096712569425,0.0014598663858569438,0.003197755802662131,,
mkgw_mhyper_adamf,W-A,dev,ADC,normalized_endpoint,0,2729,2,head,4276,0.18814114042356753,0.18807089801205348,7.024241151406808e-05,0.07086061739943873,0.2488306828811974,0.3196913002806361,0.025174433625406955,0.0017838759093775276,0.0018541183208915955,,
mkgw_mhyper_adamf,W-A,dev,ADC,normalized_endpoint,0,3916,2,tail,4276,0.520269592415011,0.5175898494490816,0.002679742965929514,0.011225444340505144,0.05215154349859682,0.06337698783910196,0.1135972986125715,0.001275180152807164,0.003954923118736678,,
mkgw_mhyper_adamf,W-A,dev,ADC,normalized_endpoint,0,3089,3,head,4276,0.19236597351121257,0.19155014039319357,0.0008158331180190008,0.05449017773620206,0.19784845650140317,0.2523386342376052,0.02069522796767197,0.0011276866502496655,0.001943519768268666,,
mkgw_mhyper_adamf,W-A,dev,ADC,normalized_endpoint,0,3909,3,tail,4276,0.5165757430188295,0.5142409456504321,0.0023347973683974757,0.01333021515434986,0.050748362956033674,0.06407857811038353,0.10002354453715372,0.0013333353691809542,0.003668132737578431,,
mkgw_mhyper_adamf,W-A,dev,Query-soft,raw_endpoint,0,0,1,head,4276,0.1723226865241287,0.1877853965838845,-0.01546271005975578,0.31220767072029937,0.5353133769878391,0.8475210477081384,0.08664251504363002,0.027050457807120214,0.011587747747364438,,
mkgw_mhyper_adamf,W-A,dev,Query-soft,raw_endpoint,0,0,1,tail,4276,0.4869128644438767,0.5176945621119751,-0.030781697668098445,0.21725912067352665,0.3369971936389149,0.5542563143124415,0.23243516854450394,0.05049866033158188,0.019716962663483443,,
mkgw_mhyper_adamf,W-A,dev,Query-soft,raw_endpoint,0,0,2,head,4276,0.17661345652619323,0.18807089801205348,-0.01145744148586027,0.3049579045837231,0.539289055191768,0.8442469597754911,0.07893849325562007,0.024072917494230257,0.012615476008369986,,
mkgw_mhyper_adamf,W-A,dev,Query-soft,raw_endpoint,0,0,2,tail,4276,0.49372562421257254,0.5175898494490816,-0.023864225236509124,0.20930776426566886,0.33091674462114123,0.5402245088868101,0.2133099793976375,0.04464743488327539,0.020783209646766266,,
mkgw_mhyper_adamf,W-A,dev,Query-soft,raw_endpoint,0,0,3,head,4276,0.17577372774585667,0.19155014039319357,-0.01577641264733691,0.3098690364826941,0.5385874649204865,0.8484565014031805,0.09363864771796909,0.029015717545909505,0.013239304898572593,,
mkgw_mhyper_adamf,W-A,dev,Query-soft,raw_endpoint,0,0,3,tail,4276,0.4921748301749501,0.5142409456504321,-0.022066115475481825,0.2097754911131899,0.3402712815715622,0.5500467726847521,0.216283651186161,0.045371009147330776,0.02330489367184895,,
mkgw_mhyper_adamf,W-A,dev,Query-soft,normalized_endpoint,0,0,1,head,4276,0.1723226865241287,0.1877853965838845,-0.01546271005975578,0.31220767072029937,0.5353133769878391,0.8475210477081384,0.08664251504363002,0.027050457807120214,0.011587747747364438,,
mkgw_mhyper_adamf,W-A,dev,Query-soft,normalized_endpoint,0,0,1,tail,4276,0.4869128644438767,0.5176945621119751,-0.030781697668098445,0.21725912067352665,0.3369971936389149,0.5542563143124415,0.23243516854450394,0.05049866033158188,0.019716962663483443,,
mkgw_mhyper_adamf,W-A,dev,Query-soft,normalized_endpoint,0,0,2,head,4276,0.17661345652619323,0.18807089801205348,-0.01145744148586027,0.3049579045837231,0.539289055191768,0.8442469597754911,0.07893849325562007,0.024072917494230257,0.012615476008369986,,
mkgw_mhyper_adamf,W-A,dev,Query-soft,normalized_endpoint,0,0,2,tail,4276,0.49372562421257254,0.5175898494490816,-0.023864225236509124,0.20930776426566886,0.33091674462114123,0.5402245088868101,0.2133099793976375,0.04464743488327539,0.020783209646766266,,
mkgw_mhyper_adamf,W-A,dev,Query-soft,normalized_endpoint,0,0,3,head,4276,0.17577372774585667,0.19155014039319357,-0.01577641264733691,0.3098690364826941,0.5385874649204865,0.8484565014031805,0.09363864771796909,0.029015717545909505,0.013239304898572593,,
mkgw_mhyper_adamf,W-A,dev,Query-soft,normalized_endpoint,0,0,3,tail,4276,0.4921748301749501,0.5142409456504321,-0.022066115475481825,0.2097754911131899,0.3402712815715622,0.5500467726847521,0.216283651186161,0.045371009147330776,0.02330489367184895,,
mkgw_mhyper_adamf,W-A,dev,Relation,raw_endpoint,0,3352,1,head,4276,0.18909445324315816,0.1877853965838845,0.001309056659273649,0.05332086061739944,0.1323666978484565,0.18568755846585594,0.027367328873488812,0.0014592495283338282,0.0027683061876074768,,
mkgw_mhyper_adamf,W-A,dev,Relation,raw_endpoint,0,3352,1,tail,4276,0.5170457825508086,0.5176945621119751,-0.000648779561166483,0.03367633302151544,0.0617399438727783,0.09541627689429373,0.18510410446896275,0.006233627465746172,0.00558484790457969,,
mkgw_mhyper_adamf,W-A,dev,Relation,raw_endpoint,0,3352,2,head,4276,0.18878991357769467,0.18807089801205348,0.0007190155656412058,0.05402245088868101,0.13213283442469598,0.186155285313377,0.025915868923168273,0.0014000387561393525,0.002119054321780558,,
mkgw_mhyper_adamf,W-A,dev,Relation,raw_endpoint,0,3352,2,tail,4276,0.5198535902617545,0.5175898494490816,0.0022637408126728676,0.0304022450888681,0.05963517305893358,0.09003741814780168,0.15053369484183227,0.004576562284714264,0.006840303097387131,,
mkgw_mhyper_adamf,W-A,dev,Relation,raw_endpoint,0,3352,3,head,4276,0.19333990896120995,0.19155014039319357,0.0017897685680163633,0.047474275023386345,0.13517305893358278,0.18264733395696914,0.0231592559131293,0.0010994688845568867,0.00288923745257325,,
mkgw_mhyper_adamf,W-A,dev,Relation,raw_endpoint,0,3352,3,tail,4276,0.5159001494413197,0.5142409456504321,0.0016592037908876934,0.02853133769878391,0.060570626753975676,0.08910196445275959,0.17889401551307016,0.005104085568894893,0.006763289359782585,,
mkgw_mhyper_adamf,W-A,dev,Relation,normalized_endpoint,0,3352,1,head,4276,0.18909445324315816,0.1877853965838845,0.001309056659273649,0.05332086061739944,0.1323666978484565,0.18568755846585594,0.027367328873488812,0.0014592495283338282,0.0027683061876074768,,
mkgw_mhyper_adamf,W-A,dev,Relation,normalized_endpoint,0,3352,1,tail,4276,0.5170457825508086,0.5176945621119751,-0.000648779561166483,0.03367633302151544,0.0617399438727783,0.09541627689429373,0.18510410446896275,0.006233627465746172,0.00558484790457969,,
mkgw_mhyper_adamf,W-A,dev,Relation,normalized_endpoint,0,3352,2,head,4276,0.18878991357769467,0.18807089801205348,0.0007190155656412058,0.05402245088868101,0.13213283442469598,0.186155285313377,0.025915868923168273,0.0014000387561393525,0.002119054321780558,,
mkgw_mhyper_adamf,W-A,dev,Relation,normalized_endpoint,0,3352,2,tail,4276,0.5198535902617545,0.5175898494490816,0.0022637408126728676,0.0304022450888681,0.05963517305893358,0.09003741814780168,0.15053369484183227,0.004576562284714264,0.006840303097387131,,
mkgw_mhyper_adamf,W-A,dev,Relation,normalized_endpoint,0,3352,3,head,4276,0.19333990896120995,0.19155014039319357,0.0017897685680163633,0.047474275023386345,0.13517305893358278,0.18264733395696914,0.0231592559131293,0.0010994688845568867,0.00288923745257325,,
mkgw_mhyper_adamf,W-A,dev,Relation,normalized_endpoint,0,3352,3,tail,4276,0.5159001494413197,0.5142409456504321,0.0016592037908876934,0.02853133769878391,0.060570626753975676,0.08910196445275959,0.17889401551307016,0.005104085568894893,0.006763289359782585,,
mkgw_mhyper_adamf,W-A,dev,Equal,raw_endpoint,0,0,1,head,4276,0.17007662601276136,0.1877853965838845,-0.017708770571123144,0.31524789522918617,0.5364826941066417,0.8517305893358279,0.09269855276388983,0.029223023649607924,0.011514253078484782,,
mkgw_mhyper_adamf,W-A,dev,Equal,raw_endpoint,0,0,1,tail,4276,0.479912623145169,0.5176945621119751,-0.03778193896680603,0.23713751169317118,0.3409728718428438,0.578110383536015,0.24872703162550544,0.05898250937050105,0.02120057040369502,,
mkgw_mhyper_adamf,W-A,dev,Equal,raw_endpoint,0,0,2,head,4276,0.17568068506610635,0.18807089801205348,-0.012390212945947138,0.2920954162768943,0.5481758652946679,0.8402712815715622,0.08396470344413426,0.024525705005080375,0.01213549205913324,,
mkgw_mhyper_adamf,W-A,dev,Equal,raw_endpoint,0,0,2,tail,4276,0.48665744197656474,0.5175898494490816,-0.030932407472516826,0.22380729653882134,0.33582787652011226,0.5596351730589336,0.23204428948417904,0.05193320510672575,0.021000797634208923,,
mkgw_mhyper_adamf,W-A,dev,Equal,raw_endpoint,0,0,3,head,4276,0.17393643136875156,0.19155014039319357,-0.017613709024442002,0.30425631431244154,0.5481758652946679,0.8524321796071095,0.09949603546817425,0.030272297040246653,0.012658588015804655,,
mkgw_mhyper_adamf,W-A,dev,Equal,raw_endpoint,0,0,3,tail,4276,0.48513272803871593,0.5142409456504321,-0.029108217611716152,0.22521047708138447,0.3407390084190833,0.5659494855004678,0.23030247318679326,0.05186652985942046,0.022758312247704304,,
mkgw_mhyper_adamf,W-A,dev,Equal,normalized_endpoint,0,0,1,head,4276,0.17007662601276136,0.1877853965838845,-0.017708770571123144,0.31524789522918617,0.5364826941066417,0.8517305893358279,0.09269855276388983,0.029223023649607924,0.011514253078484782,,
mkgw_mhyper_adamf,W-A,dev,Equal,normalized_endpoint,0,0,1,tail,4276,0.479912623145169,0.5176945621119751,-0.03778193896680603,0.23713751169317118,0.3409728718428438,0.578110383536015,0.24872703162550544,0.05898250937050105,0.02120057040369502,,
mkgw_mhyper_adamf,W-A,dev,Equal,normalized_endpoint,0,0,2,head,4276,0.17568068506610635,0.18807089801205348,-0.012390212945947138,0.2920954162768943,0.5481758652946679,0.8402712815715622,0.08396470344413426,0.024525705005080375,0.01213549205913324,,
mkgw_mhyper_adamf,W-A,dev,Equal,normalized_endpoint,0,0,2,tail,4276,0.48665744197656474,0.5175898494490816,-0.030932407472516826,0.22380729653882134,0.33582787652011226,0.5596351730589336,0.23204428948417904,0.05193320510672575,0.021000797634208923,,
mkgw_mhyper_adamf,W-A,dev,Equal,normalized_endpoint,0,0,3,head,4276,0.17393643136875156,0.19155014039319357,-0.017613709024442002,0.30425631431244154,0.5481758652946679,0.8524321796071095,0.09949603546817425,0.030272297040246653,0.012658588015804655,,
mkgw_mhyper_adamf,W-A,dev,Equal,normalized_endpoint,0,0,3,tail,4276,0.48513272803871593,0.5142409456504321,-0.029108217611716152,0.22521047708138447,0.3407390084190833,0.5659494855004678,0.23030247318679326,0.05186652985942046,0.022758312247704304,,
mkgw_mhyper_adamf,W-A,dev,RRF,raw_endpoint,0,0,1,head,4276,0.15848104868738228,0.1877853965838845,-0.0293043478965022,0.42797006548175864,0.4609448082319925,0.8889148737137512,0.1068748466386909,0.04573923511431346,0.01643488721781126,,
mkgw_mhyper_adamf,W-A,dev,RRF,raw_endpoint,0,0,1,tail,4276,0.45969982111611496,0.5176945621119751,-0.05799474099586018,0.32273152478952294,0.32202993451824136,0.6447614593077643,0.27213044961615995,0.08782507494628175,0.029830333950421575,,
mkgw_mhyper_adamf,W-A,dev,RRF,raw_endpoint,0,0,2,head,4276,0.16673170591769756,0.18807089801205348,-0.021339192094355905,0.4099625818521983,0.46421889616463985,0.8741814780168382,0.09338820365773469,0.038285669086063824,0.016946476991707916,,
mkgw_mhyper_adamf,W-A,dev,RRF,raw_endpoint,0,0,2,tail,4276,0.4705982425208747,0.5175898494490816,-0.04699160692820692,0.3206267539756782,0.3075304022450889,0.6281571562207671,0.24076829713036604,0.07719675756916083,0.03020515064095393,,
mkgw_mhyper_adamf,W-A,dev,RRF,raw_endpoint,0,0,3,head,4276,0.16656826451609857,0.19155014039319357,-0.024981875877094994,0.41510757717492985,0.46889616463985034,0.8840037418147801,0.10356904543137316,0.04299229551933755,0.018010419642242554,,
mkgw_mhyper_adamf,W-A,dev,RRF,raw_endpoint,0,0,3,tail,4276,0.46844475427820137,0.5142409456504321,-0.04579619137223064,0.31103835360149673,0.32179607109448083,0.6328344246959775,0.24962628632500605,0.0776433491141857,0.03184715774195506,,
mkgw_mhyper_adamf,W-A,dev,RRF,normalized_endpoint,0,0,1,head,4276,0.15848104868738228,0.1877853965838845,-0.0293043478965022,0.42797006548175864,0.4609448082319925,0.8889148737137512,0.1068748466386909,0.04573923511431346,0.01643488721781126,,
mkgw_mhyper_adamf,W-A,dev,RRF,normalized_endpoint,0,0,1,tail,4276,0.45969982111611496,0.5176945621119751,-0.05799474099586018,0.32273152478952294,0.32202993451824136,0.6447614593077643,0.27213044961615995,0.08782507494628175,0.029830333950421575,,
mkgw_mhyper_adamf,W-A,dev,RRF,normalized_endpoint,0,0,2,head,4276,0.16673170591769756,0.18807089801205348,-0.021339192094355905,0.4099625818521983,0.46421889616463985,0.8741814780168382,0.09338820365773469,0.038285669086063824,0.016946476991707916,,
mkgw_mhyper_adamf,W-A,dev,RRF,normalized_endpoint,0,0,2,tail,4276,0.4705982425208747,0.5175898494490816,-0.04699160692820692,0.3206267539756782,0.3075304022450889,0.6281571562207671,0.24076829713036604,0.07719675756916083,0.03020515064095393,,
mkgw_mhyper_adamf,W-A,dev,RRF,normalized_endpoint,0,0,3,head,4276,0.16656826451609857,0.19155014039319357,-0.024981875877094994,0.41510757717492985,0.46889616463985034,0.8840037418147801,0.10356904543137316,0.04299229551933755,0.018010419642242554,,
mkgw_mhyper_adamf,W-A,dev,RRF,normalized_endpoint,0,0,3,tail,4276,0.46844475427820137,0.5142409456504321,-0.04579619137223064,0.31103835360149673,0.32179607109448083,0.6328344246959775,0.24962628632500605,0.0776433491141857,0.03184715774195506,,
mkgw_mhyper_adamf,W-A,test,Global,raw_endpoint,1,4274,1,head,4274,0.18471850074188265,0.18471850074188265,0.0,0.0,0.0,0.0,,0.0,0.0,,
mkgw_mhyper_adamf,W-A,test,Global,raw_endpoint,0,4274,1,tail,4274,0.5365019821247469,0.5365019821247469,0.0,0.0,0.0,0.0,,0.0,0.0,,
mkgw_mhyper_adamf,W-A,test,Global,raw_endpoint,0,4274,2,head,4274,0.1837427902425047,0.1837427902425047,0.0,0.0,0.0,0.0,,0.0,0.0,,
mkgw_mhyper_adamf,W-A,test,Global,raw_endpoint,0,4274,2,tail,4274,0.5339654534246362,0.5339654534246362,0.0,0.0,0.0,0.0,,0.0,0.0,,
mkgw_mhyper_adamf,W-A,test,Global,raw_endpoint,0,4274,3,head,4274,0.1840206811709998,0.1840206811709998,0.0,0.0,0.0,0.0,,0.0,0.0,,
mkgw_mhyper_adamf,W-A,test,Global,raw_endpoint,0,4274,3,tail,4274,0.5353762291517203,0.5353762291517203,0.0,0.0,0.0,0.0,,0.0,0.0,,
mkgw_mhyper_adamf,W-A,test,Global,normalized_endpoint,1,4274,1,head,4274,0.1847185007598412,0.1847185007598412,0.0,0.0,0.0,0.0,,0.0,0.0,,
mkgw_mhyper_adamf,W-A,test,Global,normalized_endpoint,0,4274,1,tail,4274,0.5365019821247469,0.5365019821247469,0.0,0.0,0.0,0.0,,0.0,0.0,,
mkgw_mhyper_adamf,W-A,test,Global,normalized_endpoint,0,4274,2,head,4274,0.1837427902425047,0.1837427902425047,0.0,0.0,0.0,0.0,,0.0,0.0,,
mkgw_mhyper_adamf,W-A,test,Global,normalized_endpoint,0,4274,2,tail,4274,0.5339654534246362,0.5339654534246362,0.0,0.0,0.0,0.0,,0.0,0.0,,
mkgw_mhyper_adamf,W-A,test,Global,normalized_endpoint,0,4274,3,head,4274,0.1840206811709998,0.1840206811709998,0.0,0.0,0.0,0.0,,0.0,0.0,,
mkgw_mhyper_adamf,W-A,test,Global,normalized_endpoint,0,4274,3,tail,4274,0.5353762291517203,0.5353762291517203,0.0,0.0,0.0,0.0,,0.0,0.0,,
mkgw_mhyper_adamf,W-A,test,ADC,raw_endpoint,1,3074,1,head,4274,0.18513446447474652,0.18471850074188265,0.00041596373286390106,0.05334581188582124,0.19489939167056622,0.24824520355638746,0.03665554652958986,0.0019554198897394686,0.0023713836226033694,,
mkgw_mhyper_adamf,W-A,test,ADC,raw_endpoint,0,3901,1,tail,4274,0.5373090942937476,0.5365019821247469,0.0008071121690007738,0.012166588675713618,0.05474964904071128,0.0669162377164249,0.13591458755861474,0.0016536168818549293,0.0024607290508557034,,
mkgw_mhyper_adamf,W-A,test,ADC,raw_endpoint,0,2649,2,head,4274,0.184304150140651,0.1837427902425047,0.0005613598981463231,0.07323350491343004,0.26368741226017783,0.33692091717360784,0.02081128906286581,0.0015240836398401963,0.0020854435379865197,,
mkgw_mhyper_adamf,W-A,test,ADC,raw_endpoint,0,3900,2,tail,4274,0.5360452312385896,0.5339654534246362,0.0020797778139534247,0.011932615816565278,0.049836218998596166,0.06176883481516144,0.10391179427505216,0.0012399395198941648,0.0033197173338475896,,
mkgw_mhyper_adamf,W-A,test,ADC,raw_endpoint,0,2998,3,head,4274,0.18493459845523924,0.1840206811709998,0.0009139172842394419,0.053579784744969584,0.21314927468413664,0.26672905942910624,0.013828186209409688,0.0007409112405135282,0.0016548285247529697,,
mkgw_mhyper_adamf,W-A,test,ADC,raw_endpoint,0,3918,3,tail,4274,0.5366815679264376,0.5353762291517203,0.0013053387747172795,0.012868507253158634,0.05194197473093121,0.06481048198408984,0.11161687840561585,0.0014363426093375931,0.0027416813840548727,,
mkgw_mhyper_adamf,W-A,test,ADC,normalized_endpoint,1,3074,1,head,4274,0.18513446449270507,0.1847185007598412,0.00041596373286390106,0.05334581188582124,0.19489939167056622,0.24824520355638746,0.03665554652958986,0.0019554198897394686,0.0023713836226033694,,
mkgw_mhyper_adamf,W-A,test,ADC,normalized_endpoint,0,3901,1,tail,4274,0.5373090942937476,0.5365019821247469,0.0008071121690007738,0.012166588675713618,0.05474964904071128,0.0669162377164249,0.13591458755861474,0.0016536168818549293,0.0024607290508557034,,
mkgw_mhyper_adamf,W-A,test,ADC,normalized_endpoint,0,2649,2,head,4274,0.184304150140651,0.1837427902425047,0.0005613598981463231,0.07323350491343004,0.26368741226017783,0.33692091717360784,0.02081128906286581,0.0015240836398401963,0.0020854435379865197,,
mkgw_mhyper_adamf,W-A,test,ADC,normalized_endpoint,0,3900,2,tail,4274,0.5360452312385896,0.5339654534246362,0.0020797778139534247,0.011932615816565278,0.049836218998596166,0.06176883481516144,0.10391179427505216,0.0012399395198941648,0.0033197173338475896,,
mkgw_mhyper_adamf,W-A,test,ADC,normalized_endpoint,0,2998,3,head,4274,0.18493459845523924,0.1840206811709998,0.0009139172842394419,0.053579784744969584,0.21314927468413664,0.26672905942910624,0.013828186209409688,0.0007409112405135282,0.0016548285247529697,,
mkgw_mhyper_adamf,W-A,test,ADC,normalized_endpoint,0,3918,3,tail,4274,0.5366815679264376,0.5353762291517203,0.0013053387747172795,0.012868507253158634,0.05194197473093121,0.06481048198408984,0.11161687840561585,0.0014363426093375931,0.0027416813840548727,,
mkgw_mhyper_adamf,W-A,test,Query-soft,raw_endpoint,0,0,1,head,4274,0.16793278176803247,0.18471850074188265,-0.016785718973850186,0.3184370613008891,0.5439868975198877,0.8624239588207768,0.10014659615872805,0.03189038778007227,0.015104668806222086,,
mkgw_mhyper_adamf,W-A,test,Query-soft,raw_endpoint,0,0,1,tail,4274,0.5078875110680952,0.5365019821247469,-0.028614471056651807,0.2159569489939167,0.3184370613008891,0.5343940102948058,0.23398857876544546,0.05053145956960837,0.02191698851295656,,
mkgw_mhyper_adamf,W-A,test,Query-soft,raw_endpoint,0,0,2,head,4274,0.17333978764072674,0.1837427902425047,-0.010403002601777933,0.31094992980814223,0.5407112774918109,0.8516612072999532,0.08389031998992029,0.026085689112448306,0.015682686510670372,,
mkgw_mhyper_adamf,W-A,test,Query-soft,raw_endpoint,0,0,2,tail,4274,0.5099248010625674,0.5339654534246362,-0.024040652362068753,0.21455311183902667,0.3219466541881142,0.5364997660271409,0.21994599527561084,0.047190097722914166,0.023149445360845417,,
mkgw_mhyper_adamf,W-A,test,Query-soft,raw_endpoint,0,0,3,head,4274,0.17326351047745836,0.1840206811709998,-0.010757170693541433,0.30907814693495556,0.5463266261113711,0.8554047730463267,0.08758408311918095,0.027070326111473572,0.01631315541793214,,
mkgw_mhyper_adamf,W-A,test,Query-soft,raw_endpoint,0,0,3,tail,4274,0.511359065922624,0.5353762291517203,-0.02401716322909646,0.21268132896583997,0.32732802994852594,0.540009358914366,0.2306568612454934,0.04905640778478088,0.02503924455568442,,
mkgw_mhyper_adamf,W-A,test,Query-soft,normalized_endpoint,0,0,1,head,4274,0.16793278176803247,0.1847185007598412,-0.016785718991808737,0.3184370613008891,0.5439868975198877,0.8624239588207768,0.10014659615872805,0.03189038778007227,0.015104668788263532,,
mkgw_mhyper_adamf,W-A,test,Query-soft,normalized_endpoint,0,0,1,tail,4274,0.5078875110680952,0.5365019821247469,-0.028614471056651807,0.2159569489939167,0.3184370613008891,0.5343940102948058,0.23398857876544546,0.05053145956960837,0.02191698851295656,,
mkgw_mhyper_adamf,W-A,test,Query-soft,normalized_endpoint,0,0,2,head,4274,0.17333978764072674,0.1837427902425047,-0.010403002601777933,0.31094992980814223,0.5407112774918109,0.8516612072999532,0.08389031998992029,0.026085689112448306,0.015682686510670372,,
mkgw_mhyper_adamf,W-A,test,Query-soft,normalized_endpoint,0,0,2,tail,4274,0.5099248010625674,0.5339654534246362,-0.024040652362068753,0.21455311183902667,0.3219466541881142,0.5364997660271409,0.21994599527561084,0.047190097722914166,0.023149445360845417,,
mkgw_mhyper_adamf,W-A,test,Query-soft,normalized_endpoint,0,0,3,head,4274,0.17326351047745836,0.1840206811709998,-0.010757170693541433,0.30907814693495556,0.5463266261113711,0.8554047730463267,0.08758408311918095,0.027070326111473572,0.01631315541793214,,
mkgw_mhyper_adamf,W-A,test,Query-soft,normalized_endpoint,0,0,3,tail,4274,0.511359065922624,0.5353762291517203,-0.02401716322909646,0.21268132896583997,0.32732802994852594,0.540009358914366,0.2306568612454934,0.04905640778478088,0.02503924455568442,,
mkgw_mhyper_adamf,W-A,test,Relation,raw_endpoint,1,3394,1,head,4274,0.18505047173330738,0.18471850074188265,0.00033197099142475133,0.05217594759007955,0.12821712681328964,0.1803930744033692,0.03884970136211446,0.0020270199821599264,0.0023589909735846778,,
mkgw_mhyper_adamf,W-A,test,Relation,raw_endpoint,0,3394,1,tail,4274,0.5330074370902096,0.5365019821247469,-0.0034945450345373608,0.03673373888628919,0.051240056153486195,0.08797379503977538,0.21063175275270243,0.007737291806779195,0.004242746772241834,,
mkgw_mhyper_adamf,W-A,test,Relation,raw_endpoint,0,3394,2,head,4274,0.18292067823430705,0.1837427902425047,-0.0008221120081976272,0.05708937763219467,0.12353766963032288,0.18062704726251755,0.04631910586834576,0.0026443289265035952,0.0018222169183059681,,
mkgw_mhyper_adamf,W-A,test,Relation,raw_endpoint,0,3394,2,tail,4274,0.5324401748618607,0.5339654534246362,-0.001525278562775542,0.03532990173139916,0.05030416471689284,0.085634066448292,0.17359441317095456,0.006133073558449729,0.0046077949956741865,,
mkgw_mhyper_adamf,W-A,test,Relation,raw_endpoint,0,3394,3,head,4274,0.1845607706697453,0.1840206811709998,0.000540089498745522,0.05264389330837623,0.12634534394010294,0.17898923724847918,0.038891571053797314,0.002047403717151239,0.002587493215896761,,
mkgw_mhyper_adamf,W-A,test,Relation,raw_endpoint,0,3394,3,tail,4274,0.5340553367628568,0.5353762291517203,-0.0013208923888636814,0.036499766027140855,0.051240056153486195,0.08773982218062705,0.18162573319453465,0.006629296766108424,0.005308404377244742,,
mkgw_mhyper_adamf,W-A,test,Relation,normalized_endpoint,1,3394,1,head,4274,0.18505047175126596,0.1847185007598412,0.00033197099142475133,0.05217594759007955,0.12821712681328964,0.1803930744033692,0.03884970136211446,0.0020270199821599264,0.0023589909735846778,,
mkgw_mhyper_adamf,W-A,test,Relation,normalized_endpoint,0,3394,1,tail,4274,0.5330074370902096,0.5365019821247469,-0.0034945450345373608,0.03673373888628919,0.051240056153486195,0.08797379503977538,0.21063175275270243,0.007737291806779195,0.004242746772241834,,
mkgw_mhyper_adamf,W-A,test,Relation,normalized_endpoint,0,3394,2,head,4274,0.18292067823430705,0.1837427902425047,-0.0008221120081976272,0.05708937763219467,0.12353766963032288,0.18062704726251755,0.04631910586834576,0.0026443289265035952,0.0018222169183059681,,
mkgw_mhyper_adamf,W-A,test,Relation,normalized_endpoint,0,3394,2,tail,4274,0.5324401748618607,0.5339654534246362,-0.001525278562775542,0.03532990173139916,0.05030416471689284,0.085634066448292,0.17359441317095456,0.006133073558449729,0.0046077949956741865,,
mkgw_mhyper_adamf,W-A,test,Relation,normalized_endpoint,0,3394,3,head,4274,0.1845607706697453,0.1840206811709998,0.000540089498745522,0.05264389330837623,0.12634534394010294,0.17898923724847918,0.038891571053797314,0.002047403717151239,0.002587493215896761,,
mkgw_mhyper_adamf,W-A,test,Relation,normalized_endpoint,0,3394,3,tail,4274,0.5340553367628568,0.5353762291517203,-0.0013208923888636814,0.036499766027140855,0.051240056153486195,0.08773982218062705,0.18162573319453465,0.006629296766108424,0.005308404377244742,,
mkgw_mhyper_adamf,W-A,test,Equal,raw_endpoint,0,0,1,head,4274,0.16589448721238984,0.18471850074188265,-0.018824013529492804,0.31516144127281237,0.5481984089845577,0.8633598502573702,0.10444670063837108,0.032917572709379,0.014093559179886198,,
mkgw_mhyper_adamf,W-A,test,Equal,raw_endpoint,0,0,1,tail,4274,0.499665070197499,0.5365019821247469,-0.03683691192724787,0.23654656059897053,0.3203088441740758,0.5568554047730463,0.25026154174431364,0.05919850694981307,0.022361595022565205,,
mkgw_mhyper_adamf,W-A,test,Equal,raw_endpoint,0,0,2,head,4274,0.17192911602001967,0.1837427902425047,-0.011813674222485028,0.29831539541413193,0.5519419747309312,0.8502573701450632,0.08999227737791061,0.02684608181020965,0.015032407587724622,,
mkgw_mhyper_adamf,W-A,test,Equal,raw_endpoint,0,0,2,tail,4274,0.5051109909839163,0.5339654534246362,-0.028854462440719836,0.2262517547964436,0.3263921385119326,0.5526438933083763,0.2337119343908425,0.05287773527279942,0.02402327283207958,,
mkgw_mhyper_adamf,W-A,test,Equal,raw_endpoint,0,0,3,head,4274,0.17268550019480453,0.1840206811709998,-0.011335180976195307,0.30252690687880207,0.5528778661675245,0.8554047730463267,0.09119287319033834,0.027588297855663895,0.016253116879468586,,
mkgw_mhyper_adamf,W-A,test,Equal,raw_endpoint,0,0,3,tail,4274,0.5045820830943298,0.5353762291517203,-0.030794146057390583,0.22484791764155357,0.33341132428638276,0.5582592419279364,0.24617520214206312,0.05535198157663142,0.024557835519240824,,
mkgw_mhyper_adamf,W-A,test,Equal,normalized_endpoint,0,0,1,head,4274,0.16589448721238984,0.1847185007598412,-0.01882401354745136,0.31516144127281237,0.5481984089845577,0.8633598502573702,0.10444670063837108,0.032917572709379,0.014093559161927642,,
mkgw_mhyper_adamf,W-A,test,Equal,normalized_endpoint,0,0,1,tail,4274,0.499665070197499,0.5365019821247469,-0.03683691192724787,0.23654656059897053,0.3203088441740758,0.5568554047730463,0.25026154174431364,0.05919850694981307,0.022361595022565205,,
mkgw_mhyper_adamf,W-A,test,Equal,normalized_endpoint,0,0,2,head,4274,0.17192911602001967,0.1837427902425047,-0.011813674222485028,0.29831539541413193,0.5519419747309312,0.8502573701450632,0.08999227737791061,0.02684608181020965,0.015032407587724622,,
mkgw_mhyper_adamf,W-A,test,Equal,normalized_endpoint,0,0,2,tail,4274,0.5051109909839163,0.5339654534246362,-0.028854462440719836,0.2262517547964436,0.3263921385119326,0.5526438933083763,0.2337119343908425,0.05287773527279942,0.02402327283207958,,
mkgw_mhyper_adamf,W-A,test,Equal,normalized_endpoint,0,0,3,head,4274,0.17268550019480453,0.1840206811709998,-0.011335180976195307,0.30252690687880207,0.5528778661675245,0.8554047730463267,0.09119287319033834,0.027588297855663895,0.016253116879468586,,
mkgw_mhyper_adamf,W-A,test,Equal,normalized_endpoint,0,0,3,tail,4274,0.5045820830943298,0.5353762291517203,-0.030794146057390583,0.22484791764155357,0.33341132428638276,0.5582592419279364,0.24617520214206312,0.05535198157663142,0.024557835519240824,,
mkgw_mhyper_adamf,W-A,test,RRF,raw_endpoint,0,0,1,head,4274,0.1556336231566732,0.18471850074188265,-0.02908487758520943,0.4270004679457183,0.46841366401497425,0.8954141319606925,0.11153269750210382,0.04762451402464658,0.018539636439437145,,
mkgw_mhyper_adamf,W-A,test,RRF,raw_endpoint,0,0,1,tail,4274,0.48077064672387776,0.5365019821247469,-0.055731335400869095,0.3245203556387459,0.3093121197941039,0.6338324754328498,0.2754608866242031,0.08939266489185063,0.03366132949098155,,
mkgw_mhyper_adamf,W-A,test,RRF,raw_endpoint,0,0,2,head,4274,0.16266830176034197,0.1837427902425047,-0.02107448848216272,0.4138979878334113,0.4726251754796444,0.8865231633130557,0.09783948464725019,0.04049556582615479,0.019421077343992076,,
mkgw_mhyper_adamf,W-A,test,RRF,raw_endpoint,0,0,2,tail,4274,0.4890067111571321,0.5339654534246362,-0.044958742267504084,0.3158633598502574,0.3058025269068788,0.6216658867571362,0.2493023439767109,0.07874547598702848,0.03378673371952439,,
mkgw_mhyper_adamf,W-A,test,RRF,raw_endpoint,0,0,3,head,4274,0.15953514317908854,0.1840206811709998,-0.024485537991911274,0.4216190921853065,0.470987365465606,0.8926064576509125,0.10211206964702037,0.04305239810573952,0.01856686011382825,,
mkgw_mhyper_adamf,W-A,test,RRF,raw_endpoint,0,0,3,tail,4274,0.4872110761206357,0.5353762291517203,-0.04816515303108477,0.31796911558259244,0.31048198408984556,0.628451099672438,0.25705366839679467,0.0817351275973898,0.033569974566305026,,
mkgw_mhyper_adamf,W-A,test,RRF,normalized_endpoint,0,0,1,head,4274,0.1556336231566732,0.1847185007598412,-0.029084877603167983,0.4270004679457183,0.46841366401497425,0.8954141319606925,0.11153269750210382,0.04762451402464658,0.018539636421478593,,
mkgw_mhyper_adamf,W-A,test,RRF,normalized_endpoint,0,0,1,tail,4274,0.48077064672387776,0.5365019821247469,-0.055731335400869095,0.3245203556387459,0.3093121197941039,0.6338324754328498,0.2754608866242031,0.08939266489185063,0.03366132949098155,,
mkgw_mhyper_adamf,W-A,test,RRF,normalized_endpoint,0,0,2,head,4274,0.16266830176034197,0.1837427902425047,-0.02107448848216272,0.4138979878334113,0.4726251754796444,0.8865231633130557,0.09783948464725019,0.04049556582615479,0.019421077343992076,,
mkgw_mhyper_adamf,W-A,test,RRF,normalized_endpoint,0,0,2,tail,4274,0.4890067111571321,0.5339654534246362,-0.044958742267504084,0.3158633598502574,0.3058025269068788,0.6216658867571362,0.2493023439767109,0.07874547598702848,0.03378673371952439,,
mkgw_mhyper_adamf,W-A,test,RRF,normalized_endpoint,0,0,3,head,4274,0.15953514317908854,0.1840206811709998,-0.024485537991911274,0.4216190921853065,0.470987365465606,0.8926064576509125,0.10211206964702037,0.04305239810573952,0.01856686011382825,,
mkgw_mhyper_adamf,W-A,test,RRF,normalized_endpoint,0,0,3,tail,4274,0.4872110761206357,0.5353762291517203,-0.04816515303108477,0.31796911558259244,0.31048198408984556,0.628451099672438,0.25705366839679467,0.0817351275973898,0.033569974566305026,,
db15k_mhyper_native,D-N,dev,Global,raw_endpoint,0,7922,1,head,7922,0.2449198432926271,0.2449198432926271,0.0,0.0,0.0,0.0,,0.0,0.0,,
db15k_mhyper_native,D-N,dev,Global,raw_endpoint,0,7922,1,tail,7922,0.5233389126052985,0.5233389126052985,0.0,0.0,0.0,0.0,,0.0,0.0,,
db15k_mhyper_native,D-N,dev,Global,raw_endpoint,0,7922,2,head,7922,0.24360565349243948,0.24360565349243948,0.0,0.0,0.0,0.0,,0.0,0.0,,
db15k_mhyper_native,D-N,dev,Global,raw_endpoint,0,7922,2,tail,7922,0.52046899143685,0.52046899143685,0.0,0.0,0.0,0.0,,0.0,0.0,,
db15k_mhyper_native,D-N,dev,Global,raw_endpoint,0,7922,3,head,7922,0.24201739790637478,0.24201739790637478,0.0,0.0,0.0,0.0,,0.0,0.0,,
db15k_mhyper_native,D-N,dev,Global,raw_endpoint,1,7922,3,tail,7922,0.521171279411065,0.521171279411065,0.0,0.0,0.0,0.0,,0.0,0.0,,
db15k_mhyper_native,D-N,dev,Global,normalized_endpoint,0,7922,1,head,7922,0.2449198432926271,0.2449198432926271,0.0,0.0,0.0,0.0,,0.0,0.0,,
db15k_mhyper_native,D-N,dev,Global,normalized_endpoint,0,7922,1,tail,7922,0.5233389126052985,0.5233389126052985,0.0,0.0,0.0,0.0,,0.0,0.0,,
db15k_mhyper_native,D-N,dev,Global,normalized_endpoint,0,7922,2,head,7922,0.24360565349243948,0.24360565349243948,0.0,0.0,0.0,0.0,,0.0,0.0,,
db15k_mhyper_native,D-N,dev,Global,normalized_endpoint,0,7922,2,tail,7922,0.52046899143685,0.52046899143685,0.0,0.0,0.0,0.0,,0.0,0.0,,
db15k_mhyper_native,D-N,dev,Global,normalized_endpoint,0,7922,3,head,7922,0.24201739790637478,0.24201739790637478,0.0,0.0,0.0,0.0,,0.0,0.0,,
db15k_mhyper_native,D-N,dev,Global,normalized_endpoint,1,7922,3,tail,7922,0.5211712962823227,0.5211712962823227,0.0,0.0,0.0,0.0,,0.0,0.0,,
db15k_mhyper_native,D-N,dev,ADC,raw_endpoint,0,6906,1,head,7922,0.24500656621713218,0.2449198432926271,8.672292450511398e-05,0.021964150467053776,0.0520070689219894,0.07397121938904318,0.032374287925757715,0.0007110737312650645,0.0007977966557701784,,
db15k_mhyper_native,D-N,dev,ADC,raw_endpoint,0,7874,1,tail,7922,0.5233463869198907,0.5233389126052985,7.474314592139351e-06,0.0011360767482958849,0.002145922746781116,0.003281999495077001,0.0033227917715914993,3.7749464711339927e-06,1.1249261063273343e-05,,
db15k_mhyper_native,D-N,dev,ADC,raw_endpoint,0,7603,2,head,7922,0.24383833851460818,0.24360565349243948,0.0002326850221686891,0.006437768240343348,0.016788689724816966,0.023226457965160312,0.014114459676352942,9.08656202340318e-05,0.00032355064240272095,,
db15k_mhyper_native,D-N,dev,ADC,raw_endpoint,0,7895,2,tail,7922,0.5205601958209125,0.52046899143685,9.120438406238701e-05,0.0007573844988639232,0.0011360767482958849,0.0018934612471598082,0.00490263289051147,3.7131781548938167e-06,9.491756221728083e-05,,
db15k_mhyper_native,D-N,dev,ADC,raw_endpoint,0,5581,3,head,7922,0.24204352729001458,0.24201739790637478,2.6129383639782147e-05,0.0522595304216107,0.1253471345619793,0.17760666498359,0.03515989989629207,0.0018374398582510624,0.0018635692418908446,,
db15k_mhyper_native,D-N,dev,ADC,raw_endpoint,1,7840,3,tail,7922,0.5211957398829319,0.521171279411065,2.4460471866858107e-05,0.0012623074981065387,0.0041656147437515775,0.005427922241858117,0.00347625017460772,4.3880966607014895e-06,2.8848568527559597e-05,,
db15k_mhyper_native,D-N,dev,ADC,normalized_endpoint,0,6906,1,head,7922,0.24500656621713218,0.2449198432926271,8.672292450511398e-05,0.021964150467053776,0.0520070689219894,0.07397121938904318,0.032374287925757715,0.0007110737312650645,0.0007977966557701784,,
db15k_mhyper_native,D-N,dev,ADC,normalized_endpoint,0,7874,1,tail,7922,0.5233463869198907,0.5233389126052985,7.474314592139351e-06,0.0011360767482958849,0.002145922746781116,0.003281999495077001,0.0033227917715914993,3.7749464711339927e-06,1.1249261063273343e-05,,
db15k_mhyper_native,D-N,dev,ADC,normalized_endpoint,0,7603,2,head,7922,0.24383833851460818,0.24360565349243948,0.0002326850221686891,0.006437768240343348,0.016788689724816966,0.023226457965160312,0.014114459676352942,9.08656202340318e-05,0.00032355064240272095,,
db15k_mhyper_native,D-N,dev,ADC,normalized_endpoint,0,7895,2,tail,7922,0.5205601958209125,0.52046899143685,9.120438406238701e-05,0.0007573844988639232,0.0011360767482958849,0.0018934612471598082,0.00490263289051147,3.7131781548938167e-06,9.491756221728083e-05,,
db15k_mhyper_native,D-N,dev,ADC,normalized_endpoint,0,5581,3,head,7922,0.24204352729001458,0.24201739790637478,2.6129383639782147e-05,0.0522595304216107,0.1253471345619793,0.17760666498359,0.03515989989629207,0.0018374398582510624,0.0018635692418908446,,
db15k_mhyper_native,D-N,dev,ADC,normalized_endpoint,1,7840,3,tail,7922,0.5211957567541896,0.5211712962823227,2.4460471866858107e-05,0.0012623074981065387,0.0041656147437515775,0.005427922241858117,0.00347625017460772,4.3880966607014895e-06,2.8848568527559597e-05,,
db15k_mhyper_native,D-N,dev,Query-soft,raw_endpoint,0,0,1,head,7922,0.2365770062779566,0.2449198432926271,-0.008342837014670453,0.37174955819237565,0.4231254733653118,0.7948750315576875,0.0760223874749863,0.02826128895655575,0.0199184519418853,,
db15k_mhyper_native,D-N,dev,Query-soft,raw_endpoint,0,0,1,tail,7922,0.5011050856816409,0.5233389126052985,-0.022233826923657662,0.24589750063115376,0.2782125725826811,0.5241100732138348,0.1837337822855005,0.045179677845513126,0.02294585092185546,,
db15k_mhyper_native,D-N,dev,Query-soft,raw_endpoint,0,0,2,head,7922,0.23993834582248277,0.24360565349243948,-0.003667307669956698,0.3423377934864933,0.44673062357990406,0.7890684170663974,0.07264563910918222,0.024869347799053542,0.021202040129096846,,
db15k_mhyper_native,D-N,dev,Query-soft,raw_endpoint,0,0,2,tail,7922,0.5065798799174789,0.52046899143685,-0.013889111519371208,0.20752335268871497,0.2913405705629891,0.4988639232517041,0.1727002637979429,0.03583933775357462,0.021950226234203406,,
db15k_mhyper_native,D-N,dev,Query-soft,raw_endpoint,0,0,3,head,7922,0.23288477825975715,0.24201739790637478,-0.009132619646617615,0.3776824034334764,0.4295632416056551,0.8072456450391315,0.0866238063725802,0.03271628738535218,0.023583667738734566,,
db15k_mhyper_native,D-N,dev,Query-soft,raw_endpoint,0,0,3,tail,7922,0.4958398246310581,0.521171279411065,-0.02533145478000694,0.2479171926281242,0.2972734158040899,0.5451906084322141,0.20731242410738587,0.051396314181634165,0.026064859401627224,,
db15k_mhyper_native,D-N,dev,Query-soft,normalized_endpoint,0,0,1,head,7922,0.2365770062779566,0.2449198432926271,-0.008342837014670453,0.37174955819237565,0.4231254733653118,0.7948750315576875,0.0760223874749863,0.02826128895655575,0.0199184519418853,,
db15k_mhyper_native,D-N,dev,Query-soft,normalized_endpoint,0,0,1,tail,7922,0.5011050856816409,0.5233389126052985,-0.022233826923657662,0.24589750063115376,0.2782125725826811,0.5241100732138348,0.1837337822855005,0.045179677845513126,0.02294585092185546,,
db15k_mhyper_native,D-N,dev,Query-soft,normalized_endpoint,0,0,2,head,7922,0.23993834582248277,0.24360565349243948,-0.003667307669956698,0.3423377934864933,0.44673062357990406,0.7890684170663974,0.07264563910918222,0.024869347799053542,0.021202040129096846,,
db15k_mhyper_native,D-N,dev,Query-soft,normalized_endpoint,0,0,2,tail,7922,0.5065798799174789,0.52046899143685,-0.013889111519371208,0.20752335268871497,0.2913405705629891,0.4988639232517041,0.1727002637979429,0.03583933775357462,0.021950226234203406,,
db15k_mhyper_native,D-N,dev,Query-soft,normalized_endpoint,0,0,3,head,7922,0.23288477825975715,0.24201739790637478,-0.009132619646617615,0.3776824034334764,0.4295632416056551,0.8072456450391315,0.0866238063725802,0.03271628738535218,0.023583667738734566,,
db15k_mhyper_native,D-N,dev,Query-soft,normalized_endpoint,0,0,3,tail,7922,0.4958398246310581,0.5211712962823227,-0.0253314716512646,0.2479171926281242,0.2972734158040899,0.5451906084322141,0.20731242410738587,0.051396314181634165,0.026064842530369562,,
db15k_mhyper_native,D-N,dev,Relation,raw_endpoint,0,4333,1,head,7922,0.2487559855372661,0.2449198432926271,0.003836142244639007,0.11550113607674829,0.22241858116637211,0.3379197172431204,0.04329732638648672,0.005000890386724988,0.008837032631363994,,
db15k_mhyper_native,D-N,dev,Relation,raw_endpoint,0,4333,1,tail,7922,0.5261286944010339,0.5233389126052985,0.0027897817957353763,0.09391567785912648,0.15122443827316334,0.24514011613228984,0.09219884653513084,0.008658917170176389,0.011448698965911767,,
db15k_mhyper_native,D-N,dev,Relation,raw_endpoint,0,4333,2,head,7922,0.24730864474900335,0.24360565349243948,0.0037029912565638905,0.11019944458470084,0.2249431961625852,0.33514264074728606,0.042259888978238666,0.004657016293613022,0.008360007550176912,,
db15k_mhyper_native,D-N,dev,Relation,raw_endpoint,0,4333,2,tail,7922,0.5229908472109795,0.52046899143685,0.002521855774129415,0.08381721787427417,0.15766220651350668,0.24147942438778086,0.09921866453624793,0.008316232422629211,0.010838088196758626,,
db15k_mhyper_native,D-N,dev,Relation,raw_endpoint,0,4333,3,head,7922,0.24658667424778608,0.24201739790637478,0.004569276341411282,0.11600605907599092,0.23491542539762686,0.35092148447361776,0.04739346968052901,0.005497929643575632,0.010067205984986914,,
db15k_mhyper_native,D-N,dev,Relation,raw_endpoint,1,4333,3,tail,7922,0.5228268832898656,0.521171279411065,0.0016556038788007195,0.08773037111840444,0.16359505175460742,0.25132542287301185,0.10573667513202581,0.00927631775015879,0.010931921628959508,,
db15k_mhyper_native,D-N,dev,Relation,normalized_endpoint,0,4333,1,head,7922,0.2487559855372661,0.2449198432926271,0.003836142244639007,0.11550113607674829,0.22241858116637211,0.3379197172431204,0.04329732638648672,0.005000890386724988,0.008837032631363994,,
db15k_mhyper_native,D-N,dev,Relation,normalized_endpoint,0,4333,1,tail,7922,0.5261286944010339,0.5233389126052985,0.0027897817957353763,0.09391567785912648,0.15122443827316334,0.24514011613228984,0.09219884653513084,0.008658917170176389,0.011448698965911767,,
db15k_mhyper_native,D-N,dev,Relation,normalized_endpoint,0,4333,2,head,7922,0.24730864474900335,0.24360565349243948,0.0037029912565638905,0.11019944458470084,0.2249431961625852,0.33514264074728606,0.042259888978238666,0.004657016293613022,0.008360007550176912,,
db15k_mhyper_native,D-N,dev,Relation,normalized_endpoint,0,4333,2,tail,7922,0.5229908472109795,0.52046899143685,0.002521855774129415,0.08381721787427417,0.15766220651350668,0.24147942438778086,0.09921866453624793,0.008316232422629211,0.010838088196758626,,
db15k_mhyper_native,D-N,dev,Relation,normalized_endpoint,0,4333,3,head,7922,0.24658667424778608,0.24201739790637478,0.004569276341411282,0.11600605907599092,0.23491542539762686,0.35092148447361776,0.04739346968052901,0.005497929643575632,0.010067205984986914,,
db15k_mhyper_native,D-N,dev,Relation,normalized_endpoint,1,4333,3,tail,7922,0.5228269001611233,0.5211712962823227,0.0016556038788007195,0.08773037111840444,0.16359505175460742,0.25132542287301185,0.10573667513202581,0.00927631775015879,0.010931921628959508,,
db15k_mhyper_native,D-N,dev,Equal,raw_endpoint,0,0,1,head,7922,0.23702157668696563,0.2449198432926271,-0.007898266605661475,0.36796263569805604,0.42047462761928805,0.7884372633173441,0.07155423682636965,0.02632928557799388,0.018431018972332402,,
db15k_mhyper_native,D-N,dev,Equal,raw_endpoint,0,0,1,tail,7922,0.4981397582266522,0.5233389126052985,-0.025199154378646293,0.25763696036354455,0.27682403433476394,0.5344609946983085,0.18988149384671865,0.048920490903957684,0.023721336525311387,,
db15k_mhyper_native,D-N,dev,Equal,raw_endpoint,0,0,2,head,7922,0.2400164273650476,0.24360565349243948,-0.003589226127391843,0.34498863923251705,0.44155516283766727,0.7865438020701843,0.06859754298357397,0.023665373008597286,0.020076146881205445,,
db15k_mhyper_native,D-N,dev,Equal,raw_endpoint,0,0,2,tail,7922,0.5022180772343057,0.52046899143685,-0.018250914202544388,0.2279727341580409,0.29462257005806614,0.522595304216107,0.18587846561520593,0.04237522202739989,0.0241243078248555,,
db15k_mhyper_native,D-N,dev,Equal,raw_endpoint,0,0,3,head,7922,0.23406612652745892,0.24201739790637478,-0.007951271378915855,0.3673314819490028,0.43398131784902805,0.8013127997980308,0.07949719266949581,0.029201821594071295,0.021250550215155442,,
db15k_mhyper_native,D-N,dev,Equal,raw_endpoint,0,0,3,tail,7922,0.49443234484607657,0.521171279411065,-0.026738934564988433,0.2510729613733906,0.2963898005554153,0.5474627619288058,0.21105181972766157,0.05298940538226696,0.026250470817278524,,
db15k_mhyper_native,D-N,dev,Equal,normalized_endpoint,0,0,1,head,7922,0.23702157668696563,0.2449198432926271,-0.007898266605661475,0.36796263569805604,0.42047462761928805,0.7884372633173441,0.07155423682636965,0.02632928557799388,0.018431018972332402,,
db15k_mhyper_native,D-N,dev,Equal,normalized_endpoint,0,0,1,tail,7922,0.4981397582266522,0.5233389126052985,-0.025199154378646293,0.25763696036354455,0.27682403433476394,0.5344609946983085,0.18988149384671865,0.048920490903957684,0.023721336525311387,,
db15k_mhyper_native,D-N,dev,Equal,normalized_endpoint,0,0,2,head,7922,0.2400164273650476,0.24360565349243948,-0.003589226127391843,0.34498863923251705,0.44155516283766727,0.7865438020701843,0.06859754298357397,0.023665373008597286,0.020076146881205445,,
db15k_mhyper_native,D-N,dev,Equal,normalized_endpoint,0,0,2,tail,7922,0.5022180772343057,0.52046899143685,-0.018250914202544388,0.2279727341580409,0.29462257005806614,0.522595304216107,0.18587846561520593,0.04237522202739989,0.0241243078248555,,
db15k_mhyper_native,D-N,dev,Equal,normalized_endpoint,0,0,3,head,7922,0.23406612652745892,0.24201739790637478,-0.007951271378915855,0.3673314819490028,0.43398131784902805,0.8013127997980308,0.07949719266949581,0.029201821594071295,0.021250550215155442,,
db15k_mhyper_native,D-N,dev,Equal,normalized_endpoint,0,0,3,tail,7922,0.49443234484607657,0.5211712962823227,-0.02673895143624609,0.2510729613733906,0.2963898005554153,0.5474627619288058,0.21105181972766157,0.05298940538226696,0.026250453946020866,,
db15k_mhyper_native,D-N,dev,RRF,raw_endpoint,0,0,1,head,7922,0.23475998931097455,0.2449198432926271,-0.010159853981652558,0.4505175460742237,0.36367079020449383,0.8141883362787175,0.07545101218281214,0.03399200485741688,0.023832150875764322,,
db15k_mhyper_native,D-N,dev,RRF,raw_endpoint,0,0,1,tail,7922,0.48740274768886854,0.5233389126052985,-0.03593616491643006,0.33981317849028025,0.2607927291088109,0.6006059075990912,0.2086067098543973,0.07088730913002242,0.03495114421359234,,
db15k_mhyper_native,D-N,dev,RRF,raw_endpoint,0,0,2,head,7922,0.23624000269975504,0.24360565349243948,-0.0073656507926844325,0.43436001009846,0.3804594799293108,0.8148194900277708,0.07694483865981949,0.033421760897303567,0.026056110104619137,,
db15k_mhyper_native,D-N,dev,RRF,raw_endpoint,0,0,2,tail,7922,0.491687353112367,0.52046899143685,-0.028781638324483085,0.3181014895228478,0.2774551880838172,0.595556677606665,0.20874261313709397,0.06640133616580116,0.03761969784131807,,
db15k_mhyper_native,D-N,dev,RRF,raw_endpoint,0,0,3,head,7922,0.23119681989230326,0.24201739790637478,-0.010820578014071535,0.440545316839182,0.3788184801817723,0.8193637970209543,0.08294122651744949,0.03653936891516016,0.025718790901088626,,
db15k_mhyper_native,D-N,dev,RRF,raw_endpoint,0,0,3,tail,7922,0.4838106837321011,0.521171279411065,-0.0373605956789639,0.3290835647563747,0.2780863418328705,0.6071699065892452,0.2210202523217588,0.07273413251739777,0.035373536838433875,,
db15k_mhyper_native,D-N,dev,RRF,normalized_endpoint,0,0,1,head,7922,0.23475998931097455,0.2449198432926271,-0.010159853981652558,0.4505175460742237,0.36367079020449383,0.8141883362787175,0.07545101218281214,0.03399200485741688,0.023832150875764322,,
db15k_mhyper_native,D-N,dev,RRF,normalized_endpoint,0,0,1,tail,7922,0.48740274768886854,0.5233389126052985,-0.03593616491643006,0.33981317849028025,0.2607927291088109,0.6006059075990912,0.2086067098543973,0.07088730913002242,0.03495114421359234,,
db15k_mhyper_native,D-N,dev,RRF,normalized_endpoint,0,0,2,head,7922,0.23624000269975504,0.24360565349243948,-0.0073656507926844325,0.43436001009846,0.3804594799293108,0.8148194900277708,0.07694483865981949,0.033421760897303567,0.026056110104619137,,
db15k_mhyper_native,D-N,dev,RRF,normalized_endpoint,0,0,2,tail,7922,0.491687353112367,0.52046899143685,-0.028781638324483085,0.3181014895228478,0.2774551880838172,0.595556677606665,0.20874261313709397,0.06640133616580116,0.03761969784131807,,
db15k_mhyper_native,D-N,dev,RRF,normalized_endpoint,0,0,3,head,7922,0.23119681989230326,0.24201739790637478,-0.010820578014071535,0.440545316839182,0.3788184801817723,0.8193637970209543,0.08294122651744949,0.03653936891516016,0.025718790901088626,,
db15k_mhyper_native,D-N,dev,RRF,normalized_endpoint,0,0,3,tail,7922,0.4838106837321011,0.5211712962823227,-0.03736061255022156,0.3290835647563747,0.2780863418328705,0.6071699065892452,0.2210203035891555,0.07273414938865543,0.035373536838433875,,
db15k_mhyper_native,D-N,test,Global,raw_endpoint,2,9902,1,head,9902,0.23653299600129352,0.23653299600129352,0.0,0.0,0.0,0.0,,0.0,0.0,,
db15k_mhyper_native,D-N,test,Global,raw_endpoint,0,9902,1,tail,9902,0.514213806538398,0.514213806538398,0.0,0.0,0.0,0.0,,0.0,0.0,,
db15k_mhyper_native,D-N,test,Global,raw_endpoint,0,9902,2,head,9902,0.23890143635456398,0.23890143635456398,0.0,0.0,0.0,0.0,,0.0,0.0,,
db15k_mhyper_native,D-N,test,Global,raw_endpoint,0,9902,2,tail,9902,0.5107206481914867,0.5107206481914867,0.0,0.0,0.0,0.0,,0.0,0.0,,
db15k_mhyper_native,D-N,test,Global,raw_endpoint,0,9902,3,head,9902,0.23624346188841874,0.23624346188841874,0.0,0.0,0.0,0.0,,0.0,0.0,,
db15k_mhyper_native,D-N,test,Global,raw_endpoint,0,9902,3,tail,9902,0.5107876037525095,0.5107876037525095,0.0,0.0,0.0,0.0,,0.0,0.0,,
db15k_mhyper_native,D-N,test,Global,normalized_endpoint,2,9902,1,head,9902,0.23658350466609918,0.23658350466609918,0.0,0.0,0.0,0.0,,0.0,0.0,,
db15k_mhyper_native,D-N,test,Global,normalized_endpoint,0,9902,1,tail,9902,0.514213806538398,0.514213806538398,0.0,0.0,0.0,0.0,,0.0,0.0,,
db15k_mhyper_native,D-N,test,Global,normalized_endpoint,0,9902,2,head,9902,0.23890143635456398,0.23890143635456398,0.0,0.0,0.0,0.0,,0.0,0.0,,
db15k_mhyper_native,D-N,test,Global,normalized_endpoint,0,9902,2,tail,9902,0.5107206481914867,0.5107206481914867,0.0,0.0,0.0,0.0,,0.0,0.0,,
db15k_mhyper_native,D-N,test,Global,normalized_endpoint,0,9902,3,head,9902,0.23624346188841874,0.23624346188841874,0.0,0.0,0.0,0.0,,0.0,0.0,,
db15k_mhyper_native,D-N,test,Global,normalized_endpoint,0,9902,3,tail,9902,0.5107876037525095,0.5107876037525095,0.0,0.0,0.0,0.0,,0.0,0.0,,
db15k_mhyper_native,D-N,test,ADC,raw_endpoint,2,8667,1,head,9902,0.2363163793522588,0.23653299600129352,-0.00021661664903475242,0.023126641082609575,0.04998990103009493,0.0731165421127045,0.04089006335830082,0.0009456498191325884,0.0007290331700978357,,
db15k_mhyper_native,D-N,test,ADC,raw_endpoint,0,9852,1,tail,9902,0.5142296111873171,0.514213806538398,1.5804648919224822e-05,0.0005049484952534841,0.0021207836800646333,0.0026257321753181176,0.0010896403047097147,5.502122322307184e-07,1.635486115145554e-05,,
db15k_mhyper_native,D-N,test,ADC,raw_endpoint,0,9481,2,head,9902,0.2388430444368439,0.23890143635456398,-5.8391917720076395e-05,0.008180165623106443,0.01878408402342961,0.026964249646536053,0.037643301672372544,0.00030792844228056716,0.00024953652456049077,,
db15k_mhyper_native,D-N,test,ADC,raw_endpoint,0,9867,2,tail,9902,0.5107981970647938,0.5107206481914867,7.754887330702302e-05,0.00010098969905069682,0.0019188042819632397,0.0020197939810139365,5.765343984522503e-06,5.822403539206729e-10,7.754945554737693e-05,,
db15k_mhyper_native,D-N,test,ADC,raw_endpoint,0,7076,3,head,9902,0.23595541644564622,0.23624346188841874,-0.00028804544277247636,0.05140375681680469,0.12684306200767523,0.1782468188244799,0.045982740616703266,0.0023636856164312224,0.002075640173658746,,
db15k_mhyper_native,D-N,test,ADC,raw_endpoint,0,9791,3,tail,9902,0.5107699647120254,0.5107876037525095,-1.763904048414825e-05,0.0021207836800646333,0.004241567360129267,0.0063623510401939,0.041007552094562,8.696814724154736e-05,6.93291067573991e-05,,
db15k_mhyper_native,D-N,test,ADC,normalized_endpoint,2,8667,1,head,9902,0.2363668880170644,0.23658350466609918,-0.00021661664903475242,0.023126641082609575,0.04998990103009493,0.0731165421127045,0.04089006335830082,0.0009456498191325884,0.0007290331700978357,,
db15k_mhyper_native,D-N,test,ADC,normalized_endpoint,0,9852,1,tail,9902,0.5142296111873171,0.514213806538398,1.5804648919224822e-05,0.0005049484952534841,0.0021207836800646333,0.0026257321753181176,0.0010896403047097147,5.502122322307184e-07,1.635486115145554e-05,,
db15k_mhyper_native,D-N,test,ADC,normalized_endpoint,0,9481,2,head,9902,0.2388430444368439,0.23890143635456398,-5.8391917720076395e-05,0.008180165623106443,0.01878408402342961,0.026964249646536053,0.037643301672372544,0.00030792844228056716,0.00024953652456049077,,
db15k_mhyper_native,D-N,test,ADC,normalized_endpoint,0,9867,2,tail,9902,0.5107981970647938,0.5107206481914867,7.754887330702302e-05,0.00010098969905069682,0.0019188042819632397,0.0020197939810139365,5.765343984522503e-06,5.822403539206729e-10,7.754945554737693e-05,,
db15k_mhyper_native,D-N,test,ADC,normalized_endpoint,0,7076,3,head,9902,0.23595541644564622,0.23624346188841874,-0.00028804544277247636,0.05140375681680469,0.12684306200767523,0.1782468188244799,0.045982740616703266,0.0023636856164312224,0.002075640173658746,,
db15k_mhyper_native,D-N,test,ADC,normalized_endpoint,0,9791,3,tail,9902,0.5107699647120254,0.5107876037525095,-1.763904048414825e-05,0.0021207836800646333,0.004241567360129267,0.0063623510401939,0.041007552094562,8.696814724154736e-05,6.93291067573991e-05,,
db15k_mhyper_native,D-N,test,Query-soft,raw_endpoint,0,0,1,head,9902,0.23091265800171204,0.23653299600129352,-0.005620337999581496,0.3726519894970713,0.4272874166834983,0.7999394061805696,0.07017346347910854,0.02615028077538987,0.020529942775808364,,
db15k_mhyper_native,D-N,test,Query-soft,raw_endpoint,0,0,1,tail,9902,0.49258226994887044,0.514213806538398,-0.021631536589527517,0.24298121591597657,0.2854978792163199,0.5284790951322965,0.18150950036318794,0.044103399098548796,0.022471862509021282,,
db15k_mhyper_native,D-N,test,Query-soft,raw_endpoint,0,0,2,head,9902,0.23323499765985345,0.23890143635456398,-0.005666438694710556,0.3496263381135124,0.4470813976974349,0.7967077358109473,0.07242016058578957,0.02531999555120213,0.01965355685649157,,
db15k_mhyper_native,D-N,test,Query-soft,raw_endpoint,0,0,2,tail,9902,0.49461136093912544,0.5107206481914867,-0.016109287252361333,0.21389618258937587,0.2972126843062008,0.5111088668955767,0.17644914139863913,0.03774179776634193,0.02163251051398059,,
db15k_mhyper_native,D-N,test,Query-soft,raw_endpoint,0,0,3,head,9902,0.23068162557816482,0.23624346188841874,-0.005561836310253899,0.3692183397293476,0.4392042011714805,0.8084225409008281,0.07634553695538054,0.028188172400411157,0.022626336090157264,,
db15k_mhyper_native,D-N,test,Query-soft,raw_endpoint,0,0,3,tail,9902,0.48391760324553046,0.5107876037525095,-0.026870000506979092,0.25600888709351644,0.3055948293274086,0.5616037164209251,0.20703030815159304,0.053001598784517094,0.026131598277538012,,
db15k_mhyper_native,D-N,test,Query-soft,normalized_endpoint,0,0,1,head,9902,0.23091265800171204,0.23658350466609918,-0.005670846664387151,0.372752979196122,0.4272874166834983,0.8000403958796203,0.07028991607637779,0.026200775624915216,0.02052992896052806,,
db15k_mhyper_native,D-N,test,Query-soft,normalized_endpoint,0,0,1,tail,9902,0.49258226994887044,0.514213806538398,-0.021631536589527517,0.24298121591597657,0.2854978792163199,0.5284790951322965,0.18150950036318794,0.044103399098548796,0.022471862509021282,,
db15k_mhyper_native,D-N,test,Query-soft,normalized_endpoint,0,0,2,head,9902,0.23323499765985345,0.23890143635456398,-0.005666438694710556,0.3496263381135124,0.4470813976974349,0.7967077358109473,0.07242016058578957,0.02531999555120213,0.01965355685649157,,
db15k_mhyper_native,D-N,test,Query-soft,normalized_endpoint,0,0,2,tail,9902,0.49461136093912544,0.5107206481914867,-0.016109287252361333,0.21389618258937587,0.2972126843062008,0.5111088668955767,0.17644914139863913,0.03774179776634193,0.02163251051398059,,
db15k_mhyper_native,D-N,test,Query-soft,normalized_endpoint,0,0,3,head,9902,0.23068162557816482,0.23624346188841874,-0.005561836310253899,0.3692183397293476,0.4392042011714805,0.8084225409008281,0.07634553695538054,0.028188172400411157,0.022626336090157264,,
db15k_mhyper_native,D-N,test,Query-soft,normalized_endpoint,0,0,3,tail,9902,0.48391760324553046,0.5107876037525095,-0.026870000506979092,0.25600888709351644,0.3055948293274086,0.5616037164209251,0.20703030815159304,0.053001598784517094,0.026131598277538012,,
db15k_mhyper_native,D-N,test,Relation,raw_endpoint,1,5439,1,head,9902,0.2373909704711215,0.23653299600129352,0.0008579744698279646,0.11876388608361947,0.22550999798020602,0.3442738840638255,0.04693885885982458,0.0055746412865233,0.006432615756351264,,
db15k_mhyper_native,D-N,test,Relation,raw_endpoint,0,5439,1,tail,9902,0.5133962138316357,0.514213806538398,-0.0008175927067621628,0.09806099777822662,0.1524944455665522,0.2505554433447788,0.10309515925457162,0.010109614182608468,0.009292021475846304,,
db15k_mhyper_native,D-N,test,Relation,raw_endpoint,0,5439,2,head,9902,0.23919459793514075,0.23890143635456398,0.0002931615805767726,0.11048273076146232,0.23066047263179157,0.3411432033932539,0.054045549318271636,0.0059710998741859395,0.006264261454762713,,
db15k_mhyper_native,D-N,test,Relation,raw_endpoint,0,5439,2,tail,9902,0.5106227886802075,0.5107206481914867,-9.785951127928565e-05,0.09351646132094527,0.15542314683902242,0.24893960815996768,0.0995574380308267,0.009310259302822211,0.009212399791542926,,
db15k_mhyper_native,D-N,test,Relation,raw_endpoint,0,5439,3,head,9902,0.23735827631240997,0.23624346188841874,0.001114814423991278,0.11613815390830136,0.23005453443748738,0.34619268834578876,0.05035996142406208,0.005848712950683841,0.00696352737467512,,
db15k_mhyper_native,D-N,test,Relation,raw_endpoint,0,5439,3,tail,9902,0.5089853627005674,0.5107876037525095,-0.0018022410519422435,0.09472833770955362,0.1623914360735205,0.2571197737830741,0.12139698690914662,0.011499734772851902,0.009697493720909655,,
db15k_mhyper_native,D-N,test,Relation,normalized_endpoint,1,5439,1,head,9902,0.2373909842864018,0.23658350466609918,0.0008074796203026162,0.11886487578267017,0.22550999798020602,0.3443748737628762,0.047323787611855316,0.0056251361360486465,0.006432615756351264,,
db15k_mhyper_native,D-N,test,Relation,normalized_endpoint,0,5439,1,tail,9902,0.5133962138316357,0.514213806538398,-0.0008175927067621628,0.09806099777822662,0.1524944455665522,0.2505554433447788,0.10309515925457162,0.010109614182608468,0.009292021475846304,,
db15k_mhyper_native,D-N,test,Relation,normalized_endpoint,0,5439,2,head,9902,0.23919459793514075,0.23890143635456398,0.0002931615805767726,0.11048273076146232,0.23066047263179157,0.3411432033932539,0.054045549318271636,0.0059710998741859395,0.006264261454762713,,
db15k_mhyper_native,D-N,test,Relation,normalized_endpoint,0,5439,2,tail,9902,0.5106227886802075,0.5107206481914867,-9.785951127928565e-05,0.09351646132094527,0.15542314683902242,0.24893960815996768,0.0995574380308267,0.009310259302822211,0.009212399791542926,,
db15k_mhyper_native,D-N,test,Relation,normalized_endpoint,0,5439,3,head,9902,0.23735827631240997,0.23624346188841874,0.001114814423991278,0.11613815390830136,0.23005453443748738,0.34619268834578876,0.05035996142406208,0.005848712950683841,0.00696352737467512,,
db15k_mhyper_native,D-N,test,Relation,normalized_endpoint,0,5439,3,tail,9902,0.5089853627005674,0.5107876037525095,-0.0018022410519422435,0.09472833770955362,0.1623914360735205,0.2571197737830741,0.12139698690914662,0.011499734772851902,0.009697493720909655,,
db15k_mhyper_native,D-N,test,Equal,raw_endpoint,0,0,1,head,9902,0.23061395023227022,0.23653299600129352,-0.005919045769023294,0.3679054736416886,0.4258735608967885,0.7937790345384771,0.06616192930037271,0.02434133593630153,0.018422290167278237,,
db15k_mhyper_native,D-N,test,Equal,raw_endpoint,0,0,1,tail,9902,0.49068501389394426,0.514213806538398,-0.02352879264445369,0.255503938598263,0.2855988689153706,0.5411028075136336,0.18655126057200533,0.047664581826618216,0.024135789182164514,,
db15k_mhyper_native,D-N,test,Equal,raw_endpoint,0,0,2,head,9902,0.23305716830018317,0.23890143635456398,-0.0058442680543808485,0.34861644112300544,0.43981013936578467,0.7884265804887901,0.06939442835964169,0.02419203864850365,0.018347770594122802,,
db15k_mhyper_native,D-N,test,Equal,raw_endpoint,0,0,2,tail,9902,0.49398021447962764,0.5107206481914867,-0.016740433711859133,0.22672187436881439,0.30125227226822865,0.527974146637043,0.18084641748561656,0.04100183874522411,0.02426140503336498,,
db15k_mhyper_native,D-N,test,Equal,raw_endpoint,0,0,3,head,9902,0.23189816946374853,0.23624346188841874,-0.0043452924246701755,0.36053322561098766,0.4389012320743284,0.7994344576853161,0.07025626082523283,0.025329716334688064,0.020984423910017886,,
db15k_mhyper_native,D-N,test,Equal,raw_endpoint,0,0,3,tail,9902,0.48423049206590757,0.5107876037525095,-0.026557111686602016,0.25954352656029084,0.3058977984245607,0.5654413249848516,0.20695049952177974,0.0537126624692965,0.027155550782694486,,
db15k_mhyper_native,D-N,test,Equal,normalized_endpoint,0,0,1,head,9902,0.23061395023227022,0.23658350466609918,-0.0059695544338289495,0.3680064633407392,0.4258735608967885,0.7938800242375278,0.06628098475336382,0.02439183078582688,0.01842227635199793,,
db15k_mhyper_native,D-N,test,Equal,normalized_endpoint,0,0,1,tail,9902,0.49068501389394426,0.514213806538398,-0.02352879264445369,0.255503938598263,0.2855988689153706,0.5411028075136336,0.18655126057200533,0.047664581826618216,0.024135789182164514,,
db15k_mhyper_native,D-N,test,Equal,normalized_endpoint,0,0,2,head,9902,0.23305716830018317,0.23890143635456398,-0.0058442680543808485,0.34861644112300544,0.43981013936578467,0.7884265804887901,0.06939442835964169,0.02419203864850365,0.018347770594122802,,
db15k_mhyper_native,D-N,test,Equal,normalized_endpoint,0,0,2,tail,9902,0.49398021447962764,0.5107206481914867,-0.016740433711859133,0.22672187436881439,0.30125227226822865,0.527974146637043,0.18084641748561656,0.04100183874522411,0.02426140503336498,,
db15k_mhyper_native,D-N,test,Equal,normalized_endpoint,0,0,3,head,9902,0.23189816946374853,0.23624346188841874,-0.0043452924246701755,0.36053322561098766,0.4389012320743284,0.7994344576853161,0.07025626082523283,0.025329716334688064,0.020984423910017886,,
db15k_mhyper_native,D-N,test,Equal,normalized_endpoint,0,0,3,tail,9902,0.48423049206590757,0.5107876037525095,-0.026557111686602016,0.25954352656029084,0.3058977984245607,0.5654413249848516,0.20695049952177974,0.0537126624692965,0.027155550782694486,,
db15k_mhyper_native,D-N,test,RRF,raw_endpoint,0,0,1,head,9902,0.22850829080708304,0.23653299600129352,-0.008024705194210504,0.4519289032518683,0.3659866693597253,0.8179155726115936,0.07034324229424466,0.03179014434121842,0.023765439147007916,,
db15k_mhyper_native,D-N,test,RRF,raw_endpoint,0,0,1,tail,9902,0.48384607566495336,0.514213806538398,-0.0303677308734445,0.3268026661280549,0.27196525954352657,0.5987679256715815,0.20231192171552081,0.06611607540612253,0.03574834453267804,,
db15k_mhyper_native,D-N,test,RRF,raw_endpoint,0,0,2,head,9902,0.22738156844540153,0.23890143635456398,-0.011519867909162453,0.4394061805695819,0.38406382548980006,0.8234700060593819,0.08069465530005428,0.035457730277775816,0.023937862368613363,,
db15k_mhyper_native,D-N,test,RRF,raw_endpoint,0,0,2,tail,9902,0.4798947131954315,0.5107206481914867,-0.030825934996055248,0.32922641890527166,0.2831751161381539,0.6124015350434255,0.20857793564255453,0.06866936681425245,0.03784343181819721,,
db15k_mhyper_native,D-N,test,RRF,raw_endpoint,0,0,3,head,9902,0.23018588151266847,0.23624346188841874,-0.00605758037575022,0.4395071702686326,0.38022621692587355,0.8197333871945062,0.06999952734100129,0.030765294181785256,0.024707713806035033,,
db15k_mhyper_native,D-N,test,RRF,raw_endpoint,0,0,3,tail,9902,0.47596191549232686,0.5107876037525095,-0.034825688260182744,0.3305392849929307,0.2888305392849929,0.6193698242779236,0.21774062240618086,0.07197182964405473,0.03714614138387199,,
db15k_mhyper_native,D-N,test,RRF,normalized_endpoint,0,0,1,head,9902,0.22850829080708304,0.23658350466609918,-0.008075213859016162,0.452029892950919,0.3659866693597253,0.8180165623106443,0.07043926408973424,0.031840653006024074,0.023765439147007916,,
db15k_mhyper_native,D-N,test,RRF,normalized_endpoint,0,0,1,tail,9902,0.48384607566495336,0.514213806538398,-0.0303677308734445,0.3268026661280549,0.27196525954352657,0.5987679256715815,0.20231192171552081,0.06611607540612253,0.03574834453267804,,
db15k_mhyper_native,D-N,test,RRF,normalized_endpoint,0,0,2,head,9902,0.22738156844540153,0.23890143635456398,-0.011519867909162453,0.4394061805695819,0.38406382548980006,0.8234700060593819,0.08069465530005428,0.035457730277775816,0.023937862368613363,,
db15k_mhyper_native,D-N,test,RRF,normalized_endpoint,0,0,2,tail,9902,0.4798947131954315,0.5107206481914867,-0.030825934996055248,0.32922641890527166,0.2831751161381539,0.6124015350434255,0.20857793564255453,0.06866936681425245,0.03784343181819721,,
db15k_mhyper_native,D-N,test,RRF,normalized_endpoint,0,0,3,head,9902,0.23018588151266847,0.23624346188841874,-0.00605758037575022,0.4395071702686326,0.38022621692587355,0.8197333871945062,0.06999952734100129,0.030765294181785256,0.024707713806035033,,
db15k_mhyper_native,D-N,test,RRF,normalized_endpoint,0,0,3,tail,9902,0.47596191549232686,0.5107876037525095,-0.034825688260182744,0.3305392849929307,0.2888305392849929,0.6193698242779236,0.21774062240618086,0.07197182964405473,0.03714614138387199,,
db15k_mhyper_adamf,D-A,dev,Global,raw_endpoint,0,7922,1,head,7922,0.2449198432926271,0.2449198432926271,0.0,0.0,0.0,0.0,,0.0,0.0,,
db15k_mhyper_adamf,D-A,dev,Global,raw_endpoint,0,7922,1,tail,7922,0.5233389126052985,0.5233389126052985,0.0,0.0,0.0,0.0,,0.0,0.0,,
db15k_mhyper_adamf,D-A,dev,Global,raw_endpoint,0,7922,2,head,7922,0.24360565349243948,0.24360565349243948,0.0,0.0,0.0,0.0,,0.0,0.0,,
db15k_mhyper_adamf,D-A,dev,Global,raw_endpoint,0,7922,2,tail,7922,0.52046899143685,0.52046899143685,0.0,0.0,0.0,0.0,,0.0,0.0,,
db15k_mhyper_adamf,D-A,dev,Global,raw_endpoint,0,7922,3,head,7922,0.24201739790637478,0.24201739790637478,0.0,0.0,0.0,0.0,,0.0,0.0,,
db15k_mhyper_adamf,D-A,dev,Global,raw_endpoint,1,7922,3,tail,7922,0.521171279411065,0.521171279411065,0.0,0.0,0.0,0.0,,0.0,0.0,,
db15k_mhyper_adamf,D-A,dev,Global,normalized_endpoint,0,7922,1,head,7922,0.2449198432926271,0.2449198432926271,0.0,0.0,0.0,0.0,,0.0,0.0,,
db15k_mhyper_adamf,D-A,dev,Global,normalized_endpoint,0,7922,1,tail,7922,0.5233389126052985,0.5233389126052985,0.0,0.0,0.0,0.0,,0.0,0.0,,
db15k_mhyper_adamf,D-A,dev,Global,normalized_endpoint,0,7922,2,head,7922,0.24360565349243948,0.24360565349243948,0.0,0.0,0.0,0.0,,0.0,0.0,,
db15k_mhyper_adamf,D-A,dev,Global,normalized_endpoint,0,7922,2,tail,7922,0.52046899143685,0.52046899143685,0.0,0.0,0.0,0.0,,0.0,0.0,,
db15k_mhyper_adamf,D-A,dev,Global,normalized_endpoint,0,7922,3,head,7922,0.24201739790637478,0.24201739790637478,0.0,0.0,0.0,0.0,,0.0,0.0,,
db15k_mhyper_adamf,D-A,dev,Global,normalized_endpoint,1,7922,3,tail,7922,0.5211712962823227,0.5211712962823227,0.0,0.0,0.0,0.0,,0.0,0.0,,
db15k_mhyper_adamf,D-A,dev,ADC,raw_endpoint,0,7877,1,head,7922,0.2448792535249109,0.2449198432926271,-4.058976771614253e-05,0.0013885382479171926,0.0036606917445089625,0.005049229992426155,0.2060154849791706,0.00028606038055678827,0.0002454706128406457,,
db15k_mhyper_adamf,D-A,dev,ADC,raw_endpoint,0,7912,1,tail,7922,0.5233350035400585,0.5233389126052985,-3.90906524004072e-06,0.00025246149962130775,0.0008836152486745772,0.0011360767482958849,0.26666666666666666,6.732306656568206e-05,6.341400132564137e-05,,
db15k_mhyper_adamf,D-A,dev,ADC,raw_endpoint,0,7866,2,head,7922,0.24403385503956454,0.24360565349243948,0.00042820154712508186,0.0018934612471598082,0.004418076243372886,0.006311537490532693,0.05335410358780797,0.00010102392752046447,0.0005292254746455463,,
db15k_mhyper_adamf,D-A,dev,ADC,raw_endpoint,0,7911,2,tail,7922,0.5204966790541147,0.52046899143685,2.76876172646008e-05,0.0005049229992426155,0.0007573844988639232,0.0012623074981065387,0.13214110582244082,6.672108347510266e-05,9.440870073970345e-05,,
db15k_mhyper_adamf,D-A,dev,ADC,raw_endpoint,0,7889,3,head,7922,0.24212000419406035,0.24201739790637478,0.0001026062876855658,0.001009845998485231,0.0022721534965917697,0.003281999495077001,0.11705750594782333,0.00011821005397407051,0.0002208163416596363,,
db15k_mhyper_adamf,D-A,dev,ADC,raw_endpoint,1,7914,3,tail,7922,0.5211824159741405,0.521171279411065,1.1136563075501318e-05,0.00012623074981065388,0.0003786922494319616,0.0005049229992426155,0.08333333333333331,1.051922915088782e-05,2.165579222638914e-05,,
db15k_mhyper_adamf,D-A,dev,ADC,normalized_endpoint,0,7877,1,head,7922,0.2448792535249109,0.2449198432926271,-4.058976771614253e-05,0.0013885382479171926,0.0036606917445089625,0.005049229992426155,0.2060154849791706,0.00028606038055678827,0.0002454706128406457,,
db15k_mhyper_adamf,D-A,dev,ADC,normalized_endpoint,0,7912,1,tail,7922,0.5233350035400585,0.5233389126052985,-3.90906524004072e-06,0.00025246149962130775,0.0008836152486745772,0.0011360767482958849,0.26666666666666666,6.732306656568206e-05,6.341400132564137e-05,,
db15k_mhyper_adamf,D-A,dev,ADC,normalized_endpoint,0,7866,2,head,7922,0.24403385503956454,0.24360565349243948,0.00042820154712508186,0.0018934612471598082,0.004418076243372886,0.006311537490532693,0.05335410358780797,0.00010102392752046447,0.0005292254746455463,,
db15k_mhyper_adamf,D-A,dev,ADC,normalized_endpoint,0,7911,2,tail,7922,0.5204966790541147,0.52046899143685,2.76876172646008e-05,0.0005049229992426155,0.0007573844988639232,0.0012623074981065387,0.13214110582244082,6.672108347510266e-05,9.440870073970345e-05,,
db15k_mhyper_adamf,D-A,dev,ADC,normalized_endpoint,0,7889,3,head,7922,0.24212000419406035,0.24201739790637478,0.0001026062876855658,0.001009845998485231,0.0022721534965917697,0.003281999495077001,0.11705750594782333,0.00011821005397407051,0.0002208163416596363,,
db15k_mhyper_adamf,D-A,dev,ADC,normalized_endpoint,1,7914,3,tail,7922,0.5211824328453981,0.5211712962823227,1.1136563075501318e-05,0.00012623074981065388,0.0003786922494319616,0.0005049229992426155,0.08333333333333331,1.051922915088782e-05,2.165579222638914e-05,,
db15k_mhyper_adamf,D-A,dev,Query-soft,raw_endpoint,0,0,1,head,7922,0.2178929645121533,0.2449198432926271,-0.02702687878047379,0.40431709164352436,0.42464024236303965,0.828957334006564,0.11067072452713073,0.04474606547089116,0.01771918669041737,,
db15k_mhyper_adamf,D-A,dev,Query-soft,raw_endpoint,0,0,1,tail,7922,0.47474416980129525,0.5233389126052985,-0.04859474280400328,0.29575864680636205,0.2912143398131785,0.5869729866195406,0.24259661460189946,0.07175004645446233,0.02315530365045904,,
db15k_mhyper_adamf,D-A,dev,Query-soft,raw_endpoint,0,0,2,head,7922,0.21553422966399385,0.24360565349243948,-0.028071423828445623,0.4029285533956072,0.4342337793486493,0.8371623327442566,0.11849065862439752,0.047743269670421216,0.019671845841975597,,
db15k_mhyper_adamf,D-A,dev,Query-soft,raw_endpoint,0,0,2,tail,7922,0.46997434692008927,0.52046899143685,-0.05049464451676085,0.2942438778086342,0.3044685685432971,0.5987124463519313,0.2565918699609972,0.07550058683149262,0.025005942314731765,,
db15k_mhyper_adamf,D-A,dev,Query-soft,raw_endpoint,0,0,3,head,7922,0.2202977184779894,0.24201739790637478,-0.021719679428385392,0.3846250946730624,0.4368846250946731,0.8215097197677355,0.10710105989833613,0.041193755302982846,0.01947407587459746,,
db15k_mhyper_adamf,D-A,dev,Query-soft,raw_endpoint,0,0,3,tail,7922,0.4812713025431063,0.521171279411065,-0.039899976867958625,0.26786165109820753,0.3082554910376168,0.5761171421358243,0.23971318460037447,0.06420996941706572,0.024309992549107096,,
db15k_mhyper_adamf,D-A,dev,Query-soft,normalized_endpoint,0,0,1,head,7922,0.2178929645121533,0.2449198432926271,-0.02702687878047379,0.40431709164352436,0.42464024236303965,0.828957334006564,0.11067072452713073,0.04474606547089116,0.01771918669041737,,
db15k_mhyper_adamf,D-A,dev,Query-soft,normalized_endpoint,0,0,1,tail,7922,0.47474416980129525,0.5233389126052985,-0.04859474280400328,0.29575864680636205,0.2912143398131785,0.5869729866195406,0.24259661460189946,0.07175004645446233,0.02315530365045904,,
db15k_mhyper_adamf,D-A,dev,Query-soft,normalized_endpoint,0,0,2,head,7922,0.21553422966399385,0.24360565349243948,-0.028071423828445623,0.4029285533956072,0.4342337793486493,0.8371623327442566,0.11849065862439752,0.047743269670421216,0.019671845841975597,,
db15k_mhyper_adamf,D-A,dev,Query-soft,normalized_endpoint,0,0,2,tail,7922,0.46997434692008927,0.52046899143685,-0.05049464451676085,0.2942438778086342,0.3044685685432971,0.5987124463519313,0.2565918699609972,0.07550058683149262,0.025005942314731765,,
db15k_mhyper_adamf,D-A,dev,Query-soft,normalized_endpoint,0,0,3,head,7922,0.2202977184779894,0.24201739790637478,-0.021719679428385392,0.3846250946730624,0.4368846250946731,0.8215097197677355,0.10710105989833613,0.041193755302982846,0.01947407587459746,,
db15k_mhyper_adamf,D-A,dev,Query-soft,normalized_endpoint,0,0,3,tail,7922,0.4812713025431063,0.5211712962823227,-0.03989999373921628,0.26786165109820753,0.3082554910376168,0.5761171421358243,0.23971318460037447,0.06420996941706572,0.024309975677849437,,
db15k_mhyper_adamf,D-A,dev,Relation,raw_endpoint,0,6593,1,head,7922,0.24595357386309039,0.2449198432926271,0.001033730570463303,0.03988891694016662,0.08369098712446352,0.12357990406463014,0.05299983167357127,0.0021141058834698964,0.0031478364539331994,,
db15k_mhyper_adamf,D-A,dev,Relation,raw_endpoint,0,6593,1,tail,7922,0.5245316429752338,0.5233389126052985,0.001192730369935327,0.034334763948497854,0.0522595304216107,0.08659429437010856,0.0838118263331042,0.0028776592732396283,0.004070389643174956,,
db15k_mhyper_adamf,D-A,dev,Relation,raw_endpoint,0,6593,2,head,7922,0.24493075180853835,0.24360565349243948,0.0013250983160988776,0.04026760918959859,0.08507952537238071,0.1253471345619793,0.05062063924457598,0.002038372118028242,0.00336347043412712,,
db15k_mhyper_adamf,D-A,dev,Relation,raw_endpoint,0,6593,2,tail,7922,0.5217176722664153,0.52046899143685,0.0012486808295652308,0.031683918202474126,0.059202221661196666,0.09088613986367079,0.09852677514728725,0.0031217142845202093,0.004370395114085439,,
db15k_mhyper_adamf,D-A,dev,Relation,raw_endpoint,0,6593,3,head,7922,0.2431629450013707,0.24201739790637478,0.0011455470949959324,0.03685937894471093,0.08848775561726836,0.1253471345619793,0.06089609887721141,0.0022445923847697214,0.0033901394797656538,,
db15k_mhyper_adamf,D-A,dev,Relation,raw_endpoint,1,6593,3,tail,7922,0.5228165598162012,0.521171279411065,0.0016452804051363243,0.030169149204746275,0.05983337541024994,0.09000252461499621,0.0976314311303576,0.002945457212844669,0.004590737617980993,,
db15k_mhyper_adamf,D-A,dev,Relation,normalized_endpoint,0,6593,1,head,7922,0.24595357386309039,0.2449198432926271,0.001033730570463303,0.03988891694016662,0.08369098712446352,0.12357990406463014,0.05299983167357127,0.0021141058834698964,0.0031478364539331994,,
db15k_mhyper_adamf,D-A,dev,Relation,normalized_endpoint,0,6593,1,tail,7922,0.5245316429752338,0.5233389126052985,0.001192730369935327,0.034334763948497854,0.0522595304216107,0.08659429437010856,0.0838118263331042,0.0028776592732396283,0.004070389643174956,,
db15k_mhyper_adamf,D-A,dev,Relation,normalized_endpoint,0,6593,2,head,7922,0.24493075180853835,0.24360565349243948,0.0013250983160988776,0.04026760918959859,0.08507952537238071,0.1253471345619793,0.05062063924457598,0.002038372118028242,0.00336347043412712,,
db15k_mhyper_adamf,D-A,dev,Relation,normalized_endpoint,0,6593,2,tail,7922,0.5217176722664153,0.52046899143685,0.0012486808295652308,0.031683918202474126,0.059202221661196666,0.09088613986367079,0.09852677514728725,0.0031217142845202093,0.004370395114085439,,
db15k_mhyper_adamf,D-A,dev,Relation,normalized_endpoint,0,6593,3,head,7922,0.2431629450013707,0.24201739790637478,0.0011455470949959324,0.03685937894471093,0.08848775561726836,0.1253471345619793,0.06089609887721141,0.0022445923847697214,0.0033901394797656538,,
db15k_mhyper_adamf,D-A,dev,Relation,normalized_endpoint,1,6593,3,tail,7922,0.522816576687459,0.5211712962823227,0.0016452804051363243,0.030169149204746275,0.05983337541024994,0.09000252461499621,0.0976314311303576,0.002945457212844669,0.004590737617980993,,
db15k_mhyper_adamf,D-A,dev,Equal,raw_endpoint,0,0,1,head,7922,0.21836473854048102,0.2449198432926271,-0.02655510475214606,0.4009088613986367,0.42464024236303965,0.8255491037616763,0.10723418396378052,0.0429911345959312,0.016436029843785133,,
db15k_mhyper_adamf,D-A,dev,Equal,raw_endpoint,0,0,1,tail,7922,0.47314237480670424,0.5233389126052985,-0.050196537798594315,0.3035849532946226,0.29411764705882354,0.5977026003534461,0.24683195485969833,0.0749344674877019,0.02473792968910759,,
db15k_mhyper_adamf,D-A,dev,Equal,raw_endpoint,0,0,2,head,7922,0.21864028422023593,0.24360565349243948,-0.024965369272203553,0.39472355465791464,0.4337288563494067,0.8284524110073214,0.11154644719448598,0.04403001014606888,0.019064640873865328,,
db15k_mhyper_adamf,D-A,dev,Equal,raw_endpoint,0,0,2,tail,7922,0.4690428059615661,0.52046899143685,-0.05142618547528395,0.2980308003029538,0.3040898762938652,0.602120676596819,0.25906298392892113,0.07720874842920762,0.025782562953923668,,
db15k_mhyper_adamf,D-A,dev,Equal,raw_endpoint,0,0,3,head,7922,0.2219075548002656,0.24201739790637478,-0.020109843106109207,0.38197424892703863,0.43499116384751324,0.8169654127745519,0.1019244457785702,0.03893251362357402,0.018822670517464814,,
db15k_mhyper_adamf,D-A,dev,Equal,raw_endpoint,0,0,3,tail,7922,0.478219285232333,0.521171279411065,-0.04295199417873195,0.27631911133552134,0.30977026003534464,0.5860893713708659,0.2471427816126579,0.06829027378819846,0.025338279609466496,,
db15k_mhyper_adamf,D-A,dev,Equal,normalized_endpoint,0,0,1,head,7922,0.21836473854048102,0.2449198432926271,-0.02655510475214606,0.4009088613986367,0.42464024236303965,0.8255491037616763,0.10723418396378052,0.0429911345959312,0.016436029843785133,,
db15k_mhyper_adamf,D-A,dev,Equal,normalized_endpoint,0,0,1,tail,7922,0.47314237480670424,0.5233389126052985,-0.050196537798594315,0.3035849532946226,0.29411764705882354,0.5977026003534461,0.24683195485969833,0.0749344674877019,0.02473792968910759,,
db15k_mhyper_adamf,D-A,dev,Equal,normalized_endpoint,0,0,2,head,7922,0.21864028422023593,0.24360565349243948,-0.024965369272203553,0.39472355465791464,0.4337288563494067,0.8284524110073214,0.11154644719448598,0.04403001014606888,0.019064640873865328,,
db15k_mhyper_adamf,D-A,dev,Equal,normalized_endpoint,0,0,2,tail,7922,0.4690428059615661,0.52046899143685,-0.05142618547528395,0.2980308003029538,0.3040898762938652,0.602120676596819,0.25906298392892113,0.07720874842920762,0.025782562953923668,,
db15k_mhyper_adamf,D-A,dev,Equal,normalized_endpoint,0,0,3,head,7922,0.2219075548002656,0.24201739790637478,-0.020109843106109207,0.38197424892703863,0.43499116384751324,0.8169654127745519,0.1019244457785702,0.03893251362357402,0.018822670517464814,,
db15k_mhyper_adamf,D-A,dev,Equal,normalized_endpoint,0,0,3,tail,7922,0.478219285232333,0.5211712962823227,-0.04295201104998962,0.27631911133552134,0.30977026003534464,0.5860893713708659,0.2471427816126579,0.06829027378819846,0.025338262738208835,,
db15k_mhyper_adamf,D-A,dev,RRF,raw_endpoint,0,0,1,head,7922,0.21179149128560595,0.2449198432926271,-0.033128352007021175,0.47525877303711184,0.36543802070184295,0.8406967937389548,0.11024447715096887,0.05239465494488738,0.019266302937866204,,
db15k_mhyper_adamf,D-A,dev,RRF,raw_endpoint,0,0,1,tail,7922,0.45962160408790054,0.5233389126052985,-0.06371730851739801,0.37086594294370107,0.28098964907851554,0.6518555920222167,0.2598433778082673,0.09636705932853942,0.03264975081114141,,
db15k_mhyper_adamf,D-A,dev,RRF,raw_endpoint,0,0,2,head,7922,0.210402490554741,0.24360565349243948,-0.033203162937698504,0.47058823529411764,0.37970209543044686,0.8502903307245645,0.11645679605572719,0.05480319814387161,0.02160003520617311,,
db15k_mhyper_adamf,D-A,dev,RRF,raw_endpoint,0,0,2,tail,7922,0.45424382753683523,0.52046899143685,-0.06622516390001489,0.3702347891946478,0.28805857106791216,0.6582933602625599,0.2701619792144289,0.1000233634228629,0.03379819952284801,,
db15k_mhyper_adamf,D-A,dev,RRF,raw_endpoint,0,0,3,head,7922,0.21730284649814102,0.24201739790637478,-0.024714551408233768,0.45607169906589246,0.3770512496844231,0.8331229487503156,0.10200018031673862,0.04651939554208238,0.02180484413384861,,
db15k_mhyper_adamf,D-A,dev,RRF,raw_endpoint,0,0,3,tail,7922,0.46580092240281157,0.521171279411065,-0.05537035700825342,0.3500378692249432,0.2904569553143146,0.6404948245392578,0.2590921688036471,0.09069207070089795,0.035321713692644516,,
db15k_mhyper_adamf,D-A,dev,RRF,normalized_endpoint,0,0,1,head,7922,0.21179149128560595,0.2449198432926271,-0.033128352007021175,0.47525877303711184,0.36543802070184295,0.8406967937389548,0.11024447715096887,0.05239465494488738,0.019266302937866204,,
db15k_mhyper_adamf,D-A,dev,RRF,normalized_endpoint,0,0,1,tail,7922,0.45962160408790054,0.5233389126052985,-0.06371730851739801,0.37086594294370107,0.28098964907851554,0.6518555920222167,0.2598433778082673,0.09636705932853942,0.03264975081114141,,
db15k_mhyper_adamf,D-A,dev,RRF,normalized_endpoint,0,0,2,head,7922,0.210402490554741,0.24360565349243948,-0.033203162937698504,0.47058823529411764,0.37970209543044686,0.8502903307245645,0.11645679605572719,0.05480319814387161,0.02160003520617311,,
db15k_mhyper_adamf,D-A,dev,RRF,normalized_endpoint,0,0,2,tail,7922,0.45424382753683523,0.52046899143685,-0.06622516390001489,0.3702347891946478,0.28805857106791216,0.6582933602625599,0.2701619792144289,0.1000233634228629,0.03379819952284801,,
db15k_mhyper_adamf,D-A,dev,RRF,normalized_endpoint,0,0,3,head,7922,0.21730284649814102,0.24201739790637478,-0.024714551408233768,0.45607169906589246,0.3770512496844231,0.8331229487503156,0.10200018031673862,0.04651939554208238,0.02180484413384861,,
db15k_mhyper_adamf,D-A,dev,RRF,normalized_endpoint,0,0,3,tail,7922,0.46580092240281157,0.5211712962823227,-0.05537037387951108,0.3500378692249432,0.2904569553143146,0.6404948245392578,0.2590922170020255,0.0906920875721556,0.035321713692644516,,
db15k_mhyper_adamf,D-A,test,Global,raw_endpoint,2,9902,1,head,9902,0.23653299600129352,0.23653299600129352,0.0,0.0,0.0,0.0,,0.0,0.0,,
db15k_mhyper_adamf,D-A,test,Global,raw_endpoint,0,9902,1,tail,9902,0.514213806538398,0.514213806538398,0.0,0.0,0.0,0.0,,0.0,0.0,,
db15k_mhyper_adamf,D-A,test,Global,raw_endpoint,0,9902,2,head,9902,0.23890143635456398,0.23890143635456398,0.0,0.0,0.0,0.0,,0.0,0.0,,
db15k_mhyper_adamf,D-A,test,Global,raw_endpoint,0,9902,2,tail,9902,0.5107206481914867,0.5107206481914867,0.0,0.0,0.0,0.0,,0.0,0.0,,
db15k_mhyper_adamf,D-A,test,Global,raw_endpoint,0,9902,3,head,9902,0.23624346188841874,0.23624346188841874,0.0,0.0,0.0,0.0,,0.0,0.0,,
db15k_mhyper_adamf,D-A,test,Global,raw_endpoint,0,9902,3,tail,9902,0.5107876037525095,0.5107876037525095,0.0,0.0,0.0,0.0,,0.0,0.0,,
db15k_mhyper_adamf,D-A,test,Global,normalized_endpoint,2,9902,1,head,9902,0.23658350466609918,0.23658350466609918,0.0,0.0,0.0,0.0,,0.0,0.0,,
db15k_mhyper_adamf,D-A,test,Global,normalized_endpoint,0,9902,1,tail,9902,0.514213806538398,0.514213806538398,0.0,0.0,0.0,0.0,,0.0,0.0,,
db15k_mhyper_adamf,D-A,test,Global,normalized_endpoint,0,9902,2,head,9902,0.23890143635456398,0.23890143635456398,0.0,0.0,0.0,0.0,,0.0,0.0,,
db15k_mhyper_adamf,D-A,test,Global,normalized_endpoint,0,9902,2,tail,9902,0.5107206481914867,0.5107206481914867,0.0,0.0,0.0,0.0,,0.0,0.0,,
db15k_mhyper_adamf,D-A,test,Global,normalized_endpoint,0,9902,3,head,9902,0.23624346188841874,0.23624346188841874,0.0,0.0,0.0,0.0,,0.0,0.0,,
db15k_mhyper_adamf,D-A,test,Global,normalized_endpoint,0,9902,3,tail,9902,0.5107876037525095,0.5107876037525095,0.0,0.0,0.0,0.0,,0.0,0.0,,
db15k_mhyper_adamf,D-A,test,ADC,raw_endpoint,2,9832,1,head,9902,0.23682169109817247,0.23653299600129352,0.000288695096878944,0.0016158351848111492,0.004544536457281357,0.006160371642092506,0.01789771972539589,2.8919765260183224e-05,0.0003176148621391273,,
db15k_mhyper_adamf,D-A,test,ADC,raw_endpoint,0,9890,1,tail,9902,0.5143112765589644,0.514213806538398,9.747002056649808e-05,0.0003029690971520905,0.0007069278933548778,0.0010098969905069683,0.005970401633855785,1.808847192644653e-06,9.927886775914272e-05,,
db15k_mhyper_adamf,D-A,test,ADC,raw_endpoint,0,9808,2,head,9902,0.2394356367356123,0.23890143635456398,0.0005342003810482885,0.0013128660876590588,0.006463340739244597,0.007776206826903656,0.01120781807866365,1.4714364272129618e-05,0.0005489147453204182,,
db15k_mhyper_adamf,D-A,test,ADC,raw_endpoint,0,9875,2,tail,9902,0.5108618897337908,0.5107206481914867,0.0001412415423039399,0.0005049484952534841,0.0017168248838618462,0.00222177337911533,0.10365343895556382,5.233964802846083e-05,0.00019358119033240076,,
db15k_mhyper_adamf,D-A,test,ADC,raw_endpoint,0,9850,3,head,9902,0.23642910321809926,0.23624346188841874,0.00018564132968051247,0.0013128660876590588,0.003635629165825086,0.004948495253484145,0.14555391442148485,0.00019109279816999634,0.00037673412785050876,,
db15k_mhyper_adamf,D-A,test,ADC,raw_endpoint,0,9890,3,tail,9902,0.5108096769179173,0.5107876037525095,2.2073165407811014e-05,0.000605938194304181,0.0005049484952534841,0.001110886689557665,0.001839176586456357,1.1144273398038923e-06,2.3187592747614904e-05,,
db15k_mhyper_adamf,D-A,test,ADC,normalized_endpoint,2,9832,1,head,9902,0.23687219976297813,0.23658350466609918,0.000288695096878944,0.0016158351848111492,0.004544536457281357,0.006160371642092506,0.01789771972539589,2.8919765260183224e-05,0.0003176148621391273,,
db15k_mhyper_adamf,D-A,test,ADC,normalized_endpoint,0,9890,1,tail,9902,0.5143112765589644,0.514213806538398,9.747002056649808e-05,0.0003029690971520905,0.0007069278933548778,0.0010098969905069683,0.005970401633855785,1.808847192644653e-06,9.927886775914272e-05,,
db15k_mhyper_adamf,D-A,test,ADC,normalized_endpoint,0,9808,2,head,9902,0.2394356367356123,0.23890143635456398,0.0005342003810482885,0.0013128660876590588,0.006463340739244597,0.007776206826903656,0.01120781807866365,1.4714364272129618e-05,0.0005489147453204182,,
db15k_mhyper_adamf,D-A,test,ADC,normalized_endpoint,0,9875,2,tail,9902,0.5108618897337908,0.5107206481914867,0.0001412415423039399,0.0005049484952534841,0.0017168248838618462,0.00222177337911533,0.10365343895556382,5.233964802846083e-05,0.00019358119033240076,,
db15k_mhyper_adamf,D-A,test,ADC,normalized_endpoint,0,9850,3,head,9902,0.23642910321809926,0.23624346188841874,0.00018564132968051247,0.0013128660876590588,0.003635629165825086,0.004948495253484145,0.14555391442148485,0.00019109279816999634,0.00037673412785050876,,
db15k_mhyper_adamf,D-A,test,ADC,normalized_endpoint,0,9890,3,tail,9902,0.5108096769179173,0.5107876037525095,2.2073165407811014e-05,0.000605938194304181,0.0005049484952534841,0.001110886689557665,0.001839176586456357,1.1144273398038923e-06,2.3187592747614904e-05,,
db15k_mhyper_adamf,D-A,test,Query-soft,raw_endpoint,0,0,1,head,9902,0.21398907296936998,0.23653299600129352,-0.02254392303192357,0.4078973944657645,0.42163199353665926,0.8295293880024237,0.10021391370482542,0.04087699428941526,0.01833307125749169,,
db15k_mhyper_adamf,D-A,test,Query-soft,raw_endpoint,0,0,1,tail,9902,0.464789048176515,0.514213806538398,-0.04942475836188291,0.2926681478489194,0.29832357099575846,0.5909917188446778,0.24776157497771548,0.07251192125685917,0.02308716289497625,,
db15k_mhyper_adamf,D-A,test,Query-soft,raw_endpoint,0,0,2,head,9902,0.20799825861434784,0.23890143635456398,-0.030903177740216156,0.40991718844677844,0.4326398707331852,0.8425570591799636,0.11858046729713857,0.0486081717591482,0.01770499401893204,,
db15k_mhyper_adamf,D-A,test,Query-soft,raw_endpoint,0,0,2,tail,9902,0.4604287535317772,0.5107206481914867,-0.05029189465970963,0.2984245606948091,0.30710967481316903,0.6055342355079781,0.2509708609554608,0.0748958689278314,0.02460397426812178,,
db15k_mhyper_adamf,D-A,test,Query-soft,raw_endpoint,0,0,3,head,9902,0.21589444978044464,0.23624346188841874,-0.020349012107974088,0.38840638254898,0.4369824277923652,0.8253888103413451,0.10130570648273007,0.039347782986525935,0.018998770878551847,,
db15k_mhyper_adamf,D-A,test,Query-soft,raw_endpoint,0,0,3,tail,9902,0.4694613406785416,0.5107876037525095,-0.04132626307396795,0.2757018784084023,0.3099373863865886,0.585639264794991,0.2398371395086528,0.06612354987463362,0.024797286800665674,,
db15k_mhyper_adamf,D-A,test,Query-soft,normalized_endpoint,0,0,1,head,9902,0.21398907296936998,0.23658350466609918,-0.022594431696729225,0.4078973944657645,0.42153100383760855,0.829428398303373,0.10021391370482542,0.04087699428941526,0.018282562592686038,,
db15k_mhyper_adamf,D-A,test,Query-soft,normalized_endpoint,0,0,1,tail,9902,0.464789048176515,0.514213806538398,-0.04942475836188291,0.2926681478489194,0.29832357099575846,0.5909917188446778,0.24776157497771548,0.07251192125685917,0.02308716289497625,,
db15k_mhyper_adamf,D-A,test,Query-soft,normalized_endpoint,0,0,2,head,9902,0.20799825861434784,0.23890143635456398,-0.030903177740216156,0.40991718844677844,0.4326398707331852,0.8425570591799636,0.11858046729713857,0.0486081717591482,0.01770499401893204,,
db15k_mhyper_adamf,D-A,test,Query-soft,normalized_endpoint,0,0,2,tail,9902,0.4604287535317772,0.5107206481914867,-0.05029189465970963,0.2984245606948091,0.30710967481316903,0.6055342355079781,0.2509708609554608,0.0748958689278314,0.02460397426812178,,
db15k_mhyper_adamf,D-A,test,Query-soft,normalized_endpoint,0,0,3,head,9902,0.21589444978044464,0.23624346188841874,-0.020349012107974088,0.38840638254898,0.4369824277923652,0.8253888103413451,0.10130570648273007,0.039347782986525935,0.018998770878551847,,
db15k_mhyper_adamf,D-A,test,Query-soft,normalized_endpoint,0,0,3,tail,9902,0.4694613406785416,0.5107876037525095,-0.04132626307396795,0.2757018784084023,0.3099373863865886,0.585639264794991,0.2398371395086528,0.06612354987463362,0.024797286800665674,,
db15k_mhyper_adamf,D-A,test,Relation,raw_endpoint,2,8200,1,head,9902,0.23539899548089074,0.23653299600129352,-0.0011340005204027775,0.0414057766107857,0.08513431629973743,0.12654009291052312,0.06809408604696301,0.0028194885153761703,0.0016854879949733928,,
db15k_mhyper_adamf,D-A,test,Relation,raw_endpoint,0,8200,1,tail,9902,0.5122967102759377,0.514213806538398,-0.0019170962624602192,0.03696222985255504,0.05514037568168047,0.09210260553423551,0.1320300244362777,0.004880124110652155,0.0029630278481919364,,
db15k_mhyper_adamf,D-A,test,Relation,raw_endpoint,0,8200,2,head,9902,0.236959374734586,0.23890143635456398,-0.0019420616199779992,0.044637446980407995,0.08563926479499091,0.1302767117753989,0.07708538403948137,0.0034408947430267386,0.0014988331230487396,,
db15k_mhyper_adamf,D-A,test,Relation,raw_endpoint,0,8200,2,tail,9902,0.5093455482328457,0.5107206481914867,-0.0013750999586410043,0.03726519894970713,0.05695819026459301,0.09422338921430014,0.13073390707760585,0.004871825056719507,0.003496725098078503,,
db15k_mhyper_adamf,D-A,test,Relation,raw_endpoint,0,8200,3,head,9902,0.23513751717279713,0.23624346188841874,-0.001105944715621614,0.041607756008887095,0.08856796606746112,0.1301757220763482,0.07055591908781109,0.0029356734663884233,0.0018297287507668095,,
db15k_mhyper_adamf,D-A,test,Relation,raw_endpoint,0,8200,3,tail,9902,0.5099347086209959,0.5107876037525095,-0.0008528951315135982,0.03766915774590992,0.055342355079781864,0.09301151282569178,0.11562136359836436,0.004355359384183993,0.0035024642526703957,,
db15k_mhyper_adamf,D-A,test,Relation,normalized_endpoint,2,8200,1,head,9902,0.2354495041456964,0.23658350466609918,-0.0011340005204027775,0.0414057766107857,0.08513431629973743,0.12654009291052312,0.06809408604696301,0.0028194885153761703,0.0016854879949733928,,
db15k_mhyper_adamf,D-A,test,Relation,normalized_endpoint,0,8200,1,tail,9902,0.5122967102759377,0.514213806538398,-0.0019170962624602192,0.03696222985255504,0.05514037568168047,0.09210260553423551,0.1320300244362777,0.004880124110652155,0.0029630278481919364,,
db15k_mhyper_adamf,D-A,test,Relation,normalized_endpoint,0,8200,2,head,9902,0.236959374734586,0.23890143635456398,-0.0019420616199779992,0.044637446980407995,0.08563926479499091,0.1302767117753989,0.07708538403948137,0.0034408947430267386,0.0014988331230487396,,
db15k_mhyper_adamf,D-A,test,Relation,normalized_endpoint,0,8200,2,tail,9902,0.5093455482328457,0.5107206481914867,-0.0013750999586410043,0.03726519894970713,0.05695819026459301,0.09422338921430014,0.13073390707760585,0.004871825056719507,0.003496725098078503,,
db15k_mhyper_adamf,D-A,test,Relation,normalized_endpoint,0,8200,3,head,9902,0.23513751717279713,0.23624346188841874,-0.001105944715621614,0.041607756008887095,0.08856796606746112,0.1301757220763482,0.07055591908781109,0.0029356734663884233,0.0018297287507668095,,
db15k_mhyper_adamf,D-A,test,Relation,normalized_endpoint,0,8200,3,tail,9902,0.5099347086209959,0.5107876037525095,-0.0008528951315135982,0.03766915774590992,0.055342355079781864,0.09301151282569178,0.11562136359836436,0.004355359384183993,0.0035024642526703957,,
db15k_mhyper_adamf,D-A,test,Equal,raw_endpoint,0,0,1,head,9902,0.21439898125416496,0.23653299600129352,-0.022134014747128547,0.40688749747525754,0.4195112098565946,0.8263987073318522,0.09793739586237334,0.03984950191168472,0.017715487164556173,,
db15k_mhyper_adamf,D-A,test,Equal,raw_endpoint,0,0,1,tail,9902,0.46307067098315585,0.514213806538398,-0.051143135555241984,0.2998384164815189,0.2992324782872147,0.5990708947687335,0.25012452619496334,0.074996941857488,0.02385380630224601,,
db15k_mhyper_adamf,D-A,test,Equal,raw_endpoint,0,0,2,head,9902,0.20875525348596624,0.23890143635456398,-0.03014618286859775,0.40517067259139566,0.43183195314077966,0.8370026257321753,0.11521868624524065,0.04668323260108115,0.016537049732483395,,
db15k_mhyper_adamf,D-A,test,Equal,raw_endpoint,0,0,2,tail,9902,0.45821089727074926,0.5107206481914867,-0.05250975092073738,0.3064027469198142,0.30630175722076347,0.6127045041405776,0.25314399158449313,0.07756401438773501,0.02505426346699764,,
db15k_mhyper_adamf,D-A,test,Equal,raw_endpoint,0,0,3,head,9902,0.2166772135626842,0.23624346188841874,-0.01956624832573452,0.38860836194708137,0.4328418501312866,0.821450212078368,0.09756094005809396,0.037912997105993294,0.018346748780258777,,
db15k_mhyper_adamf,D-A,test,Equal,raw_endpoint,0,0,3,tail,9902,0.46753714562097876,0.5107876037525095,-0.043250458131530854,0.28630579680872553,0.3115532215713997,0.5978590183801252,0.24177541050602938,0.06922170155368544,0.025971243422154584,,
db15k_mhyper_adamf,D-A,test,Equal,normalized_endpoint,0,0,1,head,9902,0.21439898125416496,0.23658350466609918,-0.022184523411934203,0.40688749747525754,0.4194102201575439,0.8262977176328015,0.09793739586237334,0.03984950191168472,0.017664978499750517,,
db15k_mhyper_adamf,D-A,test,Equal,normalized_endpoint,0,0,1,tail,9902,0.46307067098315585,0.514213806538398,-0.051143135555241984,0.2998384164815189,0.2992324782872147,0.5990708947687335,0.25012452619496334,0.074996941857488,0.02385380630224601,,
db15k_mhyper_adamf,D-A,test,Equal,normalized_endpoint,0,0,2,head,9902,0.20875525348596624,0.23890143635456398,-0.03014618286859775,0.40517067259139566,0.43183195314077966,0.8370026257321753,0.11521868624524065,0.04668323260108115,0.016537049732483395,,
db15k_mhyper_adamf,D-A,test,Equal,normalized_endpoint,0,0,2,tail,9902,0.45821089727074926,0.5107206481914867,-0.05250975092073738,0.3064027469198142,0.30630175722076347,0.6127045041405776,0.25314399158449313,0.07756401438773501,0.02505426346699764,,
db15k_mhyper_adamf,D-A,test,Equal,normalized_endpoint,0,0,3,head,9902,0.2166772135626842,0.23624346188841874,-0.01956624832573452,0.38860836194708137,0.4328418501312866,0.821450212078368,0.09756094005809396,0.037912997105993294,0.018346748780258777,,
db15k_mhyper_adamf,D-A,test,Equal,normalized_endpoint,0,0,3,tail,9902,0.46753714562097876,0.5107876037525095,-0.043250458131530854,0.28630579680872553,0.3115532215713997,0.5978590183801252,0.24177541050602938,0.06922170155368544,0.025971243422154584,,
db15k_mhyper_adamf,D-A,test,RRF,raw_endpoint,0,0,1,head,9902,0.20684643460585037,0.23653299600129352,-0.02968656139544313,0.4818218541708746,0.366087659058776,0.8479095132296506,0.10248639229087904,0.049380183560874966,0.01969362216543183,,
db15k_mhyper_adamf,D-A,test,RRF,raw_endpoint,0,0,1,tail,9902,0.4467573362533222,0.514213806538398,-0.06745647028507569,0.3747727731771359,0.28529589981821857,0.6600686729953544,0.2644684400401038,0.09911557069166078,0.031659100406585095,,
db15k_mhyper_adamf,D-A,test,RRF,raw_endpoint,0,0,2,head,9902,0.20258806063343746,0.23890143635456398,-0.036313375721126535,0.4781862250050495,0.3757826701676429,0.8539688951726924,0.11561396570764099,0.05528500581960009,0.018971630098473555,,
db15k_mhyper_adamf,D-A,test,RRF,raw_endpoint,0,0,2,tail,9902,0.4406473609385631,0.5107206481914867,-0.07007328725292364,0.3821450212078368,0.29509190062613616,0.6772369218339729,0.2723531809267541,0.10407841210127626,0.034005124848352615,,
db15k_mhyper_adamf,D-A,test,RRF,raw_endpoint,0,0,3,head,9902,0.2110728256590046,0.23624346188841874,-0.025170636229414147,0.46263381135124215,0.37739850535245406,0.8400323167036963,0.09789266445313226,0.04528845645928084,0.020117820229866693,,
db15k_mhyper_adamf,D-A,test,RRF,raw_endpoint,0,0,3,tail,9902,0.45279313452674463,0.5107876037525095,-0.057994469225764955,0.36043223591193696,0.29428398303373055,0.6547162189456676,0.2559707991203369,0.0922601274551083,0.03426565822934333,,
db15k_mhyper_adamf,D-A,test,RRF,normalized_endpoint,0,0,1,head,9902,0.20684643460585037,0.23658350466609918,-0.029737070060248786,0.4819228438699253,0.366087659058776,0.8480105029287013,0.10256969354982898,0.04943067841040032,0.01969360835015152,,
db15k_mhyper_adamf,D-A,test,RRF,normalized_endpoint,0,0,1,tail,9902,0.4467573362533222,0.514213806538398,-0.06745647028507569,0.3747727731771359,0.28529589981821857,0.6600686729953544,0.2644684400401038,0.09911557069166078,0.031659100406585095,,
db15k_mhyper_adamf,D-A,test,RRF,normalized_endpoint,0,0,2,head,9902,0.20258806063343746,0.23890143635456398,-0.036313375721126535,0.4781862250050495,0.3757826701676429,0.8539688951726924,0.11561396570764099,0.05528500581960009,0.018971630098473555,,
db15k_mhyper_adamf,D-A,test,RRF,normalized_endpoint,0,0,2,tail,9902,0.4406473609385631,0.5107206481914867,-0.07007328725292364,0.3821450212078368,0.29509190062613616,0.6772369218339729,0.2723531809267541,0.10407841210127626,0.034005124848352615,,
db15k_mhyper_adamf,D-A,test,RRF,normalized_endpoint,0,0,3,head,9902,0.2110728256590046,0.23624346188841874,-0.025170636229414147,0.46263381135124215,0.37739850535245406,0.8400323167036963,0.09789266445313226,0.04528845645928084,0.020117820229866693,,
db15k_mhyper_adamf,D-A,test,RRF,normalized_endpoint,0,0,3,tail,9902,0.45279313452674463,0.5107876037525095,-0.057994469225764955,0.36043223591193696,0.29428398303373055,0.6547162189456676,0.2559707991203369,0.0922601274551083,0.03426565822934333,,
mkgw_native_adamf,W-NA,dev,Global,raw_endpoint,0,0,1,head,4276,0.18375953866474742,0.18375953866474742,0.0,0.0,0.0,0.0,,0.0,0.0,,
mkgw_native_adamf,W-NA,dev,Global,raw_endpoint,0,0,1,tail,4276,0.48596679661704495,0.48596679661704495,0.0,0.0,0.0,0.0,,0.0,0.0,,
mkgw_native_adamf,W-NA,dev,Global,raw_endpoint,0,0,2,head,4276,0.17935929031414813,0.17935929031414813,0.0,0.0,0.0,0.0,,0.0,0.0,,
mkgw_native_adamf,W-NA,dev,Global,raw_endpoint,0,0,2,tail,4276,0.48796455048416837,0.48796455048416837,0.0,0.0,0.0,0.0,,0.0,0.0,,
mkgw_native_adamf,W-NA,dev,Global,raw_endpoint,0,0,3,head,4276,0.18625768376959875,0.18625768376959875,0.0,0.0,0.0,0.0,,0.0,0.0,,
mkgw_native_adamf,W-NA,dev,Global,raw_endpoint,0,0,3,tail,4276,0.48784246218397354,0.48784246218397354,0.0,0.0,0.0,0.0,,0.0,0.0,,
mkgw_native_adamf,W-NA,dev,Global,normalized_endpoint,0,0,1,head,4276,0.18375953866474742,0.18375953866474742,0.0,0.0,0.0,0.0,,0.0,0.0,,
mkgw_native_adamf,W-NA,dev,Global,normalized_endpoint,0,0,1,tail,4276,0.48596679661704495,0.48596679661704495,0.0,0.0,0.0,0.0,,0.0,0.0,,
mkgw_native_adamf,W-NA,dev,Global,normalized_endpoint,0,0,2,head,4276,0.17935929031414813,0.17935929031414813,0.0,0.0,0.0,0.0,,0.0,0.0,,
mkgw_native_adamf,W-NA,dev,Global,normalized_endpoint,0,0,2,tail,4276,0.48796455048416837,0.48796455048416837,0.0,0.0,0.0,0.0,,0.0,0.0,,
mkgw_native_adamf,W-NA,dev,Global,normalized_endpoint,0,0,3,head,4276,0.18625768376959875,0.18625768376959875,0.0,0.0,0.0,0.0,,0.0,0.0,,
mkgw_native_adamf,W-NA,dev,Global,normalized_endpoint,0,0,3,tail,4276,0.48784246218397354,0.48784246218397354,0.0,0.0,0.0,0.0,,0.0,0.0,,
mkgw_native_adamf,W-NA,dev,ADC,raw_endpoint,4,34,1,head,4276,0.18367512778833445,0.18375953866474742,-8.441087641296527e-05,0.004443405051449953,0.0023386342376052385,0.006782039289055191,0.10681380005940784,0.0004746169787485382,0.000390206102335573,,
mkgw_native_adamf,W-NA,dev,ADC,raw_endpoint,1,6,1,tail,4276,0.48684320102055895,0.48596679661704495,0.000876404403514018,0.021281571562207672,0.03554724041159962,0.0568288119738073,0.10786435574004444,0.0022955230056931814,0.003171927409207199,,
mkgw_native_adamf,W-NA,dev,ADC,raw_endpoint,0,21,2,head,4276,0.17963552089295304,0.17935929031414813,0.0002762305788049261,0.0018709073900841909,0.0025724976613657625,0.004443405051449953,8.609851809591522e-05,1.6108235378094524e-07,0.00027639166115870706,,
mkgw_native_adamf,W-NA,dev,ADC,raw_endpoint,0,11,2,tail,4276,0.48812276731567855,0.48796455048416837,0.00015821683151022502,0.010056127221702526,0.018475210477081384,0.02853133769878391,0.08271524475125454,0.0008317950243928776,0.0009900118559031028,,
mkgw_native_adamf,W-NA,dev,ADC,raw_endpoint,0,23,3,head,4276,0.18627364189137843,0.18625768376959875,1.5958121779687807e-05,0.002104770813844715,0.0025724976613657625,0.004677268475210477,0.0024710981889422513,5.201095346230182e-06,2.1159217125917992e-05,,
mkgw_native_adamf,W-NA,dev,ADC,raw_endpoint,0,8,3,tail,4276,0.4884384177285783,0.48784246218397354,0.0005959555446047588,0.01824134705332086,0.034845650140318055,0.053086997193638914,0.08097917476776827,0.0014771692310303847,0.0020731247756351433,,
mkgw_native_adamf,W-NA,dev,ADC,normalized_endpoint,4,34,1,head,4276,0.18402917102708302,0.18375953866474742,0.00026963236233560554,0.0035079513564078577,0.0023386342376052385,0.005846585594013096,0.03437155414932403,0.00012057373999996739,0.000390206102335573,,
mkgw_native_adamf,W-NA,dev,ADC,normalized_endpoint,1,6,1,tail,4276,0.4869601327324392,0.48596679661704495,0.00099333611539428,0.021047708138447148,0.03554724041159962,0.05659494855004677,0.10350729302604496,0.0021785912938129194,0.003171927409207199,,
mkgw_native_adamf,W-NA,dev,ADC,normalized_endpoint,0,21,2,head,4276,0.17963552089295304,0.17935929031414813,0.0002762305788049261,0.0018709073900841909,0.0025724976613657625,0.004443405051449953,8.609851809591522e-05,1.6108235378094524e-07,0.00027639166115870706,,
mkgw_native_adamf,W-NA,dev,ADC,normalized_endpoint,0,11,2,tail,4276,0.48812276731567855,0.48796455048416837,0.00015821683151022502,0.010056127221702526,0.018475210477081384,0.02853133769878391,0.08271524475125454,0.0008317950243928776,0.0009900118559031028,,
mkgw_native_adamf,W-NA,dev,ADC,normalized_endpoint,0,23,3,head,4276,0.18627364189137843,0.18625768376959875,1.5958121779687807e-05,0.002104770813844715,0.0025724976613657625,0.004677268475210477,0.0024710981889422513,5.201095346230182e-06,2.1159217125917992e-05,,
mkgw_native_adamf,W-NA,dev,ADC,normalized_endpoint,0,8,3,tail,4276,0.4884384177285783,0.48784246218397354,0.0005959555446047588,0.01824134705332086,0.034845650140318055,0.053086997193638914,0.08097917476776827,0.0014771692310303847,0.0020731247756351433,,
mkgw_native_adamf,W-NA,dev,Query-soft,raw_endpoint,0,0,1,head,4276,0.1668558296813106,0.18375953866474742,-0.016903708983436787,0.4761459307764266,0.3695042095416277,0.8456501403180543,0.059831165315335236,0.028488365898508547,0.011584656915071757,,
mkgw_native_adamf,W-NA,dev,Query-soft,raw_endpoint,0,0,1,tail,4276,0.46512262231276075,0.48596679661704495,-0.020844174304284254,0.3178203928905519,0.2822731524789523,0.6000935453695042,0.18252645761538858,0.05801063047224347,0.03716645616795921,,
mkgw_native_adamf,W-NA,dev,Query-soft,raw_endpoint,0,0,2,head,4276,0.1698891905018437,0.17935929031414813,-0.009470099812304424,0.5030402245088869,0.33559401309635173,0.8386342376052386,0.04521074945667706,0.02274282555690186,0.013272725744597438,,
mkgw_native_adamf,W-NA,dev,Query-soft,raw_endpoint,0,0,2,tail,4276,0.4708075959010132,0.48796455048416837,-0.01715695458315515,0.3185219831618335,0.2570159027128157,0.5755378858746492,0.15576854339896887,0.0496157053576697,0.032458750774514544,,
mkgw_native_adamf,W-NA,dev,Query-soft,raw_endpoint,0,0,3,head,4276,0.1676023383893914,0.18625768376959875,-0.01865534538020735,0.48503274087932646,0.3587464920486436,0.8437792329279701,0.06373997648052744,0.03091597549593403,0.01226063011572668,,
mkgw_native_adamf,W-NA,dev,Query-soft,raw_endpoint,0,0,3,tail,4276,0.4713978803360527,0.48784246218397354,-0.01644458184792096,0.30729653882132835,0.2801683816651076,0.587464920486436,0.17319994956289322,0.053223745024705726,0.03677916317678477,,
mkgw_native_adamf,W-NA,dev,Query-soft,normalized_endpoint,0,0,1,head,4276,0.1668558296813106,0.18375953866474742,-0.016903708983436787,0.4761459307764266,0.3695042095416277,0.8456501403180543,0.059831165315335236,0.028488365898508547,0.011584656915071757,,
mkgw_native_adamf,W-NA,dev,Query-soft,normalized_endpoint,0,0,1,tail,4276,0.46512262231276075,0.48596679661704495,-0.020844174304284254,0.3178203928905519,0.2822731524789523,0.6000935453695042,0.18252645761538858,0.05801063047224347,0.03716645616795921,,
mkgw_native_adamf,W-NA,dev,Query-soft,normalized_endpoint,0,0,2,head,4276,0.1698891905018437,0.17935929031414813,-0.009470099812304424,0.5030402245088869,0.33559401309635173,0.8386342376052386,0.04521074945667706,0.02274282555690186,0.013272725744597438,,
mkgw_native_adamf,W-NA,dev,Query-soft,normalized_endpoint,0,0,2,tail,4276,0.4708075959010132,0.48796455048416837,-0.01715695458315515,0.3185219831618335,0.2570159027128157,0.5755378858746492,0.15576854339896887,0.0496157053576697,0.032458750774514544,,
mkgw_native_adamf,W-NA,dev,Query-soft,normalized_endpoint,0,0,3,head,4276,0.1676023383893914,0.18625768376959875,-0.01865534538020735,0.48503274087932646,0.3587464920486436,0.8437792329279701,0.06373997648052744,0.03091597549593403,0.01226063011572668,,
mkgw_native_adamf,W-NA,dev,Query-soft,normalized_endpoint,0,0,3,tail,4276,0.4713978803360527,0.48784246218397354,-0.01644458184792096,0.30729653882132835,0.2801683816651076,0.587464920486436,0.17319994956289322,0.053223745024705726,0.03677916317678477,,
mkgw_native_adamf,W-NA,dev,Relation,raw_endpoint,3,275,1,head,4276,0.18450605877776016,0.18375953866474742,0.0007465201130127765,0.16440598690364827,0.18288119738072967,0.34728718428437794,0.01648647511617331,0.002710475212036913,0.003456995325049689,,
mkgw_native_adamf,W-NA,dev,Relation,raw_endpoint,0,275,1,tail,4276,0.4908629902839909,0.48596679661704495,0.0048961936669458216,0.06945743685687558,0.08652946679139382,0.15598690364826942,0.15963053655338622,0.011087527913085994,0.015983721580031814,,
mkgw_native_adamf,W-NA,dev,Relation,raw_endpoint,1,275,2,head,4276,0.17965974003926902,0.17935929031414813,0.0003004497251208781,0.18662301216089802,0.16043030869971936,0.3470533208606174,0.014980246735939668,0.0027956587687745214,0.0030961084938953996,,
mkgw_native_adamf,W-NA,dev,Relation,raw_endpoint,0,275,2,tail,4276,0.48971957059016513,0.48796455048416837,0.0017550201059967352,0.06711880261927035,0.06969130028063611,0.13681010289990644,0.1368797984409437,0.00918720817412321,0.010942228280119943,,
mkgw_native_adamf,W-NA,dev,Relation,raw_endpoint,2,275,3,head,4276,0.1851441415813124,0.18625768376959875,-0.0011135421882863454,0.16791393826005613,0.17773620205799812,0.34565014031805424,0.026530213962711158,0.004454792709360759,0.003341250521074414,,
mkgw_native_adamf,W-NA,dev,Relation,raw_endpoint,4,275,3,tail,4276,0.49564177996264464,0.48784246218397354,0.007799317778671014,0.06361085126286249,0.08956969130028064,0.15318054256314312,0.12738514123037606,0.008103077271904183,0.015902395050575197,,
mkgw_native_adamf,W-NA,dev,Relation,normalized_endpoint,3,275,1,head,4276,0.18455338828018789,0.18375953866474742,0.0007938496154405016,0.16393826005612722,0.18288119738072967,0.3468194574368569,0.016244808921952767,0.002663145709609188,0.003456995325049689,,
mkgw_native_adamf,W-NA,dev,Relation,normalized_endpoint,0,275,1,tail,4276,0.4908629902839909,0.48596679661704495,0.0048961936669458216,0.06945743685687558,0.08652946679139382,0.15598690364826942,0.15963053655338622,0.011087527913085994,0.015983721580031814,,
mkgw_native_adamf,W-NA,dev,Relation,normalized_endpoint,1,275,2,head,4276,0.17977667175114928,0.17935929031414813,0.00041738143700114017,0.18638914873713752,0.16043030869971936,0.3468194574368569,0.014371689956436456,0.0026787270568942594,0.0030961084938953996,,
mkgw_native_adamf,W-NA,dev,Relation,normalized_endpoint,0,275,2,tail,4276,0.48971957059016513,0.48796455048416837,0.0017550201059967352,0.06711880261927035,0.06969130028063611,0.13681010289990644,0.1368797984409437,0.00918720817412321,0.010942228280119943,,
mkgw_native_adamf,W-NA,dev,Relation,normalized_endpoint,2,275,3,head,4276,0.18530005053048607,0.18625768376959875,-0.0009576332391126626,0.16744621141253507,0.17773620205799812,0.3451824134705332,0.025673222009161934,0.004298883760187077,0.003341250521074414,,
mkgw_native_adamf,W-NA,dev,Relation,normalized_endpoint,4,275,3,tail,4276,0.49610950681016563,0.48784246218397354,0.008267044626192061,0.06290926099158092,0.08980355472404115,0.15271281571562206,0.12322958518461814,0.007752282136263398,0.01601932676245546,,
mkgw_native_adamf,W-NA,dev,Equal,raw_endpoint,0,0,1,head,4276,0.16415990334864822,0.18375953866474742,-0.01959963531609921,0.48573433115060805,0.36506080449017775,0.8507951356407858,0.06427667815520234,0.031221389272300105,0.011621753956200893,,
mkgw_native_adamf,W-NA,dev,Equal,raw_endpoint,0,0,1,tail,4276,0.46543794378395487,0.48596679661704495,-0.020528852833090087,0.3124415341440599,0.2822731524789523,0.5947146866230122,0.1802092205518982,0.05630484533614031,0.035775992503050226,,
mkgw_native_adamf,W-NA,dev,Equal,raw_endpoint,0,0,2,head,4276,0.16802017079819453,0.17935929031414813,-0.011339119515953596,0.505378858746492,0.33582787652011226,0.8412067352666043,0.04824872397700034,0.02438388505947094,0.013044765543517339,,
mkgw_native_adamf,W-NA,dev,Equal,raw_endpoint,0,0,2,tail,4276,0.4684755013129841,0.48796455048416837,-0.019489049171184308,0.3178203928905519,0.25631431244153413,0.5741347053320861,0.15688722149475312,0.049861958374969484,0.030372909203785173,,
mkgw_native_adamf,W-NA,dev,Equal,raw_endpoint,0,0,3,head,4276,0.16638306280903267,0.18625768376959875,-0.019874620960566095,0.49064546304957907,0.35827876520112256,0.8489242282507016,0.06658641863794822,0.03267032420542922,0.012795703244863125,,
mkgw_native_adamf,W-NA,dev,Equal,raw_endpoint,0,0,3,tail,4276,0.47112653925686687,0.48784246218397354,-0.01671592292710674,0.3049579045837231,0.28086997193638913,0.5858278765201123,0.17337577303180943,0.05287231244936377,0.03615638952225703,,
mkgw_native_adamf,W-NA,dev,Equal,normalized_endpoint,0,0,1,head,4276,0.16415990334864822,0.18375953866474742,-0.01959963531609921,0.48573433115060805,0.36506080449017775,0.8507951356407858,0.06427667815520234,0.031221389272300105,0.011621753956200893,,
mkgw_native_adamf,W-NA,dev,Equal,normalized_endpoint,0,0,1,tail,4276,0.46543794378395487,0.48596679661704495,-0.020528852833090087,0.3124415341440599,0.2822731524789523,0.5947146866230122,0.1802092205518982,0.05630484533614031,0.035775992503050226,,
mkgw_native_adamf,W-NA,dev,Equal,normalized_endpoint,0,0,2,head,4276,0.16802017079819453,0.17935929031414813,-0.011339119515953596,0.505378858746492,0.33582787652011226,0.8412067352666043,0.04824872397700034,0.02438388505947094,0.013044765543517339,,
mkgw_native_adamf,W-NA,dev,Equal,normalized_endpoint,0,0,2,tail,4276,0.4684755013129841,0.48796455048416837,-0.019489049171184308,0.3178203928905519,0.25631431244153413,0.5741347053320861,0.15688722149475312,0.049861958374969484,0.030372909203785173,,
mkgw_native_adamf,W-NA,dev,Equal,normalized_endpoint,0,0,3,head,4276,0.16638306280903267,0.18625768376959875,-0.019874620960566095,0.49064546304957907,0.35827876520112256,0.8489242282507016,0.06658641863794822,0.03267032420542922,0.012795703244863125,,
mkgw_native_adamf,W-NA,dev,Equal,normalized_endpoint,0,0,3,tail,4276,0.47112653925686687,0.48784246218397354,-0.01671592292710674,0.3049579045837231,0.28086997193638913,0.5858278765201123,0.17337577303180943,0.05287231244936377,0.03615638952225703,,
mkgw_native_adamf,W-NA,dev,RRF,raw_endpoint,0,0,1,head,4276,0.14409188935061895,0.18375953866474742,-0.039667649314128486,0.5696913002806361,0.3054256314312441,0.8751169317118802,0.08271811091624957,0.047123788164636096,0.007456138850507605,,
mkgw_native_adamf,W-NA,dev,RRF,raw_endpoint,0,0,1,tail,4276,0.42323865477852235,0.48596679661704495,-0.06272814183852267,0.3823666978484565,0.2322263797942002,0.6145930776426567,0.21458874718449214,0.08205159065637152,0.01932344881784886,,
mkgw_native_adamf,W-NA,dev,RRF,raw_endpoint,0,0,2,head,4276,0.15046127830922876,0.17935929031414813,-0.028898012004919364,0.5722637979420019,0.2822731524789523,0.8545369504209541,0.06302185299949575,0.036065124950833985,0.007167112945914618,,
mkgw_native_adamf,W-NA,dev,RRF,raw_endpoint,0,0,2,tail,4276,0.4305594206908189,0.48796455048416837,-0.057405129793349385,0.3844714686623012,0.21094480823199252,0.5954162768942938,0.18979792527856412,0.07297188708090725,0.015566757287557872,,
mkgw_native_adamf,W-NA,dev,RRF,raw_endpoint,0,0,3,head,4276,0.14796718106325088,0.18625768376959875,-0.03829050270634787,0.5724976613657624,0.3007483629560337,0.8732460243217961,0.08130329064720296,0.046545943756864556,0.008255441050516683,,
mkgw_native_adamf,W-NA,dev,RRF,raw_endpoint,0,0,3,tail,4276,0.43141859402901794,0.48784246218397354,-0.05642386815495566,0.36599625818521986,0.22474275023386342,0.5907390084190832,0.19778723588887662,0.07238938825212626,0.015965520097170602,,
mkgw_native_adamf,W-NA,dev,RRF,normalized_endpoint,0,0,1,head,4276,0.14409188935061895,0.18375953866474742,-0.039667649314128486,0.5696913002806361,0.3054256314312441,0.8751169317118802,0.08271811091624957,0.047123788164636096,0.007456138850507605,,
mkgw_native_adamf,W-NA,dev,RRF,normalized_endpoint,0,0,1,tail,4276,0.42323865477852235,0.48596679661704495,-0.06272814183852267,0.3823666978484565,0.2322263797942002,0.6145930776426567,0.21458874718449214,0.08205159065637152,0.01932344881784886,,
mkgw_native_adamf,W-NA,dev,RRF,normalized_endpoint,0,0,2,head,4276,0.15046127830922876,0.17935929031414813,-0.028898012004919364,0.5722637979420019,0.2822731524789523,0.8545369504209541,0.06302185299949575,0.036065124950833985,0.007167112945914618,,
mkgw_native_adamf,W-NA,dev,RRF,normalized_endpoint,0,0,2,tail,4276,0.4305594206908189,0.48796455048416837,-0.057405129793349385,0.3844714686623012,0.21094480823199252,0.5954162768942938,0.18979792527856412,0.07297188708090725,0.015566757287557872,,
mkgw_native_adamf,W-NA,dev,RRF,normalized_endpoint,0,0,3,head,4276,0.14796718106325088,0.18625768376959875,-0.03829050270634787,0.5724976613657624,0.3007483629560337,0.8732460243217961,0.08130329064720296,0.046545943756864556,0.008255441050516683,,
mkgw_native_adamf,W-NA,dev,RRF,normalized_endpoint,0,0,3,tail,4276,0.43141859402901794,0.48784246218397354,-0.05642386815495566,0.36599625818521986,0.22474275023386342,0.5907390084190832,0.19778723588887662,0.07238938825212626,0.015965520097170602,,
mkgw_native_adamf,W-NA,test,Global,raw_endpoint,0,0,1,head,4274,0.18105685134367921,0.18105685134367921,0.0,0.0,0.0,0.0,,0.0,0.0,,
mkgw_native_adamf,W-NA,test,Global,raw_endpoint,0,0,1,tail,4274,0.5052046639645938,0.5052046639645938,0.0,0.0,0.0,0.0,,0.0,0.0,,
mkgw_native_adamf,W-NA,test,Global,raw_endpoint,0,0,2,head,4274,0.17978749620249165,0.17978749620249165,0.0,0.0,0.0,0.0,,0.0,0.0,,
mkgw_native_adamf,W-NA,test,Global,raw_endpoint,0,0,2,tail,4274,0.507721554150005,0.507721554150005,0.0,0.0,0.0,0.0,,0.0,0.0,,
mkgw_native_adamf,W-NA,test,Global,raw_endpoint,0,0,3,head,4274,0.1849759989286369,0.1849759989286369,0.0,0.0,0.0,0.0,,0.0,0.0,,
mkgw_native_adamf,W-NA,test,Global,raw_endpoint,0,0,3,tail,4274,0.5060154897704434,0.5060154897704434,0.0,0.0,0.0,0.0,,0.0,0.0,,
mkgw_native_adamf,W-NA,test,Global,normalized_endpoint,0,0,1,head,4274,0.18105685134367921,0.18105685134367921,0.0,0.0,0.0,0.0,,0.0,0.0,,
mkgw_native_adamf,W-NA,test,Global,normalized_endpoint,0,0,1,tail,4274,0.5052046639645938,0.5052046639645938,0.0,0.0,0.0,0.0,,0.0,0.0,,
mkgw_native_adamf,W-NA,test,Global,normalized_endpoint,0,0,2,head,4274,0.17978749620249165,0.17978749620249165,0.0,0.0,0.0,0.0,,0.0,0.0,,
mkgw_native_adamf,W-NA,test,Global,normalized_endpoint,0,0,2,tail,4274,0.507721554150005,0.507721554150005,0.0,0.0,0.0,0.0,,0.0,0.0,,
mkgw_native_adamf,W-NA,test,Global,normalized_endpoint,0,0,3,head,4274,0.1849759989286369,0.1849759989286369,0.0,0.0,0.0,0.0,,0.0,0.0,,
mkgw_native_adamf,W-NA,test,Global,normalized_endpoint,0,0,3,tail,4274,0.5060154897704434,0.5060154897704434,0.0,0.0,0.0,0.0,,0.0,0.0,,
mkgw_native_adamf,W-NA,test,ADC,raw_endpoint,1,20,1,head,4274,0.18103234393807463,0.18105685134367921,-2.450740560461483e-05,0.002339728591483388,0.0039775386055217596,0.006317267197005147,0.01963154842780315,4.593249515162178e-05,2.142508954700695e-05,,
mkgw_native_adamf,W-NA,test,ADC,raw_endpoint,1,6,1,tail,4274,0.5065011598386315,0.5052046639645938,0.0012964958740377195,0.018951801591015442,0.03509592887225082,0.05404773046326626,0.10372313980719973,0.001965740366023205,0.0032622362400609247,,
mkgw_native_adamf,W-NA,test,ADC,raw_endpoint,0,25,2,head,4274,0.1798303774478102,0.17978749620249165,4.2881245318527704e-05,0.0018717828731867104,0.003743565746373421,0.005615348619560131,0.00011792178887799922,2.2072398479737803e-07,4.310196930332509e-05,,
mkgw_native_adamf,W-NA,test,ADC,raw_endpoint,0,8,2,tail,4274,0.507559922751752,0.507721554150005,-0.00016163139825285848,0.008656995788488536,0.01544220870379036,0.024099204492278897,0.06634949947168114,0.000574387337494666,0.0004127559392418074,,
mkgw_native_adamf,W-NA,test,ADC,raw_endpoint,2,23,3,head,4274,0.18479164517306637,0.1849759989286369,-0.000184353755570495,0.004211511464670099,0.003743565746373421,0.007955077211043519,0.09590518667871305,0.00040390579321872603,0.000219552037648231,,
mkgw_native_adamf,W-NA,test,ADC,raw_endpoint,0,9,3,tail,4274,0.5058801227267348,0.5060154897704434,-0.00013536704370859868,0.018951801591015442,0.03205428170332241,0.05100608329433785,0.111439794521683,0.002111984875118466,0.001976617831409867,,
mkgw_native_adamf,W-NA,test,ADC,normalized_endpoint,1,20,1,head,4274,0.18107133941459932,0.18105685134367921,1.448807092010831e-05,0.0021057557323350493,0.0039775386055217596,0.006083294337856809,0.003294313067929422,6.937018626898643e-06,2.142508954700695e-05,,
mkgw_native_adamf,W-NA,test,ADC,normalized_endpoint,1,6,1,tail,4274,0.5066181462682058,0.5052046639645938,0.001413482303611889,0.018717828731867104,0.03509592887225082,0.05381375760411792,0.09876967905478973,0.0018487539364490356,0.0032622362400609247,,
mkgw_native_adamf,W-NA,test,ADC,normalized_endpoint,0,25,2,head,4274,0.1798303774478102,0.17978749620249165,4.2881245318527704e-05,0.0018717828731867104,0.003743565746373421,0.005615348619560131,0.00011792178887799922,2.2072398479737803e-07,4.310196930332509e-05,,
mkgw_native_adamf,W-NA,test,ADC,normalized_endpoint,0,8,2,tail,4274,0.507559922751752,0.507721554150005,-0.00016163139825285848,0.008656995788488536,0.01544220870379036,0.024099204492278897,0.06634949947168114,0.000574387337494666,0.0004127559392418074,,
mkgw_native_adamf,W-NA,test,ADC,normalized_endpoint,2,23,3,head,4274,0.18494762707916526,0.1849759989286369,-2.8371849471602475e-05,0.0039775386055217596,0.0039775386055217596,0.007955077211043519,0.07213490354216676,0.00028691936364455653,0.0002585475141729542,,
mkgw_native_adamf,W-NA,test,ADC,normalized_endpoint,0,9,3,tail,4274,0.5058801227267348,0.5060154897704434,-0.00013536704370859868,0.018951801591015442,0.03205428170332241,0.05100608329433785,0.111439794521683,0.002111984875118466,0.001976617831409867,,
mkgw_native_adamf,W-NA,test,Query-soft,raw_endpoint,0,0,1,head,4274,0.16429836426551386,0.18105685134367921,-0.01675848707816537,0.47145531118390266,0.3781001403837155,0.8495554515676181,0.06694872433431541,0.03156333166439999,0.014804844586234623,,
mkgw_native_adamf,W-NA,test,Query-soft,raw_endpoint,0,0,1,tail,4274,0.48553003321957244,0.5052046639645938,-0.0196746307450214,0.30439868975198875,0.2767898923724848,0.5811885821244736,0.18947375102363737,0.05767556155398976,0.03800093080896836,,
mkgw_native_adamf,W-NA,test,Query-soft,raw_endpoint,0,0,2,head,4274,0.1644181238835016,0.17978749620249165,-0.015369372318990042,0.5128685072531586,0.3341132428638278,0.8469817501169864,0.05662997294679725,0.029043729691010663,0.013674357372020624,,
mkgw_native_adamf,W-NA,test,Query-soft,raw_endpoint,0,0,2,tail,4274,0.4911398081947361,0.507721554150005,-0.016581745955268776,0.3182030884417408,0.2477772578380908,0.5659803462798315,0.16586922938316098,0.05278010106717336,0.03619835511190458,,
mkgw_native_adamf,W-NA,test,Query-soft,raw_endpoint,0,0,3,head,4274,0.167185335032721,0.1849759989286369,-0.01779066389591588,0.4836218998596163,0.36148806738418343,0.8451099672437997,0.06463193847679499,0.03125742087775743,0.013466756981841552,,
mkgw_native_adamf,W-NA,test,Query-soft,raw_endpoint,0,0,3,tail,4274,0.49139680354557924,0.5060154897704434,-0.014618686224864067,0.3095460926532522,0.25620028076743095,0.5657463734206832,0.16717630476579806,0.051748771924462054,0.037130085699598,,
mkgw_native_adamf,W-NA,test,Query-soft,normalized_endpoint,0,0,1,head,4274,0.16429836426551386,0.18105685134367921,-0.01675848707816537,0.47145531118390266,0.3781001403837155,0.8495554515676181,0.06694872433431541,0.03156333166439999,0.014804844586234623,,
mkgw_native_adamf,W-NA,test,Query-soft,normalized_endpoint,0,0,1,tail,4274,0.48553003321957244,0.5052046639645938,-0.0196746307450214,0.30439868975198875,0.2767898923724848,0.5811885821244736,0.18947375102363737,0.05767556155398976,0.03800093080896836,,
mkgw_native_adamf,W-NA,test,Query-soft,normalized_endpoint,0,0,2,head,4274,0.1644181238835016,0.17978749620249165,-0.015369372318990042,0.5128685072531586,0.3341132428638278,0.8469817501169864,0.05662997294679725,0.029043729691010663,0.013674357372020624,,
mkgw_native_adamf,W-NA,test,Query-soft,normalized_endpoint,0,0,2,tail,4274,0.4911398081947361,0.507721554150005,-0.016581745955268776,0.3182030884417408,0.2477772578380908,0.5659803462798315,0.16586922938316098,0.05278010106717336,0.03619835511190458,,
mkgw_native_adamf,W-NA,test,Query-soft,normalized_endpoint,0,0,3,head,4274,0.167185335032721,0.1849759989286369,-0.01779066389591588,0.4836218998596163,0.36148806738418343,0.8451099672437997,0.06463193847679499,0.03125742087775743,0.013466756981841552,,
mkgw_native_adamf,W-NA,test,Query-soft,normalized_endpoint,0,0,3,tail,4274,0.49139680354557924,0.5060154897704434,-0.014618686224864067,0.3095460926532522,0.25620028076743095,0.5657463734206832,0.16717630476579806,0.051748771924462054,0.037130085699598,,
mkgw_native_adamf,W-NA,test,Relation,raw_endpoint,4,302,1,head,4274,0.1799948256048834,0.18105685134367921,-0.0010620257387958024,0.170566214319139,0.18296677585400092,0.35353299017313994,0.024393793198760463,0.004160756958796531,0.003098731220000729,,
mkgw_native_adamf,W-NA,test,Relation,raw_endpoint,7,302,1,tail,4274,0.5025593743365944,0.5052046639645938,-0.002645289627999548,0.07884885353299018,0.07487131492746842,0.15372016846045858,0.18226814106374106,0.01437163395846531,0.011726344330465764,,
mkgw_native_adamf,W-NA,test,Relation,raw_endpoint,2,302,2,head,4274,0.18010164420795108,0.17978749620249165,0.0003141480054594104,0.18834815161441273,0.16261113710809547,0.3509592887225082,0.015201493425967275,0.002863173188559583,0.0031773211940189935,,
mkgw_native_adamf,W-NA,test,Relation,raw_endpoint,2,302,2,tail,4274,0.5083861096811857,0.507721554150005,0.0006645555311808237,0.07042583060364997,0.07136172204024332,0.1417875526438933,0.15867782801713617,0.011175017836489939,0.011839573367670761,,
mkgw_native_adamf,W-NA,test,Relation,raw_endpoint,4,302,3,head,4274,0.1838118345263574,0.1849759989286369,-0.0011641644022794754,0.16986429574169395,0.18366869443144596,0.35353299017313994,0.022749164314518157,0.0038642707749977027,0.002700106372718227,,
mkgw_native_adamf,W-NA,test,Relation,raw_endpoint,5,302,3,tail,4274,0.5089319170208654,0.5060154897704434,0.0029164272504219766,0.06972391202620495,0.07650912494150679,0.14623303696771175,0.15212248713509594,0.010606574910214923,0.013523002160636899,,
mkgw_native_adamf,W-NA,test,Relation,normalized_endpoint,4,302,1,head,4274,0.18014560811411237,0.18105685134367921,-0.0009112432295668728,0.16963032288254562,0.18296677585400092,0.35259709873654654,0.023639490755106112,0.004009974449567602,0.003098731220000729,,
mkgw_native_adamf,W-NA,test,Relation,normalized_endpoint,7,302,1,tail,4274,0.5033782793436135,0.5052046639645938,-0.0018263846209803623,0.0772110435189518,0.07487131492746842,0.1520823584464202,0.1755283743590325,0.013552728951446125,0.011726344330465764,,
mkgw_native_adamf,W-NA,test,Relation,normalized_endpoint,2,302,2,head,4274,0.18014323938291077,0.17978749620249165,0.00035574318041911503,0.18788020589611604,0.16261113710809547,0.35049134300421153,0.015017963175748293,0.002821578013599878,0.0031773211940189935,,
mkgw_native_adamf,W-NA,test,Relation,normalized_endpoint,2,302,2,tail,4274,0.5086200825403341,0.507721554150005,0.0008985283903291624,0.0699578848853533,0.07136172204024332,0.14131960692559664,0.1563947365657458,0.010941044977341599,0.011839573367670761,,
mkgw_native_adamf,W-NA,test,Relation,normalized_endpoint,4,302,3,head,4274,0.18394042491760776,0.1849759989286369,-0.001035574011029118,0.16916237716424895,0.18366869443144596,0.3528310715956949,0.022083399668238107,0.003735680383747345,0.002700106372718227,,
mkgw_native_adamf,W-NA,test,Relation,normalized_endpoint,5,302,3,tail,4274,0.5095168491687363,0.5060154897704434,0.0035013593982928235,0.0687880205896116,0.07674309780065512,0.14553111839026672,0.14738945974917886,0.010138629191918245,0.01363998859021107,,
mkgw_native_adamf,W-NA,test,Equal,raw_endpoint,0,0,1,head,4274,0.16267627023543565,0.18105685134367921,-0.01838058110824361,0.4784744969583528,0.3727187646233037,0.8511932615816565,0.06883732381971003,0.032936903886594995,0.014556322778351395,,
mkgw_native_adamf,W-NA,test,Equal,raw_endpoint,0,0,1,tail,4274,0.48770889902607045,0.5052046639645938,-0.017495764938523402,0.29831539541413193,0.27842770238652315,0.5767430978006551,0.1847799040485448,0.055122690140827,0.0376269252023036,,
mkgw_native_adamf,W-NA,test,Equal,raw_endpoint,0,0,2,head,4274,0.16467503971827602,0.17978749620249165,-0.015112456484215619,0.513804398689752,0.33645297145531117,0.8502573701450632,0.057360899730881106,0.02947228259452853,0.014359826110312909,,
mkgw_native_adamf,W-NA,test,Equal,raw_endpoint,0,0,2,tail,4274,0.49175772836882187,0.507721554150005,-0.015963825781183154,0.31492746841366404,0.24941506785212916,0.5643425362657931,0.1633781088052077,0.05145225420023622,0.03548842841905306,,
mkgw_native_adamf,W-NA,test,Equal,raw_endpoint,0,0,3,head,4274,0.1659844895489437,0.1849759989286369,-0.018991509379693197,0.4920449227889565,0.35938231165184836,0.8514272344408048,0.06673958693303465,0.03283887489943189,0.013847365519738686,,
mkgw_native_adamf,W-NA,test,Equal,raw_endpoint,0,0,3,tail,4274,0.4908043587444809,0.5060154897704434,-0.015211131025962402,0.3058025269068788,0.256902199344876,0.5627047262517548,0.16747073255768083,0.05121297319908489,0.03600184217312249,,
mkgw_native_adamf,W-NA,test,Equal,normalized_endpoint,0,0,1,head,4274,0.16267627023543565,0.18105685134367921,-0.01838058110824361,0.4784744969583528,0.3727187646233037,0.8511932615816565,0.06883732381971003,0.032936903886594995,0.014556322778351395,,
mkgw_native_adamf,W-NA,test,Equal,normalized_endpoint,0,0,1,tail,4274,0.48770889902607045,0.5052046639645938,-0.017495764938523402,0.29831539541413193,0.27842770238652315,0.5767430978006551,0.1847799040485448,0.055122690140827,0.0376269252023036,,
mkgw_native_adamf,W-NA,test,Equal,normalized_endpoint,0,0,2,head,4274,0.16467503971827602,0.17978749620249165,-0.015112456484215619,0.513804398689752,0.33645297145531117,0.8502573701450632,0.057360899730881106,0.02947228259452853,0.014359826110312909,,
mkgw_native_adamf,W-NA,test,Equal,normalized_endpoint,0,0,2,tail,4274,0.49175772836882187,0.507721554150005,-0.015963825781183154,0.31492746841366404,0.24941506785212916,0.5643425362657931,0.1633781088052077,0.05145225420023622,0.03548842841905306,,
mkgw_native_adamf,W-NA,test,Equal,normalized_endpoint,0,0,3,head,4274,0.1659844895489437,0.1849759989286369,-0.018991509379693197,0.4920449227889565,0.35938231165184836,0.8514272344408048,0.06673958693303465,0.03283887489943189,0.013847365519738686,,
mkgw_native_adamf,W-NA,test,Equal,normalized_endpoint,0,0,3,tail,4274,0.4908043587444809,0.5060154897704434,-0.015211131025962402,0.3058025269068788,0.256902199344876,0.5627047262517548,0.16747073255768083,0.05121297319908489,0.03600184217312249,,
mkgw_native_adamf,W-NA,test,RRF,raw_endpoint,0,0,1,head,4274,0.1439494989402641,0.18105685134367921,-0.03710735240341511,0.5489003275620028,0.3268600842302293,0.8757604117922321,0.08415252949451353,0.046191351004709585,0.009083998601294468,,
mkgw_native_adamf,W-NA,test,RRF,raw_endpoint,0,0,1,tail,4274,0.4387034554584354,0.5052046639645938,-0.06650120850615851,0.3818437061300889,0.2267197005147403,0.6085634066448292,0.2238442008401782,0.08547349924454159,0.018972290738383076,,
mkgw_native_adamf,W-NA,test,RRF,raw_endpoint,0,0,2,head,4274,0.14889245441715473,0.17978749620249165,-0.0308950417853369,0.5760411792232101,0.28802058961160504,0.8640617688348151,0.06894616378305028,0.03971582948850487,0.00882078770316797,,
mkgw_native_adamf,W-NA,test,RRF,raw_endpoint,0,0,2,tail,4274,0.45053234827249244,0.507721554150005,-0.05718920587751256,0.3844174075807206,0.1965372016846046,0.5809546092653253,0.19836612179470486,0.07625539029216194,0.019066184414649374,,
mkgw_native_adamf,W-NA,test,RRF,raw_endpoint,0,0,3,head,4274,0.14929254241210552,0.1849759989286369,-0.03568345651653136,0.5587271876462331,0.31118390266729057,0.8699110903135236,0.07970774946227228,0.04453488669066593,0.008851430174134563,,
mkgw_native_adamf,W-NA,test,RRF,raw_endpoint,0,0,3,tail,4274,0.4473755422582572,0.5060154897704434,-0.058639947512186236,0.37552643893308374,0.20496022461394478,0.5804866635470285,0.20206236283816725,0.07587975955902164,0.0172398120468354,,
mkgw_native_adamf,W-NA,test,RRF,normalized_endpoint,0,0,1,head,4274,0.1439494989402641,0.18105685134367921,-0.03710735240341511,0.5489003275620028,0.3268600842302293,0.8757604117922321,0.08415252949451353,0.046191351004709585,0.009083998601294468,,
mkgw_native_adamf,W-NA,test,RRF,normalized_endpoint,0,0,1,tail,4274,0.4387034554584354,0.5052046639645938,-0.06650120850615851,0.3818437061300889,0.2267197005147403,0.6085634066448292,0.2238442008401782,0.08547349924454159,0.018972290738383076,,
mkgw_native_adamf,W-NA,test,RRF,normalized_endpoint,0,0,2,head,4274,0.14889245441715473,0.17978749620249165,-0.0308950417853369,0.5760411792232101,0.28802058961160504,0.8640617688348151,0.06894616378305028,0.03971582948850487,0.00882078770316797,,
mkgw_native_adamf,W-NA,test,RRF,normalized_endpoint,0,0,2,tail,4274,0.45053234827249244,0.507721554150005,-0.05718920587751256,0.3844174075807206,0.1965372016846046,0.5809546092653253,0.19836612179470486,0.07625539029216194,0.019066184414649374,,
mkgw_native_adamf,W-NA,test,RRF,normalized_endpoint,0,0,3,head,4274,0.14929254241210552,0.1849759989286369,-0.03568345651653136,0.5587271876462331,0.31118390266729057,0.8699110903135236,0.07970774946227228,0.04453488669066593,0.008851430174134563,,
mkgw_native_adamf,W-NA,test,RRF,normalized_endpoint,0,0,3,tail,4274,0.4473755422582572,0.5060154897704434,-0.058639947512186236,0.37552643893308374,0.20496022461394478,0.5804866635470285,0.20206236283816725,0.07587975955902164,0.0172398120468354,,
db15k_native_adamf,D-NA,dev,Global,raw_endpoint,0,7922,1,head,7922,0.21289727389301827,0.21289727389301827,0.0,0.0,0.0,0.0,,0.0,0.0,,
db15k_native_adamf,D-NA,dev,Global,raw_endpoint,2,7922,1,tail,7922,0.4265646903516273,0.4265646903516273,0.0,0.0,0.0,0.0,,0.0,0.0,,
db15k_native_adamf,D-NA,dev,Global,raw_endpoint,3,7922,2,head,7922,0.21778594069971022,0.21778594069971022,0.0,0.0,0.0,0.0,,0.0,0.0,,
db15k_native_adamf,D-NA,dev,Global,raw_endpoint,5,7922,2,tail,7922,0.4336837338809726,0.4336837338809726,0.0,0.0,0.0,0.0,,0.0,0.0,,
db15k_native_adamf,D-NA,dev,Global,raw_endpoint,2,7922,3,head,7922,0.21107350823246981,0.21107350823246981,0.0,0.0,0.0,0.0,,0.0,0.0,,
db15k_native_adamf,D-NA,dev,Global,raw_endpoint,0,7922,3,tail,7922,0.4241263626170139,0.4241263626170139,0.0,0.0,0.0,0.0,,0.0,0.0,,
db15k_native_adamf,D-NA,dev,Global,normalized_endpoint,0,7922,1,head,7922,0.21289727389301827,0.21289727389301827,0.0,0.0,0.0,0.0,,0.0,0.0,,
db15k_native_adamf,D-NA,dev,Global,normalized_endpoint,2,7922,1,tail,7922,0.42669092110143797,0.42669092110143797,0.0,0.0,0.0,0.0,,0.0,0.0,,
db15k_native_adamf,D-NA,dev,Global,normalized_endpoint,3,7922,2,head,7922,0.2179752868244262,0.2179752868244262,0.0,0.0,0.0,0.0,,0.0,0.0,,
db15k_native_adamf,D-NA,dev,Global,normalized_endpoint,5,7922,2,tail,7922,0.4339993107554992,0.4339993107554992,0.0,0.0,0.0,0.0,,0.0,0.0,,
db15k_native_adamf,D-NA,dev,Global,normalized_endpoint,2,7922,3,head,7922,0.21119973898228045,0.21119973898228045,0.0,0.0,0.0,0.0,,0.0,0.0,,
db15k_native_adamf,D-NA,dev,Global,normalized_endpoint,0,7922,3,tail,7922,0.4241263626170139,0.4241263626170139,0.0,0.0,0.0,0.0,,0.0,0.0,,
db15k_native_adamf,D-NA,dev,ADC,raw_endpoint,0,7724,1,head,7922,0.212809917005255,0.21289727389301827,-8.735688776326918e-05,0.00391315324413027,0.014516536228225196,0.018429689472355466,0.06982194795131495,0.00027322398213718306,0.0001858670943739138,,
db15k_native_adamf,D-NA,dev,ADC,raw_endpoint,2,7798,1,tail,7922,0.42690529802339466,0.4265646903516273,0.0003406076717672708,0.002145922746781116,0.007573844988639233,0.009719767735420349,0.053637293265212216,0.00011510148769358846,0.00045570915946085923,,
db15k_native_adamf,D-NA,dev,ADC,raw_endpoint,3,7871,2,head,7922,0.21772831333625878,0.21778594069971022,-5.762736345144958e-05,0.0008836152486745772,0.004418076243372886,0.0053016914920474625,0.0717190181404028,6.337201804882852e-05,5.7446545973789555e-06,,
db15k_native_adamf,D-NA,dev,ADC,raw_endpoint,5,7910,2,tail,7922,0.4336665962333892,0.4336837338809726,-1.7137647583338508e-05,0.00025246149962130775,0.0006311537490532694,0.0008836152486745772,0.33333333333333337,8.415383320710259e-05,6.701618562376409e-05,,
db15k_native_adamf,D-NA,dev,ADC,raw_endpoint,2,7385,3,head,7922,0.2109418430138986,0.21107350823246981,-0.00013166521857125004,0.012244382731633426,0.037238071194142894,0.04948245392577632,0.05226394859580758,0.0006399397896734834,0.0005082745711022331,,
db15k_native_adamf,D-NA,dev,ADC,raw_endpoint,0,7164,3,tail,7922,0.4247665338070483,0.4241263626170139,0.0006401711900343298,0.008331229487503155,0.0407725321888412,0.04910376167634436,0.11423287776182504,0.0009517003196516603,0.00159187150968599,,
db15k_native_adamf,D-NA,dev,ADC,normalized_endpoint,0,7724,1,head,7922,0.212809917005255,0.21289727389301827,-8.735688776326918e-05,0.00391315324413027,0.014516536228225196,0.018429689472355466,0.06982194795131495,0.00027322398213718306,0.0001858670943739138,,
db15k_native_adamf,D-NA,dev,ADC,normalized_endpoint,2,7798,1,tail,7922,0.42703152877320527,0.42669092110143797,0.0003406076717672708,0.002145922746781116,0.007573844988639233,0.009719767735420349,0.053637293265212216,0.00011510148769358846,0.00045570915946085923,,
db15k_native_adamf,D-NA,dev,ADC,normalized_endpoint,3,7871,2,head,7922,0.21791765946097474,0.2179752868244262,-5.762736345144958e-05,0.0008836152486745772,0.004418076243372886,0.0053016914920474625,0.0717190181404028,6.337201804882852e-05,5.7446545973789555e-06,,
db15k_native_adamf,D-NA,dev,ADC,normalized_endpoint,5,7910,2,tail,7922,0.4339821731079158,0.4339993107554992,-1.7137647583338508e-05,0.00025246149962130775,0.0006311537490532694,0.0008836152486745772,0.33333333333333337,8.415383320710259e-05,6.701618562376409e-05,,
db15k_native_adamf,D-NA,dev,ADC,normalized_endpoint,2,7385,3,head,7922,0.21106807376370923,0.21119973898228045,-0.00013166521857125004,0.012244382731633426,0.037238071194142894,0.04948245392577632,0.05226394859580758,0.0006399397896734834,0.0005082745711022331,,
db15k_native_adamf,D-NA,dev,ADC,normalized_endpoint,0,7164,3,tail,7922,0.4247665338070483,0.4241263626170139,0.0006401711900343298,0.008331229487503155,0.0407725321888412,0.04910376167634436,0.11423287776182504,0.0009517003196516603,0.00159187150968599,,
db15k_native_adamf,D-NA,dev,Query-soft,raw_endpoint,0,0,1,head,7922,0.19990105285558074,0.21289727389301827,-0.012996221037437522,0.35521332996718,0.470462004544307,0.825675334511487,0.09220397690011933,0.03275208167090833,0.019755860633470807,,
db15k_native_adamf,D-NA,dev,Query-soft,raw_endpoint,0,0,1,tail,7922,0.41605456364130244,0.4265646903516273,-0.010510126710324849,0.2620550366069174,0.3850037869224943,0.6470588235294118,0.21049569734346768,0.05516145767294103,0.04465133096261619,,
db15k_native_adamf,D-NA,dev,Query-soft,raw_endpoint,0,0,2,head,7922,0.1973636724921959,0.21778594069971022,-0.020422268207514336,0.3885382479171926,0.4559454683160818,0.8444837162332745,0.10796201631787407,0.04194737266175416,0.021525104454239823,,
db15k_native_adamf,D-NA,dev,Query-soft,raw_endpoint,0,0,2,tail,7922,0.4132987084882032,0.4336837338809726,-0.020385025392769335,0.2845241100732138,0.3766725574349912,0.661196667508205,0.23633767407985515,0.06724376639434404,0.04685874100157472,,
db15k_native_adamf,D-NA,dev,Query-soft,raw_endpoint,0,0,3,head,7922,0.20154654698447858,0.21107350823246981,-0.009526961247991253,0.3520575612219137,0.4664226205503661,0.8184801817722798,0.08432878440984978,0.02968858618014025,0.020161624932148996,,
db15k_native_adamf,D-NA,dev,Query-soft,raw_endpoint,0,0,3,tail,7922,0.41735174252293317,0.4241263626170139,-0.00677462009408086,0.25511234536733146,0.37503155768745267,0.6301439030547842,0.19650840646068818,0.05013172045658304,0.043357100362502184,,
db15k_native_adamf,D-NA,dev,Query-soft,normalized_endpoint,0,0,1,head,7922,0.19990105285558074,0.21289727389301827,-0.012996221037437522,0.35521332996718,0.470462004544307,0.825675334511487,0.09220397690011933,0.03275208167090833,0.019755860633470807,,
db15k_native_adamf,D-NA,dev,Query-soft,normalized_endpoint,0,0,1,tail,7922,0.41605456364130244,0.42669092110143797,-0.010636357460135503,0.2620550366069174,0.384751325422873,0.6468063620297905,0.21049569734346768,0.05516145767294103,0.044525100212805535,,
db15k_native_adamf,D-NA,dev,Query-soft,normalized_endpoint,0,0,2,head,7922,0.1973636724921959,0.2179752868244262,-0.020611614332230316,0.3885382479171926,0.45556677606664986,0.8441050239838425,0.10796201631787407,0.04194737266175416,0.021335758329523842,,
db15k_native_adamf,D-NA,dev,Query-soft,normalized_endpoint,0,0,2,tail,7922,0.4132987084882032,0.4339993107554992,-0.02070060226729597,0.2846503408230245,0.3761676344357485,0.6608179752587731,0.2364545975059838,0.06730688176924937,0.04660627950195341,,
db15k_native_adamf,D-NA,dev,Query-soft,normalized_endpoint,0,0,3,head,7922,0.20154654698447858,0.21119973898228045,-0.009653191997801907,0.35218379197172434,0.46629638980055543,0.8184801817722798,0.08447777050862762,0.029751701555045574,0.02009850955724367,,
db15k_native_adamf,D-NA,dev,Query-soft,normalized_endpoint,0,0,3,tail,7922,0.41735174252293317,0.4241263626170139,-0.00677462009408086,0.25511234536733146,0.37503155768745267,0.6301439030547842,0.19650840646068818,0.05013172045658304,0.043357100362502184,,
db15k_native_adamf,D-NA,dev,Relation,raw_endpoint,0,5156,1,head,7922,0.21318895502378818,0.21289727389301827,0.0002916811307699331,0.10704367583943449,0.18694774046957838,0.2939914163090129,0.054280683278128614,0.005810403865167011,0.006102084995936944,,
db15k_native_adamf,D-NA,dev,Relation,raw_endpoint,2,5156,1,tail,7922,0.43171478420900844,0.4265646903516273,0.005150093857381121,0.06715475889926786,0.15526382226710428,0.22241858116637211,0.15124520404019565,0.010156835211989913,0.015306929069371032,,
db15k_native_adamf,D-NA,dev,Relation,raw_endpoint,1,5156,2,head,7922,0.21850925153712658,0.21778594069971022,0.0007233108374163278,0.10931582933602625,0.18757889421863166,0.2968947235546579,0.06534762439286948,0.007143529755645666,0.007866840593061994,,
db15k_native_adamf,D-NA,dev,Relation,raw_endpoint,3,5156,2,tail,7922,0.43952953869363137,0.4336837338809726,0.0058458048126588105,0.07371875788942187,0.1565261297652108,0.23024488765463266,0.15892801395813877,0.01171597578282669,0.017561780595485504,,
db15k_native_adamf,D-NA,dev,Relation,raw_endpoint,1,5156,3,head,7922,0.21257431577054453,0.21107350823246981,0.0015008075380747454,0.10186821509719768,0.18972481696541277,0.29159303206261045,0.05032669219890708,0.005126690306048728,0.006627497844123472,,
db15k_native_adamf,D-NA,dev,Relation,raw_endpoint,0,5156,3,tail,7922,0.4278644526674315,0.4241263626170139,0.003738090050417543,0.0681646048977531,0.15400151476899773,0.22216611966675082,0.14232528539308054,0.009701546845779285,0.013439636896196826,,
db15k_native_adamf,D-NA,dev,Relation,normalized_endpoint,0,5156,1,head,7922,0.21318895502378818,0.21289727389301827,0.0002916811307699331,0.10704367583943449,0.18694774046957838,0.2939914163090129,0.054280683278128614,0.005810403865167011,0.006102084995936944,,
db15k_native_adamf,D-NA,dev,Relation,normalized_endpoint,2,5156,1,tail,7922,0.4318410149588191,0.42669092110143797,0.005150093857381121,0.06715475889926786,0.15526382226710428,0.22241858116637211,0.15124520404019565,0.010156835211989913,0.015306929069371032,,
db15k_native_adamf,D-NA,dev,Relation,normalized_endpoint,1,5156,2,head,7922,0.21857236691203188,0.2179752868244262,0.0005970800876056739,0.10944206008583691,0.187452663468821,0.2968947235546579,0.06584895354581888,0.007206645130550992,0.007803725218156667,,
db15k_native_adamf,D-NA,dev,Relation,normalized_endpoint,3,5156,2,tail,7922,0.43971888481834737,0.4339993107554992,0.005719574062848157,0.07371875788942187,0.1562736682655895,0.22999242615501136,0.15892801395813877,0.01171597578282669,0.017435549845674848,,
db15k_native_adamf,D-NA,dev,Relation,normalized_endpoint,1,5156,3,head,7922,0.21263743114544986,0.21119973898228045,0.0014376921631694185,0.10199444584700833,0.18972481696541277,0.2917192628124211,0.050883218569948034,0.005189805680954054,0.006627497844123472,,
db15k_native_adamf,D-NA,dev,Relation,normalized_endpoint,0,5156,3,tail,7922,0.4278644526674315,0.4241263626170139,0.003738090050417543,0.0681646048977531,0.15400151476899773,0.22216611966675082,0.14232528539308054,0.009701546845779285,0.013439636896196826,,
db15k_native_adamf,D-NA,dev,Equal,raw_endpoint,0,0,1,head,7922,0.2000540055741745,0.21289727389301827,-0.012843268318843774,0.3562231759656652,0.4703357737944963,0.8265589497601615,0.09213545455590276,0.0328207842409439,0.01997751592210013,,
db15k_native_adamf,D-NA,dev,Equal,raw_endpoint,0,0,1,tail,7922,0.41507165654085537,0.4265646903516273,-0.011493033810771951,0.2625599596061601,0.3837414794243878,0.6463014390305478,0.21132738790342434,0.055486110431598415,0.04399307662082646,,
db15k_native_adamf,D-NA,dev,Equal,raw_endpoint,0,0,2,head,7922,0.19678091783370769,0.21778594069971022,-0.021005022866002556,0.39068417066397376,0.4561979298157031,0.8468821004796768,0.10921309532628559,0.04266782757319539,0.021662804707192843,,
db15k_native_adamf,D-NA,dev,Equal,raw_endpoint,0,0,2,tail,7922,0.41270990732140866,0.4336837338809726,-0.020973826559563948,0.28906841706639735,0.37755617268366576,0.6666245897500631,0.23816112757018132,0.06884486015346064,0.047871033593896696,,
db15k_native_adamf,D-NA,dev,Equal,raw_endpoint,0,0,3,head,7922,0.2011079292175007,0.21107350823246981,-0.009965579014969118,0.35294117647058826,0.46503408230244886,0.8179752587730371,0.08448539789072484,0.02981837572613818,0.01985279671116906,,
db15k_native_adamf,D-NA,dev,Equal,raw_endpoint,0,0,3,tail,7922,0.41814913014340555,0.4241263626170139,-0.005977232473608485,0.24917950012623075,0.37717748043423377,0.6263569805604645,0.1949094182748801,0.048567431415629046,0.04259019894202056,,
db15k_native_adamf,D-NA,dev,Equal,normalized_endpoint,0,0,1,head,7922,0.2000540055741745,0.21289727389301827,-0.012843268318843774,0.3562231759656652,0.4703357737944963,0.8265589497601615,0.09213545455590276,0.0328207842409439,0.01997751592210013,,
db15k_native_adamf,D-NA,dev,Equal,normalized_endpoint,0,0,1,tail,7922,0.41507165654085537,0.42669092110143797,-0.011619264560582604,0.2625599596061601,0.3834890179247665,0.6460489775309265,0.21132738790342434,0.055486110431598415,0.04386684587101581,,
db15k_native_adamf,D-NA,dev,Equal,normalized_endpoint,0,0,2,head,7922,0.19678091783370769,0.2179752868244262,-0.021194368990718537,0.3908104014137844,0.4559454683160818,0.8467558697298662,0.10933931848670994,0.042730942948100724,0.02153657395738219,,
db15k_native_adamf,D-NA,dev,Equal,normalized_endpoint,0,0,2,tail,7922,0.41270990732140866,0.4339993107554992,-0.02128940343409058,0.2893208785660187,0.37717748043423377,0.6664983590002524,0.2383896082616559,0.06897109090327129,0.047681687469180715,,
db15k_native_adamf,D-NA,dev,Equal,normalized_endpoint,0,0,3,head,7922,0.2011079292175007,0.21119973898228045,-0.010091809764779773,0.35306740722039887,0.4649078515526382,0.8179752587730371,0.08463395513137886,0.029881491101043507,0.019789681336263736,,
db15k_native_adamf,D-NA,dev,Equal,normalized_endpoint,0,0,3,tail,7922,0.41814913014340555,0.4241263626170139,-0.005977232473608485,0.24917950012623075,0.37717748043423377,0.6263569805604645,0.1949094182748801,0.048567431415629046,0.04259019894202056,,
db15k_native_adamf,D-NA,dev,RRF,raw_endpoint,0,0,1,head,7922,0.18886564179447485,0.21289727389301827,-0.02403163209854342,0.3981317849028023,0.427417318858874,0.8255491037616763,0.09374166592691145,0.03732153677524346,0.013289904676700038,,
db15k_native_adamf,D-NA,dev,RRF,raw_endpoint,0,0,1,tail,7922,0.3962751247436218,0.4265646903516273,-0.030289565608005525,0.2958848775561727,0.34410502398384246,0.6399899015400151,0.20487026387810914,0.06061801294247511,0.030328447334469582,,
db15k_native_adamf,D-NA,dev,RRF,raw_endpoint,0,0,2,head,7922,0.18760041756882112,0.21778594069971022,-0.030185523130889083,0.42135824286796264,0.41959101237061347,0.8409492552385761,0.10598802892628405,0.044658929633417846,0.014473406502528758,,
db15k_native_adamf,D-NA,dev,RRF,raw_endpoint,0,0,2,tail,7922,0.39571504634592103,0.4336837338809726,-0.03796868753505157,0.3127997980308003,0.34334763948497854,0.6561474375157789,0.22749587044635752,0.07116066232846174,0.03319197479341017,,
db15k_native_adamf,D-NA,dev,RRF,raw_endpoint,0,0,3,head,7922,0.19214883874959282,0.21107350823246981,-0.018924669482877004,0.39156778591264835,0.424135319363797,0.8157031052764453,0.08357018484222047,0.032723392246979024,0.013798722764102024,,
db15k_native_adamf,D-NA,dev,RRF,raw_endpoint,0,0,3,tail,7922,0.3972804018573859,0.4241263626170139,-0.02684596075962807,0.29209795506185304,0.33135571825296645,0.6234536733148195,0.19143055499379447,0.055916473650042965,0.029070512890414898,,
db15k_native_adamf,D-NA,dev,RRF,normalized_endpoint,0,0,1,head,7922,0.18886564179447485,0.21289727389301827,-0.02403163209854342,0.3981317849028023,0.427417318858874,0.8255491037616763,0.09374166592691145,0.03732153677524346,0.013289904676700038,,
db15k_native_adamf,D-NA,dev,RRF,normalized_endpoint,0,0,1,tail,7922,0.3962751247436218,0.42669092110143797,-0.030415796357816178,0.296137339055794,0.34410502398384246,0.6402423630396364,0.2051218663811968,0.06074424369228576,0.030328447334469582,,
db15k_native_adamf,D-NA,dev,RRF,normalized_endpoint,0,0,2,head,7922,0.18760041756882112,0.2179752868244262,-0.030374869255605064,0.42161070436758397,0.41959101237061347,0.8412017167381974,0.10637366483710661,0.044848275758133826,0.014473406502528758,,
db15k_native_adamf,D-NA,dev,RRF,normalized_endpoint,0,0,2,tail,7922,0.39571504634592103,0.4339993107554992,-0.03828426440957821,0.3134309517798536,0.34334763948497854,0.6567785912648321,0.22804461013534996,0.07147623920298839,0.03319197479341017,,
db15k_native_adamf,D-NA,dev,RRF,normalized_endpoint,0,0,3,head,7922,0.19214883874959282,0.21119973898228045,-0.01905090023268766,0.3918202474122696,0.424135319363797,0.8159555667760666,0.08383850302209014,0.03284962299678968,0.013798722764102024,,
db15k_native_adamf,D-NA,dev,RRF,normalized_endpoint,0,0,3,tail,7922,0.3972804018573859,0.4241263626170139,-0.02684596075962807,0.29209795506185304,0.33135571825296645,0.6234536733148195,0.19143055499379447,0.055916473650042965,0.029070512890414898,,
db15k_native_adamf,D-NA,test,Global,raw_endpoint,5,9902,1,head,9902,0.2086183491354982,0.2086183491354982,0.0,0.0,0.0,0.0,,0.0,0.0,,
db15k_native_adamf,D-NA,test,Global,raw_endpoint,1,9902,1,tail,9902,0.42038004911737414,0.42038004911737414,0.0,0.0,0.0,0.0,,0.0,0.0,,
db15k_native_adamf,D-NA,test,Global,raw_endpoint,6,9902,2,head,9902,0.20768476163395014,0.20768476163395014,0.0,0.0,0.0,0.0,,0.0,0.0,,
db15k_native_adamf,D-NA,test,Global,raw_endpoint,8,9902,2,tail,9902,0.4201647250988754,0.4201647250988754,0.0,0.0,0.0,0.0,,0.0,0.0,,
db15k_native_adamf,D-NA,test,Global,raw_endpoint,1,9902,3,head,9902,0.20649783806951313,0.20649783806951313,0.0,0.0,0.0,0.0,,0.0,0.0,,
db15k_native_adamf,D-NA,test,Global,raw_endpoint,2,9902,3,tail,9902,0.41322318562621974,0.41322318562621974,0.0,0.0,0.0,0.0,,0.0,0.0,,
db15k_native_adamf,D-NA,test,Global,normalized_endpoint,5,9902,1,head,9902,0.20887082338312493,0.20887082338312493,0.0,0.0,0.0,0.0,,0.0,0.0,,
db15k_native_adamf,D-NA,test,Global,normalized_endpoint,1,9902,1,tail,9902,0.4204305439668995,0.4204305439668995,0.0,0.0,0.0,0.0,,0.0,0.0,,
db15k_native_adamf,D-NA,test,Global,normalized_endpoint,6,9902,2,head,9902,0.20798773073110222,0.20798773073110222,0.0,0.0,0.0,0.0,,0.0,0.0,,
db15k_native_adamf,D-NA,test,Global,normalized_endpoint,8,9902,2,tail,9902,0.4205350206620613,0.4205350206620613,0.0,0.0,0.0,0.0,,0.0,0.0,,
db15k_native_adamf,D-NA,test,Global,normalized_endpoint,1,9902,3,head,9902,0.20654833291903849,0.20654833291903849,0.0,0.0,0.0,0.0,,0.0,0.0,,
db15k_native_adamf,D-NA,test,Global,normalized_endpoint,2,9902,3,tail,9902,0.41332417532527044,0.41332417532527044,0.0,0.0,0.0,0.0,,0.0,0.0,,
db15k_native_adamf,D-NA,test,ADC,raw_endpoint,5,9583,1,head,9902,0.2084228063199343,0.2086183491354982,-0.0001955428155639094,0.005655423146839022,0.02009695011108867,0.02575237325792769,0.06721434175002146,0.0003801255441326198,0.00018458272856871038,,
db15k_native_adamf,D-NA,test,ADC,raw_endpoint,1,9689,1,tail,9902,0.4204975957889279,0.42038004911737414,0.00011754667155374359,0.002322763078166027,0.010704908099373864,0.01302767117753989,0.10004355439882025,0.0002323774743660741,0.00034992414591981767,,
db15k_native_adamf,D-NA,test,ADC,raw_endpoint,6,9831,2,head,9902,0.2076171892473748,0.20768476163395014,-6.757238657533295e-05,0.0019188042819632397,0.004746515855382751,0.006665320137345991,0.03991848547435818,7.659576085768588e-05,9.02337428235292e-06,,
db15k_native_adamf,D-NA,test,ADC,raw_endpoint,8,9880,2,tail,9902,0.42010971630426797,0.4201647250988754,-5.5008794607441524e-05,0.0004039587962027873,0.0013128660876590588,0.0017168248838618462,0.2501119563793813,0.00010103492481493891,4.602613020749739e-05,,
db15k_native_adamf,D-NA,test,ADC,raw_endpoint,0,9112,3,head,9902,0.20626849458306726,0.20649783806951313,-0.00022934348644584974,0.015249444556655221,0.04483942637850939,0.060088870935164615,0.045123003775344506,0.0006881007443018604,0.00045875725785601054,,
db15k_native_adamf,D-NA,test,ADC,raw_endpoint,1,8901,3,tail,9902,0.41356387692662966,0.41322318562621974,0.0003406913004098909,0.00989699050696829,0.043728539688951726,0.053625530195920014,0.12330173493372155,0.0012203161001317626,0.0015610074005416533,,
db15k_native_adamf,D-NA,test,ADC,normalized_endpoint,5,9583,1,head,9902,0.20867528056756104,0.20887082338312493,-0.0001955428155639094,0.005655423146839022,0.02009695011108867,0.02575237325792769,0.06721434175002146,0.0003801255441326198,0.00018458272856871038,,
db15k_native_adamf,D-NA,test,ADC,normalized_endpoint,1,9689,1,tail,9902,0.4205480906384533,0.4204305439668995,0.00011754667155374359,0.002322763078166027,0.010704908099373864,0.01302767117753989,0.10004355439882025,0.0002323774743660741,0.00034992414591981767,,
db15k_native_adamf,D-NA,test,ADC,normalized_endpoint,6,9831,2,head,9902,0.2079201583445269,0.20798773073110222,-6.757238657533295e-05,0.0019188042819632397,0.004746515855382751,0.006665320137345991,0.03991848547435818,7.659576085768588e-05,9.02337428235292e-06,,
db15k_native_adamf,D-NA,test,ADC,normalized_endpoint,8,9880,2,tail,9902,0.4204800118674539,0.4205350206620613,-5.5008794607441524e-05,0.0004039587962027873,0.0013128660876590588,0.0017168248838618462,0.2501119563793813,0.00010103492481493891,4.602613020749739e-05,,
db15k_native_adamf,D-NA,test,ADC,normalized_endpoint,0,9112,3,head,9902,0.20626849458306726,0.20654833291903849,-0.00027983833597119815,0.015249444556655221,0.0447384366794587,0.05998788123611391,0.045123003775344506,0.0006881007443018604,0.00040826240833066215,,
db15k_native_adamf,D-NA,test,ADC,normalized_endpoint,1,8901,3,tail,9902,0.413614371776155,0.41332417532527044,0.0002901964508845425,0.00989699050696829,0.04362754998990103,0.05352454049686932,0.12330173493372155,0.0012203161001317626,0.0015105125510163047,,
db15k_native_adamf,D-NA,test,Query-soft,raw_endpoint,0,0,1,head,9902,0.19532504860325267,0.2086183491354982,-0.013293300532245533,0.3697232882246011,0.4651585538275096,0.8348818420521107,0.09104471538228767,0.033661351546612324,0.020368051014366787,,
db15k_native_adamf,D-NA,test,Query-soft,raw_endpoint,0,0,1,tail,9902,0.40640556745411954,0.42038004911737414,-0.013974481663254577,0.26974348616441124,0.38335689759644515,0.6531003837608564,0.21310607822012045,0.057483976461921,0.043509494798666434,,
db15k_native_adamf,D-NA,test,Query-soft,raw_endpoint,0,0,2,head,9902,0.19043243655934544,0.20768476163395014,-0.01725232507460468,0.39032518683094325,0.4587962027873157,0.8491213896182589,0.10001985720379247,0.039040269449874564,0.021787944375269885,,
db15k_native_adamf,D-NA,test,Query-soft,raw_endpoint,0,0,2,tail,9902,0.4053401083121016,0.4201647250988754,-0.014824616786773843,0.289133508382145,0.3879014340537265,0.6770349424358716,0.2259097042025569,0.06531806535365789,0.05049344856688405,,
db15k_native_adamf,D-NA,test,Query-soft,raw_endpoint,0,0,3,head,9902,0.19843316365865868,0.20649783806951313,-0.008064674410854424,0.34871743082205614,0.47596445162593415,0.8246818824479903,0.08007838667361931,0.02792472926519971,0.019860054854345284,,
db15k_native_adamf,D-NA,test,Query-soft,raw_endpoint,0,0,3,tail,9902,0.40709580356932923,0.41322318562621974,-0.006127382056890467,0.2543930519087053,0.3878004443546758,0.6421934962633812,0.19567656623092902,0.04977875887050195,0.043651376813611475,,
db15k_native_adamf,D-NA,test,Query-soft,normalized_endpoint,0,0,1,head,9902,0.19532504860325267,0.20887082338312493,-0.013545774779872276,0.3698242779236518,0.4647545950313068,0.8345788729549586,0.09115639077404565,0.03371184639613767,0.020166071616265394,,
db15k_native_adamf,D-NA,test,Query-soft,normalized_endpoint,0,0,1,tail,9902,0.40640556745411954,0.4204305439668995,-0.014024976512779924,0.26974348616441124,0.38325590789739444,0.6529993940618057,0.21310607822012045,0.057483976461921,0.04345899994914108,,
db15k_native_adamf,D-NA,test,Query-soft,normalized_endpoint,0,0,2,head,9902,0.19043243655934544,0.20798773073110222,-0.017555294171756768,0.39042617652999395,0.4582912542920622,0.8487174308220562,0.10012331818227053,0.03909076429939991,0.02153547012764314,,
db15k_native_adamf,D-NA,test,Query-soft,normalized_endpoint,0,0,2,tail,9902,0.4053401083121016,0.4205350206620613,-0.015194912349959731,0.2894364774792971,0.38739648555847306,0.6768329630377702,0.22608030348869057,0.06543588666921704,0.0502409743192573,,
db15k_native_adamf,D-NA,test,Query-soft,normalized_endpoint,0,0,3,head,9902,0.19843316365865868,0.20654833291903849,-0.008115169260379773,0.34871743082205614,0.47586346192688345,0.8245808927489396,0.08007838667361931,0.02792472926519971,0.019809560004819936,,
db15k_native_adamf,D-NA,test,Query-soft,normalized_endpoint,0,0,3,tail,9902,0.40709580356932923,0.41332417532527044,-0.006228371755941164,0.2543930519087053,0.3875984649565744,0.6419915168652798,0.19567656623092902,0.04977875887050195,0.04355038711456078,,
db15k_native_adamf,D-NA,test,Relation,raw_endpoint,2,6540,1,head,9902,0.20669998479557433,0.2086183491354982,-0.001918364339923855,0.11209856594627347,0.18016562310644313,0.2922641890527166,0.06609715850558145,0.007409396681599213,0.005491032341675359,,
db15k_native_adamf,D-NA,test,Relation,raw_endpoint,1,6540,1,tail,9902,0.4204538822209676,0.42038004911737414,7.383310359347634e-05,0.07735810947283377,0.1501716824883862,0.22752979196121995,0.16889907775496982,0.013065713346829618,0.013139546450423095,,
db15k_native_adamf,D-NA,test,Relation,raw_endpoint,2,6540,2,head,9902,0.2064926951195517,0.20768476163395014,-0.0011920665143983907,0.11452231872349021,0.17935770551403757,0.2938800242375278,0.06565890975585384,0.0075194105900967725,0.006327344075698382,,
db15k_native_adamf,D-NA,test,Relation,raw_endpoint,5,6540,2,tail,9902,0.4198794149503545,0.4201647250988754,-0.00028531014852080974,0.07877196525954352,0.15461522924661686,0.23338719450616038,0.1867617449064498,0.014711589681582597,0.014426279533061786,,
db15k_native_adamf,D-NA,test,Relation,raw_endpoint,1,6540,3,head,9902,0.20652082808500136,0.20649783806951313,2.2990015488219074e-05,0.10068672995354473,0.1848111492627752,0.2854978792163199,0.049860708865110695,0.005020311728793714,0.005043301744281934,,
db15k_native_adamf,D-NA,test,Relation,raw_endpoint,1,6540,3,tail,9902,0.4163081189084762,0.41322318562621974,0.0030849332822564354,0.06766309836396688,0.15229246616845082,0.21995556453241769,0.15808174137533879,0.01069630041622672,0.013781233698483155,,
db15k_native_adamf,D-NA,test,Relation,normalized_endpoint,2,6540,1,head,9902,0.20680097449462503,0.20887082338312493,-0.0020698488884999004,0.11209856594627347,0.17986265400929105,0.2919612199555645,0.06609715850558145,0.007409396681599213,0.005339547793099313,,
db15k_native_adamf,D-NA,test,Relation,normalized_endpoint,1,6540,1,tail,9902,0.42050437707049293,0.4204305439668995,7.383310359347634e-05,0.07735810947283377,0.1501716824883862,0.22752979196121995,0.16889907775496982,0.013065713346829618,0.013139546450423095,,
db15k_native_adamf,D-NA,test,Relation,normalized_endpoint,2,6540,2,head,9902,0.2065936848186024,0.20798773073110222,-0.0013940459124997845,0.11452231872349021,0.1789537467178348,0.293476065441325,0.06565890975585384,0.0075194105900967725,0.006125364677596989,,
db15k_native_adamf,D-NA,test,Relation,normalized_endpoint,5,6540,2,tail,9902,0.4200982259649645,0.4205350206620613,-0.00043679469709685496,0.07897394465764492,0.15451423954756616,0.23348818420521106,0.18756286576346656,0.014812579380633293,0.014375784683536437,,
db15k_native_adamf,D-NA,test,Relation,normalized_endpoint,1,6540,3,head,9902,0.2065713229345267,0.20654833291903849,2.2990015488219074e-05,0.10068672995354473,0.1848111492627752,0.2854978792163199,0.049860708865110695,0.005020311728793714,0.005043301744281934,,
db15k_native_adamf,D-NA,test,Relation,normalized_endpoint,1,6540,3,tail,9902,0.41635861375800154,0.41332417532527044,0.003034438432731087,0.06766309836396688,0.15219147646940012,0.21985457483336698,0.15808174137533879,0.01069630041622672,0.013730738848957806,,
db15k_native_adamf,D-NA,test,Equal,raw_endpoint,0,0,1,head,9902,0.19567946436915848,0.2086183491354982,-0.012938884766339712,0.3683094324378913,0.46657240961421936,0.8348818420521107,0.09073261092337234,0.033417676432795286,0.020478791666455578,,
db15k_native_adamf,D-NA,test,Equal,raw_endpoint,0,0,1,tail,9902,0.4061676093168388,0.42038004911737414,-0.014212439800535348,0.26944051706725913,0.38365986669359725,0.6531003837608564,0.21193208614878586,0.057103090875071774,0.04289065107453642,,
db15k_native_adamf,D-NA,test,Equal,raw_endpoint,0,0,2,head,9902,0.190451504476126,0.20768476163395014,-0.017233257157824103,0.39305190870531204,0.45778630579680873,0.8508382145021208,0.10022324222203764,0.039392936652006716,0.022159679494182613,,
db15k_native_adamf,D-NA,test,Equal,raw_endpoint,0,0,2,tail,9902,0.40417399339370197,0.4201647250988754,-0.015990731705173417,0.293476065441325,0.38840638254898,0.681882447990305,0.2285787286369611,0.06708238592395566,0.051091654218782236,,
db15k_native_adamf,D-NA,test,Equal,raw_endpoint,0,0,3,head,9902,0.19801807352115333,0.20649783806951313,-0.008479764548359772,0.34922237931730965,0.4770753383154918,0.8262977176328015,0.0806195090730012,0.028154136777866906,0.019674372229507135,,
db15k_native_adamf,D-NA,test,Equal,raw_endpoint,0,0,3,tail,9902,0.4079392909762732,0.41322318562621974,-0.005283894649946612,0.24722278327610583,0.3879014340537265,0.6351242173298324,0.19221349655795023,0.04751955560228865,0.04223566095234204,,
db15k_native_adamf,D-NA,test,Equal,normalized_endpoint,0,0,1,head,9902,0.19567946436915848,0.20887082338312493,-0.013191359013966453,0.36841042213694203,0.46616845081801656,0.8345788729549586,0.09084480044888678,0.03346817128232064,0.020276812268354184,,
db15k_native_adamf,D-NA,test,Equal,normalized_endpoint,0,0,1,tail,9902,0.4061676093168388,0.4204305439668995,-0.014262934650060698,0.26944051706725913,0.38355887699454655,0.6529993940618057,0.21193208614878586,0.057103090875071774,0.042840156225011077,,
db15k_native_adamf,D-NA,test,Equal,normalized_endpoint,0,0,2,head,9902,0.190451504476126,0.20798773073110222,-0.01753622625497619,0.39315289840436274,0.4572813573015552,0.850434255705918,0.10032593340050616,0.03944343150153206,0.02190720524655587,,
db15k_native_adamf,D-NA,test,Equal,normalized_endpoint,0,0,2,tail,9902,0.40417399339370197,0.4205350206620613,-0.016361027268359307,0.2937790345384771,0.3879014340537265,0.6816804685922035,0.22874405365612774,0.06720020723951481,0.050839179971155495,,
db15k_native_adamf,D-NA,test,Equal,normalized_endpoint,0,0,3,head,9902,0.19801807352115333,0.20654833291903849,-0.008530259397885119,0.34922237931730965,0.4769743486164411,0.8261967279337508,0.0806195090730012,0.028154136777866906,0.019623877379981787,,
db15k_native_adamf,D-NA,test,Equal,normalized_endpoint,0,0,3,tail,9902,0.4079392909762732,0.41332417532527044,-0.005384884348997309,0.24722278327610583,0.3876994546556251,0.634922237931731,0.19221349655795023,0.04751955560228865,0.04213467125329134,,
db15k_native_adamf,D-NA,test,RRF,raw_endpoint,0,0,1,head,9902,0.18561391310318737,0.2086183491354982,-0.023004436032310827,0.40981619874772773,0.4235507978186225,0.8333669965663503,0.09092458203799633,0.037262366583537584,0.014257930551226754,,
db15k_native_adamf,D-NA,test,RRF,raw_endpoint,0,0,1,tail,9902,0.3878269096643625,0.42038004911737414,-0.032553139453011685,0.3055948293274086,0.34609169864673806,0.6516865279741466,0.20891207971410006,0.06384245134466439,0.03128931189165271,,
db15k_native_adamf,D-NA,test,RRF,raw_endpoint,0,0,2,head,9902,0.179527856794242,0.20768476163395014,-0.028156904839708116,0.43152898404362755,0.41355281761260354,0.845081801656231,0.09968122765040595,0.043015338896201225,0.014858434056493114,,
db15k_native_adamf,D-NA,test,RRF,raw_endpoint,0,0,2,tail,9902,0.3822929097948604,0.4201647250988754,-0.037871815304014976,0.32256109876792566,0.34871743082205614,0.6712785295899818,0.22207341549934748,0.07163224491061561,0.03376042960660064,,
db15k_native_adamf,D-NA,test,RRF,raw_endpoint,0,0,3,head,9902,0.1888865827784675,0.20649783806951313,-0.017611255291045635,0.39315289840436274,0.4323369016360331,0.8254898000403958,0.08238500659577346,0.032389904128190886,0.014778648837145249,,
db15k_native_adamf,D-NA,test,RRF,raw_endpoint,0,0,3,tail,9902,0.38578264967172815,0.41322318562621974,-0.02744053595449156,0.2987275297919612,0.338113512421733,0.6368410422136942,0.19062459710400098,0.056944815010466054,0.02950427905597449,,
db15k_native_adamf,D-NA,test,RRF,normalized_endpoint,0,0,1,head,9902,0.18561391310318737,0.20887082338312493,-0.02325691027993757,0.41032114724298124,0.4235507978186225,0.8338719450616037,0.09142799751665989,0.037514840831164326,0.014257930551226754,,
db15k_native_adamf,D-NA,test,RRF,normalized_endpoint,0,0,1,tail,9902,0.3878269096643625,0.4204305439668995,-0.032603634302537036,0.3056958190264593,0.34609169864673806,0.6517875176731973,0.20900824354637157,0.06389294619418974,0.03128931189165271,,
db15k_native_adamf,D-NA,test,RRF,normalized_endpoint,0,0,2,head,9902,0.179527856794242,0.20798773073110222,-0.028459873936860204,0.43203393253888106,0.41355281761260354,0.8455867501514845,0.10026598544885099,0.04331830799335332,0.014858434056493114,,
db15k_native_adamf,D-NA,test,RRF,normalized_endpoint,0,0,2,tail,9902,0.3822929097948604,0.4205350206620613,-0.03824211086720086,0.32316703696222987,0.34871743082205614,0.671884467784286,0.22280286117861955,0.0720025404738015,0.03376042960660064,,
db15k_native_adamf,D-NA,test,RRF,normalized_endpoint,0,0,3,head,9902,0.1888865827784675,0.20654833291903849,-0.017661750140570982,0.39325388810341344,0.4323369016360331,0.8255907897394466,0.08249225235679149,0.03244039897771623,0.014778648837145249,,
db15k_native_adamf,D-NA,test,RRF,normalized_endpoint,0,0,3,tail,9902,0.38578264967172815,0.41332417532527044,-0.02754152565354226,0.2989295091900626,0.338113512421733,0.6370430216117956,0.19083363453839017,0.057045804709516756,0.02950427905597449,,
