dataset,pair_id,scope,relation_id,direction,n_queries,n_original_triples,positive_opportunities,toward_a,toward_b,direction_consistency,signed_direction_preference,supported,support_min
db15k,db15k_mhyper_adamf,direction,,head,23766,7922,12734,0,12734,1.0,-1.0,True,60
db15k,db15k_mhyper_adamf,direction,,tail,23766,7922,8938,0,8938,1.0,-1.0,True,60
db15k,db15k_mhyper_adamf,relation,0,,1746,291,867,0,867,1.0,-1.0,True,60
db15k,db15k_mhyper_adamf,relation,1,,1506,251,649,0,649,1.0,-1.0,True,60
db15k,db15k_mhyper_adamf,relation,2,,420,70,194,0,194,1.0,-1.0,True,60
db15k,db15k_mhyper_adamf,relation,3,,138,23,45,0,45,1.0,-1.0,True,60
db15k,db15k_mhyper_adamf,relation,4,,144,24,7,0,7,1.0,-1.0,True,60
db15k,db15k_mhyper_adamf,relation,5,,840,140,457,0,457,1.0,-1.0,True,60
db15k,db15k_mhyper_adamf,relation,6,,132,22,66,0,66,1.0,-1.0,True,60
db15k,db15k_mhyper_adamf,relation,7,,108,18,50,0,50,1.0,-1.0,True,60
db15k,db15k_mhyper_adamf,relation,8,,60,10,28,0,28,1.0,-1.0,True,60
db15k,db15k_mhyper_adamf,relation,9,,96,16,52,0,52,1.0,-1.0,True,60
db15k,db15k_mhyper_adamf,relation,10,,42,7,20,0,20,1.0,-1.0,False,60
db15k,db15k_mhyper_adamf,relation,11,,78,13,43,0,43,1.0,-1.0,True,60
db15k,db15k_mhyper_adamf,relation,12,,3222,537,1889,0,1889,1.0,-1.0,True,60
db15k,db15k_mhyper_adamf,relation,13,,78,13,28,0,28,1.0,-1.0,True,60
db15k,db15k_mhyper_adamf,relation,14,,492,82,264,0,264,1.0,-1.0,True,60
db15k,db15k_mhyper_adamf,relation,15,,30,5,18,0,18,1.0,-1.0,False,60
db15k,db15k_mhyper_adamf,relation,16,,6,1,6,0,6,1.0,-1.0,False,60
db15k,db15k_mhyper_adamf,relation,17,,516,86,361,0,361,1.0,-1.0,True,60
db15k,db15k_mhyper_adamf,relation,18,,234,39,168,0,168,1.0,-1.0,True,60
db15k,db15k_mhyper_adamf,relation,19,,408,68,227,0,227,1.0,-1.0,True,60
db15k,db15k_mhyper_adamf,relation,20,,102,17,36,0,36,1.0,-1.0,True,60
db15k,db15k_mhyper_adamf,relation,21,,648,108,224,0,224,1.0,-1.0,True,60
db15k,db15k_mhyper_adamf,relation,22,,42,7,20,0,20,1.0,-1.0,False,60
db15k,db15k_mhyper_adamf,relation,23,,66,11,29,0,29,1.0,-1.0,True,60
db15k,db15k_mhyper_adamf,relation,24,,30,5,11,0,11,1.0,-1.0,False,60
db15k,db15k_mhyper_adamf,relation,25,,90,15,63,0,63,1.0,-1.0,True,60
db15k,db15k_mhyper_adamf,relation,26,,30,5,9,0,9,1.0,-1.0,False,60
db15k,db15k_mhyper_adamf,relation,27,,306,51,148,0,148,1.0,-1.0,True,60
db15k,db15k_mhyper_adamf,relation,28,,354,59,202,0,202,1.0,-1.0,True,60
db15k,db15k_mhyper_adamf,relation,29,,24,4,13,0,13,1.0,-1.0,False,60
db15k,db15k_mhyper_adamf,relation,30,,60,10,43,0,43,1.0,-1.0,True,60
db15k,db15k_mhyper_adamf,relation,31,,18,3,14,0,14,1.0,-1.0,False,60
db15k,db15k_mhyper_adamf,relation,32,,78,13,38,0,38,1.0,-1.0,True,60
db15k,db15k_mhyper_adamf,relation,33,,1008,168,308,0,308,1.0,-1.0,True,60
db15k,db15k_mhyper_adamf,relation,35,,1428,238,803,0,803,1.0,-1.0,True,60
db15k,db15k_mhyper_adamf,relation,36,,234,39,129,0,129,1.0,-1.0,True,60
db15k,db15k_mhyper_adamf,relation,37,,60,10,40,0,40,1.0,-1.0,True,60
db15k,db15k_mhyper_adamf,relation,38,,12,2,4,0,4,1.0,-1.0,False,60
db15k,db15k_mhyper_adamf,relation,39,,852,142,196,0,196,1.0,-1.0,True,60
db15k,db15k_mhyper_adamf,relation,41,,24,4,10,0,10,1.0,-1.0,False,60
db15k,db15k_mhyper_adamf,relation,42,,174,29,97,0,97,1.0,-1.0,True,60
db15k,db15k_mhyper_adamf,relation,43,,180,30,107,0,107,1.0,-1.0,True,60
db15k,db15k_mhyper_adamf,relation,44,,108,18,63,0,63,1.0,-1.0,True,60
db15k,db15k_mhyper_adamf,relation,45,,12,2,6,0,6,1.0,-1.0,False,60
db15k,db15k_mhyper_adamf,relation,46,,18,3,9,0,9,1.0,-1.0,False,60
db15k,db15k_mhyper_adamf,relation,47,,2472,412,1427,0,1427,1.0,-1.0,True,60
db15k,db15k_mhyper_adamf,relation,48,,54,9,27,0,27,1.0,-1.0,False,60
db15k,db15k_mhyper_adamf,relation,49,,456,76,237,0,237,1.0,-1.0,True,60
db15k,db15k_mhyper_adamf,relation,50,,162,27,82,0,82,1.0,-1.0,True,60
db15k,db15k_mhyper_adamf,relation,51,,138,23,59,0,59,1.0,-1.0,True,60
db15k,db15k_mhyper_adamf,relation,52,,18,3,1,0,1,1.0,-1.0,False,60
db15k,db15k_mhyper_adamf,relation,54,,24,4,7,0,7,1.0,-1.0,False,60
db15k,db15k_mhyper_adamf,relation,55,,6,1,3,0,3,1.0,-1.0,False,60
db15k,db15k_mhyper_adamf,relation,56,,84,14,32,0,32,1.0,-1.0,True,60
db15k,db15k_mhyper_adamf,relation,57,,6,1,0,0,0,,,False,60
db15k,db15k_mhyper_adamf,relation,58,,24,4,12,0,12,1.0,-1.0,False,60
db15k,db15k_mhyper_adamf,relation,59,,42,7,14,0,14,1.0,-1.0,False,60
db15k,db15k_mhyper_adamf,relation,60,,6,1,1,0,1,1.0,-1.0,False,60
db15k,db15k_mhyper_adamf,relation,61,,246,41,110,0,110,1.0,-1.0,True,60
db15k,db15k_mhyper_adamf,relation,62,,54,9,23,0,23,1.0,-1.0,False,60
db15k,db15k_mhyper_adamf,relation,63,,102,17,35,0,35,1.0,-1.0,True,60
db15k,db15k_mhyper_adamf,relation,64,,192,32,113,0,113,1.0,-1.0,True,60
db15k,db15k_mhyper_adamf,relation,65,,342,57,148,0,148,1.0,-1.0,True,60
db15k,db15k_mhyper_adamf,relation,66,,462,77,146,0,146,1.0,-1.0,True,60
db15k,db15k_mhyper_adamf,relation,67,,156,26,39,0,39,1.0,-1.0,True,60
db15k,db15k_mhyper_adamf,relation,68,,258,43,82,0,82,1.0,-1.0,True,60
db15k,db15k_mhyper_adamf,relation,69,,126,21,40,0,40,1.0,-1.0,True,60
db15k,db15k_mhyper_adamf,relation,70,,30,5,5,0,5,1.0,-1.0,False,60
db15k,db15k_mhyper_adamf,relation,71,,72,12,27,0,27,1.0,-1.0,True,60
db15k,db15k_mhyper_adamf,relation,72,,96,16,40,0,40,1.0,-1.0,True,60
db15k,db15k_mhyper_adamf,relation,73,,3558,593,2513,0,2513,1.0,-1.0,True,60
db15k,db15k_mhyper_adamf,relation,74,,132,22,49,0,49,1.0,-1.0,True,60
db15k,db15k_mhyper_adamf,relation,75,,102,17,28,0,28,1.0,-1.0,True,60
db15k,db15k_mhyper_adamf,relation,76,,1104,184,574,0,574,1.0,-1.0,True,60
db15k,db15k_mhyper_adamf,relation,77,,36,6,11,0,11,1.0,-1.0,False,60
db15k,db15k_mhyper_adamf,relation,78,,96,16,5,0,5,1.0,-1.0,True,60
db15k,db15k_mhyper_adamf,relation,79,,78,13,42,0,42,1.0,-1.0,True,60
db15k,db15k_mhyper_adamf,relation,80,,378,63,208,0,208,1.0,-1.0,True,60
db15k,db15k_mhyper_adamf,relation,81,,498,83,299,0,299,1.0,-1.0,True,60
db15k,db15k_mhyper_adamf,relation,82,,114,19,17,0,17,1.0,-1.0,True,60
db15k,db15k_mhyper_adamf,relation,83,,144,24,27,0,27,1.0,-1.0,True,60
db15k,db15k_mhyper_adamf,relation,84,,96,16,39,0,39,1.0,-1.0,True,60
db15k,db15k_mhyper_adamf,relation,85,,6,1,2,0,2,1.0,-1.0,False,60
db15k,db15k_mhyper_adamf,relation,87,,1260,210,704,0,704,1.0,-1.0,True,60
db15k,db15k_mhyper_adamf,relation,88,,24,4,15,0,15,1.0,-1.0,False,60
db15k,db15k_mhyper_adamf,relation,89,,1284,214,845,0,845,1.0,-1.0,True,60
db15k,db15k_mhyper_adamf,relation,90,,1110,185,179,0,179,1.0,-1.0,True,60
db15k,db15k_mhyper_adamf,relation,91,,1056,176,144,0,144,1.0,-1.0,True,60
db15k,db15k_mhyper_adamf,relation,92,,168,28,42,0,42,1.0,-1.0,True,60
db15k,db15k_mhyper_adamf,relation,93,,12,2,6,0,6,1.0,-1.0,False,60
db15k,db15k_mhyper_adamf,relation,94,,6,1,6,0,6,1.0,-1.0,False,60
db15k,db15k_mhyper_adamf,relation,95,,726,121,333,0,333,1.0,-1.0,True,60
db15k,db15k_mhyper_adamf,relation,96,,18,3,4,0,4,1.0,-1.0,False,60
db15k,db15k_mhyper_adamf,relation,97,,234,39,109,0,109,1.0,-1.0,True,60
db15k,db15k_mhyper_adamf,relation,98,,126,21,45,0,45,1.0,-1.0,True,60
db15k,db15k_mhyper_adamf,relation,99,,150,25,65,0,65,1.0,-1.0,True,60
db15k,db15k_mhyper_adamf,relation,100,,78,13,55,0,55,1.0,-1.0,True,60
db15k,db15k_mhyper_adamf,relation,101,,12,2,2,0,2,1.0,-1.0,False,60
db15k,db15k_mhyper_adamf,relation,102,,678,113,190,0,190,1.0,-1.0,True,60
db15k,db15k_mhyper_adamf,relation,103,,528,88,220,0,220,1.0,-1.0,True,60
db15k,db15k_mhyper_adamf,relation,104,,768,128,243,0,243,1.0,-1.0,True,60
db15k,db15k_mhyper_adamf,relation,105,,576,96,153,0,153,1.0,-1.0,True,60
db15k,db15k_mhyper_adamf,relation,106,,126,21,64,0,64,1.0,-1.0,True,60
db15k,db15k_mhyper_adamf,relation,108,,138,23,77,0,77,1.0,-1.0,True,60
db15k,db15k_mhyper_adamf,relation,109,,6,1,3,0,3,1.0,-1.0,False,60
db15k,db15k_mhyper_adamf,relation,110,,204,34,23,0,23,1.0,-1.0,True,60
db15k,db15k_mhyper_adamf,relation,111,,840,140,357,0,357,1.0,-1.0,True,60
db15k,db15k_mhyper_adamf,relation,112,,54,9,29,0,29,1.0,-1.0,False,60
db15k,db15k_mhyper_adamf,relation,113,,90,15,34,0,34,1.0,-1.0,True,60
db15k,db15k_mhyper_adamf,relation,114,,54,9,14,0,14,1.0,-1.0,False,60
db15k,db15k_mhyper_adamf,relation,115,,24,4,11,0,11,1.0,-1.0,False,60
db15k,db15k_mhyper_adamf,relation,116,,6,1,2,0,2,1.0,-1.0,False,60
db15k,db15k_mhyper_adamf,relation,117,,474,79,123,0,123,1.0,-1.0,True,60
db15k,db15k_mhyper_adamf,relation,119,,18,3,3,0,3,1.0,-1.0,False,60
db15k,db15k_mhyper_adamf,relation,120,,24,4,12,0,12,1.0,-1.0,False,60
db15k,db15k_mhyper_adamf,relation,121,,54,9,30,0,30,1.0,-1.0,False,60
db15k,db15k_mhyper_adamf,relation,122,,156,26,48,0,48,1.0,-1.0,True,60
db15k,db15k_mhyper_adamf,relation,123,,6,1,1,0,1,1.0,-1.0,False,60
db15k,db15k_mhyper_adamf,relation,125,,12,2,7,0,7,1.0,-1.0,False,60
db15k,db15k_mhyper_adamf,relation,129,,12,2,1,0,1,1.0,-1.0,False,60
db15k,db15k_mhyper_adamf,relation,130,,6,1,6,0,6,1.0,-1.0,False,60
db15k,db15k_mhyper_adamf,relation,131,,12,2,6,0,6,1.0,-1.0,False,60
db15k,db15k_mhyper_adamf,relation,132,,84,14,49,0,49,1.0,-1.0,True,60
db15k,db15k_mhyper_adamf,relation,133,,12,2,10,0,10,1.0,-1.0,False,60
db15k,db15k_mhyper_adamf,relation,134,,114,19,21,0,21,1.0,-1.0,True,60
db15k,db15k_mhyper_adamf,relation,135,,48,8,11,0,11,1.0,-1.0,False,60
db15k,db15k_mhyper_adamf,relation,136,,18,3,11,0,11,1.0,-1.0,False,60
db15k,db15k_mhyper_adamf,relation,137,,12,2,1,0,1,1.0,-1.0,False,60
db15k,db15k_mhyper_adamf,relation,139,,12,2,7,0,7,1.0,-1.0,False,60
db15k,db15k_mhyper_adamf,relation,140,,30,5,15,0,15,1.0,-1.0,False,60
db15k,db15k_mhyper_adamf,relation,142,,6,1,3,0,3,1.0,-1.0,False,60
db15k,db15k_mhyper_adamf,relation,143,,18,3,8,0,8,1.0,-1.0,False,60
db15k,db15k_mhyper_adamf,relation,144,,18,3,6,0,6,1.0,-1.0,False,60
db15k,db15k_mhyper_adamf,relation,145,,90,15,38,0,38,1.0,-1.0,True,60
db15k,db15k_mhyper_adamf,relation,146,,84,14,28,0,28,1.0,-1.0,True,60
db15k,db15k_mhyper_adamf,relation,147,,36,6,12,0,12,1.0,-1.0,False,60
db15k,db15k_mhyper_adamf,relation,148,,24,4,10,0,10,1.0,-1.0,False,60
db15k,db15k_mhyper_adamf,relation,151,,24,4,5,0,5,1.0,-1.0,False,60
db15k,db15k_mhyper_adamf,relation,152,,132,22,42,0,42,1.0,-1.0,True,60
db15k,db15k_mhyper_adamf,relation,155,,12,2,3,0,3,1.0,-1.0,False,60
db15k,db15k_mhyper_adamf,relation,156,,96,16,5,0,5,1.0,-1.0,True,60
db15k,db15k_mhyper_adamf,relation,157,,18,3,5,0,5,1.0,-1.0,False,60
db15k,db15k_mhyper_adamf,relation,159,,6,1,2,0,2,1.0,-1.0,False,60
db15k,db15k_mhyper_adamf,relation,160,,6,1,4,0,4,1.0,-1.0,False,60
db15k,db15k_mhyper_adamf,relation,161,,6,1,3,0,3,1.0,-1.0,False,60
db15k,db15k_mhyper_adamf,relation,162,,42,7,33,0,33,1.0,-1.0,False,60
db15k,db15k_mhyper_adamf,relation,164,,6,1,0,0,0,,,False,60
db15k,db15k_mhyper_adamf,relation,167,,30,5,20,0,20,1.0,-1.0,False,60
db15k,db15k_mhyper_adamf,relation,176,,6,1,6,0,6,1.0,-1.0,False,60
db15k,db15k_mhyper_adamf,relation,177,,300,50,189,0,189,1.0,-1.0,True,60
db15k,db15k_mhyper_adamf,relation,178,,6,1,3,0,3,1.0,-1.0,False,60
db15k,db15k_mhyper_adamf,relation,179,,66,11,39,0,39,1.0,-1.0,True,60
db15k,db15k_mhyper_adamf,relation,184,,42,7,29,0,29,1.0,-1.0,False,60
db15k,db15k_mhyper_adamf,relation,186,,24,4,0,0,0,,,False,60
db15k,db15k_mhyper_adamf,relation,190,,6,1,2,0,2,1.0,-1.0,False,60
db15k,db15k_mhyper_adamf,relation,195,,12,2,4,0,4,1.0,-1.0,False,60
db15k,db15k_mhyper_adamf,relation,197,,6,1,6,0,6,1.0,-1.0,False,60
db15k,db15k_mhyper_adamf,relation,198,,6,1,6,0,6,1.0,-1.0,False,60
db15k,db15k_mhyper_adamf,relation,200,,12,2,7,0,7,1.0,-1.0,False,60
db15k,db15k_mhyper_adamf,relation,202,,6,1,2,0,2,1.0,-1.0,False,60
db15k,db15k_mhyper_adamf,relation,203,,12,2,5,0,5,1.0,-1.0,False,60
db15k,db15k_mhyper_adamf,relation,204,,6,1,1,0,1,1.0,-1.0,False,60
db15k,db15k_mhyper_adamf,relation,206,,54,9,31,0,31,1.0,-1.0,False,60
db15k,db15k_mhyper_adamf,relation,213,,6,1,3,0,3,1.0,-1.0,False,60
db15k,db15k_mhyper_adamf,relation,216,,6,1,4,0,4,1.0,-1.0,False,60
db15k,db15k_mhyper_adamf,relation,218,,6,1,2,0,2,1.0,-1.0,False,60
db15k,db15k_mhyper_adamf,relation,219,,6,1,2,0,2,1.0,-1.0,False,60
db15k,db15k_mhyper_adamf,relation,220,,24,4,13,0,13,1.0,-1.0,False,60
db15k,db15k_mhyper_adamf,relation,222,,6,1,5,0,5,1.0,-1.0,False,60
db15k,db15k_mhyper_adamf,relation,223,,6,1,0,0,0,,,False,60
db15k,db15k_mhyper_adamf,relation,224,,6,1,3,0,3,1.0,-1.0,False,60
db15k,db15k_mhyper_adamf,relation,225,,102,17,8,0,8,1.0,-1.0,True,60
db15k,db15k_mhyper_adamf,relation,226,,90,15,13,0,13,1.0,-1.0,True,60
db15k,db15k_mhyper_adamf,relation,229,,6,1,0,0,0,,,False,60
db15k,db15k_mhyper_adamf,relation,232,,6,1,1,0,1,1.0,-1.0,False,60
db15k,db15k_mhyper_adamf,relation,233,,6,1,0,0,0,,,False,60
db15k,db15k_mhyper_adamf,relation,234,,18,3,14,0,14,1.0,-1.0,False,60
db15k,db15k_mhyper_adamf,relation,235,,6,1,3,0,3,1.0,-1.0,False,60
db15k,db15k_mhyper_adamf,relation,239,,6,1,4,0,4,1.0,-1.0,False,60
db15k,db15k_mhyper_adamf,relation,240,,6,1,6,0,6,1.0,-1.0,False,60
db15k,db15k_mhyper_adamf,relation,241,,12,2,9,0,9,1.0,-1.0,False,60
db15k,db15k_mhyper_adamf,relation,245,,6,1,6,0,6,1.0,-1.0,False,60
db15k,db15k_mhyper_adamf,relation,246,,12,2,8,0,8,1.0,-1.0,False,60
db15k,db15k_mhyper_adamf,relation,254,,6,1,2,0,2,1.0,-1.0,False,60
db15k,db15k_mhyper_adamf,relation,255,,6,1,0,0,0,,,False,60
db15k,db15k_mhyper_adamf,relation,258,,6,1,3,0,3,1.0,-1.0,False,60
db15k,db15k_mhyper_adamf,relation,260,,18,3,3,0,3,1.0,-1.0,False,60
db15k,db15k_mhyper_adamf,relation,278,,6252,1042,2082,0,2082,1.0,-1.0,True,60
db15k,db15k_mhyper_adamf,relation_x_direction,0,head,873,291,489,0,489,1.0,-1.0,True,60
db15k,db15k_mhyper_adamf,relation_x_direction,0,tail,873,291,378,0,378,1.0,-1.0,True,60
db15k,db15k_mhyper_adamf,relation_x_direction,1,head,753,251,503,0,503,1.0,-1.0,True,60
db15k,db15k_mhyper_adamf,relation_x_direction,1,tail,753,251,146,0,146,1.0,-1.0,True,60
db15k,db15k_mhyper_adamf,relation_x_direction,2,head,210,70,133,0,133,1.0,-1.0,True,60
db15k,db15k_mhyper_adamf,relation_x_direction,2,tail,210,70,61,0,61,1.0,-1.0,True,60
db15k,db15k_mhyper_adamf,relation_x_direction,3,head,69,23,18,0,18,1.0,-1.0,True,60
db15k,db15k_mhyper_adamf,relation_x_direction,3,tail,69,23,27,0,27,1.0,-1.0,True,60
db15k,db15k_mhyper_adamf,relation_x_direction,4,head,72,24,2,0,2,1.0,-1.0,True,60
db15k,db15k_mhyper_adamf,relation_x_direction,4,tail,72,24,5,0,5,1.0,-1.0,True,60
db15k,db15k_mhyper_adamf,relation_x_direction,5,head,420,140,291,0,291,1.0,-1.0,True,60
db15k,db15k_mhyper_adamf,relation_x_direction,5,tail,420,140,166,0,166,1.0,-1.0,True,60
db15k,db15k_mhyper_adamf,relation_x_direction,6,head,66,22,37,0,37,1.0,-1.0,True,60
db15k,db15k_mhyper_adamf,relation_x_direction,6,tail,66,22,29,0,29,1.0,-1.0,True,60
db15k,db15k_mhyper_adamf,relation_x_direction,7,head,54,18,35,0,35,1.0,-1.0,False,60
db15k,db15k_mhyper_adamf,relation_x_direction,7,tail,54,18,15,0,15,1.0,-1.0,False,60
db15k,db15k_mhyper_adamf,relation_x_direction,8,head,30,10,16,0,16,1.0,-1.0,False,60
db15k,db15k_mhyper_adamf,relation_x_direction,8,tail,30,10,12,0,12,1.0,-1.0,False,60
db15k,db15k_mhyper_adamf,relation_x_direction,9,head,48,16,31,0,31,1.0,-1.0,False,60
db15k,db15k_mhyper_adamf,relation_x_direction,9,tail,48,16,21,0,21,1.0,-1.0,False,60
db15k,db15k_mhyper_adamf,relation_x_direction,10,head,21,7,10,0,10,1.0,-1.0,False,60
db15k,db15k_mhyper_adamf,relation_x_direction,10,tail,21,7,10,0,10,1.0,-1.0,False,60
db15k,db15k_mhyper_adamf,relation_x_direction,11,head,39,13,24,0,24,1.0,-1.0,False,60
db15k,db15k_mhyper_adamf,relation_x_direction,11,tail,39,13,19,0,19,1.0,-1.0,False,60
db15k,db15k_mhyper_adamf,relation_x_direction,12,head,1611,537,1121,0,1121,1.0,-1.0,True,60
db15k,db15k_mhyper_adamf,relation_x_direction,12,tail,1611,537,768,0,768,1.0,-1.0,True,60
db15k,db15k_mhyper_adamf,relation_x_direction,13,head,39,13,19,0,19,1.0,-1.0,False,60
db15k,db15k_mhyper_adamf,relation_x_direction,13,tail,39,13,9,0,9,1.0,-1.0,False,60
db15k,db15k_mhyper_adamf,relation_x_direction,14,head,246,82,132,0,132,1.0,-1.0,True,60
db15k,db15k_mhyper_adamf,relation_x_direction,14,tail,246,82,132,0,132,1.0,-1.0,True,60
db15k,db15k_mhyper_adamf,relation_x_direction,15,head,15,5,10,0,10,1.0,-1.0,False,60
db15k,db15k_mhyper_adamf,relation_x_direction,15,tail,15,5,8,0,8,1.0,-1.0,False,60
db15k,db15k_mhyper_adamf,relation_x_direction,16,head,3,1,3,0,3,1.0,-1.0,False,60
db15k,db15k_mhyper_adamf,relation_x_direction,16,tail,3,1,3,0,3,1.0,-1.0,False,60
db15k,db15k_mhyper_adamf,relation_x_direction,17,head,258,86,191,0,191,1.0,-1.0,True,60
db15k,db15k_mhyper_adamf,relation_x_direction,17,tail,258,86,170,0,170,1.0,-1.0,True,60
db15k,db15k_mhyper_adamf,relation_x_direction,18,head,117,39,91,0,91,1.0,-1.0,True,60
db15k,db15k_mhyper_adamf,relation_x_direction,18,tail,117,39,77,0,77,1.0,-1.0,True,60
db15k,db15k_mhyper_adamf,relation_x_direction,19,head,204,68,140,0,140,1.0,-1.0,True,60
db15k,db15k_mhyper_adamf,relation_x_direction,19,tail,204,68,87,0,87,1.0,-1.0,True,60
db15k,db15k_mhyper_adamf,relation_x_direction,20,head,51,17,28,0,28,1.0,-1.0,False,60
db15k,db15k_mhyper_adamf,relation_x_direction,20,tail,51,17,8,0,8,1.0,-1.0,False,60
db15k,db15k_mhyper_adamf,relation_x_direction,21,head,324,108,191,0,191,1.0,-1.0,True,60
db15k,db15k_mhyper_adamf,relation_x_direction,21,tail,324,108,33,0,33,1.0,-1.0,True,60
db15k,db15k_mhyper_adamf,relation_x_direction,22,head,21,7,15,0,15,1.0,-1.0,False,60
db15k,db15k_mhyper_adamf,relation_x_direction,22,tail,21,7,5,0,5,1.0,-1.0,False,60
db15k,db15k_mhyper_adamf,relation_x_direction,23,head,33,11,15,0,15,1.0,-1.0,False,60
db15k,db15k_mhyper_adamf,relation_x_direction,23,tail,33,11,14,0,14,1.0,-1.0,False,60
db15k,db15k_mhyper_adamf,relation_x_direction,24,head,15,5,9,0,9,1.0,-1.0,False,60
db15k,db15k_mhyper_adamf,relation_x_direction,24,tail,15,5,2,0,2,1.0,-1.0,False,60
db15k,db15k_mhyper_adamf,relation_x_direction,25,head,45,15,34,0,34,1.0,-1.0,False,60
db15k,db15k_mhyper_adamf,relation_x_direction,25,tail,45,15,29,0,29,1.0,-1.0,False,60
db15k,db15k_mhyper_adamf,relation_x_direction,26,head,15,5,7,0,7,1.0,-1.0,False,60
db15k,db15k_mhyper_adamf,relation_x_direction,26,tail,15,5,2,0,2,1.0,-1.0,False,60
db15k,db15k_mhyper_adamf,relation_x_direction,27,head,153,51,65,0,65,1.0,-1.0,True,60
db15k,db15k_mhyper_adamf,relation_x_direction,27,tail,153,51,83,0,83,1.0,-1.0,True,60
db15k,db15k_mhyper_adamf,relation_x_direction,28,head,177,59,129,0,129,1.0,-1.0,True,60
db15k,db15k_mhyper_adamf,relation_x_direction,28,tail,177,59,73,0,73,1.0,-1.0,True,60
db15k,db15k_mhyper_adamf,relation_x_direction,29,head,12,4,6,0,6,1.0,-1.0,False,60
db15k,db15k_mhyper_adamf,relation_x_direction,29,tail,12,4,7,0,7,1.0,-1.0,False,60
db15k,db15k_mhyper_adamf,relation_x_direction,30,head,30,10,19,0,19,1.0,-1.0,False,60
db15k,db15k_mhyper_adamf,relation_x_direction,30,tail,30,10,24,0,24,1.0,-1.0,False,60
db15k,db15k_mhyper_adamf,relation_x_direction,31,head,9,3,6,0,6,1.0,-1.0,False,60
db15k,db15k_mhyper_adamf,relation_x_direction,31,tail,9,3,8,0,8,1.0,-1.0,False,60
db15k,db15k_mhyper_adamf,relation_x_direction,32,head,39,13,19,0,19,1.0,-1.0,False,60
db15k,db15k_mhyper_adamf,relation_x_direction,32,tail,39,13,19,0,19,1.0,-1.0,False,60
db15k,db15k_mhyper_adamf,relation_x_direction,33,head,504,168,195,0,195,1.0,-1.0,True,60
db15k,db15k_mhyper_adamf,relation_x_direction,33,tail,504,168,113,0,113,1.0,-1.0,True,60
db15k,db15k_mhyper_adamf,relation_x_direction,35,head,714,238,525,0,525,1.0,-1.0,True,60
db15k,db15k_mhyper_adamf,relation_x_direction,35,tail,714,238,278,0,278,1.0,-1.0,True,60
db15k,db15k_mhyper_adamf,relation_x_direction,36,head,117,39,84,0,84,1.0,-1.0,True,60
db15k,db15k_mhyper_adamf,relation_x_direction,36,tail,117,39,45,0,45,1.0,-1.0,True,60
db15k,db15k_mhyper_adamf,relation_x_direction,37,head,30,10,22,0,22,1.0,-1.0,False,60
db15k,db15k_mhyper_adamf,relation_x_direction,37,tail,30,10,18,0,18,1.0,-1.0,False,60
db15k,db15k_mhyper_adamf,relation_x_direction,38,head,6,2,0,0,0,,,False,60
db15k,db15k_mhyper_adamf,relation_x_direction,38,tail,6,2,4,0,4,1.0,-1.0,False,60
db15k,db15k_mhyper_adamf,relation_x_direction,39,head,426,142,119,0,119,1.0,-1.0,True,60
db15k,db15k_mhyper_adamf,relation_x_direction,39,tail,426,142,77,0,77,1.0,-1.0,True,60
db15k,db15k_mhyper_adamf,relation_x_direction,41,head,12,4,6,0,6,1.0,-1.0,False,60
db15k,db15k_mhyper_adamf,relation_x_direction,41,tail,12,4,4,0,4,1.0,-1.0,False,60
db15k,db15k_mhyper_adamf,relation_x_direction,42,head,87,29,50,0,50,1.0,-1.0,True,60
db15k,db15k_mhyper_adamf,relation_x_direction,42,tail,87,29,47,0,47,1.0,-1.0,True,60
db15k,db15k_mhyper_adamf,relation_x_direction,43,head,90,30,63,0,63,1.0,-1.0,True,60
db15k,db15k_mhyper_adamf,relation_x_direction,43,tail,90,30,44,0,44,1.0,-1.0,True,60
db15k,db15k_mhyper_adamf,relation_x_direction,44,head,54,18,34,0,34,1.0,-1.0,False,60
db15k,db15k_mhyper_adamf,relation_x_direction,44,tail,54,18,29,0,29,1.0,-1.0,False,60
db15k,db15k_mhyper_adamf,relation_x_direction,45,head,6,2,3,0,3,1.0,-1.0,False,60
db15k,db15k_mhyper_adamf,relation_x_direction,45,tail,6,2,3,0,3,1.0,-1.0,False,60
db15k,db15k_mhyper_adamf,relation_x_direction,46,head,9,3,6,0,6,1.0,-1.0,False,60
db15k,db15k_mhyper_adamf,relation_x_direction,46,tail,9,3,3,0,3,1.0,-1.0,False,60
db15k,db15k_mhyper_adamf,relation_x_direction,47,head,1236,412,855,0,855,1.0,-1.0,True,60
db15k,db15k_mhyper_adamf,relation_x_direction,47,tail,1236,412,572,0,572,1.0,-1.0,True,60
db15k,db15k_mhyper_adamf,relation_x_direction,48,head,27,9,13,0,13,1.0,-1.0,False,60
db15k,db15k_mhyper_adamf,relation_x_direction,48,tail,27,9,14,0,14,1.0,-1.0,False,60
db15k,db15k_mhyper_adamf,relation_x_direction,49,head,228,76,150,0,150,1.0,-1.0,True,60
db15k,db15k_mhyper_adamf,relation_x_direction,49,tail,228,76,87,0,87,1.0,-1.0,True,60
db15k,db15k_mhyper_adamf,relation_x_direction,50,head,81,27,46,0,46,1.0,-1.0,True,60
db15k,db15k_mhyper_adamf,relation_x_direction,50,tail,81,27,36,0,36,1.0,-1.0,True,60
db15k,db15k_mhyper_adamf,relation_x_direction,51,head,69,23,28,0,28,1.0,-1.0,True,60
db15k,db15k_mhyper_adamf,relation_x_direction,51,tail,69,23,31,0,31,1.0,-1.0,True,60
db15k,db15k_mhyper_adamf,relation_x_direction,52,head,9,3,0,0,0,,,False,60
db15k,db15k_mhyper_adamf,relation_x_direction,52,tail,9,3,1,0,1,1.0,-1.0,False,60
db15k,db15k_mhyper_adamf,relation_x_direction,54,head,12,4,4,0,4,1.0,-1.0,False,60
db15k,db15k_mhyper_adamf,relation_x_direction,54,tail,12,4,3,0,3,1.0,-1.0,False,60
db15k,db15k_mhyper_adamf,relation_x_direction,55,head,3,1,3,0,3,1.0,-1.0,False,60
db15k,db15k_mhyper_adamf,relation_x_direction,55,tail,3,1,0,0,0,,,False,60
db15k,db15k_mhyper_adamf,relation_x_direction,56,head,42,14,23,0,23,1.0,-1.0,False,60
db15k,db15k_mhyper_adamf,relation_x_direction,56,tail,42,14,9,0,9,1.0,-1.0,False,60
db15k,db15k_mhyper_adamf,relation_x_direction,57,head,3,1,0,0,0,,,False,60
db15k,db15k_mhyper_adamf,relation_x_direction,57,tail,3,1,0,0,0,,,False,60
db15k,db15k_mhyper_adamf,relation_x_direction,58,head,12,4,9,0,9,1.0,-1.0,False,60
db15k,db15k_mhyper_adamf,relation_x_direction,58,tail,12,4,3,0,3,1.0,-1.0,False,60
db15k,db15k_mhyper_adamf,relation_x_direction,59,head,21,7,11,0,11,1.0,-1.0,False,60
db15k,db15k_mhyper_adamf,relation_x_direction,59,tail,21,7,3,0,3,1.0,-1.0,False,60
db15k,db15k_mhyper_adamf,relation_x_direction,60,head,3,1,1,0,1,1.0,-1.0,False,60
db15k,db15k_mhyper_adamf,relation_x_direction,60,tail,3,1,0,0,0,,,False,60
db15k,db15k_mhyper_adamf,relation_x_direction,61,head,123,41,56,0,56,1.0,-1.0,True,60
db15k,db15k_mhyper_adamf,relation_x_direction,61,tail,123,41,54,0,54,1.0,-1.0,True,60
db15k,db15k_mhyper_adamf,relation_x_direction,62,head,27,9,11,0,11,1.0,-1.0,False,60
db15k,db15k_mhyper_adamf,relation_x_direction,62,tail,27,9,12,0,12,1.0,-1.0,False,60
db15k,db15k_mhyper_adamf,relation_x_direction,63,head,51,17,16,0,16,1.0,-1.0,False,60
db15k,db15k_mhyper_adamf,relation_x_direction,63,tail,51,17,19,0,19,1.0,-1.0,False,60
db15k,db15k_mhyper_adamf,relation_x_direction,64,head,96,32,64,0,64,1.0,-1.0,True,60
db15k,db15k_mhyper_adamf,relation_x_direction,64,tail,96,32,49,0,49,1.0,-1.0,True,60
db15k,db15k_mhyper_adamf,relation_x_direction,65,head,171,57,74,0,74,1.0,-1.0,True,60
db15k,db15k_mhyper_adamf,relation_x_direction,65,tail,171,57,74,0,74,1.0,-1.0,True,60
db15k,db15k_mhyper_adamf,relation_x_direction,66,head,231,77,99,0,99,1.0,-1.0,True,60
db15k,db15k_mhyper_adamf,relation_x_direction,66,tail,231,77,47,0,47,1.0,-1.0,True,60
db15k,db15k_mhyper_adamf,relation_x_direction,67,head,78,26,33,0,33,1.0,-1.0,True,60
db15k,db15k_mhyper_adamf,relation_x_direction,67,tail,78,26,6,0,6,1.0,-1.0,True,60
db15k,db15k_mhyper_adamf,relation_x_direction,68,head,129,43,56,0,56,1.0,-1.0,True,60
db15k,db15k_mhyper_adamf,relation_x_direction,68,tail,129,43,26,0,26,1.0,-1.0,True,60
db15k,db15k_mhyper_adamf,relation_x_direction,69,head,63,21,15,0,15,1.0,-1.0,True,60
db15k,db15k_mhyper_adamf,relation_x_direction,69,tail,63,21,25,0,25,1.0,-1.0,True,60
db15k,db15k_mhyper_adamf,relation_x_direction,70,head,15,5,1,0,1,1.0,-1.0,False,60
db15k,db15k_mhyper_adamf,relation_x_direction,70,tail,15,5,4,0,4,1.0,-1.0,False,60
db15k,db15k_mhyper_adamf,relation_x_direction,71,head,36,12,16,0,16,1.0,-1.0,False,60
db15k,db15k_mhyper_adamf,relation_x_direction,71,tail,36,12,11,0,11,1.0,-1.0,False,60
db15k,db15k_mhyper_adamf,relation_x_direction,72,head,48,16,19,0,19,1.0,-1.0,False,60
db15k,db15k_mhyper_adamf,relation_x_direction,72,tail,48,16,21,0,21,1.0,-1.0,False,60
db15k,db15k_mhyper_adamf,relation_x_direction,73,head,1779,593,1249,0,1249,1.0,-1.0,True,60
db15k,db15k_mhyper_adamf,relation_x_direction,73,tail,1779,593,1264,0,1264,1.0,-1.0,True,60
db15k,db15k_mhyper_adamf,relation_x_direction,74,head,66,22,19,0,19,1.0,-1.0,True,60
db15k,db15k_mhyper_adamf,relation_x_direction,74,tail,66,22,30,0,30,1.0,-1.0,True,60
db15k,db15k_mhyper_adamf,relation_x_direction,75,head,51,17,15,0,15,1.0,-1.0,False,60
db15k,db15k_mhyper_adamf,relation_x_direction,75,tail,51,17,13,0,13,1.0,-1.0,False,60
db15k,db15k_mhyper_adamf,relation_x_direction,76,head,552,184,317,0,317,1.0,-1.0,True,60
db15k,db15k_mhyper_adamf,relation_x_direction,76,tail,552,184,257,0,257,1.0,-1.0,True,60
db15k,db15k_mhyper_adamf,relation_x_direction,77,head,18,6,9,0,9,1.0,-1.0,False,60
db15k,db15k_mhyper_adamf,relation_x_direction,77,tail,18,6,2,0,2,1.0,-1.0,False,60
db15k,db15k_mhyper_adamf,relation_x_direction,78,head,48,16,5,0,5,1.0,-1.0,False,60
db15k,db15k_mhyper_adamf,relation_x_direction,78,tail,48,16,0,0,0,,,False,60
db15k,db15k_mhyper_adamf,relation_x_direction,79,head,39,13,21,0,21,1.0,-1.0,False,60
db15k,db15k_mhyper_adamf,relation_x_direction,79,tail,39,13,21,0,21,1.0,-1.0,False,60
db15k,db15k_mhyper_adamf,relation_x_direction,80,head,189,63,93,0,93,1.0,-1.0,True,60
db15k,db15k_mhyper_adamf,relation_x_direction,80,tail,189,63,115,0,115,1.0,-1.0,True,60
db15k,db15k_mhyper_adamf,relation_x_direction,81,head,249,83,173,0,173,1.0,-1.0,True,60
db15k,db15k_mhyper_adamf,relation_x_direction,81,tail,249,83,126,0,126,1.0,-1.0,True,60
db15k,db15k_mhyper_adamf,relation_x_direction,82,head,57,19,8,0,8,1.0,-1.0,False,60
db15k,db15k_mhyper_adamf,relation_x_direction,82,tail,57,19,9,0,9,1.0,-1.0,False,60
db15k,db15k_mhyper_adamf,relation_x_direction,83,head,72,24,18,0,18,1.0,-1.0,True,60
db15k,db15k_mhyper_adamf,relation_x_direction,83,tail,72,24,9,0,9,1.0,-1.0,True,60
db15k,db15k_mhyper_adamf,relation_x_direction,84,head,48,16,19,0,19,1.0,-1.0,False,60
db15k,db15k_mhyper_adamf,relation_x_direction,84,tail,48,16,20,0,20,1.0,-1.0,False,60
db15k,db15k_mhyper_adamf,relation_x_direction,85,head,3,1,1,0,1,1.0,-1.0,False,60
db15k,db15k_mhyper_adamf,relation_x_direction,85,tail,3,1,1,0,1,1.0,-1.0,False,60
db15k,db15k_mhyper_adamf,relation_x_direction,87,head,630,210,442,0,442,1.0,-1.0,True,60
db15k,db15k_mhyper_adamf,relation_x_direction,87,tail,630,210,262,0,262,1.0,-1.0,True,60
db15k,db15k_mhyper_adamf,relation_x_direction,88,head,12,4,10,0,10,1.0,-1.0,False,60
db15k,db15k_mhyper_adamf,relation_x_direction,88,tail,12,4,5,0,5,1.0,-1.0,False,60
db15k,db15k_mhyper_adamf,relation_x_direction,89,head,642,214,468,0,468,1.0,-1.0,True,60
db15k,db15k_mhyper_adamf,relation_x_direction,89,tail,642,214,377,0,377,1.0,-1.0,True,60
db15k,db15k_mhyper_adamf,relation_x_direction,90,head,555,185,86,0,86,1.0,-1.0,True,60
db15k,db15k_mhyper_adamf,relation_x_direction,90,tail,555,185,93,0,93,1.0,-1.0,True,60
db15k,db15k_mhyper_adamf,relation_x_direction,91,head,528,176,73,0,73,1.0,-1.0,True,60
db15k,db15k_mhyper_adamf,relation_x_direction,91,tail,528,176,71,0,71,1.0,-1.0,True,60
db15k,db15k_mhyper_adamf,relation_x_direction,92,head,84,28,25,0,25,1.0,-1.0,True,60
db15k,db15k_mhyper_adamf,relation_x_direction,92,tail,84,28,17,0,17,1.0,-1.0,True,60
db15k,db15k_mhyper_adamf,relation_x_direction,93,head,6,2,3,0,3,1.0,-1.0,False,60
db15k,db15k_mhyper_adamf,relation_x_direction,93,tail,6,2,3,0,3,1.0,-1.0,False,60
db15k,db15k_mhyper_adamf,relation_x_direction,94,head,3,1,3,0,3,1.0,-1.0,False,60
db15k,db15k_mhyper_adamf,relation_x_direction,94,tail,3,1,3,0,3,1.0,-1.0,False,60
db15k,db15k_mhyper_adamf,relation_x_direction,95,head,363,121,177,0,177,1.0,-1.0,True,60
db15k,db15k_mhyper_adamf,relation_x_direction,95,tail,363,121,156,0,156,1.0,-1.0,True,60
db15k,db15k_mhyper_adamf,relation_x_direction,96,head,9,3,4,0,4,1.0,-1.0,False,60
db15k,db15k_mhyper_adamf,relation_x_direction,96,tail,9,3,0,0,0,,,False,60
db15k,db15k_mhyper_adamf,relation_x_direction,97,head,117,39,55,0,55,1.0,-1.0,True,60
db15k,db15k_mhyper_adamf,relation_x_direction,97,tail,117,39,54,0,54,1.0,-1.0,True,60
db15k,db15k_mhyper_adamf,relation_x_direction,98,head,63,21,10,0,10,1.0,-1.0,True,60
db15k,db15k_mhyper_adamf,relation_x_direction,98,tail,63,21,35,0,35,1.0,-1.0,True,60
db15k,db15k_mhyper_adamf,relation_x_direction,99,head,75,25,31,0,31,1.0,-1.0,True,60
db15k,db15k_mhyper_adamf,relation_x_direction,99,tail,75,25,34,0,34,1.0,-1.0,True,60
db15k,db15k_mhyper_adamf,relation_x_direction,100,head,39,13,29,0,29,1.0,-1.0,False,60
db15k,db15k_mhyper_adamf,relation_x_direction,100,tail,39,13,26,0,26,1.0,-1.0,False,60
db15k,db15k_mhyper_adamf,relation_x_direction,101,head,6,2,2,0,2,1.0,-1.0,False,60
db15k,db15k_mhyper_adamf,relation_x_direction,101,tail,6,2,0,0,0,,,False,60
db15k,db15k_mhyper_adamf,relation_x_direction,102,head,339,113,101,0,101,1.0,-1.0,True,60
db15k,db15k_mhyper_adamf,relation_x_direction,102,tail,339,113,89,0,89,1.0,-1.0,True,60
db15k,db15k_mhyper_adamf,relation_x_direction,103,head,264,88,139,0,139,1.0,-1.0,True,60
db15k,db15k_mhyper_adamf,relation_x_direction,103,tail,264,88,81,0,81,1.0,-1.0,True,60
db15k,db15k_mhyper_adamf,relation_x_direction,104,head,384,128,127,0,127,1.0,-1.0,True,60
db15k,db15k_mhyper_adamf,relation_x_direction,104,tail,384,128,116,0,116,1.0,-1.0,True,60
db15k,db15k_mhyper_adamf,relation_x_direction,105,head,288,96,104,0,104,1.0,-1.0,True,60
db15k,db15k_mhyper_adamf,relation_x_direction,105,tail,288,96,49,0,49,1.0,-1.0,True,60
db15k,db15k_mhyper_adamf,relation_x_direction,106,head,63,21,30,0,30,1.0,-1.0,True,60
db15k,db15k_mhyper_adamf,relation_x_direction,106,tail,63,21,34,0,34,1.0,-1.0,True,60
db15k,db15k_mhyper_adamf,relation_x_direction,108,head,69,23,49,0,49,1.0,-1.0,True,60
db15k,db15k_mhyper_adamf,relation_x_direction,108,tail,69,23,28,0,28,1.0,-1.0,True,60
db15k,db15k_mhyper_adamf,relation_x_direction,109,head,3,1,2,0,2,1.0,-1.0,False,60
db15k,db15k_mhyper_adamf,relation_x_direction,109,tail,3,1,1,0,1,1.0,-1.0,False,60
db15k,db15k_mhyper_adamf,relation_x_direction,110,head,102,34,18,0,18,1.0,-1.0,True,60
db15k,db15k_mhyper_adamf,relation_x_direction,110,tail,102,34,5,0,5,1.0,-1.0,True,60
db15k,db15k_mhyper_adamf,relation_x_direction,111,head,420,140,193,0,193,1.0,-1.0,True,60
db15k,db15k_mhyper_adamf,relation_x_direction,111,tail,420,140,164,0,164,1.0,-1.0,True,60
db15k,db15k_mhyper_adamf,relation_x_direction,112,head,27,9,14,0,14,1.0,-1.0,False,60
db15k,db15k_mhyper_adamf,relation_x_direction,112,tail,27,9,15,0,15,1.0,-1.0,False,60
db15k,db15k_mhyper_adamf,relation_x_direction,113,head,45,15,20,0,20,1.0,-1.0,False,60
db15k,db15k_mhyper_adamf,relation_x_direction,113,tail,45,15,14,0,14,1.0,-1.0,False,60
db15k,db15k_mhyper_adamf,relation_x_direction,114,head,27,9,8,0,8,1.0,-1.0,False,60
db15k,db15k_mhyper_adamf,relation_x_direction,114,tail,27,9,6,0,6,1.0,-1.0,False,60
db15k,db15k_mhyper_adamf,relation_x_direction,115,head,12,4,10,0,10,1.0,-1.0,False,60
db15k,db15k_mhyper_adamf,relation_x_direction,115,tail,12,4,1,0,1,1.0,-1.0,False,60
db15k,db15k_mhyper_adamf,relation_x_direction,116,head,3,1,0,0,0,,,False,60
db15k,db15k_mhyper_adamf,relation_x_direction,116,tail,3,1,2,0,2,1.0,-1.0,False,60
db15k,db15k_mhyper_adamf,relation_x_direction,117,head,237,79,82,0,82,1.0,-1.0,True,60
db15k,db15k_mhyper_adamf,relation_x_direction,117,tail,237,79,41,0,41,1.0,-1.0,True,60
db15k,db15k_mhyper_adamf,relation_x_direction,119,head,9,3,0,0,0,,,False,60
db15k,db15k_mhyper_adamf,relation_x_direction,119,tail,9,3,3,0,3,1.0,-1.0,False,60
db15k,db15k_mhyper_adamf,relation_x_direction,120,head,12,4,4,0,4,1.0,-1.0,False,60
db15k,db15k_mhyper_adamf,relation_x_direction,120,tail,12,4,8,0,8,1.0,-1.0,False,60
db15k,db15k_mhyper_adamf,relation_x_direction,121,head,27,9,16,0,16,1.0,-1.0,False,60
db15k,db15k_mhyper_adamf,relation_x_direction,121,tail,27,9,14,0,14,1.0,-1.0,False,60
db15k,db15k_mhyper_adamf,relation_x_direction,122,head,78,26,29,0,29,1.0,-1.0,True,60
db15k,db15k_mhyper_adamf,relation_x_direction,122,tail,78,26,19,0,19,1.0,-1.0,True,60
db15k,db15k_mhyper_adamf,relation_x_direction,123,head,3,1,1,0,1,1.0,-1.0,False,60
db15k,db15k_mhyper_adamf,relation_x_direction,123,tail,3,1,0,0,0,,,False,60
db15k,db15k_mhyper_adamf,relation_x_direction,125,head,6,2,3,0,3,1.0,-1.0,False,60
db15k,db15k_mhyper_adamf,relation_x_direction,125,tail,6,2,4,0,4,1.0,-1.0,False,60
db15k,db15k_mhyper_adamf,relation_x_direction,129,head,6,2,1,0,1,1.0,-1.0,False,60
db15k,db15k_mhyper_adamf,relation_x_direction,129,tail,6,2,0,0,0,,,False,60
db15k,db15k_mhyper_adamf,relation_x_direction,130,head,3,1,3,0,3,1.0,-1.0,False,60
db15k,db15k_mhyper_adamf,relation_x_direction,130,tail,3,1,3,0,3,1.0,-1.0,False,60
db15k,db15k_mhyper_adamf,relation_x_direction,131,head,6,2,3,0,3,1.0,-1.0,False,60
db15k,db15k_mhyper_adamf,relation_x_direction,131,tail,6,2,3,0,3,1.0,-1.0,False,60
db15k,db15k_mhyper_adamf,relation_x_direction,132,head,42,14,32,0,32,1.0,-1.0,False,60
db15k,db15k_mhyper_adamf,relation_x_direction,132,tail,42,14,17,0,17,1.0,-1.0,False,60
db15k,db15k_mhyper_adamf,relation_x_direction,133,head,6,2,6,0,6,1.0,-1.0,False,60
db15k,db15k_mhyper_adamf,relation_x_direction,133,tail,6,2,4,0,4,1.0,-1.0,False,60
db15k,db15k_mhyper_adamf,relation_x_direction,134,head,57,19,21,0,21,1.0,-1.0,False,60
db15k,db15k_mhyper_adamf,relation_x_direction,134,tail,57,19,0,0,0,,,False,60
db15k,db15k_mhyper_adamf,relation_x_direction,135,head,24,8,6,0,6,1.0,-1.0,False,60
db15k,db15k_mhyper_adamf,relation_x_direction,135,tail,24,8,5,0,5,1.0,-1.0,False,60
db15k,db15k_mhyper_adamf,relation_x_direction,136,head,9,3,5,0,5,1.0,-1.0,False,60
db15k,db15k_mhyper_adamf,relation_x_direction,136,tail,9,3,6,0,6,1.0,-1.0,False,60
db15k,db15k_mhyper_adamf,relation_x_direction,137,head,6,2,1,0,1,1.0,-1.0,False,60
db15k,db15k_mhyper_adamf,relation_x_direction,137,tail,6,2,0,0,0,,,False,60
db15k,db15k_mhyper_adamf,relation_x_direction,139,head,6,2,3,0,3,1.0,-1.0,False,60
db15k,db15k_mhyper_adamf,relation_x_direction,139,tail,6,2,4,0,4,1.0,-1.0,False,60
db15k,db15k_mhyper_adamf,relation_x_direction,140,head,15,5,5,0,5,1.0,-1.0,False,60
db15k,db15k_mhyper_adamf,relation_x_direction,140,tail,15,5,10,0,10,1.0,-1.0,False,60
db15k,db15k_mhyper_adamf,relation_x_direction,142,head,3,1,2,0,2,1.0,-1.0,False,60
db15k,db15k_mhyper_adamf,relation_x_direction,142,tail,3,1,1,0,1,1.0,-1.0,False,60
db15k,db15k_mhyper_adamf,relation_x_direction,143,head,9,3,1,0,1,1.0,-1.0,False,60
db15k,db15k_mhyper_adamf,relation_x_direction,143,tail,9,3,7,0,7,1.0,-1.0,False,60
db15k,db15k_mhyper_adamf,relation_x_direction,144,head,9,3,0,0,0,,,False,60
db15k,db15k_mhyper_adamf,relation_x_direction,144,tail,9,3,6,0,6,1.0,-1.0,False,60
db15k,db15k_mhyper_adamf,relation_x_direction,145,head,45,15,32,0,32,1.0,-1.0,False,60
db15k,db15k_mhyper_adamf,relation_x_direction,145,tail,45,15,6,0,6,1.0,-1.0,False,60
db15k,db15k_mhyper_adamf,relation_x_direction,146,head,42,14,17,0,17,1.0,-1.0,False,60
db15k,db15k_mhyper_adamf,relation_x_direction,146,tail,42,14,11,0,11,1.0,-1.0,False,60
db15k,db15k_mhyper_adamf,relation_x_direction,147,head,18,6,6,0,6,1.0,-1.0,False,60
db15k,db15k_mhyper_adamf,relation_x_direction,147,tail,18,6,6,0,6,1.0,-1.0,False,60
db15k,db15k_mhyper_adamf,relation_x_direction,148,head,12,4,3,0,3,1.0,-1.0,False,60
db15k,db15k_mhyper_adamf,relation_x_direction,148,tail,12,4,7,0,7,1.0,-1.0,False,60
db15k,db15k_mhyper_adamf,relation_x_direction,151,head,12,4,3,0,3,1.0,-1.0,False,60
db15k,db15k_mhyper_adamf,relation_x_direction,151,tail,12,4,2,0,2,1.0,-1.0,False,60
db15k,db15k_mhyper_adamf,relation_x_direction,152,head,66,22,18,0,18,1.0,-1.0,True,60
db15k,db15k_mhyper_adamf,relation_x_direction,152,tail,66,22,24,0,24,1.0,-1.0,True,60
db15k,db15k_mhyper_adamf,relation_x_direction,155,head,6,2,2,0,2,1.0,-1.0,False,60
db15k,db15k_mhyper_adamf,relation_x_direction,155,tail,6,2,1,0,1,1.0,-1.0,False,60
db15k,db15k_mhyper_adamf,relation_x_direction,156,head,48,16,2,0,2,1.0,-1.0,False,60
db15k,db15k_mhyper_adamf,relation_x_direction,156,tail,48,16,3,0,3,1.0,-1.0,False,60
db15k,db15k_mhyper_adamf,relation_x_direction,157,head,9,3,3,0,3,1.0,-1.0,False,60
db15k,db15k_mhyper_adamf,relation_x_direction,157,tail,9,3,2,0,2,1.0,-1.0,False,60
db15k,db15k_mhyper_adamf,relation_x_direction,159,head,3,1,2,0,2,1.0,-1.0,False,60
db15k,db15k_mhyper_adamf,relation_x_direction,159,tail,3,1,0,0,0,,,False,60
db15k,db15k_mhyper_adamf,relation_x_direction,160,head,3,1,2,0,2,1.0,-1.0,False,60
db15k,db15k_mhyper_adamf,relation_x_direction,160,tail,3,1,2,0,2,1.0,-1.0,False,60
db15k,db15k_mhyper_adamf,relation_x_direction,161,head,3,1,1,0,1,1.0,-1.0,False,60
db15k,db15k_mhyper_adamf,relation_x_direction,161,tail,3,1,2,0,2,1.0,-1.0,False,60
db15k,db15k_mhyper_adamf,relation_x_direction,162,head,21,7,15,0,15,1.0,-1.0,False,60
db15k,db15k_mhyper_adamf,relation_x_direction,162,tail,21,7,18,0,18,1.0,-1.0,False,60
db15k,db15k_mhyper_adamf,relation_x_direction,164,head,3,1,0,0,0,,,False,60
db15k,db15k_mhyper_adamf,relation_x_direction,164,tail,3,1,0,0,0,,,False,60
db15k,db15k_mhyper_adamf,relation_x_direction,167,head,15,5,11,0,11,1.0,-1.0,False,60
db15k,db15k_mhyper_adamf,relation_x_direction,167,tail,15,5,9,0,9,1.0,-1.0,False,60
db15k,db15k_mhyper_adamf,relation_x_direction,176,head,3,1,3,0,3,1.0,-1.0,False,60
db15k,db15k_mhyper_adamf,relation_x_direction,176,tail,3,1,3,0,3,1.0,-1.0,False,60
db15k,db15k_mhyper_adamf,relation_x_direction,177,head,150,50,83,0,83,1.0,-1.0,True,60
db15k,db15k_mhyper_adamf,relation_x_direction,177,tail,150,50,106,0,106,1.0,-1.0,True,60
db15k,db15k_mhyper_adamf,relation_x_direction,178,head,3,1,3,0,3,1.0,-1.0,False,60
db15k,db15k_mhyper_adamf,relation_x_direction,178,tail,3,1,0,0,0,,,False,60
db15k,db15k_mhyper_adamf,relation_x_direction,179,head,33,11,18,0,18,1.0,-1.0,False,60
db15k,db15k_mhyper_adamf,relation_x_direction,179,tail,33,11,21,0,21,1.0,-1.0,False,60
db15k,db15k_mhyper_adamf,relation_x_direction,184,head,21,7,13,0,13,1.0,-1.0,False,60
db15k,db15k_mhyper_adamf,relation_x_direction,184,tail,21,7,16,0,16,1.0,-1.0,False,60
db15k,db15k_mhyper_adamf,relation_x_direction,186,head,12,4,0,0,0,,,False,60
db15k,db15k_mhyper_adamf,relation_x_direction,186,tail,12,4,0,0,0,,,False,60
db15k,db15k_mhyper_adamf,relation_x_direction,190,head,3,1,0,0,0,,,False,60
db15k,db15k_mhyper_adamf,relation_x_direction,190,tail,3,1,2,0,2,1.0,-1.0,False,60
db15k,db15k_mhyper_adamf,relation_x_direction,195,head,6,2,2,0,2,1.0,-1.0,False,60
db15k,db15k_mhyper_adamf,relation_x_direction,195,tail,6,2,2,0,2,1.0,-1.0,False,60
db15k,db15k_mhyper_adamf,relation_x_direction,197,head,3,1,3,0,3,1.0,-1.0,False,60
db15k,db15k_mhyper_adamf,relation_x_direction,197,tail,3,1,3,0,3,1.0,-1.0,False,60
db15k,db15k_mhyper_adamf,relation_x_direction,198,head,3,1,3,0,3,1.0,-1.0,False,60
db15k,db15k_mhyper_adamf,relation_x_direction,198,tail,3,1,3,0,3,1.0,-1.0,False,60
db15k,db15k_mhyper_adamf,relation_x_direction,200,head,6,2,4,0,4,1.0,-1.0,False,60
db15k,db15k_mhyper_adamf,relation_x_direction,200,tail,6,2,3,0,3,1.0,-1.0,False,60
db15k,db15k_mhyper_adamf,relation_x_direction,202,head,3,1,1,0,1,1.0,-1.0,False,60
db15k,db15k_mhyper_adamf,relation_x_direction,202,tail,3,1,1,0,1,1.0,-1.0,False,60
db15k,db15k_mhyper_adamf,relation_x_direction,203,head,6,2,4,0,4,1.0,-1.0,False,60
db15k,db15k_mhyper_adamf,relation_x_direction,203,tail,6,2,1,0,1,1.0,-1.0,False,60
db15k,db15k_mhyper_adamf,relation_x_direction,204,head,3,1,1,0,1,1.0,-1.0,False,60
db15k,db15k_mhyper_adamf,relation_x_direction,204,tail,3,1,0,0,0,,,False,60
db15k,db15k_mhyper_adamf,relation_x_direction,206,head,27,9,15,0,15,1.0,-1.0,False,60
db15k,db15k_mhyper_adamf,relation_x_direction,206,tail,27,9,16,0,16,1.0,-1.0,False,60
db15k,db15k_mhyper_adamf,relation_x_direction,213,head,3,1,1,0,1,1.0,-1.0,False,60
db15k,db15k_mhyper_adamf,relation_x_direction,213,tail,3,1,2,0,2,1.0,-1.0,False,60
db15k,db15k_mhyper_adamf,relation_x_direction,216,head,3,1,1,0,1,1.0,-1.0,False,60
db15k,db15k_mhyper_adamf,relation_x_direction,216,tail,3,1,3,0,3,1.0,-1.0,False,60
db15k,db15k_mhyper_adamf,relation_x_direction,218,head,3,1,1,0,1,1.0,-1.0,False,60
db15k,db15k_mhyper_adamf,relation_x_direction,218,tail,3,1,1,0,1,1.0,-1.0,False,60
db15k,db15k_mhyper_adamf,relation_x_direction,219,head,3,1,2,0,2,1.0,-1.0,False,60
db15k,db15k_mhyper_adamf,relation_x_direction,219,tail,3,1,0,0,0,,,False,60
db15k,db15k_mhyper_adamf,relation_x_direction,220,head,12,4,4,0,4,1.0,-1.0,False,60
db15k,db15k_mhyper_adamf,relation_x_direction,220,tail,12,4,9,0,9,1.0,-1.0,False,60
db15k,db15k_mhyper_adamf,relation_x_direction,222,head,3,1,2,0,2,1.0,-1.0,False,60
db15k,db15k_mhyper_adamf,relation_x_direction,222,tail,3,1,3,0,3,1.0,-1.0,False,60
db15k,db15k_mhyper_adamf,relation_x_direction,223,head,3,1,0,0,0,,,False,60
db15k,db15k_mhyper_adamf,relation_x_direction,223,tail,3,1,0,0,0,,,False,60
db15k,db15k_mhyper_adamf,relation_x_direction,224,head,3,1,3,0,3,1.0,-1.0,False,60
db15k,db15k_mhyper_adamf,relation_x_direction,224,tail,3,1,0,0,0,,,False,60
db15k,db15k_mhyper_adamf,relation_x_direction,225,head,51,17,5,0,5,1.0,-1.0,False,60
db15k,db15k_mhyper_adamf,relation_x_direction,225,tail,51,17,3,0,3,1.0,-1.0,False,60
db15k,db15k_mhyper_adamf,relation_x_direction,226,head,45,15,8,0,8,1.0,-1.0,False,60
db15k,db15k_mhyper_adamf,relation_x_direction,226,tail,45,15,5,0,5,1.0,-1.0,False,60
db15k,db15k_mhyper_adamf,relation_x_direction,229,head,3,1,0,0,0,,,False,60
db15k,db15k_mhyper_adamf,relation_x_direction,229,tail,3,1,0,0,0,,,False,60
db15k,db15k_mhyper_adamf,relation_x_direction,232,head,3,1,0,0,0,,,False,60
db15k,db15k_mhyper_adamf,relation_x_direction,232,tail,3,1,1,0,1,1.0,-1.0,False,60
db15k,db15k_mhyper_adamf,relation_x_direction,233,head,3,1,0,0,0,,,False,60
db15k,db15k_mhyper_adamf,relation_x_direction,233,tail,3,1,0,0,0,,,False,60
db15k,db15k_mhyper_adamf,relation_x_direction,234,head,9,3,7,0,7,1.0,-1.0,False,60
db15k,db15k_mhyper_adamf,relation_x_direction,234,tail,9,3,7,0,7,1.0,-1.0,False,60
db15k,db15k_mhyper_adamf,relation_x_direction,235,head,3,1,0,0,0,,,False,60
db15k,db15k_mhyper_adamf,relation_x_direction,235,tail,3,1,3,0,3,1.0,-1.0,False,60
db15k,db15k_mhyper_adamf,relation_x_direction,239,head,3,1,3,0,3,1.0,-1.0,False,60
db15k,db15k_mhyper_adamf,relation_x_direction,239,tail,3,1,1,0,1,1.0,-1.0,False,60
db15k,db15k_mhyper_adamf,relation_x_direction,240,head,3,1,3,0,3,1.0,-1.0,False,60
db15k,db15k_mhyper_adamf,relation_x_direction,240,tail,3,1,3,0,3,1.0,-1.0,False,60
db15k,db15k_mhyper_adamf,relation_x_direction,241,head,6,2,4,0,4,1.0,-1.0,False,60
db15k,db15k_mhyper_adamf,relation_x_direction,241,tail,6,2,5,0,5,1.0,-1.0,False,60
db15k,db15k_mhyper_adamf,relation_x_direction,245,head,3,1,3,0,3,1.0,-1.0,False,60
db15k,db15k_mhyper_adamf,relation_x_direction,245,tail,3,1,3,0,3,1.0,-1.0,False,60
db15k,db15k_mhyper_adamf,relation_x_direction,246,head,6,2,2,0,2,1.0,-1.0,False,60
db15k,db15k_mhyper_adamf,relation_x_direction,246,tail,6,2,6,0,6,1.0,-1.0,False,60
db15k,db15k_mhyper_adamf,relation_x_direction,254,head,3,1,1,0,1,1.0,-1.0,False,60
db15k,db15k_mhyper_adamf,relation_x_direction,254,tail,3,1,1,0,1,1.0,-1.0,False,60
db15k,db15k_mhyper_adamf,relation_x_direction,255,head,3,1,0,0,0,,,False,60
db15k,db15k_mhyper_adamf,relation_x_direction,255,tail,3,1,0,0,0,,,False,60
db15k,db15k_mhyper_adamf,relation_x_direction,258,head,3,1,1,0,1,1.0,-1.0,False,60
db15k,db15k_mhyper_adamf,relation_x_direction,258,tail,3,1,2,0,2,1.0,-1.0,False,60
db15k,db15k_mhyper_adamf,relation_x_direction,260,head,9,3,2,0,2,1.0,-1.0,False,60
db15k,db15k_mhyper_adamf,relation_x_direction,260,tail,9,3,1,0,1,1.0,-1.0,False,60
db15k,db15k_mhyper_adamf,relation_x_direction,278,head,3126,1042,1458,0,1458,1.0,-1.0,True,60
db15k,db15k_mhyper_adamf,relation_x_direction,278,tail,3126,1042,624,0,624,1.0,-1.0,True,60
db15k,db15k_mhyper_native,direction,,head,23766,7922,12642,0,12642,1.0,-1.0,True,60
db15k,db15k_mhyper_native,direction,,tail,23766,7922,8746,0,8746,1.0,-1.0,True,60
db15k,db15k_mhyper_native,relation,0,,1746,291,825,0,825,1.0,-1.0,True,60
db15k,db15k_mhyper_native,relation,1,,1506,251,660,0,660,1.0,-1.0,True,60
db15k,db15k_mhyper_native,relation,2,,420,70,193,0,193,1.0,-1.0,True,60
db15k,db15k_mhyper_native,relation,3,,138,23,43,0,43,1.0,-1.0,True,60
db15k,db15k_mhyper_native,relation,4,,144,24,10,0,10,1.0,-1.0,True,60
db15k,db15k_mhyper_native,relation,5,,840,140,453,0,453,1.0,-1.0,True,60
db15k,db15k_mhyper_native,relation,6,,132,22,65,0,65,1.0,-1.0,True,60
db15k,db15k_mhyper_native,relation,7,,108,18,52,0,52,1.0,-1.0,True,60
db15k,db15k_mhyper_native,relation,8,,60,10,38,0,38,1.0,-1.0,True,60
db15k,db15k_mhyper_native,relation,9,,96,16,50,0,50,1.0,-1.0,True,60
db15k,db15k_mhyper_native,relation,10,,42,7,22,0,22,1.0,-1.0,False,60
db15k,db15k_mhyper_native,relation,11,,78,13,45,0,45,1.0,-1.0,True,60
db15k,db15k_mhyper_native,relation,12,,3222,537,1856,0,1856,1.0,-1.0,True,60
db15k,db15k_mhyper_native,relation,13,,78,13,18,0,18,1.0,-1.0,True,60
db15k,db15k_mhyper_native,relation,14,,492,82,258,0,258,1.0,-1.0,True,60
db15k,db15k_mhyper_native,relation,15,,30,5,19,0,19,1.0,-1.0,False,60
db15k,db15k_mhyper_native,relation,16,,6,1,5,0,5,1.0,-1.0,False,60
db15k,db15k_mhyper_native,relation,17,,516,86,354,0,354,1.0,-1.0,True,60
db15k,db15k_mhyper_native,relation,18,,234,39,157,0,157,1.0,-1.0,True,60
db15k,db15k_mhyper_native,relation,19,,408,68,205,0,205,1.0,-1.0,True,60
db15k,db15k_mhyper_native,relation,20,,102,17,35,0,35,1.0,-1.0,True,60
db15k,db15k_mhyper_native,relation,21,,648,108,242,0,242,1.0,-1.0,True,60
db15k,db15k_mhyper_native,relation,22,,42,7,19,0,19,1.0,-1.0,False,60
db15k,db15k_mhyper_native,relation,23,,66,11,30,0,30,1.0,-1.0,True,60
db15k,db15k_mhyper_native,relation,24,,30,5,8,0,8,1.0,-1.0,False,60
db15k,db15k_mhyper_native,relation,25,,90,15,59,0,59,1.0,-1.0,True,60
db15k,db15k_mhyper_native,relation,26,,30,5,10,0,10,1.0,-1.0,False,60
db15k,db15k_mhyper_native,relation,27,,306,51,149,0,149,1.0,-1.0,True,60
db15k,db15k_mhyper_native,relation,28,,354,59,182,0,182,1.0,-1.0,True,60
db15k,db15k_mhyper_native,relation,29,,24,4,15,0,15,1.0,-1.0,False,60
db15k,db15k_mhyper_native,relation,30,,60,10,44,0,44,1.0,-1.0,True,60
db15k,db15k_mhyper_native,relation,31,,18,3,14,0,14,1.0,-1.0,False,60
db15k,db15k_mhyper_native,relation,32,,78,13,39,0,39,1.0,-1.0,True,60
db15k,db15k_mhyper_native,relation,33,,1008,168,323,0,323,1.0,-1.0,True,60
db15k,db15k_mhyper_native,relation,35,,1428,238,792,0,792,1.0,-1.0,True,60
db15k,db15k_mhyper_native,relation,36,,234,39,117,0,117,1.0,-1.0,True,60
db15k,db15k_mhyper_native,relation,37,,60,10,40,0,40,1.0,-1.0,True,60
db15k,db15k_mhyper_native,relation,38,,12,2,4,0,4,1.0,-1.0,False,60
db15k,db15k_mhyper_native,relation,39,,852,142,218,0,218,1.0,-1.0,True,60
db15k,db15k_mhyper_native,relation,41,,24,4,8,0,8,1.0,-1.0,False,60
db15k,db15k_mhyper_native,relation,42,,174,29,96,0,96,1.0,-1.0,True,60
db15k,db15k_mhyper_native,relation,43,,180,30,92,0,92,1.0,-1.0,True,60
db15k,db15k_mhyper_native,relation,44,,108,18,60,0,60,1.0,-1.0,True,60
db15k,db15k_mhyper_native,relation,45,,12,2,5,0,5,1.0,-1.0,False,60
db15k,db15k_mhyper_native,relation,46,,18,3,9,0,9,1.0,-1.0,False,60
db15k,db15k_mhyper_native,relation,47,,2472,412,1466,0,1466,1.0,-1.0,True,60
db15k,db15k_mhyper_native,relation,48,,54,9,27,0,27,1.0,-1.0,False,60
db15k,db15k_mhyper_native,relation,49,,456,76,234,0,234,1.0,-1.0,True,60
db15k,db15k_mhyper_native,relation,50,,162,27,90,0,90,1.0,-1.0,True,60
db15k,db15k_mhyper_native,relation,51,,138,23,55,0,55,1.0,-1.0,True,60
db15k,db15k_mhyper_native,relation,52,,18,3,2,0,2,1.0,-1.0,False,60
db15k,db15k_mhyper_native,relation,54,,24,4,11,0,11,1.0,-1.0,False,60
db15k,db15k_mhyper_native,relation,55,,6,1,3,0,3,1.0,-1.0,False,60
db15k,db15k_mhyper_native,relation,56,,84,14,33,0,33,1.0,-1.0,True,60
db15k,db15k_mhyper_native,relation,57,,6,1,1,0,1,1.0,-1.0,False,60
db15k,db15k_mhyper_native,relation,58,,24,4,11,0,11,1.0,-1.0,False,60
db15k,db15k_mhyper_native,relation,59,,42,7,13,0,13,1.0,-1.0,False,60
db15k,db15k_mhyper_native,relation,60,,6,1,1,0,1,1.0,-1.0,False,60
db15k,db15k_mhyper_native,relation,61,,246,41,107,0,107,1.0,-1.0,True,60
db15k,db15k_mhyper_native,relation,62,,54,9,30,0,30,1.0,-1.0,False,60
db15k,db15k_mhyper_native,relation,63,,102,17,39,0,39,1.0,-1.0,True,60
db15k,db15k_mhyper_native,relation,64,,192,32,104,0,104,1.0,-1.0,True,60
db15k,db15k_mhyper_native,relation,65,,342,57,148,0,148,1.0,-1.0,True,60
db15k,db15k_mhyper_native,relation,66,,462,77,162,0,162,1.0,-1.0,True,60
db15k,db15k_mhyper_native,relation,67,,156,26,41,0,41,1.0,-1.0,True,60
db15k,db15k_mhyper_native,relation,68,,258,43,79,0,79,1.0,-1.0,True,60
db15k,db15k_mhyper_native,relation,69,,126,21,47,0,47,1.0,-1.0,True,60
db15k,db15k_mhyper_native,relation,70,,30,5,7,0,7,1.0,-1.0,False,60
db15k,db15k_mhyper_native,relation,71,,72,12,25,0,25,1.0,-1.0,True,60
db15k,db15k_mhyper_native,relation,72,,96,16,37,0,37,1.0,-1.0,True,60
db15k,db15k_mhyper_native,relation,73,,3558,593,2396,0,2396,1.0,-1.0,True,60
db15k,db15k_mhyper_native,relation,74,,132,22,62,0,62,1.0,-1.0,True,60
db15k,db15k_mhyper_native,relation,75,,102,17,29,0,29,1.0,-1.0,True,60
db15k,db15k_mhyper_native,relation,76,,1104,184,606,0,606,1.0,-1.0,True,60
db15k,db15k_mhyper_native,relation,77,,36,6,9,0,9,1.0,-1.0,False,60
db15k,db15k_mhyper_native,relation,78,,96,16,8,0,8,1.0,-1.0,True,60
db15k,db15k_mhyper_native,relation,79,,78,13,44,0,44,1.0,-1.0,True,60
db15k,db15k_mhyper_native,relation,80,,378,63,211,0,211,1.0,-1.0,True,60
db15k,db15k_mhyper_native,relation,81,,498,83,292,0,292,1.0,-1.0,True,60
db15k,db15k_mhyper_native,relation,82,,114,19,27,0,27,1.0,-1.0,True,60
db15k,db15k_mhyper_native,relation,83,,144,24,23,0,23,1.0,-1.0,True,60
db15k,db15k_mhyper_native,relation,84,,96,16,40,0,40,1.0,-1.0,True,60
db15k,db15k_mhyper_native,relation,85,,6,1,1,0,1,1.0,-1.0,False,60
db15k,db15k_mhyper_native,relation,87,,1260,210,696,0,696,1.0,-1.0,True,60
db15k,db15k_mhyper_native,relation,88,,24,4,16,0,16,1.0,-1.0,False,60
db15k,db15k_mhyper_native,relation,89,,1284,214,817,0,817,1.0,-1.0,True,60
db15k,db15k_mhyper_native,relation,90,,1110,185,181,0,181,1.0,-1.0,True,60
db15k,db15k_mhyper_native,relation,91,,1056,176,145,0,145,1.0,-1.0,True,60
db15k,db15k_mhyper_native,relation,92,,168,28,41,0,41,1.0,-1.0,True,60
db15k,db15k_mhyper_native,relation,93,,12,2,4,0,4,1.0,-1.0,False,60
db15k,db15k_mhyper_native,relation,94,,6,1,6,0,6,1.0,-1.0,False,60
db15k,db15k_mhyper_native,relation,95,,726,121,381,0,381,1.0,-1.0,True,60
db15k,db15k_mhyper_native,relation,96,,18,3,3,0,3,1.0,-1.0,False,60
db15k,db15k_mhyper_native,relation,97,,234,39,120,0,120,1.0,-1.0,True,60
db15k,db15k_mhyper_native,relation,98,,126,21,49,0,49,1.0,-1.0,True,60
db15k,db15k_mhyper_native,relation,99,,150,25,65,0,65,1.0,-1.0,True,60
db15k,db15k_mhyper_native,relation,100,,78,13,52,0,52,1.0,-1.0,True,60
db15k,db15k_mhyper_native,relation,101,,12,2,6,0,6,1.0,-1.0,False,60
db15k,db15k_mhyper_native,relation,102,,678,113,214,0,214,1.0,-1.0,True,60
db15k,db15k_mhyper_native,relation,103,,528,88,220,0,220,1.0,-1.0,True,60
db15k,db15k_mhyper_native,relation,104,,768,128,229,0,229,1.0,-1.0,True,60
db15k,db15k_mhyper_native,relation,105,,576,96,140,0,140,1.0,-1.0,True,60
db15k,db15k_mhyper_native,relation,106,,126,21,52,0,52,1.0,-1.0,True,60
db15k,db15k_mhyper_native,relation,108,,138,23,81,0,81,1.0,-1.0,True,60
db15k,db15k_mhyper_native,relation,109,,6,1,3,0,3,1.0,-1.0,False,60
db15k,db15k_mhyper_native,relation,110,,204,34,30,0,30,1.0,-1.0,True,60
db15k,db15k_mhyper_native,relation,111,,840,140,368,0,368,1.0,-1.0,True,60
db15k,db15k_mhyper_native,relation,112,,54,9,34,0,34,1.0,-1.0,False,60
db15k,db15k_mhyper_native,relation,113,,90,15,31,0,31,1.0,-1.0,True,60
db15k,db15k_mhyper_native,relation,114,,54,9,14,0,14,1.0,-1.0,False,60
db15k,db15k_mhyper_native,relation,115,,24,4,13,0,13,1.0,-1.0,False,60
db15k,db15k_mhyper_native,relation,116,,6,1,2,0,2,1.0,-1.0,False,60
db15k,db15k_mhyper_native,relation,117,,474,79,148,0,148,1.0,-1.0,True,60
db15k,db15k_mhyper_native,relation,119,,18,3,5,0,5,1.0,-1.0,False,60
db15k,db15k_mhyper_native,relation,120,,24,4,12,0,12,1.0,-1.0,False,60
db15k,db15k_mhyper_native,relation,121,,54,9,32,0,32,1.0,-1.0,False,60
db15k,db15k_mhyper_native,relation,122,,156,26,56,0,56,1.0,-1.0,True,60
db15k,db15k_mhyper_native,relation,123,,6,1,1,0,1,1.0,-1.0,False,60
db15k,db15k_mhyper_native,relation,125,,12,2,5,0,5,1.0,-1.0,False,60
db15k,db15k_mhyper_native,relation,129,,12,2,2,0,2,1.0,-1.0,False,60
db15k,db15k_mhyper_native,relation,130,,6,1,6,0,6,1.0,-1.0,False,60
db15k,db15k_mhyper_native,relation,131,,12,2,6,0,6,1.0,-1.0,False,60
db15k,db15k_mhyper_native,relation,132,,84,14,45,0,45,1.0,-1.0,True,60
db15k,db15k_mhyper_native,relation,133,,12,2,10,0,10,1.0,-1.0,False,60
db15k,db15k_mhyper_native,relation,134,,114,19,18,0,18,1.0,-1.0,True,60
db15k,db15k_mhyper_native,relation,135,,48,8,8,0,8,1.0,-1.0,False,60
db15k,db15k_mhyper_native,relation,136,,18,3,10,0,10,1.0,-1.0,False,60
db15k,db15k_mhyper_native,relation,137,,12,2,1,0,1,1.0,-1.0,False,60
db15k,db15k_mhyper_native,relation,139,,12,2,3,0,3,1.0,-1.0,False,60
db15k,db15k_mhyper_native,relation,140,,30,5,15,0,15,1.0,-1.0,False,60
db15k,db15k_mhyper_native,relation,142,,6,1,4,0,4,1.0,-1.0,False,60
db15k,db15k_mhyper_native,relation,143,,18,3,9,0,9,1.0,-1.0,False,60
db15k,db15k_mhyper_native,relation,144,,18,3,7,0,7,1.0,-1.0,False,60
db15k,db15k_mhyper_native,relation,145,,90,15,41,0,41,1.0,-1.0,True,60
db15k,db15k_mhyper_native,relation,146,,84,14,31,0,31,1.0,-1.0,True,60
db15k,db15k_mhyper_native,relation,147,,36,6,8,0,8,1.0,-1.0,False,60
db15k,db15k_mhyper_native,relation,148,,24,4,10,0,10,1.0,-1.0,False,60
db15k,db15k_mhyper_native,relation,151,,24,4,4,0,4,1.0,-1.0,False,60
db15k,db15k_mhyper_native,relation,152,,132,22,41,0,41,1.0,-1.0,True,60
db15k,db15k_mhyper_native,relation,155,,12,2,2,0,2,1.0,-1.0,False,60
db15k,db15k_mhyper_native,relation,156,,96,16,4,0,4,1.0,-1.0,True,60
db15k,db15k_mhyper_native,relation,157,,18,3,7,0,7,1.0,-1.0,False,60
db15k,db15k_mhyper_native,relation,159,,6,1,3,0,3,1.0,-1.0,False,60
db15k,db15k_mhyper_native,relation,160,,6,1,2,0,2,1.0,-1.0,False,60
db15k,db15k_mhyper_native,relation,161,,6,1,4,0,4,1.0,-1.0,False,60
db15k,db15k_mhyper_native,relation,162,,42,7,27,0,27,1.0,-1.0,False,60
db15k,db15k_mhyper_native,relation,164,,6,1,0,0,0,,,False,60
db15k,db15k_mhyper_native,relation,167,,30,5,20,0,20,1.0,-1.0,False,60
db15k,db15k_mhyper_native,relation,176,,6,1,6,0,6,1.0,-1.0,False,60
db15k,db15k_mhyper_native,relation,177,,300,50,187,0,187,1.0,-1.0,True,60
db15k,db15k_mhyper_native,relation,178,,6,1,3,0,3,1.0,-1.0,False,60
db15k,db15k_mhyper_native,relation,179,,66,11,47,0,47,1.0,-1.0,True,60
db15k,db15k_mhyper_native,relation,184,,42,7,27,0,27,1.0,-1.0,False,60
db15k,db15k_mhyper_native,relation,186,,24,4,2,0,2,1.0,-1.0,False,60
db15k,db15k_mhyper_native,relation,190,,6,1,3,0,3,1.0,-1.0,False,60
db15k,db15k_mhyper_native,relation,195,,12,2,4,0,4,1.0,-1.0,False,60
db15k,db15k_mhyper_native,relation,197,,6,1,6,0,6,1.0,-1.0,False,60
db15k,db15k_mhyper_native,relation,198,,6,1,6,0,6,1.0,-1.0,False,60
db15k,db15k_mhyper_native,relation,200,,12,2,7,0,7,1.0,-1.0,False,60
db15k,db15k_mhyper_native,relation,202,,6,1,3,0,3,1.0,-1.0,False,60
db15k,db15k_mhyper_native,relation,203,,12,2,6,0,6,1.0,-1.0,False,60
db15k,db15k_mhyper_native,relation,204,,6,1,1,0,1,1.0,-1.0,False,60
db15k,db15k_mhyper_native,relation,206,,54,9,32,0,32,1.0,-1.0,False,60
db15k,db15k_mhyper_native,relation,213,,6,1,2,0,2,1.0,-1.0,False,60
db15k,db15k_mhyper_native,relation,216,,6,1,5,0,5,1.0,-1.0,False,60
db15k,db15k_mhyper_native,relation,218,,6,1,2,0,2,1.0,-1.0,False,60
db15k,db15k_mhyper_native,relation,219,,6,1,2,0,2,1.0,-1.0,False,60
db15k,db15k_mhyper_native,relation,220,,24,4,11,0,11,1.0,-1.0,False,60
db15k,db15k_mhyper_native,relation,222,,6,1,5,0,5,1.0,-1.0,False,60
db15k,db15k_mhyper_native,relation,223,,6,1,2,0,2,1.0,-1.0,False,60
db15k,db15k_mhyper_native,relation,224,,6,1,2,0,2,1.0,-1.0,False,60
db15k,db15k_mhyper_native,relation,225,,102,17,15,0,15,1.0,-1.0,True,60
db15k,db15k_mhyper_native,relation,226,,90,15,19,0,19,1.0,-1.0,True,60
db15k,db15k_mhyper_native,relation,229,,6,1,0,0,0,,,False,60
db15k,db15k_mhyper_native,relation,232,,6,1,1,0,1,1.0,-1.0,False,60
db15k,db15k_mhyper_native,relation,233,,6,1,0,0,0,,,False,60
db15k,db15k_mhyper_native,relation,234,,18,3,10,0,10,1.0,-1.0,False,60
db15k,db15k_mhyper_native,relation,235,,6,1,3,0,3,1.0,-1.0,False,60
db15k,db15k_mhyper_native,relation,239,,6,1,0,0,0,,,False,60
db15k,db15k_mhyper_native,relation,240,,6,1,6,0,6,1.0,-1.0,False,60
db15k,db15k_mhyper_native,relation,241,,12,2,9,0,9,1.0,-1.0,False,60
db15k,db15k_mhyper_native,relation,245,,6,1,6,0,6,1.0,-1.0,False,60
db15k,db15k_mhyper_native,relation,246,,12,2,7,0,7,1.0,-1.0,False,60
db15k,db15k_mhyper_native,relation,254,,6,1,3,0,3,1.0,-1.0,False,60
db15k,db15k_mhyper_native,relation,255,,6,1,0,0,0,,,False,60
db15k,db15k_mhyper_native,relation,258,,6,1,3,0,3,1.0,-1.0,False,60
db15k,db15k_mhyper_native,relation,260,,18,3,3,0,3,1.0,-1.0,False,60
db15k,db15k_mhyper_native,relation,278,,6252,1042,1853,0,1853,1.0,-1.0,True,60
db15k,db15k_mhyper_native,relation_x_direction,0,head,873,291,461,0,461,1.0,-1.0,True,60
db15k,db15k_mhyper_native,relation_x_direction,0,tail,873,291,364,0,364,1.0,-1.0,True,60
db15k,db15k_mhyper_native,relation_x_direction,1,head,753,251,516,0,516,1.0,-1.0,True,60
db15k,db15k_mhyper_native,relation_x_direction,1,tail,753,251,144,0,144,1.0,-1.0,True,60
db15k,db15k_mhyper_native,relation_x_direction,2,head,210,70,137,0,137,1.0,-1.0,True,60
db15k,db15k_mhyper_native,relation_x_direction,2,tail,210,70,56,0,56,1.0,-1.0,True,60
db15k,db15k_mhyper_native,relation_x_direction,3,head,69,23,20,0,20,1.0,-1.0,True,60
db15k,db15k_mhyper_native,relation_x_direction,3,tail,69,23,23,0,23,1.0,-1.0,True,60
db15k,db15k_mhyper_native,relation_x_direction,4,head,72,24,4,0,4,1.0,-1.0,True,60
db15k,db15k_mhyper_native,relation_x_direction,4,tail,72,24,6,0,6,1.0,-1.0,True,60
db15k,db15k_mhyper_native,relation_x_direction,5,head,420,140,292,0,292,1.0,-1.0,True,60
db15k,db15k_mhyper_native,relation_x_direction,5,tail,420,140,161,0,161,1.0,-1.0,True,60
db15k,db15k_mhyper_native,relation_x_direction,6,head,66,22,39,0,39,1.0,-1.0,True,60
db15k,db15k_mhyper_native,relation_x_direction,6,tail,66,22,26,0,26,1.0,-1.0,True,60
db15k,db15k_mhyper_native,relation_x_direction,7,head,54,18,37,0,37,1.0,-1.0,False,60
db15k,db15k_mhyper_native,relation_x_direction,7,tail,54,18,15,0,15,1.0,-1.0,False,60
db15k,db15k_mhyper_native,relation_x_direction,8,head,30,10,21,0,21,1.0,-1.0,False,60
db15k,db15k_mhyper_native,relation_x_direction,8,tail,30,10,17,0,17,1.0,-1.0,False,60
db15k,db15k_mhyper_native,relation_x_direction,9,head,48,16,30,0,30,1.0,-1.0,False,60
db15k,db15k_mhyper_native,relation_x_direction,9,tail,48,16,20,0,20,1.0,-1.0,False,60
db15k,db15k_mhyper_native,relation_x_direction,10,head,21,7,12,0,12,1.0,-1.0,False,60
db15k,db15k_mhyper_native,relation_x_direction,10,tail,21,7,10,0,10,1.0,-1.0,False,60
db15k,db15k_mhyper_native,relation_x_direction,11,head,39,13,24,0,24,1.0,-1.0,False,60
db15k,db15k_mhyper_native,relation_x_direction,11,tail,39,13,21,0,21,1.0,-1.0,False,60
db15k,db15k_mhyper_native,relation_x_direction,12,head,1611,537,1095,0,1095,1.0,-1.0,True,60
db15k,db15k_mhyper_native,relation_x_direction,12,tail,1611,537,761,0,761,1.0,-1.0,True,60
db15k,db15k_mhyper_native,relation_x_direction,13,head,39,13,11,0,11,1.0,-1.0,False,60
db15k,db15k_mhyper_native,relation_x_direction,13,tail,39,13,7,0,7,1.0,-1.0,False,60
db15k,db15k_mhyper_native,relation_x_direction,14,head,246,82,131,0,131,1.0,-1.0,True,60
db15k,db15k_mhyper_native,relation_x_direction,14,tail,246,82,127,0,127,1.0,-1.0,True,60
db15k,db15k_mhyper_native,relation_x_direction,15,head,15,5,8,0,8,1.0,-1.0,False,60
db15k,db15k_mhyper_native,relation_x_direction,15,tail,15,5,11,0,11,1.0,-1.0,False,60
db15k,db15k_mhyper_native,relation_x_direction,16,head,3,1,3,0,3,1.0,-1.0,False,60
db15k,db15k_mhyper_native,relation_x_direction,16,tail,3,1,2,0,2,1.0,-1.0,False,60
db15k,db15k_mhyper_native,relation_x_direction,17,head,258,86,192,0,192,1.0,-1.0,True,60
db15k,db15k_mhyper_native,relation_x_direction,17,tail,258,86,162,0,162,1.0,-1.0,True,60
db15k,db15k_mhyper_native,relation_x_direction,18,head,117,39,80,0,80,1.0,-1.0,True,60
db15k,db15k_mhyper_native,relation_x_direction,18,tail,117,39,77,0,77,1.0,-1.0,True,60
db15k,db15k_mhyper_native,relation_x_direction,19,head,204,68,121,0,121,1.0,-1.0,True,60
db15k,db15k_mhyper_native,relation_x_direction,19,tail,204,68,84,0,84,1.0,-1.0,True,60
db15k,db15k_mhyper_native,relation_x_direction,20,head,51,17,28,0,28,1.0,-1.0,False,60
db15k,db15k_mhyper_native,relation_x_direction,20,tail,51,17,7,0,7,1.0,-1.0,False,60
db15k,db15k_mhyper_native,relation_x_direction,21,head,324,108,200,0,200,1.0,-1.0,True,60
db15k,db15k_mhyper_native,relation_x_direction,21,tail,324,108,42,0,42,1.0,-1.0,True,60
db15k,db15k_mhyper_native,relation_x_direction,22,head,21,7,15,0,15,1.0,-1.0,False,60
db15k,db15k_mhyper_native,relation_x_direction,22,tail,21,7,4,0,4,1.0,-1.0,False,60
db15k,db15k_mhyper_native,relation_x_direction,23,head,33,11,17,0,17,1.0,-1.0,False,60
db15k,db15k_mhyper_native,relation_x_direction,23,tail,33,11,13,0,13,1.0,-1.0,False,60
db15k,db15k_mhyper_native,relation_x_direction,24,head,15,5,7,0,7,1.0,-1.0,False,60
db15k,db15k_mhyper_native,relation_x_direction,24,tail,15,5,1,0,1,1.0,-1.0,False,60
db15k,db15k_mhyper_native,relation_x_direction,25,head,45,15,33,0,33,1.0,-1.0,False,60
db15k,db15k_mhyper_native,relation_x_direction,25,tail,45,15,26,0,26,1.0,-1.0,False,60
db15k,db15k_mhyper_native,relation_x_direction,26,head,15,5,8,0,8,1.0,-1.0,False,60
db15k,db15k_mhyper_native,relation_x_direction,26,tail,15,5,2,0,2,1.0,-1.0,False,60
db15k,db15k_mhyper_native,relation_x_direction,27,head,153,51,64,0,64,1.0,-1.0,True,60
db15k,db15k_mhyper_native,relation_x_direction,27,tail,153,51,85,0,85,1.0,-1.0,True,60
db15k,db15k_mhyper_native,relation_x_direction,28,head,177,59,112,0,112,1.0,-1.0,True,60
db15k,db15k_mhyper_native,relation_x_direction,28,tail,177,59,70,0,70,1.0,-1.0,True,60
db15k,db15k_mhyper_native,relation_x_direction,29,head,12,4,8,0,8,1.0,-1.0,False,60
db15k,db15k_mhyper_native,relation_x_direction,29,tail,12,4,7,0,7,1.0,-1.0,False,60
db15k,db15k_mhyper_native,relation_x_direction,30,head,30,10,19,0,19,1.0,-1.0,False,60
db15k,db15k_mhyper_native,relation_x_direction,30,tail,30,10,25,0,25,1.0,-1.0,False,60
db15k,db15k_mhyper_native,relation_x_direction,31,head,9,3,6,0,6,1.0,-1.0,False,60
db15k,db15k_mhyper_native,relation_x_direction,31,tail,9,3,8,0,8,1.0,-1.0,False,60
db15k,db15k_mhyper_native,relation_x_direction,32,head,39,13,19,0,19,1.0,-1.0,False,60
db15k,db15k_mhyper_native,relation_x_direction,32,tail,39,13,20,0,20,1.0,-1.0,False,60
db15k,db15k_mhyper_native,relation_x_direction,33,head,504,168,215,0,215,1.0,-1.0,True,60
db15k,db15k_mhyper_native,relation_x_direction,33,tail,504,168,108,0,108,1.0,-1.0,True,60
db15k,db15k_mhyper_native,relation_x_direction,35,head,714,238,525,0,525,1.0,-1.0,True,60
db15k,db15k_mhyper_native,relation_x_direction,35,tail,714,238,267,0,267,1.0,-1.0,True,60
db15k,db15k_mhyper_native,relation_x_direction,36,head,117,39,78,0,78,1.0,-1.0,True,60
db15k,db15k_mhyper_native,relation_x_direction,36,tail,117,39,39,0,39,1.0,-1.0,True,60
db15k,db15k_mhyper_native,relation_x_direction,37,head,30,10,22,0,22,1.0,-1.0,False,60
db15k,db15k_mhyper_native,relation_x_direction,37,tail,30,10,18,0,18,1.0,-1.0,False,60
db15k,db15k_mhyper_native,relation_x_direction,38,head,6,2,0,0,0,,,False,60
db15k,db15k_mhyper_native,relation_x_direction,38,tail,6,2,4,0,4,1.0,-1.0,False,60
db15k,db15k_mhyper_native,relation_x_direction,39,head,426,142,140,0,140,1.0,-1.0,True,60
db15k,db15k_mhyper_native,relation_x_direction,39,tail,426,142,78,0,78,1.0,-1.0,True,60
db15k,db15k_mhyper_native,relation_x_direction,41,head,12,4,3,0,3,1.0,-1.0,False,60
db15k,db15k_mhyper_native,relation_x_direction,41,tail,12,4,5,0,5,1.0,-1.0,False,60
db15k,db15k_mhyper_native,relation_x_direction,42,head,87,29,49,0,49,1.0,-1.0,True,60
db15k,db15k_mhyper_native,relation_x_direction,42,tail,87,29,47,0,47,1.0,-1.0,True,60
db15k,db15k_mhyper_native,relation_x_direction,43,head,90,30,56,0,56,1.0,-1.0,True,60
db15k,db15k_mhyper_native,relation_x_direction,43,tail,90,30,36,0,36,1.0,-1.0,True,60
db15k,db15k_mhyper_native,relation_x_direction,44,head,54,18,32,0,32,1.0,-1.0,False,60
db15k,db15k_mhyper_native,relation_x_direction,44,tail,54,18,28,0,28,1.0,-1.0,False,60
db15k,db15k_mhyper_native,relation_x_direction,45,head,6,2,3,0,3,1.0,-1.0,False,60
db15k,db15k_mhyper_native,relation_x_direction,45,tail,6,2,2,0,2,1.0,-1.0,False,60
db15k,db15k_mhyper_native,relation_x_direction,46,head,9,3,6,0,6,1.0,-1.0,False,60
db15k,db15k_mhyper_native,relation_x_direction,46,tail,9,3,3,0,3,1.0,-1.0,False,60
db15k,db15k_mhyper_native,relation_x_direction,47,head,1236,412,889,0,889,1.0,-1.0,True,60
db15k,db15k_mhyper_native,relation_x_direction,47,tail,1236,412,577,0,577,1.0,-1.0,True,60
db15k,db15k_mhyper_native,relation_x_direction,48,head,27,9,13,0,13,1.0,-1.0,False,60
db15k,db15k_mhyper_native,relation_x_direction,48,tail,27,9,14,0,14,1.0,-1.0,False,60
db15k,db15k_mhyper_native,relation_x_direction,49,head,228,76,146,0,146,1.0,-1.0,True,60
db15k,db15k_mhyper_native,relation_x_direction,49,tail,228,76,88,0,88,1.0,-1.0,True,60
db15k,db15k_mhyper_native,relation_x_direction,50,head,81,27,51,0,51,1.0,-1.0,True,60
db15k,db15k_mhyper_native,relation_x_direction,50,tail,81,27,39,0,39,1.0,-1.0,True,60
db15k,db15k_mhyper_native,relation_x_direction,51,head,69,23,26,0,26,1.0,-1.0,True,60
db15k,db15k_mhyper_native,relation_x_direction,51,tail,69,23,29,0,29,1.0,-1.0,True,60
db15k,db15k_mhyper_native,relation_x_direction,52,head,9,3,1,0,1,1.0,-1.0,False,60
db15k,db15k_mhyper_native,relation_x_direction,52,tail,9,3,1,0,1,1.0,-1.0,False,60
db15k,db15k_mhyper_native,relation_x_direction,54,head,12,4,6,0,6,1.0,-1.0,False,60
db15k,db15k_mhyper_native,relation_x_direction,54,tail,12,4,5,0,5,1.0,-1.0,False,60
db15k,db15k_mhyper_native,relation_x_direction,55,head,3,1,3,0,3,1.0,-1.0,False,60
db15k,db15k_mhyper_native,relation_x_direction,55,tail,3,1,0,0,0,,,False,60
db15k,db15k_mhyper_native,relation_x_direction,56,head,42,14,24,0,24,1.0,-1.0,False,60
db15k,db15k_mhyper_native,relation_x_direction,56,tail,42,14,9,0,9,1.0,-1.0,False,60
db15k,db15k_mhyper_native,relation_x_direction,57,head,3,1,0,0,0,,,False,60
db15k,db15k_mhyper_native,relation_x_direction,57,tail,3,1,1,0,1,1.0,-1.0,False,60
db15k,db15k_mhyper_native,relation_x_direction,58,head,12,4,8,0,8,1.0,-1.0,False,60
db15k,db15k_mhyper_native,relation_x_direction,58,tail,12,4,3,0,3,1.0,-1.0,False,60
db15k,db15k_mhyper_native,relation_x_direction,59,head,21,7,10,0,10,1.0,-1.0,False,60
db15k,db15k_mhyper_native,relation_x_direction,59,tail,21,7,3,0,3,1.0,-1.0,False,60
db15k,db15k_mhyper_native,relation_x_direction,60,head,3,1,1,0,1,1.0,-1.0,False,60
db15k,db15k_mhyper_native,relation_x_direction,60,tail,3,1,0,0,0,,,False,60
db15k,db15k_mhyper_native,relation_x_direction,61,head,123,41,54,0,54,1.0,-1.0,True,60
db15k,db15k_mhyper_native,relation_x_direction,61,tail,123,41,53,0,53,1.0,-1.0,True,60
db15k,db15k_mhyper_native,relation_x_direction,62,head,27,9,15,0,15,1.0,-1.0,False,60
db15k,db15k_mhyper_native,relation_x_direction,62,tail,27,9,15,0,15,1.0,-1.0,False,60
db15k,db15k_mhyper_native,relation_x_direction,63,head,51,17,21,0,21,1.0,-1.0,False,60
db15k,db15k_mhyper_native,relation_x_direction,63,tail,51,17,18,0,18,1.0,-1.0,False,60
db15k,db15k_mhyper_native,relation_x_direction,64,head,96,32,61,0,61,1.0,-1.0,True,60
db15k,db15k_mhyper_native,relation_x_direction,64,tail,96,32,43,0,43,1.0,-1.0,True,60
db15k,db15k_mhyper_native,relation_x_direction,65,head,171,57,75,0,75,1.0,-1.0,True,60
db15k,db15k_mhyper_native,relation_x_direction,65,tail,171,57,73,0,73,1.0,-1.0,True,60
db15k,db15k_mhyper_native,relation_x_direction,66,head,231,77,116,0,116,1.0,-1.0,True,60
db15k,db15k_mhyper_native,relation_x_direction,66,tail,231,77,46,0,46,1.0,-1.0,True,60
db15k,db15k_mhyper_native,relation_x_direction,67,head,78,26,36,0,36,1.0,-1.0,True,60
db15k,db15k_mhyper_native,relation_x_direction,67,tail,78,26,5,0,5,1.0,-1.0,True,60
db15k,db15k_mhyper_native,relation_x_direction,68,head,129,43,56,0,56,1.0,-1.0,True,60
db15k,db15k_mhyper_native,relation_x_direction,68,tail,129,43,23,0,23,1.0,-1.0,True,60
db15k,db15k_mhyper_native,relation_x_direction,69,head,63,21,19,0,19,1.0,-1.0,True,60
db15k,db15k_mhyper_native,relation_x_direction,69,tail,63,21,28,0,28,1.0,-1.0,True,60
db15k,db15k_mhyper_native,relation_x_direction,70,head,15,5,2,0,2,1.0,-1.0,False,60
db15k,db15k_mhyper_native,relation_x_direction,70,tail,15,5,5,0,5,1.0,-1.0,False,60
db15k,db15k_mhyper_native,relation_x_direction,71,head,36,12,16,0,16,1.0,-1.0,False,60
db15k,db15k_mhyper_native,relation_x_direction,71,tail,36,12,9,0,9,1.0,-1.0,False,60
db15k,db15k_mhyper_native,relation_x_direction,72,head,48,16,17,0,17,1.0,-1.0,False,60
db15k,db15k_mhyper_native,relation_x_direction,72,tail,48,16,20,0,20,1.0,-1.0,False,60
db15k,db15k_mhyper_native,relation_x_direction,73,head,1779,593,1201,0,1201,1.0,-1.0,True,60
db15k,db15k_mhyper_native,relation_x_direction,73,tail,1779,593,1195,0,1195,1.0,-1.0,True,60
db15k,db15k_mhyper_native,relation_x_direction,74,head,66,22,25,0,25,1.0,-1.0,True,60
db15k,db15k_mhyper_native,relation_x_direction,74,tail,66,22,37,0,37,1.0,-1.0,True,60
db15k,db15k_mhyper_native,relation_x_direction,75,head,51,17,14,0,14,1.0,-1.0,False,60
db15k,db15k_mhyper_native,relation_x_direction,75,tail,51,17,15,0,15,1.0,-1.0,False,60
db15k,db15k_mhyper_native,relation_x_direction,76,head,552,184,339,0,339,1.0,-1.0,True,60
db15k,db15k_mhyper_native,relation_x_direction,76,tail,552,184,267,0,267,1.0,-1.0,True,60
db15k,db15k_mhyper_native,relation_x_direction,77,head,18,6,6,0,6,1.0,-1.0,False,60
db15k,db15k_mhyper_native,relation_x_direction,77,tail,18,6,3,0,3,1.0,-1.0,False,60
db15k,db15k_mhyper_native,relation_x_direction,78,head,48,16,6,0,6,1.0,-1.0,False,60
db15k,db15k_mhyper_native,relation_x_direction,78,tail,48,16,2,0,2,1.0,-1.0,False,60
db15k,db15k_mhyper_native,relation_x_direction,79,head,39,13,23,0,23,1.0,-1.0,False,60
db15k,db15k_mhyper_native,relation_x_direction,79,tail,39,13,21,0,21,1.0,-1.0,False,60
db15k,db15k_mhyper_native,relation_x_direction,80,head,189,63,90,0,90,1.0,-1.0,True,60
db15k,db15k_mhyper_native,relation_x_direction,80,tail,189,63,121,0,121,1.0,-1.0,True,60
db15k,db15k_mhyper_native,relation_x_direction,81,head,249,83,167,0,167,1.0,-1.0,True,60
db15k,db15k_mhyper_native,relation_x_direction,81,tail,249,83,125,0,125,1.0,-1.0,True,60
db15k,db15k_mhyper_native,relation_x_direction,82,head,57,19,15,0,15,1.0,-1.0,False,60
db15k,db15k_mhyper_native,relation_x_direction,82,tail,57,19,12,0,12,1.0,-1.0,False,60
db15k,db15k_mhyper_native,relation_x_direction,83,head,72,24,20,0,20,1.0,-1.0,True,60
db15k,db15k_mhyper_native,relation_x_direction,83,tail,72,24,3,0,3,1.0,-1.0,True,60
db15k,db15k_mhyper_native,relation_x_direction,84,head,48,16,17,0,17,1.0,-1.0,False,60
db15k,db15k_mhyper_native,relation_x_direction,84,tail,48,16,23,0,23,1.0,-1.0,False,60
db15k,db15k_mhyper_native,relation_x_direction,85,head,3,1,0,0,0,,,False,60
db15k,db15k_mhyper_native,relation_x_direction,85,tail,3,1,1,0,1,1.0,-1.0,False,60
db15k,db15k_mhyper_native,relation_x_direction,87,head,630,210,426,0,426,1.0,-1.0,True,60
db15k,db15k_mhyper_native,relation_x_direction,87,tail,630,210,270,0,270,1.0,-1.0,True,60
db15k,db15k_mhyper_native,relation_x_direction,88,head,12,4,11,0,11,1.0,-1.0,False,60
db15k,db15k_mhyper_native,relation_x_direction,88,tail,12,4,5,0,5,1.0,-1.0,False,60
db15k,db15k_mhyper_native,relation_x_direction,89,head,642,214,455,0,455,1.0,-1.0,True,60
db15k,db15k_mhyper_native,relation_x_direction,89,tail,642,214,362,0,362,1.0,-1.0,True,60
db15k,db15k_mhyper_native,relation_x_direction,90,head,555,185,84,0,84,1.0,-1.0,True,60
db15k,db15k_mhyper_native,relation_x_direction,90,tail,555,185,97,0,97,1.0,-1.0,True,60
db15k,db15k_mhyper_native,relation_x_direction,91,head,528,176,73,0,73,1.0,-1.0,True,60
db15k,db15k_mhyper_native,relation_x_direction,91,tail,528,176,72,0,72,1.0,-1.0,True,60
db15k,db15k_mhyper_native,relation_x_direction,92,head,84,28,26,0,26,1.0,-1.0,True,60
db15k,db15k_mhyper_native,relation_x_direction,92,tail,84,28,15,0,15,1.0,-1.0,True,60
db15k,db15k_mhyper_native,relation_x_direction,93,head,6,2,2,0,2,1.0,-1.0,False,60
db15k,db15k_mhyper_native,relation_x_direction,93,tail,6,2,2,0,2,1.0,-1.0,False,60
db15k,db15k_mhyper_native,relation_x_direction,94,head,3,1,3,0,3,1.0,-1.0,False,60
db15k,db15k_mhyper_native,relation_x_direction,94,tail,3,1,3,0,3,1.0,-1.0,False,60
db15k,db15k_mhyper_native,relation_x_direction,95,head,363,121,205,0,205,1.0,-1.0,True,60
db15k,db15k_mhyper_native,relation_x_direction,95,tail,363,121,176,0,176,1.0,-1.0,True,60
db15k,db15k_mhyper_native,relation_x_direction,96,head,9,3,3,0,3,1.0,-1.0,False,60
db15k,db15k_mhyper_native,relation_x_direction,96,tail,9,3,0,0,0,,,False,60
db15k,db15k_mhyper_native,relation_x_direction,97,head,117,39,57,0,57,1.0,-1.0,True,60
db15k,db15k_mhyper_native,relation_x_direction,97,tail,117,39,63,0,63,1.0,-1.0,True,60
db15k,db15k_mhyper_native,relation_x_direction,98,head,63,21,10,0,10,1.0,-1.0,True,60
db15k,db15k_mhyper_native,relation_x_direction,98,tail,63,21,39,0,39,1.0,-1.0,True,60
db15k,db15k_mhyper_native,relation_x_direction,99,head,75,25,27,0,27,1.0,-1.0,True,60
db15k,db15k_mhyper_native,relation_x_direction,99,tail,75,25,38,0,38,1.0,-1.0,True,60
db15k,db15k_mhyper_native,relation_x_direction,100,head,39,13,27,0,27,1.0,-1.0,False,60
db15k,db15k_mhyper_native,relation_x_direction,100,tail,39,13,25,0,25,1.0,-1.0,False,60
db15k,db15k_mhyper_native,relation_x_direction,101,head,6,2,4,0,4,1.0,-1.0,False,60
db15k,db15k_mhyper_native,relation_x_direction,101,tail,6,2,2,0,2,1.0,-1.0,False,60
db15k,db15k_mhyper_native,relation_x_direction,102,head,339,113,115,0,115,1.0,-1.0,True,60
db15k,db15k_mhyper_native,relation_x_direction,102,tail,339,113,99,0,99,1.0,-1.0,True,60
db15k,db15k_mhyper_native,relation_x_direction,103,head,264,88,136,0,136,1.0,-1.0,True,60
db15k,db15k_mhyper_native,relation_x_direction,103,tail,264,88,84,0,84,1.0,-1.0,True,60
db15k,db15k_mhyper_native,relation_x_direction,104,head,384,128,122,0,122,1.0,-1.0,True,60
db15k,db15k_mhyper_native,relation_x_direction,104,tail,384,128,107,0,107,1.0,-1.0,True,60
db15k,db15k_mhyper_native,relation_x_direction,105,head,288,96,96,0,96,1.0,-1.0,True,60
db15k,db15k_mhyper_native,relation_x_direction,105,tail,288,96,44,0,44,1.0,-1.0,True,60
db15k,db15k_mhyper_native,relation_x_direction,106,head,63,21,26,0,26,1.0,-1.0,True,60
db15k,db15k_mhyper_native,relation_x_direction,106,tail,63,21,26,0,26,1.0,-1.0,True,60
db15k,db15k_mhyper_native,relation_x_direction,108,head,69,23,51,0,51,1.0,-1.0,True,60
db15k,db15k_mhyper_native,relation_x_direction,108,tail,69,23,30,0,30,1.0,-1.0,True,60
db15k,db15k_mhyper_native,relation_x_direction,109,head,3,1,2,0,2,1.0,-1.0,False,60
db15k,db15k_mhyper_native,relation_x_direction,109,tail,3,1,1,0,1,1.0,-1.0,False,60
db15k,db15k_mhyper_native,relation_x_direction,110,head,102,34,25,0,25,1.0,-1.0,True,60
db15k,db15k_mhyper_native,relation_x_direction,110,tail,102,34,5,0,5,1.0,-1.0,True,60
db15k,db15k_mhyper_native,relation_x_direction,111,head,420,140,209,0,209,1.0,-1.0,True,60
db15k,db15k_mhyper_native,relation_x_direction,111,tail,420,140,159,0,159,1.0,-1.0,True,60
db15k,db15k_mhyper_native,relation_x_direction,112,head,27,9,16,0,16,1.0,-1.0,False,60
db15k,db15k_mhyper_native,relation_x_direction,112,tail,27,9,18,0,18,1.0,-1.0,False,60
db15k,db15k_mhyper_native,relation_x_direction,113,head,45,15,18,0,18,1.0,-1.0,False,60
db15k,db15k_mhyper_native,relation_x_direction,113,tail,45,15,13,0,13,1.0,-1.0,False,60
db15k,db15k_mhyper_native,relation_x_direction,114,head,27,9,9,0,9,1.0,-1.0,False,60
db15k,db15k_mhyper_native,relation_x_direction,114,tail,27,9,5,0,5,1.0,-1.0,False,60
db15k,db15k_mhyper_native,relation_x_direction,115,head,12,4,9,0,9,1.0,-1.0,False,60
db15k,db15k_mhyper_native,relation_x_direction,115,tail,12,4,4,0,4,1.0,-1.0,False,60
db15k,db15k_mhyper_native,relation_x_direction,116,head,3,1,0,0,0,,,False,60
db15k,db15k_mhyper_native,relation_x_direction,116,tail,3,1,2,0,2,1.0,-1.0,False,60
db15k,db15k_mhyper_native,relation_x_direction,117,head,237,79,104,0,104,1.0,-1.0,True,60
db15k,db15k_mhyper_native,relation_x_direction,117,tail,237,79,44,0,44,1.0,-1.0,True,60
db15k,db15k_mhyper_native,relation_x_direction,119,head,9,3,0,0,0,,,False,60
db15k,db15k_mhyper_native,relation_x_direction,119,tail,9,3,5,0,5,1.0,-1.0,False,60
db15k,db15k_mhyper_native,relation_x_direction,120,head,12,4,5,0,5,1.0,-1.0,False,60
db15k,db15k_mhyper_native,relation_x_direction,120,tail,12,4,7,0,7,1.0,-1.0,False,60
db15k,db15k_mhyper_native,relation_x_direction,121,head,27,9,16,0,16,1.0,-1.0,False,60
db15k,db15k_mhyper_native,relation_x_direction,121,tail,27,9,16,0,16,1.0,-1.0,False,60
db15k,db15k_mhyper_native,relation_x_direction,122,head,78,26,36,0,36,1.0,-1.0,True,60
db15k,db15k_mhyper_native,relation_x_direction,122,tail,78,26,20,0,20,1.0,-1.0,True,60
db15k,db15k_mhyper_native,relation_x_direction,123,head,3,1,1,0,1,1.0,-1.0,False,60
db15k,db15k_mhyper_native,relation_x_direction,123,tail,3,1,0,0,0,,,False,60
db15k,db15k_mhyper_native,relation_x_direction,125,head,6,2,2,0,2,1.0,-1.0,False,60
db15k,db15k_mhyper_native,relation_x_direction,125,tail,6,2,3,0,3,1.0,-1.0,False,60
db15k,db15k_mhyper_native,relation_x_direction,129,head,6,2,2,0,2,1.0,-1.0,False,60
db15k,db15k_mhyper_native,relation_x_direction,129,tail,6,2,0,0,0,,,False,60
db15k,db15k_mhyper_native,relation_x_direction,130,head,3,1,3,0,3,1.0,-1.0,False,60
db15k,db15k_mhyper_native,relation_x_direction,130,tail,3,1,3,0,3,1.0,-1.0,False,60
db15k,db15k_mhyper_native,relation_x_direction,131,head,6,2,3,0,3,1.0,-1.0,False,60
db15k,db15k_mhyper_native,relation_x_direction,131,tail,6,2,3,0,3,1.0,-1.0,False,60
db15k,db15k_mhyper_native,relation_x_direction,132,head,42,14,30,0,30,1.0,-1.0,False,60
db15k,db15k_mhyper_native,relation_x_direction,132,tail,42,14,15,0,15,1.0,-1.0,False,60
db15k,db15k_mhyper_native,relation_x_direction,133,head,6,2,5,0,5,1.0,-1.0,False,60
db15k,db15k_mhyper_native,relation_x_direction,133,tail,6,2,5,0,5,1.0,-1.0,False,60
db15k,db15k_mhyper_native,relation_x_direction,134,head,57,19,18,0,18,1.0,-1.0,False,60
db15k,db15k_mhyper_native,relation_x_direction,134,tail,57,19,0,0,0,,,False,60
db15k,db15k_mhyper_native,relation_x_direction,135,head,24,8,4,0,4,1.0,-1.0,False,60
db15k,db15k_mhyper_native,relation_x_direction,135,tail,24,8,4,0,4,1.0,-1.0,False,60
db15k,db15k_mhyper_native,relation_x_direction,136,head,9,3,5,0,5,1.0,-1.0,False,60
db15k,db15k_mhyper_native,relation_x_direction,136,tail,9,3,5,0,5,1.0,-1.0,False,60
db15k,db15k_mhyper_native,relation_x_direction,137,head,6,2,1,0,1,1.0,-1.0,False,60
db15k,db15k_mhyper_native,relation_x_direction,137,tail,6,2,0,0,0,,,False,60
db15k,db15k_mhyper_native,relation_x_direction,139,head,6,2,0,0,0,,,False,60
db15k,db15k_mhyper_native,relation_x_direction,139,tail,6,2,3,0,3,1.0,-1.0,False,60
db15k,db15k_mhyper_native,relation_x_direction,140,head,15,5,6,0,6,1.0,-1.0,False,60
db15k,db15k_mhyper_native,relation_x_direction,140,tail,15,5,9,0,9,1.0,-1.0,False,60
db15k,db15k_mhyper_native,relation_x_direction,142,head,3,1,3,0,3,1.0,-1.0,False,60
db15k,db15k_mhyper_native,relation_x_direction,142,tail,3,1,1,0,1,1.0,-1.0,False,60
db15k,db15k_mhyper_native,relation_x_direction,143,head,9,3,2,0,2,1.0,-1.0,False,60
db15k,db15k_mhyper_native,relation_x_direction,143,tail,9,3,7,0,7,1.0,-1.0,False,60
db15k,db15k_mhyper_native,relation_x_direction,144,head,9,3,0,0,0,,,False,60
db15k,db15k_mhyper_native,relation_x_direction,144,tail,9,3,7,0,7,1.0,-1.0,False,60
db15k,db15k_mhyper_native,relation_x_direction,145,head,45,15,35,0,35,1.0,-1.0,False,60
db15k,db15k_mhyper_native,relation_x_direction,145,tail,45,15,6,0,6,1.0,-1.0,False,60
db15k,db15k_mhyper_native,relation_x_direction,146,head,42,14,20,0,20,1.0,-1.0,False,60
db15k,db15k_mhyper_native,relation_x_direction,146,tail,42,14,11,0,11,1.0,-1.0,False,60
db15k,db15k_mhyper_native,relation_x_direction,147,head,18,6,3,0,3,1.0,-1.0,False,60
db15k,db15k_mhyper_native,relation_x_direction,147,tail,18,6,5,0,5,1.0,-1.0,False,60
db15k,db15k_mhyper_native,relation_x_direction,148,head,12,4,3,0,3,1.0,-1.0,False,60
db15k,db15k_mhyper_native,relation_x_direction,148,tail,12,4,7,0,7,1.0,-1.0,False,60
db15k,db15k_mhyper_native,relation_x_direction,151,head,12,4,2,0,2,1.0,-1.0,False,60
db15k,db15k_mhyper_native,relation_x_direction,151,tail,12,4,2,0,2,1.0,-1.0,False,60
db15k,db15k_mhyper_native,relation_x_direction,152,head,66,22,23,0,23,1.0,-1.0,True,60
db15k,db15k_mhyper_native,relation_x_direction,152,tail,66,22,18,0,18,1.0,-1.0,True,60
db15k,db15k_mhyper_native,relation_x_direction,155,head,6,2,2,0,2,1.0,-1.0,False,60
db15k,db15k_mhyper_native,relation_x_direction,155,tail,6,2,0,0,0,,,False,60
db15k,db15k_mhyper_native,relation_x_direction,156,head,48,16,1,0,1,1.0,-1.0,False,60
db15k,db15k_mhyper_native,relation_x_direction,156,tail,48,16,3,0,3,1.0,-1.0,False,60
db15k,db15k_mhyper_native,relation_x_direction,157,head,9,3,4,0,4,1.0,-1.0,False,60
db15k,db15k_mhyper_native,relation_x_direction,157,tail,9,3,3,0,3,1.0,-1.0,False,60
db15k,db15k_mhyper_native,relation_x_direction,159,head,3,1,2,0,2,1.0,-1.0,False,60
db15k,db15k_mhyper_native,relation_x_direction,159,tail,3,1,1,0,1,1.0,-1.0,False,60
db15k,db15k_mhyper_native,relation_x_direction,160,head,3,1,0,0,0,,,False,60
db15k,db15k_mhyper_native,relation_x_direction,160,tail,3,1,2,0,2,1.0,-1.0,False,60
db15k,db15k_mhyper_native,relation_x_direction,161,head,3,1,2,0,2,1.0,-1.0,False,60
db15k,db15k_mhyper_native,relation_x_direction,161,tail,3,1,2,0,2,1.0,-1.0,False,60
db15k,db15k_mhyper_native,relation_x_direction,162,head,21,7,12,0,12,1.0,-1.0,False,60
db15k,db15k_mhyper_native,relation_x_direction,162,tail,21,7,15,0,15,1.0,-1.0,False,60
db15k,db15k_mhyper_native,relation_x_direction,164,head,3,1,0,0,0,,,False,60
db15k,db15k_mhyper_native,relation_x_direction,164,tail,3,1,0,0,0,,,False,60
db15k,db15k_mhyper_native,relation_x_direction,167,head,15,5,12,0,12,1.0,-1.0,False,60
db15k,db15k_mhyper_native,relation_x_direction,167,tail,15,5,8,0,8,1.0,-1.0,False,60
db15k,db15k_mhyper_native,relation_x_direction,176,head,3,1,3,0,3,1.0,-1.0,False,60
db15k,db15k_mhyper_native,relation_x_direction,176,tail,3,1,3,0,3,1.0,-1.0,False,60
db15k,db15k_mhyper_native,relation_x_direction,177,head,150,50,89,0,89,1.0,-1.0,True,60
db15k,db15k_mhyper_native,relation_x_direction,177,tail,150,50,98,0,98,1.0,-1.0,True,60
db15k,db15k_mhyper_native,relation_x_direction,178,head,3,1,3,0,3,1.0,-1.0,False,60
db15k,db15k_mhyper_native,relation_x_direction,178,tail,3,1,0,0,0,,,False,60
db15k,db15k_mhyper_native,relation_x_direction,179,head,33,11,22,0,22,1.0,-1.0,False,60
db15k,db15k_mhyper_native,relation_x_direction,179,tail,33,11,25,0,25,1.0,-1.0,False,60
db15k,db15k_mhyper_native,relation_x_direction,184,head,21,7,11,0,11,1.0,-1.0,False,60
db15k,db15k_mhyper_native,relation_x_direction,184,tail,21,7,16,0,16,1.0,-1.0,False,60
db15k,db15k_mhyper_native,relation_x_direction,186,head,12,4,0,0,0,,,False,60
db15k,db15k_mhyper_native,relation_x_direction,186,tail,12,4,2,0,2,1.0,-1.0,False,60
db15k,db15k_mhyper_native,relation_x_direction,190,head,3,1,1,0,1,1.0,-1.0,False,60
db15k,db15k_mhyper_native,relation_x_direction,190,tail,3,1,2,0,2,1.0,-1.0,False,60
db15k,db15k_mhyper_native,relation_x_direction,195,head,6,2,2,0,2,1.0,-1.0,False,60
db15k,db15k_mhyper_native,relation_x_direction,195,tail,6,2,2,0,2,1.0,-1.0,False,60
db15k,db15k_mhyper_native,relation_x_direction,197,head,3,1,3,0,3,1.0,-1.0,False,60
db15k,db15k_mhyper_native,relation_x_direction,197,tail,3,1,3,0,3,1.0,-1.0,False,60
db15k,db15k_mhyper_native,relation_x_direction,198,head,3,1,3,0,3,1.0,-1.0,False,60
db15k,db15k_mhyper_native,relation_x_direction,198,tail,3,1,3,0,3,1.0,-1.0,False,60
db15k,db15k_mhyper_native,relation_x_direction,200,head,6,2,4,0,4,1.0,-1.0,False,60
db15k,db15k_mhyper_native,relation_x_direction,200,tail,6,2,3,0,3,1.0,-1.0,False,60
db15k,db15k_mhyper_native,relation_x_direction,202,head,3,1,2,0,2,1.0,-1.0,False,60
db15k,db15k_mhyper_native,relation_x_direction,202,tail,3,1,1,0,1,1.0,-1.0,False,60
db15k,db15k_mhyper_native,relation_x_direction,203,head,6,2,5,0,5,1.0,-1.0,False,60
db15k,db15k_mhyper_native,relation_x_direction,203,tail,6,2,1,0,1,1.0,-1.0,False,60
db15k,db15k_mhyper_native,relation_x_direction,204,head,3,1,1,0,1,1.0,-1.0,False,60
db15k,db15k_mhyper_native,relation_x_direction,204,tail,3,1,0,0,0,,,False,60
db15k,db15k_mhyper_native,relation_x_direction,206,head,27,9,14,0,14,1.0,-1.0,False,60
db15k,db15k_mhyper_native,relation_x_direction,206,tail,27,9,18,0,18,1.0,-1.0,False,60
db15k,db15k_mhyper_native,relation_x_direction,213,head,3,1,1,0,1,1.0,-1.0,False,60
db15k,db15k_mhyper_native,relation_x_direction,213,tail,3,1,1,0,1,1.0,-1.0,False,60
db15k,db15k_mhyper_native,relation_x_direction,216,head,3,1,2,0,2,1.0,-1.0,False,60
db15k,db15k_mhyper_native,relation_x_direction,216,tail,3,1,3,0,3,1.0,-1.0,False,60
db15k,db15k_mhyper_native,relation_x_direction,218,head,3,1,1,0,1,1.0,-1.0,False,60
db15k,db15k_mhyper_native,relation_x_direction,218,tail,3,1,1,0,1,1.0,-1.0,False,60
db15k,db15k_mhyper_native,relation_x_direction,219,head,3,1,2,0,2,1.0,-1.0,False,60
db15k,db15k_mhyper_native,relation_x_direction,219,tail,3,1,0,0,0,,,False,60
db15k,db15k_mhyper_native,relation_x_direction,220,head,12,4,4,0,4,1.0,-1.0,False,60
db15k,db15k_mhyper_native,relation_x_direction,220,tail,12,4,7,0,7,1.0,-1.0,False,60
db15k,db15k_mhyper_native,relation_x_direction,222,head,3,1,2,0,2,1.0,-1.0,False,60
db15k,db15k_mhyper_native,relation_x_direction,222,tail,3,1,3,0,3,1.0,-1.0,False,60
db15k,db15k_mhyper_native,relation_x_direction,223,head,3,1,2,0,2,1.0,-1.0,False,60
db15k,db15k_mhyper_native,relation_x_direction,223,tail,3,1,0,0,0,,,False,60
db15k,db15k_mhyper_native,relation_x_direction,224,head,3,1,2,0,2,1.0,-1.0,False,60
db15k,db15k_mhyper_native,relation_x_direction,224,tail,3,1,0,0,0,,,False,60
db15k,db15k_mhyper_native,relation_x_direction,225,head,51,17,8,0,8,1.0,-1.0,False,60
db15k,db15k_mhyper_native,relation_x_direction,225,tail,51,17,7,0,7,1.0,-1.0,False,60
db15k,db15k_mhyper_native,relation_x_direction,226,head,45,15,11,0,11,1.0,-1.0,False,60
db15k,db15k_mhyper_native,relation_x_direction,226,tail,45,15,8,0,8,1.0,-1.0,False,60
db15k,db15k_mhyper_native,relation_x_direction,229,head,3,1,0,0,0,,,False,60
db15k,db15k_mhyper_native,relation_x_direction,229,tail,3,1,0,0,0,,,False,60
db15k,db15k_mhyper_native,relation_x_direction,232,head,3,1,0,0,0,,,False,60
db15k,db15k_mhyper_native,relation_x_direction,232,tail,3,1,1,0,1,1.0,-1.0,False,60
db15k,db15k_mhyper_native,relation_x_direction,233,head,3,1,0,0,0,,,False,60
db15k,db15k_mhyper_native,relation_x_direction,233,tail,3,1,0,0,0,,,False,60
db15k,db15k_mhyper_native,relation_x_direction,234,head,9,3,7,0,7,1.0,-1.0,False,60
db15k,db15k_mhyper_native,relation_x_direction,234,tail,9,3,3,0,3,1.0,-1.0,False,60
db15k,db15k_mhyper_native,relation_x_direction,235,head,3,1,0,0,0,,,False,60
db15k,db15k_mhyper_native,relation_x_direction,235,tail,3,1,3,0,3,1.0,-1.0,False,60
db15k,db15k_mhyper_native,relation_x_direction,239,head,3,1,0,0,0,,,False,60
db15k,db15k_mhyper_native,relation_x_direction,239,tail,3,1,0,0,0,,,False,60
db15k,db15k_mhyper_native,relation_x_direction,240,head,3,1,3,0,3,1.0,-1.0,False,60
db15k,db15k_mhyper_native,relation_x_direction,240,tail,3,1,3,0,3,1.0,-1.0,False,60
db15k,db15k_mhyper_native,relation_x_direction,241,head,6,2,3,0,3,1.0,-1.0,False,60
db15k,db15k_mhyper_native,relation_x_direction,241,tail,6,2,6,0,6,1.0,-1.0,False,60
db15k,db15k_mhyper_native,relation_x_direction,245,head,3,1,3,0,3,1.0,-1.0,False,60
db15k,db15k_mhyper_native,relation_x_direction,245,tail,3,1,3,0,3,1.0,-1.0,False,60
db15k,db15k_mhyper_native,relation_x_direction,246,head,6,2,2,0,2,1.0,-1.0,False,60
db15k,db15k_mhyper_native,relation_x_direction,246,tail,6,2,5,0,5,1.0,-1.0,False,60
db15k,db15k_mhyper_native,relation_x_direction,254,head,3,1,3,0,3,1.0,-1.0,False,60
db15k,db15k_mhyper_native,relation_x_direction,254,tail,3,1,0,0,0,,,False,60
db15k,db15k_mhyper_native,relation_x_direction,255,head,3,1,0,0,0,,,False,60
db15k,db15k_mhyper_native,relation_x_direction,255,tail,3,1,0,0,0,,,False,60
db15k,db15k_mhyper_native,relation_x_direction,258,head,3,1,1,0,1,1.0,-1.0,False,60
db15k,db15k_mhyper_native,relation_x_direction,258,tail,3,1,2,0,2,1.0,-1.0,False,60
db15k,db15k_mhyper_native,relation_x_direction,260,head,9,3,2,0,2,1.0,-1.0,False,60
db15k,db15k_mhyper_native,relation_x_direction,260,tail,9,3,1,0,1,1.0,-1.0,False,60
db15k,db15k_mhyper_native,relation_x_direction,278,head,3126,1042,1318,0,1318,1.0,-1.0,True,60
db15k,db15k_mhyper_native,relation_x_direction,278,tail,3126,1042,535,0,535,1.0,-1.0,True,60
db15k,db15k_native_adamf,direction,,head,23766,7922,13362,0,13362,1.0,-1.0,True,60
db15k,db15k_native_adamf,direction,,tail,23766,7922,11376,0,11376,1.0,-1.0,True,60
db15k,db15k_native_adamf,relation,0,,1746,291,924,0,924,1.0,-1.0,True,60
db15k,db15k_native_adamf,relation,1,,1506,251,781,0,781,1.0,-1.0,True,60
db15k,db15k_native_adamf,relation,2,,420,70,247,0,247,1.0,-1.0,True,60
db15k,db15k_native_adamf,relation,3,,138,23,65,0,65,1.0,-1.0,True,60
db15k,db15k_native_adamf,relation,4,,144,24,32,0,32,1.0,-1.0,True,60
db15k,db15k_native_adamf,relation,5,,840,140,516,0,516,1.0,-1.0,True,60
db15k,db15k_native_adamf,relation,6,,132,22,85,0,85,1.0,-1.0,True,60
db15k,db15k_native_adamf,relation,7,,108,18,62,0,62,1.0,-1.0,True,60
db15k,db15k_native_adamf,relation,8,,60,10,34,0,34,1.0,-1.0,True,60
db15k,db15k_native_adamf,relation,9,,96,16,52,0,52,1.0,-1.0,True,60
db15k,db15k_native_adamf,relation,10,,42,7,12,0,12,1.0,-1.0,False,60
db15k,db15k_native_adamf,relation,11,,78,13,47,0,47,1.0,-1.0,True,60
db15k,db15k_native_adamf,relation,12,,3222,537,2092,0,2092,1.0,-1.0,True,60
db15k,db15k_native_adamf,relation,13,,78,13,43,0,43,1.0,-1.0,True,60
db15k,db15k_native_adamf,relation,14,,492,82,286,0,286,1.0,-1.0,True,60
db15k,db15k_native_adamf,relation,15,,30,5,23,0,23,1.0,-1.0,False,60
db15k,db15k_native_adamf,relation,16,,6,1,5,0,5,1.0,-1.0,False,60
db15k,db15k_native_adamf,relation,17,,516,86,377,0,377,1.0,-1.0,True,60
db15k,db15k_native_adamf,relation,18,,234,39,165,0,165,1.0,-1.0,True,60
db15k,db15k_native_adamf,relation,19,,408,68,267,0,267,1.0,-1.0,True,60
db15k,db15k_native_adamf,relation,20,,102,17,34,0,34,1.0,-1.0,True,60
db15k,db15k_native_adamf,relation,21,,648,108,264,0,264,1.0,-1.0,True,60
db15k,db15k_native_adamf,relation,22,,42,7,26,0,26,1.0,-1.0,False,60
db15k,db15k_native_adamf,relation,23,,66,11,31,0,31,1.0,-1.0,True,60
db15k,db15k_native_adamf,relation,24,,30,5,14,0,14,1.0,-1.0,False,60
db15k,db15k_native_adamf,relation,25,,90,15,68,0,68,1.0,-1.0,True,60
db15k,db15k_native_adamf,relation,26,,30,5,12,0,12,1.0,-1.0,False,60
db15k,db15k_native_adamf,relation,27,,306,51,164,0,164,1.0,-1.0,True,60
db15k,db15k_native_adamf,relation,28,,354,59,236,0,236,1.0,-1.0,True,60
db15k,db15k_native_adamf,relation,29,,24,4,16,0,16,1.0,-1.0,False,60
db15k,db15k_native_adamf,relation,30,,60,10,26,0,26,1.0,-1.0,True,60
db15k,db15k_native_adamf,relation,31,,18,3,14,0,14,1.0,-1.0,False,60
db15k,db15k_native_adamf,relation,32,,78,13,34,0,34,1.0,-1.0,True,60
db15k,db15k_native_adamf,relation,33,,1008,168,418,0,418,1.0,-1.0,True,60
db15k,db15k_native_adamf,relation,35,,1428,238,934,0,934,1.0,-1.0,True,60
db15k,db15k_native_adamf,relation,36,,234,39,149,0,149,1.0,-1.0,True,60
db15k,db15k_native_adamf,relation,37,,60,10,24,0,24,1.0,-1.0,True,60
db15k,db15k_native_adamf,relation,38,,12,2,1,0,1,1.0,-1.0,False,60
db15k,db15k_native_adamf,relation,39,,852,142,299,0,299,1.0,-1.0,True,60
db15k,db15k_native_adamf,relation,41,,24,4,17,0,17,1.0,-1.0,False,60
db15k,db15k_native_adamf,relation,42,,174,29,97,0,97,1.0,-1.0,True,60
db15k,db15k_native_adamf,relation,43,,180,30,117,0,117,1.0,-1.0,True,60
db15k,db15k_native_adamf,relation,44,,108,18,68,0,68,1.0,-1.0,True,60
db15k,db15k_native_adamf,relation,45,,12,2,9,0,9,1.0,-1.0,False,60
db15k,db15k_native_adamf,relation,46,,18,3,11,0,11,1.0,-1.0,False,60
db15k,db15k_native_adamf,relation,47,,2472,412,1463,0,1463,1.0,-1.0,True,60
db15k,db15k_native_adamf,relation,48,,54,9,25,0,25,1.0,-1.0,False,60
db15k,db15k_native_adamf,relation,49,,456,76,278,0,278,1.0,-1.0,True,60
db15k,db15k_native_adamf,relation,50,,162,27,65,0,65,1.0,-1.0,True,60
db15k,db15k_native_adamf,relation,51,,138,23,82,0,82,1.0,-1.0,True,60
db15k,db15k_native_adamf,relation,52,,18,3,6,0,6,1.0,-1.0,False,60
db15k,db15k_native_adamf,relation,54,,24,4,15,0,15,1.0,-1.0,False,60
db15k,db15k_native_adamf,relation,55,,6,1,2,0,2,1.0,-1.0,False,60
db15k,db15k_native_adamf,relation,56,,84,14,48,0,48,1.0,-1.0,True,60
db15k,db15k_native_adamf,relation,57,,6,1,0,0,0,,,False,60
db15k,db15k_native_adamf,relation,58,,24,4,13,0,13,1.0,-1.0,False,60
db15k,db15k_native_adamf,relation,59,,42,7,20,0,20,1.0,-1.0,False,60
db15k,db15k_native_adamf,relation,60,,6,1,3,0,3,1.0,-1.0,False,60
db15k,db15k_native_adamf,relation,61,,246,41,108,0,108,1.0,-1.0,True,60
db15k,db15k_native_adamf,relation,62,,54,9,18,0,18,1.0,-1.0,False,60
db15k,db15k_native_adamf,relation,63,,102,17,46,0,46,1.0,-1.0,True,60
db15k,db15k_native_adamf,relation,64,,192,32,119,0,119,1.0,-1.0,True,60
db15k,db15k_native_adamf,relation,65,,342,57,184,0,184,1.0,-1.0,True,60
db15k,db15k_native_adamf,relation,66,,462,77,207,0,207,1.0,-1.0,True,60
db15k,db15k_native_adamf,relation,67,,156,26,53,0,53,1.0,-1.0,True,60
db15k,db15k_native_adamf,relation,68,,258,43,112,0,112,1.0,-1.0,True,60
db15k,db15k_native_adamf,relation,69,,126,21,59,0,59,1.0,-1.0,True,60
db15k,db15k_native_adamf,relation,70,,30,5,9,0,9,1.0,-1.0,False,60
db15k,db15k_native_adamf,relation,71,,72,12,33,0,33,1.0,-1.0,True,60
db15k,db15k_native_adamf,relation,72,,96,16,42,0,42,1.0,-1.0,True,60
db15k,db15k_native_adamf,relation,73,,3558,593,2494,0,2494,1.0,-1.0,True,60
db15k,db15k_native_adamf,relation,74,,132,22,73,0,73,1.0,-1.0,True,60
db15k,db15k_native_adamf,relation,75,,102,17,33,0,33,1.0,-1.0,True,60
db15k,db15k_native_adamf,relation,76,,1104,184,576,0,576,1.0,-1.0,True,60
db15k,db15k_native_adamf,relation,77,,36,6,11,0,11,1.0,-1.0,False,60
db15k,db15k_native_adamf,relation,78,,96,16,24,0,24,1.0,-1.0,True,60
db15k,db15k_native_adamf,relation,79,,78,13,39,0,39,1.0,-1.0,True,60
db15k,db15k_native_adamf,relation,80,,378,63,214,0,214,1.0,-1.0,True,60
db15k,db15k_native_adamf,relation,81,,498,83,304,0,304,1.0,-1.0,True,60
db15k,db15k_native_adamf,relation,82,,114,19,30,0,30,1.0,-1.0,True,60
db15k,db15k_native_adamf,relation,83,,144,24,46,0,46,1.0,-1.0,True,60
db15k,db15k_native_adamf,relation,84,,96,16,47,0,47,1.0,-1.0,True,60
db15k,db15k_native_adamf,relation,85,,6,1,4,0,4,1.0,-1.0,False,60
db15k,db15k_native_adamf,relation,87,,1260,210,734,0,734,1.0,-1.0,True,60
db15k,db15k_native_adamf,relation,88,,24,4,20,0,20,1.0,-1.0,False,60
db15k,db15k_native_adamf,relation,89,,1284,214,823,0,823,1.0,-1.0,True,60
db15k,db15k_native_adamf,relation,90,,1110,185,301,0,301,1.0,-1.0,True,60
db15k,db15k_native_adamf,relation,91,,1056,176,220,0,220,1.0,-1.0,True,60
db15k,db15k_native_adamf,relation,92,,168,28,50,0,50,1.0,-1.0,True,60
db15k,db15k_native_adamf,relation,93,,12,2,9,0,9,1.0,-1.0,False,60
db15k,db15k_native_adamf,relation,94,,6,1,5,0,5,1.0,-1.0,False,60
db15k,db15k_native_adamf,relation,95,,726,121,366,0,366,1.0,-1.0,True,60
db15k,db15k_native_adamf,relation,96,,18,3,7,0,7,1.0,-1.0,False,60
db15k,db15k_native_adamf,relation,97,,234,39,116,0,116,1.0,-1.0,True,60
db15k,db15k_native_adamf,relation,98,,126,21,60,0,60,1.0,-1.0,True,60
db15k,db15k_native_adamf,relation,99,,150,25,76,0,76,1.0,-1.0,True,60
db15k,db15k_native_adamf,relation,100,,78,13,53,0,53,1.0,-1.0,True,60
db15k,db15k_native_adamf,relation,101,,12,2,2,0,2,1.0,-1.0,False,60
db15k,db15k_native_adamf,relation,102,,678,113,243,0,243,1.0,-1.0,True,60
db15k,db15k_native_adamf,relation,103,,528,88,257,0,257,1.0,-1.0,True,60
db15k,db15k_native_adamf,relation,104,,768,128,327,0,327,1.0,-1.0,True,60
db15k,db15k_native_adamf,relation,105,,576,96,176,0,176,1.0,-1.0,True,60
db15k,db15k_native_adamf,relation,106,,126,21,64,0,64,1.0,-1.0,True,60
db15k,db15k_native_adamf,relation,108,,138,23,99,0,99,1.0,-1.0,True,60
db15k,db15k_native_adamf,relation,109,,6,1,3,0,3,1.0,-1.0,False,60
db15k,db15k_native_adamf,relation,110,,204,34,52,0,52,1.0,-1.0,True,60
db15k,db15k_native_adamf,relation,111,,840,140,414,0,414,1.0,-1.0,True,60
db15k,db15k_native_adamf,relation,112,,54,9,28,0,28,1.0,-1.0,False,60
db15k,db15k_native_adamf,relation,113,,90,15,53,0,53,1.0,-1.0,True,60
db15k,db15k_native_adamf,relation,114,,54,9,13,0,13,1.0,-1.0,False,60
db15k,db15k_native_adamf,relation,115,,24,4,12,0,12,1.0,-1.0,False,60
db15k,db15k_native_adamf,relation,116,,6,1,4,0,4,1.0,-1.0,False,60
db15k,db15k_native_adamf,relation,117,,474,79,151,0,151,1.0,-1.0,True,60
db15k,db15k_native_adamf,relation,119,,18,3,8,0,8,1.0,-1.0,False,60
db15k,db15k_native_adamf,relation,120,,24,4,19,0,19,1.0,-1.0,False,60
db15k,db15k_native_adamf,relation,121,,54,9,39,0,39,1.0,-1.0,False,60
db15k,db15k_native_adamf,relation,122,,156,26,79,0,79,1.0,-1.0,True,60
db15k,db15k_native_adamf,relation,123,,6,1,1,0,1,1.0,-1.0,False,60
db15k,db15k_native_adamf,relation,125,,12,2,10,0,10,1.0,-1.0,False,60
db15k,db15k_native_adamf,relation,129,,12,2,1,0,1,1.0,-1.0,False,60
db15k,db15k_native_adamf,relation,130,,6,1,6,0,6,1.0,-1.0,False,60
db15k,db15k_native_adamf,relation,131,,12,2,9,0,9,1.0,-1.0,False,60
db15k,db15k_native_adamf,relation,132,,84,14,61,0,61,1.0,-1.0,True,60
db15k,db15k_native_adamf,relation,133,,12,2,7,0,7,1.0,-1.0,False,60
db15k,db15k_native_adamf,relation,134,,114,19,29,0,29,1.0,-1.0,True,60
db15k,db15k_native_adamf,relation,135,,48,8,11,0,11,1.0,-1.0,False,60
db15k,db15k_native_adamf,relation,136,,18,3,13,0,13,1.0,-1.0,False,60
db15k,db15k_native_adamf,relation,137,,12,2,5,0,5,1.0,-1.0,False,60
db15k,db15k_native_adamf,relation,139,,12,2,9,0,9,1.0,-1.0,False,60
db15k,db15k_native_adamf,relation,140,,30,5,15,0,15,1.0,-1.0,False,60
db15k,db15k_native_adamf,relation,142,,6,1,6,0,6,1.0,-1.0,False,60
db15k,db15k_native_adamf,relation,143,,18,3,6,0,6,1.0,-1.0,False,60
db15k,db15k_native_adamf,relation,144,,18,3,9,0,9,1.0,-1.0,False,60
db15k,db15k_native_adamf,relation,145,,90,15,42,0,42,1.0,-1.0,True,60
db15k,db15k_native_adamf,relation,146,,84,14,39,0,39,1.0,-1.0,True,60
db15k,db15k_native_adamf,relation,147,,36,6,24,0,24,1.0,-1.0,False,60
db15k,db15k_native_adamf,relation,148,,24,4,9,0,9,1.0,-1.0,False,60
db15k,db15k_native_adamf,relation,151,,24,4,7,0,7,1.0,-1.0,False,60
db15k,db15k_native_adamf,relation,152,,132,22,57,0,57,1.0,-1.0,True,60
db15k,db15k_native_adamf,relation,155,,12,2,8,0,8,1.0,-1.0,False,60
db15k,db15k_native_adamf,relation,156,,96,16,24,0,24,1.0,-1.0,True,60
db15k,db15k_native_adamf,relation,157,,18,3,9,0,9,1.0,-1.0,False,60
db15k,db15k_native_adamf,relation,159,,6,1,1,0,1,1.0,-1.0,False,60
db15k,db15k_native_adamf,relation,160,,6,1,6,0,6,1.0,-1.0,False,60
db15k,db15k_native_adamf,relation,161,,6,1,5,0,5,1.0,-1.0,False,60
db15k,db15k_native_adamf,relation,162,,42,7,29,0,29,1.0,-1.0,False,60
db15k,db15k_native_adamf,relation,164,,6,1,2,0,2,1.0,-1.0,False,60
db15k,db15k_native_adamf,relation,167,,30,5,22,0,22,1.0,-1.0,False,60
db15k,db15k_native_adamf,relation,176,,6,1,0,0,0,,,False,60
db15k,db15k_native_adamf,relation,177,,300,50,223,0,223,1.0,-1.0,True,60
db15k,db15k_native_adamf,relation,178,,6,1,3,0,3,1.0,-1.0,False,60
db15k,db15k_native_adamf,relation,179,,66,11,50,0,50,1.0,-1.0,True,60
db15k,db15k_native_adamf,relation,184,,42,7,27,0,27,1.0,-1.0,False,60
db15k,db15k_native_adamf,relation,186,,24,4,6,0,6,1.0,-1.0,False,60
db15k,db15k_native_adamf,relation,190,,6,1,3,0,3,1.0,-1.0,False,60
db15k,db15k_native_adamf,relation,195,,12,2,2,0,2,1.0,-1.0,False,60
db15k,db15k_native_adamf,relation,197,,6,1,6,0,6,1.0,-1.0,False,60
db15k,db15k_native_adamf,relation,198,,6,1,5,0,5,1.0,-1.0,False,60
db15k,db15k_native_adamf,relation,200,,12,2,7,0,7,1.0,-1.0,False,60
db15k,db15k_native_adamf,relation,202,,6,1,4,0,4,1.0,-1.0,False,60
db15k,db15k_native_adamf,relation,203,,12,2,9,0,9,1.0,-1.0,False,60
db15k,db15k_native_adamf,relation,204,,6,1,0,0,0,,,False,60
db15k,db15k_native_adamf,relation,206,,54,9,30,0,30,1.0,-1.0,False,60
db15k,db15k_native_adamf,relation,213,,6,1,6,0,6,1.0,-1.0,False,60
db15k,db15k_native_adamf,relation,216,,6,1,5,0,5,1.0,-1.0,False,60
db15k,db15k_native_adamf,relation,218,,6,1,1,0,1,1.0,-1.0,False,60
db15k,db15k_native_adamf,relation,219,,6,1,2,0,2,1.0,-1.0,False,60
db15k,db15k_native_adamf,relation,220,,24,4,16,0,16,1.0,-1.0,False,60
db15k,db15k_native_adamf,relation,222,,6,1,6,0,6,1.0,-1.0,False,60
db15k,db15k_native_adamf,relation,223,,6,1,1,0,1,1.0,-1.0,False,60
db15k,db15k_native_adamf,relation,224,,6,1,2,0,2,1.0,-1.0,False,60
db15k,db15k_native_adamf,relation,225,,102,17,23,0,23,1.0,-1.0,True,60
db15k,db15k_native_adamf,relation,226,,90,15,22,0,22,1.0,-1.0,True,60
db15k,db15k_native_adamf,relation,229,,6,1,6,0,6,1.0,-1.0,False,60
db15k,db15k_native_adamf,relation,232,,6,1,1,0,1,1.0,-1.0,False,60
db15k,db15k_native_adamf,relation,233,,6,1,0,0,0,,,False,60
db15k,db15k_native_adamf,relation,234,,18,3,17,0,17,1.0,-1.0,False,60
db15k,db15k_native_adamf,relation,235,,6,1,2,0,2,1.0,-1.0,False,60
db15k,db15k_native_adamf,relation,239,,6,1,6,0,6,1.0,-1.0,False,60
db15k,db15k_native_adamf,relation,240,,6,1,3,0,3,1.0,-1.0,False,60
db15k,db15k_native_adamf,relation,241,,12,2,10,0,10,1.0,-1.0,False,60
db15k,db15k_native_adamf,relation,245,,6,1,6,0,6,1.0,-1.0,False,60
db15k,db15k_native_adamf,relation,246,,12,2,11,0,11,1.0,-1.0,False,60
db15k,db15k_native_adamf,relation,254,,6,1,2,0,2,1.0,-1.0,False,60
db15k,db15k_native_adamf,relation,255,,6,1,0,0,0,,,False,60
db15k,db15k_native_adamf,relation,258,,6,1,0,0,0,,,False,60
db15k,db15k_native_adamf,relation,260,,18,3,5,0,5,1.0,-1.0,False,60
db15k,db15k_native_adamf,relation,278,,6252,1042,2742,0,2742,1.0,-1.0,True,60
db15k,db15k_native_adamf,relation_x_direction,0,head,873,291,497,0,497,1.0,-1.0,True,60
db15k,db15k_native_adamf,relation_x_direction,0,tail,873,291,427,0,427,1.0,-1.0,True,60
db15k,db15k_native_adamf,relation_x_direction,1,head,753,251,448,0,448,1.0,-1.0,True,60
db15k,db15k_native_adamf,relation_x_direction,1,tail,753,251,333,0,333,1.0,-1.0,True,60
db15k,db15k_native_adamf,relation_x_direction,2,head,210,70,140,0,140,1.0,-1.0,True,60
db15k,db15k_native_adamf,relation_x_direction,2,tail,210,70,107,0,107,1.0,-1.0,True,60
db15k,db15k_native_adamf,relation_x_direction,3,head,69,23,27,0,27,1.0,-1.0,True,60
db15k,db15k_native_adamf,relation_x_direction,3,tail,69,23,38,0,38,1.0,-1.0,True,60
db15k,db15k_native_adamf,relation_x_direction,4,head,72,24,13,0,13,1.0,-1.0,True,60
db15k,db15k_native_adamf,relation_x_direction,4,tail,72,24,19,0,19,1.0,-1.0,True,60
db15k,db15k_native_adamf,relation_x_direction,5,head,420,140,290,0,290,1.0,-1.0,True,60
db15k,db15k_native_adamf,relation_x_direction,5,tail,420,140,226,0,226,1.0,-1.0,True,60
db15k,db15k_native_adamf,relation_x_direction,6,head,66,22,43,0,43,1.0,-1.0,True,60
db15k,db15k_native_adamf,relation_x_direction,6,tail,66,22,42,0,42,1.0,-1.0,True,60
db15k,db15k_native_adamf,relation_x_direction,7,head,54,18,35,0,35,1.0,-1.0,False,60
db15k,db15k_native_adamf,relation_x_direction,7,tail,54,18,27,0,27,1.0,-1.0,False,60
db15k,db15k_native_adamf,relation_x_direction,8,head,30,10,19,0,19,1.0,-1.0,False,60
db15k,db15k_native_adamf,relation_x_direction,8,tail,30,10,15,0,15,1.0,-1.0,False,60
db15k,db15k_native_adamf,relation_x_direction,9,head,48,16,27,0,27,1.0,-1.0,False,60
db15k,db15k_native_adamf,relation_x_direction,9,tail,48,16,25,0,25,1.0,-1.0,False,60
db15k,db15k_native_adamf,relation_x_direction,10,head,21,7,5,0,5,1.0,-1.0,False,60
db15k,db15k_native_adamf,relation_x_direction,10,tail,21,7,7,0,7,1.0,-1.0,False,60
db15k,db15k_native_adamf,relation_x_direction,11,head,39,13,28,0,28,1.0,-1.0,False,60
db15k,db15k_native_adamf,relation_x_direction,11,tail,39,13,19,0,19,1.0,-1.0,False,60
db15k,db15k_native_adamf,relation_x_direction,12,head,1611,537,1075,0,1075,1.0,-1.0,True,60
db15k,db15k_native_adamf,relation_x_direction,12,tail,1611,537,1017,0,1017,1.0,-1.0,True,60
db15k,db15k_native_adamf,relation_x_direction,13,head,39,13,24,0,24,1.0,-1.0,False,60
db15k,db15k_native_adamf,relation_x_direction,13,tail,39,13,19,0,19,1.0,-1.0,False,60
db15k,db15k_native_adamf,relation_x_direction,14,head,246,82,141,0,141,1.0,-1.0,True,60
db15k,db15k_native_adamf,relation_x_direction,14,tail,246,82,145,0,145,1.0,-1.0,True,60
db15k,db15k_native_adamf,relation_x_direction,15,head,15,5,11,0,11,1.0,-1.0,False,60
db15k,db15k_native_adamf,relation_x_direction,15,tail,15,5,12,0,12,1.0,-1.0,False,60
db15k,db15k_native_adamf,relation_x_direction,16,head,3,1,3,0,3,1.0,-1.0,False,60
db15k,db15k_native_adamf,relation_x_direction,16,tail,3,1,2,0,2,1.0,-1.0,False,60
db15k,db15k_native_adamf,relation_x_direction,17,head,258,86,179,0,179,1.0,-1.0,True,60
db15k,db15k_native_adamf,relation_x_direction,17,tail,258,86,198,0,198,1.0,-1.0,True,60
db15k,db15k_native_adamf,relation_x_direction,18,head,117,39,81,0,81,1.0,-1.0,True,60
db15k,db15k_native_adamf,relation_x_direction,18,tail,117,39,84,0,84,1.0,-1.0,True,60
db15k,db15k_native_adamf,relation_x_direction,19,head,204,68,139,0,139,1.0,-1.0,True,60
db15k,db15k_native_adamf,relation_x_direction,19,tail,204,68,128,0,128,1.0,-1.0,True,60
db15k,db15k_native_adamf,relation_x_direction,20,head,51,17,19,0,19,1.0,-1.0,False,60
db15k,db15k_native_adamf,relation_x_direction,20,tail,51,17,15,0,15,1.0,-1.0,False,60
db15k,db15k_native_adamf,relation_x_direction,21,head,324,108,169,0,169,1.0,-1.0,True,60
db15k,db15k_native_adamf,relation_x_direction,21,tail,324,108,95,0,95,1.0,-1.0,True,60
db15k,db15k_native_adamf,relation_x_direction,22,head,21,7,16,0,16,1.0,-1.0,False,60
db15k,db15k_native_adamf,relation_x_direction,22,tail,21,7,10,0,10,1.0,-1.0,False,60
db15k,db15k_native_adamf,relation_x_direction,23,head,33,11,15,0,15,1.0,-1.0,False,60
db15k,db15k_native_adamf,relation_x_direction,23,tail,33,11,16,0,16,1.0,-1.0,False,60
db15k,db15k_native_adamf,relation_x_direction,24,head,15,5,8,0,8,1.0,-1.0,False,60
db15k,db15k_native_adamf,relation_x_direction,24,tail,15,5,6,0,6,1.0,-1.0,False,60
db15k,db15k_native_adamf,relation_x_direction,25,head,45,15,32,0,32,1.0,-1.0,False,60
db15k,db15k_native_adamf,relation_x_direction,25,tail,45,15,36,0,36,1.0,-1.0,False,60
db15k,db15k_native_adamf,relation_x_direction,26,head,15,5,6,0,6,1.0,-1.0,False,60
db15k,db15k_native_adamf,relation_x_direction,26,tail,15,5,6,0,6,1.0,-1.0,False,60
db15k,db15k_native_adamf,relation_x_direction,27,head,153,51,78,0,78,1.0,-1.0,True,60
db15k,db15k_native_adamf,relation_x_direction,27,tail,153,51,86,0,86,1.0,-1.0,True,60
db15k,db15k_native_adamf,relation_x_direction,28,head,177,59,123,0,123,1.0,-1.0,True,60
db15k,db15k_native_adamf,relation_x_direction,28,tail,177,59,113,0,113,1.0,-1.0,True,60
db15k,db15k_native_adamf,relation_x_direction,29,head,12,4,10,0,10,1.0,-1.0,False,60
db15k,db15k_native_adamf,relation_x_direction,29,tail,12,4,6,0,6,1.0,-1.0,False,60
db15k,db15k_native_adamf,relation_x_direction,30,head,30,10,10,0,10,1.0,-1.0,False,60
db15k,db15k_native_adamf,relation_x_direction,30,tail,30,10,16,0,16,1.0,-1.0,False,60
db15k,db15k_native_adamf,relation_x_direction,31,head,9,3,7,0,7,1.0,-1.0,False,60
db15k,db15k_native_adamf,relation_x_direction,31,tail,9,3,7,0,7,1.0,-1.0,False,60
db15k,db15k_native_adamf,relation_x_direction,32,head,39,13,16,0,16,1.0,-1.0,False,60
db15k,db15k_native_adamf,relation_x_direction,32,tail,39,13,18,0,18,1.0,-1.0,False,60
db15k,db15k_native_adamf,relation_x_direction,33,head,504,168,232,0,232,1.0,-1.0,True,60
db15k,db15k_native_adamf,relation_x_direction,33,tail,504,168,186,0,186,1.0,-1.0,True,60
db15k,db15k_native_adamf,relation_x_direction,35,head,714,238,505,0,505,1.0,-1.0,True,60
db15k,db15k_native_adamf,relation_x_direction,35,tail,714,238,429,0,429,1.0,-1.0,True,60
db15k,db15k_native_adamf,relation_x_direction,36,head,117,39,74,0,74,1.0,-1.0,True,60
db15k,db15k_native_adamf,relation_x_direction,36,tail,117,39,75,0,75,1.0,-1.0,True,60
db15k,db15k_native_adamf,relation_x_direction,37,head,30,10,13,0,13,1.0,-1.0,False,60
db15k,db15k_native_adamf,relation_x_direction,37,tail,30,10,11,0,11,1.0,-1.0,False,60
db15k,db15k_native_adamf,relation_x_direction,38,head,6,2,1,0,1,1.0,-1.0,False,60
db15k,db15k_native_adamf,relation_x_direction,38,tail,6,2,0,0,0,,,False,60
db15k,db15k_native_adamf,relation_x_direction,39,head,426,142,158,0,158,1.0,-1.0,True,60
db15k,db15k_native_adamf,relation_x_direction,39,tail,426,142,141,0,141,1.0,-1.0,True,60
db15k,db15k_native_adamf,relation_x_direction,41,head,12,4,10,0,10,1.0,-1.0,False,60
db15k,db15k_native_adamf,relation_x_direction,41,tail,12,4,7,0,7,1.0,-1.0,False,60
db15k,db15k_native_adamf,relation_x_direction,42,head,87,29,51,0,51,1.0,-1.0,True,60
db15k,db15k_native_adamf,relation_x_direction,42,tail,87,29,46,0,46,1.0,-1.0,True,60
db15k,db15k_native_adamf,relation_x_direction,43,head,90,30,61,0,61,1.0,-1.0,True,60
db15k,db15k_native_adamf,relation_x_direction,43,tail,90,30,56,0,56,1.0,-1.0,True,60
db15k,db15k_native_adamf,relation_x_direction,44,head,54,18,33,0,33,1.0,-1.0,False,60
db15k,db15k_native_adamf,relation_x_direction,44,tail,54,18,35,0,35,1.0,-1.0,False,60
db15k,db15k_native_adamf,relation_x_direction,45,head,6,2,5,0,5,1.0,-1.0,False,60
db15k,db15k_native_adamf,relation_x_direction,45,tail,6,2,4,0,4,1.0,-1.0,False,60
db15k,db15k_native_adamf,relation_x_direction,46,head,9,3,7,0,7,1.0,-1.0,False,60
db15k,db15k_native_adamf,relation_x_direction,46,tail,9,3,4,0,4,1.0,-1.0,False,60
db15k,db15k_native_adamf,relation_x_direction,47,head,1236,412,807,0,807,1.0,-1.0,True,60
db15k,db15k_native_adamf,relation_x_direction,47,tail,1236,412,656,0,656,1.0,-1.0,True,60
db15k,db15k_native_adamf,relation_x_direction,48,head,27,9,12,0,12,1.0,-1.0,False,60
db15k,db15k_native_adamf,relation_x_direction,48,tail,27,9,13,0,13,1.0,-1.0,False,60
db15k,db15k_native_adamf,relation_x_direction,49,head,228,76,152,0,152,1.0,-1.0,True,60
db15k,db15k_native_adamf,relation_x_direction,49,tail,228,76,126,0,126,1.0,-1.0,True,60
db15k,db15k_native_adamf,relation_x_direction,50,head,81,27,33,0,33,1.0,-1.0,True,60
db15k,db15k_native_adamf,relation_x_direction,50,tail,81,27,32,0,32,1.0,-1.0,True,60
db15k,db15k_native_adamf,relation_x_direction,51,head,69,23,41,0,41,1.0,-1.0,True,60
db15k,db15k_native_adamf,relation_x_direction,51,tail,69,23,41,0,41,1.0,-1.0,True,60
db15k,db15k_native_adamf,relation_x_direction,52,head,9,3,4,0,4,1.0,-1.0,False,60
db15k,db15k_native_adamf,relation_x_direction,52,tail,9,3,2,0,2,1.0,-1.0,False,60
db15k,db15k_native_adamf,relation_x_direction,54,head,12,4,7,0,7,1.0,-1.0,False,60
db15k,db15k_native_adamf,relation_x_direction,54,tail,12,4,8,0,8,1.0,-1.0,False,60
db15k,db15k_native_adamf,relation_x_direction,55,head,3,1,2,0,2,1.0,-1.0,False,60
db15k,db15k_native_adamf,relation_x_direction,55,tail,3,1,0,0,0,,,False,60
db15k,db15k_native_adamf,relation_x_direction,56,head,42,14,27,0,27,1.0,-1.0,False,60
db15k,db15k_native_adamf,relation_x_direction,56,tail,42,14,21,0,21,1.0,-1.0,False,60
db15k,db15k_native_adamf,relation_x_direction,57,head,3,1,0,0,0,,,False,60
db15k,db15k_native_adamf,relation_x_direction,57,tail,3,1,0,0,0,,,False,60
db15k,db15k_native_adamf,relation_x_direction,58,head,12,4,7,0,7,1.0,-1.0,False,60
db15k,db15k_native_adamf,relation_x_direction,58,tail,12,4,6,0,6,1.0,-1.0,False,60
db15k,db15k_native_adamf,relation_x_direction,59,head,21,7,9,0,9,1.0,-1.0,False,60
db15k,db15k_native_adamf,relation_x_direction,59,tail,21,7,11,0,11,1.0,-1.0,False,60
db15k,db15k_native_adamf,relation_x_direction,60,head,3,1,1,0,1,1.0,-1.0,False,60
db15k,db15k_native_adamf,relation_x_direction,60,tail,3,1,2,0,2,1.0,-1.0,False,60
db15k,db15k_native_adamf,relation_x_direction,61,head,123,41,54,0,54,1.0,-1.0,True,60
db15k,db15k_native_adamf,relation_x_direction,61,tail,123,41,54,0,54,1.0,-1.0,True,60
db15k,db15k_native_adamf,relation_x_direction,62,head,27,9,9,0,9,1.0,-1.0,False,60
db15k,db15k_native_adamf,relation_x_direction,62,tail,27,9,9,0,9,1.0,-1.0,False,60
db15k,db15k_native_adamf,relation_x_direction,63,head,51,17,23,0,23,1.0,-1.0,False,60
db15k,db15k_native_adamf,relation_x_direction,63,tail,51,17,23,0,23,1.0,-1.0,False,60
db15k,db15k_native_adamf,relation_x_direction,64,head,96,32,60,0,60,1.0,-1.0,True,60
db15k,db15k_native_adamf,relation_x_direction,64,tail,96,32,59,0,59,1.0,-1.0,True,60
db15k,db15k_native_adamf,relation_x_direction,65,head,171,57,95,0,95,1.0,-1.0,True,60
db15k,db15k_native_adamf,relation_x_direction,65,tail,171,57,89,0,89,1.0,-1.0,True,60
db15k,db15k_native_adamf,relation_x_direction,66,head,231,77,112,0,112,1.0,-1.0,True,60
db15k,db15k_native_adamf,relation_x_direction,66,tail,231,77,95,0,95,1.0,-1.0,True,60
db15k,db15k_native_adamf,relation_x_direction,67,head,78,26,34,0,34,1.0,-1.0,True,60
db15k,db15k_native_adamf,relation_x_direction,67,tail,78,26,19,0,19,1.0,-1.0,True,60
db15k,db15k_native_adamf,relation_x_direction,68,head,129,43,66,0,66,1.0,-1.0,True,60
db15k,db15k_native_adamf,relation_x_direction,68,tail,129,43,46,0,46,1.0,-1.0,True,60
db15k,db15k_native_adamf,relation_x_direction,69,head,63,21,24,0,24,1.0,-1.0,True,60
db15k,db15k_native_adamf,relation_x_direction,69,tail,63,21,35,0,35,1.0,-1.0,True,60
db15k,db15k_native_adamf,relation_x_direction,70,head,15,5,3,0,3,1.0,-1.0,False,60
db15k,db15k_native_adamf,relation_x_direction,70,tail,15,5,6,0,6,1.0,-1.0,False,60
db15k,db15k_native_adamf,relation_x_direction,71,head,36,12,21,0,21,1.0,-1.0,False,60
db15k,db15k_native_adamf,relation_x_direction,71,tail,36,12,12,0,12,1.0,-1.0,False,60
db15k,db15k_native_adamf,relation_x_direction,72,head,48,16,21,0,21,1.0,-1.0,False,60
db15k,db15k_native_adamf,relation_x_direction,72,tail,48,16,21,0,21,1.0,-1.0,False,60
db15k,db15k_native_adamf,relation_x_direction,73,head,1779,593,1236,0,1236,1.0,-1.0,True,60
db15k,db15k_native_adamf,relation_x_direction,73,tail,1779,593,1258,0,1258,1.0,-1.0,True,60
db15k,db15k_native_adamf,relation_x_direction,74,head,66,22,37,0,37,1.0,-1.0,True,60
db15k,db15k_native_adamf,relation_x_direction,74,tail,66,22,36,0,36,1.0,-1.0,True,60
db15k,db15k_native_adamf,relation_x_direction,75,head,51,17,17,0,17,1.0,-1.0,False,60
db15k,db15k_native_adamf,relation_x_direction,75,tail,51,17,16,0,16,1.0,-1.0,False,60
db15k,db15k_native_adamf,relation_x_direction,76,head,552,184,305,0,305,1.0,-1.0,True,60
db15k,db15k_native_adamf,relation_x_direction,76,tail,552,184,271,0,271,1.0,-1.0,True,60
db15k,db15k_native_adamf,relation_x_direction,77,head,18,6,5,0,5,1.0,-1.0,False,60
db15k,db15k_native_adamf,relation_x_direction,77,tail,18,6,6,0,6,1.0,-1.0,False,60
db15k,db15k_native_adamf,relation_x_direction,78,head,48,16,12,0,12,1.0,-1.0,False,60
db15k,db15k_native_adamf,relation_x_direction,78,tail,48,16,12,0,12,1.0,-1.0,False,60
db15k,db15k_native_adamf,relation_x_direction,79,head,39,13,21,0,21,1.0,-1.0,False,60
db15k,db15k_native_adamf,relation_x_direction,79,tail,39,13,18,0,18,1.0,-1.0,False,60
db15k,db15k_native_adamf,relation_x_direction,80,head,189,63,99,0,99,1.0,-1.0,True,60
db15k,db15k_native_adamf,relation_x_direction,80,tail,189,63,115,0,115,1.0,-1.0,True,60
db15k,db15k_native_adamf,relation_x_direction,81,head,249,83,173,0,173,1.0,-1.0,True,60
db15k,db15k_native_adamf,relation_x_direction,81,tail,249,83,131,0,131,1.0,-1.0,True,60
db15k,db15k_native_adamf,relation_x_direction,82,head,57,19,15,0,15,1.0,-1.0,False,60
db15k,db15k_native_adamf,relation_x_direction,82,tail,57,19,15,0,15,1.0,-1.0,False,60
db15k,db15k_native_adamf,relation_x_direction,83,head,72,24,29,0,29,1.0,-1.0,True,60
db15k,db15k_native_adamf,relation_x_direction,83,tail,72,24,17,0,17,1.0,-1.0,True,60
db15k,db15k_native_adamf,relation_x_direction,84,head,48,16,28,0,28,1.0,-1.0,False,60
db15k,db15k_native_adamf,relation_x_direction,84,tail,48,16,19,0,19,1.0,-1.0,False,60
db15k,db15k_native_adamf,relation_x_direction,85,head,3,1,3,0,3,1.0,-1.0,False,60
db15k,db15k_native_adamf,relation_x_direction,85,tail,3,1,1,0,1,1.0,-1.0,False,60
db15k,db15k_native_adamf,relation_x_direction,87,head,630,210,411,0,411,1.0,-1.0,True,60
db15k,db15k_native_adamf,relation_x_direction,87,tail,630,210,323,0,323,1.0,-1.0,True,60
db15k,db15k_native_adamf,relation_x_direction,88,head,12,4,11,0,11,1.0,-1.0,False,60
db15k,db15k_native_adamf,relation_x_direction,88,tail,12,4,9,0,9,1.0,-1.0,False,60
db15k,db15k_native_adamf,relation_x_direction,89,head,642,214,430,0,430,1.0,-1.0,True,60
db15k,db15k_native_adamf,relation_x_direction,89,tail,642,214,393,0,393,1.0,-1.0,True,60
db15k,db15k_native_adamf,relation_x_direction,90,head,555,185,149,0,149,1.0,-1.0,True,60
db15k,db15k_native_adamf,relation_x_direction,90,tail,555,185,152,0,152,1.0,-1.0,True,60
db15k,db15k_native_adamf,relation_x_direction,91,head,528,176,102,0,102,1.0,-1.0,True,60
db15k,db15k_native_adamf,relation_x_direction,91,tail,528,176,118,0,118,1.0,-1.0,True,60
db15k,db15k_native_adamf,relation_x_direction,92,head,84,28,26,0,26,1.0,-1.0,True,60
db15k,db15k_native_adamf,relation_x_direction,92,tail,84,28,24,0,24,1.0,-1.0,True,60
db15k,db15k_native_adamf,relation_x_direction,93,head,6,2,6,0,6,1.0,-1.0,False,60
db15k,db15k_native_adamf,relation_x_direction,93,tail,6,2,3,0,3,1.0,-1.0,False,60
db15k,db15k_native_adamf,relation_x_direction,94,head,3,1,2,0,2,1.0,-1.0,False,60
db15k,db15k_native_adamf,relation_x_direction,94,tail,3,1,3,0,3,1.0,-1.0,False,60
db15k,db15k_native_adamf,relation_x_direction,95,head,363,121,182,0,182,1.0,-1.0,True,60
db15k,db15k_native_adamf,relation_x_direction,95,tail,363,121,184,0,184,1.0,-1.0,True,60
db15k,db15k_native_adamf,relation_x_direction,96,head,9,3,5,0,5,1.0,-1.0,False,60
db15k,db15k_native_adamf,relation_x_direction,96,tail,9,3,2,0,2,1.0,-1.0,False,60
db15k,db15k_native_adamf,relation_x_direction,97,head,117,39,60,0,60,1.0,-1.0,True,60
db15k,db15k_native_adamf,relation_x_direction,97,tail,117,39,56,0,56,1.0,-1.0,True,60
db15k,db15k_native_adamf,relation_x_direction,98,head,63,21,27,0,27,1.0,-1.0,True,60
db15k,db15k_native_adamf,relation_x_direction,98,tail,63,21,33,0,33,1.0,-1.0,True,60
db15k,db15k_native_adamf,relation_x_direction,99,head,75,25,35,0,35,1.0,-1.0,True,60
db15k,db15k_native_adamf,relation_x_direction,99,tail,75,25,41,0,41,1.0,-1.0,True,60
db15k,db15k_native_adamf,relation_x_direction,100,head,39,13,30,0,30,1.0,-1.0,False,60
db15k,db15k_native_adamf,relation_x_direction,100,tail,39,13,23,0,23,1.0,-1.0,False,60
db15k,db15k_native_adamf,relation_x_direction,101,head,6,2,1,0,1,1.0,-1.0,False,60
db15k,db15k_native_adamf,relation_x_direction,101,tail,6,2,1,0,1,1.0,-1.0,False,60
db15k,db15k_native_adamf,relation_x_direction,102,head,339,113,119,0,119,1.0,-1.0,True,60
db15k,db15k_native_adamf,relation_x_direction,102,tail,339,113,124,0,124,1.0,-1.0,True,60
db15k,db15k_native_adamf,relation_x_direction,103,head,264,88,142,0,142,1.0,-1.0,True,60
db15k,db15k_native_adamf,relation_x_direction,103,tail,264,88,115,0,115,1.0,-1.0,True,60
db15k,db15k_native_adamf,relation_x_direction,104,head,384,128,153,0,153,1.0,-1.0,True,60
db15k,db15k_native_adamf,relation_x_direction,104,tail,384,128,174,0,174,1.0,-1.0,True,60
db15k,db15k_native_adamf,relation_x_direction,105,head,288,96,98,0,98,1.0,-1.0,True,60
db15k,db15k_native_adamf,relation_x_direction,105,tail,288,96,78,0,78,1.0,-1.0,True,60
db15k,db15k_native_adamf,relation_x_direction,106,head,63,21,33,0,33,1.0,-1.0,True,60
db15k,db15k_native_adamf,relation_x_direction,106,tail,63,21,31,0,31,1.0,-1.0,True,60
db15k,db15k_native_adamf,relation_x_direction,108,head,69,23,51,0,51,1.0,-1.0,True,60
db15k,db15k_native_adamf,relation_x_direction,108,tail,69,23,48,0,48,1.0,-1.0,True,60
db15k,db15k_native_adamf,relation_x_direction,109,head,3,1,1,0,1,1.0,-1.0,False,60
db15k,db15k_native_adamf,relation_x_direction,109,tail,3,1,2,0,2,1.0,-1.0,False,60
db15k,db15k_native_adamf,relation_x_direction,110,head,102,34,31,0,31,1.0,-1.0,True,60
db15k,db15k_native_adamf,relation_x_direction,110,tail,102,34,21,0,21,1.0,-1.0,True,60
db15k,db15k_native_adamf,relation_x_direction,111,head,420,140,214,0,214,1.0,-1.0,True,60
db15k,db15k_native_adamf,relation_x_direction,111,tail,420,140,200,0,200,1.0,-1.0,True,60
db15k,db15k_native_adamf,relation_x_direction,112,head,27,9,13,0,13,1.0,-1.0,False,60
db15k,db15k_native_adamf,relation_x_direction,112,tail,27,9,15,0,15,1.0,-1.0,False,60
db15k,db15k_native_adamf,relation_x_direction,113,head,45,15,25,0,25,1.0,-1.0,False,60
db15k,db15k_native_adamf,relation_x_direction,113,tail,45,15,28,0,28,1.0,-1.0,False,60
db15k,db15k_native_adamf,relation_x_direction,114,head,27,9,7,0,7,1.0,-1.0,False,60
db15k,db15k_native_adamf,relation_x_direction,114,tail,27,9,6,0,6,1.0,-1.0,False,60
db15k,db15k_native_adamf,relation_x_direction,115,head,12,4,8,0,8,1.0,-1.0,False,60
db15k,db15k_native_adamf,relation_x_direction,115,tail,12,4,4,0,4,1.0,-1.0,False,60
db15k,db15k_native_adamf,relation_x_direction,116,head,3,1,2,0,2,1.0,-1.0,False,60
db15k,db15k_native_adamf,relation_x_direction,116,tail,3,1,2,0,2,1.0,-1.0,False,60
db15k,db15k_native_adamf,relation_x_direction,117,head,237,79,88,0,88,1.0,-1.0,True,60
db15k,db15k_native_adamf,relation_x_direction,117,tail,237,79,63,0,63,1.0,-1.0,True,60
db15k,db15k_native_adamf,relation_x_direction,119,head,9,3,3,0,3,1.0,-1.0,False,60
db15k,db15k_native_adamf,relation_x_direction,119,tail,9,3,5,0,5,1.0,-1.0,False,60
db15k,db15k_native_adamf,relation_x_direction,120,head,12,4,9,0,9,1.0,-1.0,False,60
db15k,db15k_native_adamf,relation_x_direction,120,tail,12,4,10,0,10,1.0,-1.0,False,60
db15k,db15k_native_adamf,relation_x_direction,121,head,27,9,18,0,18,1.0,-1.0,False,60
db15k,db15k_native_adamf,relation_x_direction,121,tail,27,9,21,0,21,1.0,-1.0,False,60
db15k,db15k_native_adamf,relation_x_direction,122,head,78,26,45,0,45,1.0,-1.0,True,60
db15k,db15k_native_adamf,relation_x_direction,122,tail,78,26,34,0,34,1.0,-1.0,True,60
db15k,db15k_native_adamf,relation_x_direction,123,head,3,1,1,0,1,1.0,-1.0,False,60
db15k,db15k_native_adamf,relation_x_direction,123,tail,3,1,0,0,0,,,False,60
db15k,db15k_native_adamf,relation_x_direction,125,head,6,2,6,0,6,1.0,-1.0,False,60
db15k,db15k_native_adamf,relation_x_direction,125,tail,6,2,4,0,4,1.0,-1.0,False,60
db15k,db15k_native_adamf,relation_x_direction,129,head,6,2,1,0,1,1.0,-1.0,False,60
db15k,db15k_native_adamf,relation_x_direction,129,tail,6,2,0,0,0,,,False,60
db15k,db15k_native_adamf,relation_x_direction,130,head,3,1,3,0,3,1.0,-1.0,False,60
db15k,db15k_native_adamf,relation_x_direction,130,tail,3,1,3,0,3,1.0,-1.0,False,60
db15k,db15k_native_adamf,relation_x_direction,131,head,6,2,4,0,4,1.0,-1.0,False,60
db15k,db15k_native_adamf,relation_x_direction,131,tail,6,2,5,0,5,1.0,-1.0,False,60
db15k,db15k_native_adamf,relation_x_direction,132,head,42,14,34,0,34,1.0,-1.0,False,60
db15k,db15k_native_adamf,relation_x_direction,132,tail,42,14,27,0,27,1.0,-1.0,False,60
db15k,db15k_native_adamf,relation_x_direction,133,head,6,2,5,0,5,1.0,-1.0,False,60
db15k,db15k_native_adamf,relation_x_direction,133,tail,6,2,2,0,2,1.0,-1.0,False,60
db15k,db15k_native_adamf,relation_x_direction,134,head,57,19,18,0,18,1.0,-1.0,False,60
db15k,db15k_native_adamf,relation_x_direction,134,tail,57,19,11,0,11,1.0,-1.0,False,60
db15k,db15k_native_adamf,relation_x_direction,135,head,24,8,6,0,6,1.0,-1.0,False,60
db15k,db15k_native_adamf,relation_x_direction,135,tail,24,8,5,0,5,1.0,-1.0,False,60
db15k,db15k_native_adamf,relation_x_direction,136,head,9,3,7,0,7,1.0,-1.0,False,60
db15k,db15k_native_adamf,relation_x_direction,136,tail,9,3,6,0,6,1.0,-1.0,False,60
db15k,db15k_native_adamf,relation_x_direction,137,head,6,2,2,0,2,1.0,-1.0,False,60
db15k,db15k_native_adamf,relation_x_direction,137,tail,6,2,3,0,3,1.0,-1.0,False,60
db15k,db15k_native_adamf,relation_x_direction,139,head,6,2,5,0,5,1.0,-1.0,False,60
db15k,db15k_native_adamf,relation_x_direction,139,tail,6,2,4,0,4,1.0,-1.0,False,60
db15k,db15k_native_adamf,relation_x_direction,140,head,15,5,6,0,6,1.0,-1.0,False,60
db15k,db15k_native_adamf,relation_x_direction,140,tail,15,5,9,0,9,1.0,-1.0,False,60
db15k,db15k_native_adamf,relation_x_direction,142,head,3,1,3,0,3,1.0,-1.0,False,60
db15k,db15k_native_adamf,relation_x_direction,142,tail,3,1,3,0,3,1.0,-1.0,False,60
db15k,db15k_native_adamf,relation_x_direction,143,head,9,3,2,0,2,1.0,-1.0,False,60
db15k,db15k_native_adamf,relation_x_direction,143,tail,9,3,4,0,4,1.0,-1.0,False,60
db15k,db15k_native_adamf,relation_x_direction,144,head,9,3,4,0,4,1.0,-1.0,False,60
db15k,db15k_native_adamf,relation_x_direction,144,tail,9,3,5,0,5,1.0,-1.0,False,60
db15k,db15k_native_adamf,relation_x_direction,145,head,45,15,29,0,29,1.0,-1.0,False,60
db15k,db15k_native_adamf,relation_x_direction,145,tail,45,15,13,0,13,1.0,-1.0,False,60
db15k,db15k_native_adamf,relation_x_direction,146,head,42,14,20,0,20,1.0,-1.0,False,60
db15k,db15k_native_adamf,relation_x_direction,146,tail,42,14,19,0,19,1.0,-1.0,False,60
db15k,db15k_native_adamf,relation_x_direction,147,head,18,6,11,0,11,1.0,-1.0,False,60
db15k,db15k_native_adamf,relation_x_direction,147,tail,18,6,13,0,13,1.0,-1.0,False,60
db15k,db15k_native_adamf,relation_x_direction,148,head,12,4,2,0,2,1.0,-1.0,False,60
db15k,db15k_native_adamf,relation_x_direction,148,tail,12,4,7,0,7,1.0,-1.0,False,60
db15k,db15k_native_adamf,relation_x_direction,151,head,12,4,3,0,3,1.0,-1.0,False,60
db15k,db15k_native_adamf,relation_x_direction,151,tail,12,4,4,0,4,1.0,-1.0,False,60
db15k,db15k_native_adamf,relation_x_direction,152,head,66,22,21,0,21,1.0,-1.0,True,60
db15k,db15k_native_adamf,relation_x_direction,152,tail,66,22,36,0,36,1.0,-1.0,True,60
db15k,db15k_native_adamf,relation_x_direction,155,head,6,2,4,0,4,1.0,-1.0,False,60
db15k,db15k_native_adamf,relation_x_direction,155,tail,6,2,4,0,4,1.0,-1.0,False,60
db15k,db15k_native_adamf,relation_x_direction,156,head,48,16,13,0,13,1.0,-1.0,False,60
db15k,db15k_native_adamf,relation_x_direction,156,tail,48,16,11,0,11,1.0,-1.0,False,60
db15k,db15k_native_adamf,relation_x_direction,157,head,9,3,4,0,4,1.0,-1.0,False,60
db15k,db15k_native_adamf,relation_x_direction,157,tail,9,3,5,0,5,1.0,-1.0,False,60
db15k,db15k_native_adamf,relation_x_direction,159,head,3,1,1,0,1,1.0,-1.0,False,60
db15k,db15k_native_adamf,relation_x_direction,159,tail,3,1,0,0,0,,,False,60
db15k,db15k_native_adamf,relation_x_direction,160,head,3,1,3,0,3,1.0,-1.0,False,60
db15k,db15k_native_adamf,relation_x_direction,160,tail,3,1,3,0,3,1.0,-1.0,False,60
db15k,db15k_native_adamf,relation_x_direction,161,head,3,1,2,0,2,1.0,-1.0,False,60
db15k,db15k_native_adamf,relation_x_direction,161,tail,3,1,3,0,3,1.0,-1.0,False,60
db15k,db15k_native_adamf,relation_x_direction,162,head,21,7,14,0,14,1.0,-1.0,False,60
db15k,db15k_native_adamf,relation_x_direction,162,tail,21,7,15,0,15,1.0,-1.0,False,60
db15k,db15k_native_adamf,relation_x_direction,164,head,3,1,1,0,1,1.0,-1.0,False,60
db15k,db15k_native_adamf,relation_x_direction,164,tail,3,1,1,0,1,1.0,-1.0,False,60
db15k,db15k_native_adamf,relation_x_direction,167,head,15,5,11,0,11,1.0,-1.0,False,60
db15k,db15k_native_adamf,relation_x_direction,167,tail,15,5,11,0,11,1.0,-1.0,False,60
db15k,db15k_native_adamf,relation_x_direction,176,head,3,1,0,0,0,,,False,60
db15k,db15k_native_adamf,relation_x_direction,176,tail,3,1,0,0,0,,,False,60
db15k,db15k_native_adamf,relation_x_direction,177,head,150,50,109,0,109,1.0,-1.0,True,60
db15k,db15k_native_adamf,relation_x_direction,177,tail,150,50,114,0,114,1.0,-1.0,True,60
db15k,db15k_native_adamf,relation_x_direction,178,head,3,1,3,0,3,1.0,-1.0,False,60
db15k,db15k_native_adamf,relation_x_direction,178,tail,3,1,0,0,0,,,False,60
db15k,db15k_native_adamf,relation_x_direction,179,head,33,11,28,0,28,1.0,-1.0,False,60
db15k,db15k_native_adamf,relation_x_direction,179,tail,33,11,22,0,22,1.0,-1.0,False,60
db15k,db15k_native_adamf,relation_x_direction,184,head,21,7,14,0,14,1.0,-1.0,False,60
db15k,db15k_native_adamf,relation_x_direction,184,tail,21,7,13,0,13,1.0,-1.0,False,60
db15k,db15k_native_adamf,relation_x_direction,186,head,12,4,5,0,5,1.0,-1.0,False,60
db15k,db15k_native_adamf,relation_x_direction,186,tail,12,4,1,0,1,1.0,-1.0,False,60
db15k,db15k_native_adamf,relation_x_direction,190,head,3,1,2,0,2,1.0,-1.0,False,60
db15k,db15k_native_adamf,relation_x_direction,190,tail,3,1,1,0,1,1.0,-1.0,False,60
db15k,db15k_native_adamf,relation_x_direction,195,head,6,2,2,0,2,1.0,-1.0,False,60
db15k,db15k_native_adamf,relation_x_direction,195,tail,6,2,0,0,0,,,False,60
db15k,db15k_native_adamf,relation_x_direction,197,head,3,1,3,0,3,1.0,-1.0,False,60
db15k,db15k_native_adamf,relation_x_direction,197,tail,3,1,3,0,3,1.0,-1.0,False,60
db15k,db15k_native_adamf,relation_x_direction,198,head,3,1,2,0,2,1.0,-1.0,False,60
db15k,db15k_native_adamf,relation_x_direction,198,tail,3,1,3,0,3,1.0,-1.0,False,60
db15k,db15k_native_adamf,relation_x_direction,200,head,6,2,4,0,4,1.0,-1.0,False,60
db15k,db15k_native_adamf,relation_x_direction,200,tail,6,2,3,0,3,1.0,-1.0,False,60
db15k,db15k_native_adamf,relation_x_direction,202,head,3,1,2,0,2,1.0,-1.0,False,60
db15k,db15k_native_adamf,relation_x_direction,202,tail,3,1,2,0,2,1.0,-1.0,False,60
db15k,db15k_native_adamf,relation_x_direction,203,head,6,2,6,0,6,1.0,-1.0,False,60
db15k,db15k_native_adamf,relation_x_direction,203,tail,6,2,3,0,3,1.0,-1.0,False,60
db15k,db15k_native_adamf,relation_x_direction,204,head,3,1,0,0,0,,,False,60
db15k,db15k_native_adamf,relation_x_direction,204,tail,3,1,0,0,0,,,False,60
db15k,db15k_native_adamf,relation_x_direction,206,head,27,9,14,0,14,1.0,-1.0,False,60
db15k,db15k_native_adamf,relation_x_direction,206,tail,27,9,16,0,16,1.0,-1.0,False,60
db15k,db15k_native_adamf,relation_x_direction,213,head,3,1,3,0,3,1.0,-1.0,False,60
db15k,db15k_native_adamf,relation_x_direction,213,tail,3,1,3,0,3,1.0,-1.0,False,60
db15k,db15k_native_adamf,relation_x_direction,216,head,3,1,2,0,2,1.0,-1.0,False,60
db15k,db15k_native_adamf,relation_x_direction,216,tail,3,1,3,0,3,1.0,-1.0,False,60
db15k,db15k_native_adamf,relation_x_direction,218,head,3,1,0,0,0,,,False,60
db15k,db15k_native_adamf,relation_x_direction,218,tail,3,1,1,0,1,1.0,-1.0,False,60
db15k,db15k_native_adamf,relation_x_direction,219,head,3,1,1,0,1,1.0,-1.0,False,60
db15k,db15k_native_adamf,relation_x_direction,219,tail,3,1,1,0,1,1.0,-1.0,False,60
db15k,db15k_native_adamf,relation_x_direction,220,head,12,4,12,0,12,1.0,-1.0,False,60
db15k,db15k_native_adamf,relation_x_direction,220,tail,12,4,4,0,4,1.0,-1.0,False,60
db15k,db15k_native_adamf,relation_x_direction,222,head,3,1,3,0,3,1.0,-1.0,False,60
db15k,db15k_native_adamf,relation_x_direction,222,tail,3,1,3,0,3,1.0,-1.0,False,60
db15k,db15k_native_adamf,relation_x_direction,223,head,3,1,1,0,1,1.0,-1.0,False,60
db15k,db15k_native_adamf,relation_x_direction,223,tail,3,1,0,0,0,,,False,60
db15k,db15k_native_adamf,relation_x_direction,224,head,3,1,2,0,2,1.0,-1.0,False,60
db15k,db15k_native_adamf,relation_x_direction,224,tail,3,1,0,0,0,,,False,60
db15k,db15k_native_adamf,relation_x_direction,225,head,51,17,13,0,13,1.0,-1.0,False,60
db15k,db15k_native_adamf,relation_x_direction,225,tail,51,17,10,0,10,1.0,-1.0,False,60
db15k,db15k_native_adamf,relation_x_direction,226,head,45,15,10,0,10,1.0,-1.0,False,60
db15k,db15k_native_adamf,relation_x_direction,226,tail,45,15,12,0,12,1.0,-1.0,False,60
db15k,db15k_native_adamf,relation_x_direction,229,head,3,1,3,0,3,1.0,-1.0,False,60
db15k,db15k_native_adamf,relation_x_direction,229,tail,3,1,3,0,3,1.0,-1.0,False,60
db15k,db15k_native_adamf,relation_x_direction,232,head,3,1,1,0,1,1.0,-1.0,False,60
db15k,db15k_native_adamf,relation_x_direction,232,tail,3,1,0,0,0,,,False,60
db15k,db15k_native_adamf,relation_x_direction,233,head,3,1,0,0,0,,,False,60
db15k,db15k_native_adamf,relation_x_direction,233,tail,3,1,0,0,0,,,False,60
db15k,db15k_native_adamf,relation_x_direction,234,head,9,3,8,0,8,1.0,-1.0,False,60
db15k,db15k_native_adamf,relation_x_direction,234,tail,9,3,9,0,9,1.0,-1.0,False,60
db15k,db15k_native_adamf,relation_x_direction,235,head,3,1,1,0,1,1.0,-1.0,False,60
db15k,db15k_native_adamf,relation_x_direction,235,tail,3,1,1,0,1,1.0,-1.0,False,60
db15k,db15k_native_adamf,relation_x_direction,239,head,3,1,3,0,3,1.0,-1.0,False,60
db15k,db15k_native_adamf,relation_x_direction,239,tail,3,1,3,0,3,1.0,-1.0,False,60
db15k,db15k_native_adamf,relation_x_direction,240,head,3,1,1,0,1,1.0,-1.0,False,60
db15k,db15k_native_adamf,relation_x_direction,240,tail,3,1,2,0,2,1.0,-1.0,False,60
db15k,db15k_native_adamf,relation_x_direction,241,head,6,2,5,0,5,1.0,-1.0,False,60
db15k,db15k_native_adamf,relation_x_direction,241,tail,6,2,5,0,5,1.0,-1.0,False,60
db15k,db15k_native_adamf,relation_x_direction,245,head,3,1,3,0,3,1.0,-1.0,False,60
db15k,db15k_native_adamf,relation_x_direction,245,tail,3,1,3,0,3,1.0,-1.0,False,60
db15k,db15k_native_adamf,relation_x_direction,246,head,6,2,6,0,6,1.0,-1.0,False,60
db15k,db15k_native_adamf,relation_x_direction,246,tail,6,2,5,0,5,1.0,-1.0,False,60
db15k,db15k_native_adamf,relation_x_direction,254,head,3,1,0,0,0,,,False,60
db15k,db15k_native_adamf,relation_x_direction,254,tail,3,1,2,0,2,1.0,-1.0,False,60
db15k,db15k_native_adamf,relation_x_direction,255,head,3,1,0,0,0,,,False,60
db15k,db15k_native_adamf,relation_x_direction,255,tail,3,1,0,0,0,,,False,60
db15k,db15k_native_adamf,relation_x_direction,258,head,3,1,0,0,0,,,False,60
db15k,db15k_native_adamf,relation_x_direction,258,tail,3,1,0,0,0,,,False,60
db15k,db15k_native_adamf,relation_x_direction,260,head,9,3,2,0,2,1.0,-1.0,False,60
db15k,db15k_native_adamf,relation_x_direction,260,tail,9,3,3,0,3,1.0,-1.0,False,60
db15k,db15k_native_adamf,relation_x_direction,278,head,3126,1042,1817,0,1817,1.0,-1.0,True,60
db15k,db15k_native_adamf,relation_x_direction,278,tail,3126,1042,925,0,925,1.0,-1.0,True,60
mkg_w,mkgw_mhyper_adamf,direction,,head,12828,4276,8307,0,8307,1.0,-1.0,True,60
mkg_w,mkgw_mhyper_adamf,direction,,tail,12828,4276,5204,0,5204,1.0,-1.0,True,60
mkg_w,mkgw_mhyper_adamf,relation,0,,4974,829,3731,0,3731,1.0,-1.0,True,60
mkg_w,mkgw_mhyper_adamf,relation,1,,804,134,249,0,249,1.0,-1.0,True,60
mkg_w,mkgw_mhyper_adamf,relation,2,,816,136,424,0,424,1.0,-1.0,True,60
mkg_w,mkgw_mhyper_adamf,relation,3,,852,142,333,0,333,1.0,-1.0,True,60
mkg_w,mkgw_mhyper_adamf,relation,4,,198,33,101,0,101,1.0,-1.0,True,60
mkg_w,mkgw_mhyper_adamf,relation,5,,924,154,419,0,419,1.0,-1.0,True,60
mkg_w,mkgw_mhyper_adamf,relation,6,,348,58,196,0,196,1.0,-1.0,True,60
mkg_w,mkgw_mhyper_adamf,relation,7,,720,120,439,0,439,1.0,-1.0,True,60
mkg_w,mkgw_mhyper_adamf,relation,8,,570,95,65,0,65,1.0,-1.0,True,60
mkg_w,mkgw_mhyper_adamf,relation,9,,426,71,169,0,169,1.0,-1.0,True,60
mkg_w,mkgw_mhyper_adamf,relation,10,,252,42,124,0,124,1.0,-1.0,True,60
mkg_w,mkgw_mhyper_adamf,relation,11,,1068,178,686,0,686,1.0,-1.0,True,60
mkg_w,mkgw_mhyper_adamf,relation,12,,108,18,48,0,48,1.0,-1.0,True,60
mkg_w,mkgw_mhyper_adamf,relation,13,,2772,462,1282,0,1282,1.0,-1.0,True,60
mkg_w,mkgw_mhyper_adamf,relation,14,,456,76,49,0,49,1.0,-1.0,True,60
mkg_w,mkgw_mhyper_adamf,relation,15,,246,41,120,0,120,1.0,-1.0,True,60
mkg_w,mkgw_mhyper_adamf,relation,16,,774,129,358,0,358,1.0,-1.0,True,60
mkg_w,mkgw_mhyper_adamf,relation,18,,1008,168,702,0,702,1.0,-1.0,True,60
mkg_w,mkgw_mhyper_adamf,relation,19,,138,23,69,0,69,1.0,-1.0,True,60
mkg_w,mkgw_mhyper_adamf,relation,20,,36,6,17,0,17,1.0,-1.0,False,60
mkg_w,mkgw_mhyper_adamf,relation,21,,756,126,318,0,318,1.0,-1.0,True,60
mkg_w,mkgw_mhyper_adamf,relation,22,,1128,188,402,0,402,1.0,-1.0,True,60
mkg_w,mkgw_mhyper_adamf,relation,23,,36,6,2,0,2,1.0,-1.0,False,60
mkg_w,mkgw_mhyper_adamf,relation,24,,24,4,0,0,0,,,False,60
mkg_w,mkgw_mhyper_adamf,relation,25,,24,4,13,0,13,1.0,-1.0,False,60
mkg_w,mkgw_mhyper_adamf,relation,26,,48,8,0,0,0,,,False,60
mkg_w,mkgw_mhyper_adamf,relation,27,,78,13,56,0,56,1.0,-1.0,True,60
mkg_w,mkgw_mhyper_adamf,relation,28,,6,1,0,0,0,,,False,60
mkg_w,mkgw_mhyper_adamf,relation,29,,450,75,118,0,118,1.0,-1.0,True,60
mkg_w,mkgw_mhyper_adamf,relation,30,,750,125,457,0,457,1.0,-1.0,True,60
mkg_w,mkgw_mhyper_adamf,relation,31,,450,75,344,0,344,1.0,-1.0,True,60
mkg_w,mkgw_mhyper_adamf,relation,32,,486,81,278,0,278,1.0,-1.0,True,60
mkg_w,mkgw_mhyper_adamf,relation,33,,84,14,47,0,47,1.0,-1.0,True,60
mkg_w,mkgw_mhyper_adamf,relation,34,,552,92,252,0,252,1.0,-1.0,True,60
mkg_w,mkgw_mhyper_adamf,relation,35,,30,5,13,0,13,1.0,-1.0,False,60
mkg_w,mkgw_mhyper_adamf,relation,36,,18,3,12,0,12,1.0,-1.0,False,60
mkg_w,mkgw_mhyper_adamf,relation,37,,246,41,122,0,122,1.0,-1.0,True,60
mkg_w,mkgw_mhyper_adamf,relation,38,,42,7,26,0,26,1.0,-1.0,False,60
mkg_w,mkgw_mhyper_adamf,relation,39,,84,14,10,0,10,1.0,-1.0,True,60
mkg_w,mkgw_mhyper_adamf,relation,40,,90,15,48,0,48,1.0,-1.0,True,60
mkg_w,mkgw_mhyper_adamf,relation,41,,66,11,31,0,31,1.0,-1.0,True,60
mkg_w,mkgw_mhyper_adamf,relation,43,,6,1,3,0,3,1.0,-1.0,False,60
mkg_w,mkgw_mhyper_adamf,relation,44,,78,13,47,0,47,1.0,-1.0,True,60
mkg_w,mkgw_mhyper_adamf,relation,45,,54,9,18,0,18,1.0,-1.0,False,60
mkg_w,mkgw_mhyper_adamf,relation,46,,66,11,10,0,10,1.0,-1.0,True,60
mkg_w,mkgw_mhyper_adamf,relation,48,,192,32,113,0,113,1.0,-1.0,True,60
mkg_w,mkgw_mhyper_adamf,relation,49,,78,13,38,0,38,1.0,-1.0,True,60
mkg_w,mkgw_mhyper_adamf,relation,50,,234,39,105,0,105,1.0,-1.0,True,60
mkg_w,mkgw_mhyper_adamf,relation,51,,30,5,14,0,14,1.0,-1.0,False,60
mkg_w,mkgw_mhyper_adamf,relation,52,,24,4,13,0,13,1.0,-1.0,False,60
mkg_w,mkgw_mhyper_adamf,relation,53,,102,17,54,0,54,1.0,-1.0,True,60
mkg_w,mkgw_mhyper_adamf,relation,54,,12,2,7,0,7,1.0,-1.0,False,60
mkg_w,mkgw_mhyper_adamf,relation,55,,30,5,29,0,29,1.0,-1.0,False,60
mkg_w,mkgw_mhyper_adamf,relation,56,,288,48,117,0,117,1.0,-1.0,True,60
mkg_w,mkgw_mhyper_adamf,relation,57,,72,12,46,0,46,1.0,-1.0,True,60
mkg_w,mkgw_mhyper_adamf,relation,58,,198,33,105,0,105,1.0,-1.0,True,60
mkg_w,mkgw_mhyper_adamf,relation,59,,162,27,87,0,87,1.0,-1.0,True,60
mkg_w,mkgw_mhyper_adamf,relation,61,,102,17,52,0,52,1.0,-1.0,True,60
mkg_w,mkgw_mhyper_adamf,relation,62,,30,5,22,0,22,1.0,-1.0,False,60
mkg_w,mkgw_mhyper_adamf,relation,64,,96,16,26,0,26,1.0,-1.0,True,60
mkg_w,mkgw_mhyper_adamf,relation,65,,12,2,10,0,10,1.0,-1.0,False,60
mkg_w,mkgw_mhyper_adamf,relation,66,,30,5,0,0,0,,,False,60
mkg_w,mkgw_mhyper_adamf,relation,67,,48,8,30,0,30,1.0,-1.0,False,60
mkg_w,mkgw_mhyper_adamf,relation,68,,6,1,4,0,4,1.0,-1.0,False,60
mkg_w,mkgw_mhyper_adamf,relation,69,,12,2,10,0,10,1.0,-1.0,False,60
mkg_w,mkgw_mhyper_adamf,relation,71,,24,4,17,0,17,1.0,-1.0,False,60
mkg_w,mkgw_mhyper_adamf,relation,72,,162,27,107,0,107,1.0,-1.0,True,60
mkg_w,mkgw_mhyper_adamf,relation,73,,12,2,5,0,5,1.0,-1.0,False,60
mkg_w,mkgw_mhyper_adamf,relation,74,,6,1,0,0,0,,,False,60
mkg_w,mkgw_mhyper_adamf,relation,75,,12,2,4,0,4,1.0,-1.0,False,60
mkg_w,mkgw_mhyper_adamf,relation,77,,72,12,41,0,41,1.0,-1.0,True,60
mkg_w,mkgw_mhyper_adamf,relation,79,,48,8,22,0,22,1.0,-1.0,False,60
mkg_w,mkgw_mhyper_adamf,relation,80,,30,5,10,0,10,1.0,-1.0,False,60
mkg_w,mkgw_mhyper_adamf,relation,81,,12,2,6,0,6,1.0,-1.0,False,60
mkg_w,mkgw_mhyper_adamf,relation,82,,6,1,3,0,3,1.0,-1.0,False,60
mkg_w,mkgw_mhyper_adamf,relation,84,,36,6,6,0,6,1.0,-1.0,False,60
mkg_w,mkgw_mhyper_adamf,relation,86,,36,6,14,0,14,1.0,-1.0,False,60
mkg_w,mkgw_mhyper_adamf,relation,87,,12,2,9,0,9,1.0,-1.0,False,60
mkg_w,mkgw_mhyper_adamf,relation,88,,6,1,5,0,5,1.0,-1.0,False,60
mkg_w,mkgw_mhyper_adamf,relation,89,,48,8,36,0,36,1.0,-1.0,False,60
mkg_w,mkgw_mhyper_adamf,relation,93,,36,6,17,0,17,1.0,-1.0,False,60
mkg_w,mkgw_mhyper_adamf,relation,94,,6,1,3,0,3,1.0,-1.0,False,60
mkg_w,mkgw_mhyper_adamf,relation,100,,6,1,4,0,4,1.0,-1.0,False,60
mkg_w,mkgw_mhyper_adamf,relation,101,,6,1,3,0,3,1.0,-1.0,False,60
mkg_w,mkgw_mhyper_adamf,relation,104,,42,7,17,0,17,1.0,-1.0,False,60
mkg_w,mkgw_mhyper_adamf,relation,105,,6,1,4,0,4,1.0,-1.0,False,60
mkg_w,mkgw_mhyper_adamf,relation,107,,18,3,16,0,16,1.0,-1.0,False,60
mkg_w,mkgw_mhyper_adamf,relation,109,,6,1,3,0,3,1.0,-1.0,False,60
mkg_w,mkgw_mhyper_adamf,relation,112,,6,1,5,0,5,1.0,-1.0,False,60
mkg_w,mkgw_mhyper_adamf,relation,114,,6,1,6,0,6,1.0,-1.0,False,60
mkg_w,mkgw_mhyper_adamf,relation,116,,6,1,4,0,4,1.0,-1.0,False,60
mkg_w,mkgw_mhyper_adamf,relation,117,,6,1,2,0,2,1.0,-1.0,False,60
mkg_w,mkgw_mhyper_adamf,relation,123,,6,1,4,0,4,1.0,-1.0,False,60
mkg_w,mkgw_mhyper_adamf,relation,127,,12,2,6,0,6,1.0,-1.0,False,60
mkg_w,mkgw_mhyper_adamf,relation,130,,6,1,1,0,1,1.0,-1.0,False,60
mkg_w,mkgw_mhyper_adamf,relation,136,,6,1,6,0,6,1.0,-1.0,False,60
mkg_w,mkgw_mhyper_adamf,relation,138,,6,1,6,0,6,1.0,-1.0,False,60
mkg_w,mkgw_mhyper_adamf,relation,141,,6,1,0,0,0,,,False,60
mkg_w,mkgw_mhyper_adamf,relation,144,,6,1,2,0,2,1.0,-1.0,False,60
mkg_w,mkgw_mhyper_adamf,relation,147,,6,1,5,0,5,1.0,-1.0,False,60
mkg_w,mkgw_mhyper_adamf,relation,152,,12,2,6,0,6,1.0,-1.0,False,60
mkg_w,mkgw_mhyper_adamf,relation,155,,6,1,5,0,5,1.0,-1.0,False,60
mkg_w,mkgw_mhyper_adamf,relation,160,,6,1,5,0,5,1.0,-1.0,False,60
mkg_w,mkgw_mhyper_adamf,relation,168,,6,1,6,0,6,1.0,-1.0,False,60
mkg_w,mkgw_mhyper_adamf,relation_x_direction,0,head,2487,829,1938,0,1938,1.0,-1.0,True,60
mkg_w,mkgw_mhyper_adamf,relation_x_direction,0,tail,2487,829,1793,0,1793,1.0,-1.0,True,60
mkg_w,mkgw_mhyper_adamf,relation_x_direction,1,head,402,134,156,0,156,1.0,-1.0,True,60
mkg_w,mkgw_mhyper_adamf,relation_x_direction,1,tail,402,134,93,0,93,1.0,-1.0,True,60
mkg_w,mkgw_mhyper_adamf,relation_x_direction,2,head,408,136,317,0,317,1.0,-1.0,True,60
mkg_w,mkgw_mhyper_adamf,relation_x_direction,2,tail,408,136,107,0,107,1.0,-1.0,True,60
mkg_w,mkgw_mhyper_adamf,relation_x_direction,3,head,426,142,150,0,150,1.0,-1.0,True,60
mkg_w,mkgw_mhyper_adamf,relation_x_direction,3,tail,426,142,183,0,183,1.0,-1.0,True,60
mkg_w,mkgw_mhyper_adamf,relation_x_direction,4,head,99,33,71,0,71,1.0,-1.0,True,60
mkg_w,mkgw_mhyper_adamf,relation_x_direction,4,tail,99,33,30,0,30,1.0,-1.0,True,60
mkg_w,mkgw_mhyper_adamf,relation_x_direction,5,head,462,154,252,0,252,1.0,-1.0,True,60
mkg_w,mkgw_mhyper_adamf,relation_x_direction,5,tail,462,154,167,0,167,1.0,-1.0,True,60
mkg_w,mkgw_mhyper_adamf,relation_x_direction,6,head,174,58,120,0,120,1.0,-1.0,True,60
mkg_w,mkgw_mhyper_adamf,relation_x_direction,6,tail,174,58,76,0,76,1.0,-1.0,True,60
mkg_w,mkgw_mhyper_adamf,relation_x_direction,7,head,360,120,243,0,243,1.0,-1.0,True,60
mkg_w,mkgw_mhyper_adamf,relation_x_direction,7,tail,360,120,196,0,196,1.0,-1.0,True,60
mkg_w,mkgw_mhyper_adamf,relation_x_direction,8,head,285,95,30,0,30,1.0,-1.0,True,60
mkg_w,mkgw_mhyper_adamf,relation_x_direction,8,tail,285,95,35,0,35,1.0,-1.0,True,60
mkg_w,mkgw_mhyper_adamf,relation_x_direction,9,head,213,71,116,0,116,1.0,-1.0,True,60
mkg_w,mkgw_mhyper_adamf,relation_x_direction,9,tail,213,71,53,0,53,1.0,-1.0,True,60
mkg_w,mkgw_mhyper_adamf,relation_x_direction,10,head,126,42,85,0,85,1.0,-1.0,True,60
mkg_w,mkgw_mhyper_adamf,relation_x_direction,10,tail,126,42,39,0,39,1.0,-1.0,True,60
mkg_w,mkgw_mhyper_adamf,relation_x_direction,11,head,534,178,380,0,380,1.0,-1.0,True,60
mkg_w,mkgw_mhyper_adamf,relation_x_direction,11,tail,534,178,306,0,306,1.0,-1.0,True,60
mkg_w,mkgw_mhyper_adamf,relation_x_direction,12,head,54,18,43,0,43,1.0,-1.0,False,60
mkg_w,mkgw_mhyper_adamf,relation_x_direction,12,tail,54,18,5,0,5,1.0,-1.0,False,60
mkg_w,mkgw_mhyper_adamf,relation_x_direction,13,head,1386,462,1226,0,1226,1.0,-1.0,True,60
mkg_w,mkgw_mhyper_adamf,relation_x_direction,13,tail,1386,462,56,0,56,1.0,-1.0,True,60
mkg_w,mkgw_mhyper_adamf,relation_x_direction,14,head,228,76,25,0,25,1.0,-1.0,True,60
mkg_w,mkgw_mhyper_adamf,relation_x_direction,14,tail,228,76,24,0,24,1.0,-1.0,True,60
mkg_w,mkgw_mhyper_adamf,relation_x_direction,15,head,123,41,98,0,98,1.0,-1.0,True,60
mkg_w,mkgw_mhyper_adamf,relation_x_direction,15,tail,123,41,22,0,22,1.0,-1.0,True,60
mkg_w,mkgw_mhyper_adamf,relation_x_direction,16,head,387,129,185,0,185,1.0,-1.0,True,60
mkg_w,mkgw_mhyper_adamf,relation_x_direction,16,tail,387,129,173,0,173,1.0,-1.0,True,60
mkg_w,mkgw_mhyper_adamf,relation_x_direction,18,head,504,168,387,0,387,1.0,-1.0,True,60
mkg_w,mkgw_mhyper_adamf,relation_x_direction,18,tail,504,168,315,0,315,1.0,-1.0,True,60
mkg_w,mkgw_mhyper_adamf,relation_x_direction,19,head,69,23,53,0,53,1.0,-1.0,True,60
mkg_w,mkgw_mhyper_adamf,relation_x_direction,19,tail,69,23,16,0,16,1.0,-1.0,True,60
mkg_w,mkgw_mhyper_adamf,relation_x_direction,20,head,18,6,16,0,16,1.0,-1.0,False,60
mkg_w,mkgw_mhyper_adamf,relation_x_direction,20,tail,18,6,1,0,1,1.0,-1.0,False,60
mkg_w,mkgw_mhyper_adamf,relation_x_direction,21,head,378,126,274,0,274,1.0,-1.0,True,60
mkg_w,mkgw_mhyper_adamf,relation_x_direction,21,tail,378,126,44,0,44,1.0,-1.0,True,60
mkg_w,mkgw_mhyper_adamf,relation_x_direction,22,head,564,188,234,0,234,1.0,-1.0,True,60
mkg_w,mkgw_mhyper_adamf,relation_x_direction,22,tail,564,188,168,0,168,1.0,-1.0,True,60
mkg_w,mkgw_mhyper_adamf,relation_x_direction,23,head,18,6,0,0,0,,,False,60
mkg_w,mkgw_mhyper_adamf,relation_x_direction,23,tail,18,6,2,0,2,1.0,-1.0,False,60
mkg_w,mkgw_mhyper_adamf,relation_x_direction,24,head,12,4,0,0,0,,,False,60
mkg_w,mkgw_mhyper_adamf,relation_x_direction,24,tail,12,4,0,0,0,,,False,60
mkg_w,mkgw_mhyper_adamf,relation_x_direction,25,head,12,4,9,0,9,1.0,-1.0,False,60
mkg_w,mkgw_mhyper_adamf,relation_x_direction,25,tail,12,4,4,0,4,1.0,-1.0,False,60
mkg_w,mkgw_mhyper_adamf,relation_x_direction,26,head,24,8,0,0,0,,,False,60
mkg_w,mkgw_mhyper_adamf,relation_x_direction,26,tail,24,8,0,0,0,,,False,60
mkg_w,mkgw_mhyper_adamf,relation_x_direction,27,head,39,13,33,0,33,1.0,-1.0,False,60
mkg_w,mkgw_mhyper_adamf,relation_x_direction,27,tail,39,13,23,0,23,1.0,-1.0,False,60
mkg_w,mkgw_mhyper_adamf,relation_x_direction,28,head,3,1,0,0,0,,,False,60
mkg_w,mkgw_mhyper_adamf,relation_x_direction,28,tail,3,1,0,0,0,,,False,60
mkg_w,mkgw_mhyper_adamf,relation_x_direction,29,head,225,75,56,0,56,1.0,-1.0,True,60
mkg_w,mkgw_mhyper_adamf,relation_x_direction,29,tail,225,75,62,0,62,1.0,-1.0,True,60
mkg_w,mkgw_mhyper_adamf,relation_x_direction,30,head,375,125,221,0,221,1.0,-1.0,True,60
mkg_w,mkgw_mhyper_adamf,relation_x_direction,30,tail,375,125,236,0,236,1.0,-1.0,True,60
mkg_w,mkgw_mhyper_adamf,relation_x_direction,31,head,225,75,191,0,191,1.0,-1.0,True,60
mkg_w,mkgw_mhyper_adamf,relation_x_direction,31,tail,225,75,153,0,153,1.0,-1.0,True,60
mkg_w,mkgw_mhyper_adamf,relation_x_direction,32,head,243,81,186,0,186,1.0,-1.0,True,60
mkg_w,mkgw_mhyper_adamf,relation_x_direction,32,tail,243,81,92,0,92,1.0,-1.0,True,60
mkg_w,mkgw_mhyper_adamf,relation_x_direction,33,head,42,14,33,0,33,1.0,-1.0,False,60
mkg_w,mkgw_mhyper_adamf,relation_x_direction,33,tail,42,14,14,0,14,1.0,-1.0,False,60
mkg_w,mkgw_mhyper_adamf,relation_x_direction,34,head,276,92,199,0,199,1.0,-1.0,True,60
mkg_w,mkgw_mhyper_adamf,relation_x_direction,34,tail,276,92,53,0,53,1.0,-1.0,True,60
mkg_w,mkgw_mhyper_adamf,relation_x_direction,35,head,15,5,12,0,12,1.0,-1.0,False,60
mkg_w,mkgw_mhyper_adamf,relation_x_direction,35,tail,15,5,1,0,1,1.0,-1.0,False,60
mkg_w,mkgw_mhyper_adamf,relation_x_direction,36,head,9,3,7,0,7,1.0,-1.0,False,60
mkg_w,mkgw_mhyper_adamf,relation_x_direction,36,tail,9,3,5,0,5,1.0,-1.0,False,60
mkg_w,mkgw_mhyper_adamf,relation_x_direction,37,head,123,41,88,0,88,1.0,-1.0,True,60
mkg_w,mkgw_mhyper_adamf,relation_x_direction,37,tail,123,41,34,0,34,1.0,-1.0,True,60
mkg_w,mkgw_mhyper_adamf,relation_x_direction,38,head,21,7,13,0,13,1.0,-1.0,False,60
mkg_w,mkgw_mhyper_adamf,relation_x_direction,38,tail,21,7,13,0,13,1.0,-1.0,False,60
mkg_w,mkgw_mhyper_adamf,relation_x_direction,39,head,42,14,5,0,5,1.0,-1.0,False,60
mkg_w,mkgw_mhyper_adamf,relation_x_direction,39,tail,42,14,5,0,5,1.0,-1.0,False,60
mkg_w,mkgw_mhyper_adamf,relation_x_direction,40,head,45,15,26,0,26,1.0,-1.0,False,60
mkg_w,mkgw_mhyper_adamf,relation_x_direction,40,tail,45,15,22,0,22,1.0,-1.0,False,60
mkg_w,mkgw_mhyper_adamf,relation_x_direction,41,head,33,11,24,0,24,1.0,-1.0,False,60
mkg_w,mkgw_mhyper_adamf,relation_x_direction,41,tail,33,11,7,0,7,1.0,-1.0,False,60
mkg_w,mkgw_mhyper_adamf,relation_x_direction,43,head,3,1,2,0,2,1.0,-1.0,False,60
mkg_w,mkgw_mhyper_adamf,relation_x_direction,43,tail,3,1,1,0,1,1.0,-1.0,False,60
mkg_w,mkgw_mhyper_adamf,relation_x_direction,44,head,39,13,29,0,29,1.0,-1.0,False,60
mkg_w,mkgw_mhyper_adamf,relation_x_direction,44,tail,39,13,18,0,18,1.0,-1.0,False,60
mkg_w,mkgw_mhyper_adamf,relation_x_direction,45,head,27,9,15,0,15,1.0,-1.0,False,60
mkg_w,mkgw_mhyper_adamf,relation_x_direction,45,tail,27,9,3,0,3,1.0,-1.0,False,60
mkg_w,mkgw_mhyper_adamf,relation_x_direction,46,head,33,11,6,0,6,1.0,-1.0,False,60
mkg_w,mkgw_mhyper_adamf,relation_x_direction,46,tail,33,11,4,0,4,1.0,-1.0,False,60
mkg_w,mkgw_mhyper_adamf,relation_x_direction,48,head,96,32,46,0,46,1.0,-1.0,True,60
mkg_w,mkgw_mhyper_adamf,relation_x_direction,48,tail,96,32,67,0,67,1.0,-1.0,True,60
mkg_w,mkgw_mhyper_adamf,relation_x_direction,49,head,39,13,31,0,31,1.0,-1.0,False,60
mkg_w,mkgw_mhyper_adamf,relation_x_direction,49,tail,39,13,7,0,7,1.0,-1.0,False,60
mkg_w,mkgw_mhyper_adamf,relation_x_direction,50,head,117,39,48,0,48,1.0,-1.0,True,60
mkg_w,mkgw_mhyper_adamf,relation_x_direction,50,tail,117,39,57,0,57,1.0,-1.0,True,60
mkg_w,mkgw_mhyper_adamf,relation_x_direction,51,head,15,5,10,0,10,1.0,-1.0,False,60
mkg_w,mkgw_mhyper_adamf,relation_x_direction,51,tail,15,5,4,0,4,1.0,-1.0,False,60
mkg_w,mkgw_mhyper_adamf,relation_x_direction,52,head,12,4,7,0,7,1.0,-1.0,False,60
mkg_w,mkgw_mhyper_adamf,relation_x_direction,52,tail,12,4,6,0,6,1.0,-1.0,False,60
mkg_w,mkgw_mhyper_adamf,relation_x_direction,53,head,51,17,44,0,44,1.0,-1.0,False,60
mkg_w,mkgw_mhyper_adamf,relation_x_direction,53,tail,51,17,10,0,10,1.0,-1.0,False,60
mkg_w,mkgw_mhyper_adamf,relation_x_direction,54,head,6,2,2,0,2,1.0,-1.0,False,60
mkg_w,mkgw_mhyper_adamf,relation_x_direction,54,tail,6,2,5,0,5,1.0,-1.0,False,60
mkg_w,mkgw_mhyper_adamf,relation_x_direction,55,head,15,5,14,0,14,1.0,-1.0,False,60
mkg_w,mkgw_mhyper_adamf,relation_x_direction,55,tail,15,5,15,0,15,1.0,-1.0,False,60
mkg_w,mkgw_mhyper_adamf,relation_x_direction,56,head,144,48,69,0,69,1.0,-1.0,True,60
mkg_w,mkgw_mhyper_adamf,relation_x_direction,56,tail,144,48,48,0,48,1.0,-1.0,True,60
mkg_w,mkgw_mhyper_adamf,relation_x_direction,57,head,36,12,32,0,32,1.0,-1.0,False,60
mkg_w,mkgw_mhyper_adamf,relation_x_direction,57,tail,36,12,14,0,14,1.0,-1.0,False,60
mkg_w,mkgw_mhyper_adamf,relation_x_direction,58,head,99,33,52,0,52,1.0,-1.0,True,60
mkg_w,mkgw_mhyper_adamf,relation_x_direction,58,tail,99,33,53,0,53,1.0,-1.0,True,60
mkg_w,mkgw_mhyper_adamf,relation_x_direction,59,head,81,27,53,0,53,1.0,-1.0,True,60
mkg_w,mkgw_mhyper_adamf,relation_x_direction,59,tail,81,27,34,0,34,1.0,-1.0,True,60
mkg_w,mkgw_mhyper_adamf,relation_x_direction,61,head,51,17,33,0,33,1.0,-1.0,False,60
mkg_w,mkgw_mhyper_adamf,relation_x_direction,61,tail,51,17,19,0,19,1.0,-1.0,False,60
mkg_w,mkgw_mhyper_adamf,relation_x_direction,62,head,15,5,8,0,8,1.0,-1.0,False,60
mkg_w,mkgw_mhyper_adamf,relation_x_direction,62,tail,15,5,14,0,14,1.0,-1.0,False,60
mkg_w,mkgw_mhyper_adamf,relation_x_direction,64,head,48,16,18,0,18,1.0,-1.0,False,60
mkg_w,mkgw_mhyper_adamf,relation_x_direction,64,tail,48,16,8,0,8,1.0,-1.0,False,60
mkg_w,mkgw_mhyper_adamf,relation_x_direction,65,head,6,2,4,0,4,1.0,-1.0,False,60
mkg_w,mkgw_mhyper_adamf,relation_x_direction,65,tail,6,2,6,0,6,1.0,-1.0,False,60
mkg_w,mkgw_mhyper_adamf,relation_x_direction,66,head,15,5,0,0,0,,,False,60
mkg_w,mkgw_mhyper_adamf,relation_x_direction,66,tail,15,5,0,0,0,,,False,60
mkg_w,mkgw_mhyper_adamf,relation_x_direction,67,head,24,8,14,0,14,1.0,-1.0,False,60
mkg_w,mkgw_mhyper_adamf,relation_x_direction,67,tail,24,8,16,0,16,1.0,-1.0,False,60
mkg_w,mkgw_mhyper_adamf,relation_x_direction,68,head,3,1,3,0,3,1.0,-1.0,False,60
mkg_w,mkgw_mhyper_adamf,relation_x_direction,68,tail,3,1,1,0,1,1.0,-1.0,False,60
mkg_w,mkgw_mhyper_adamf,relation_x_direction,69,head,6,2,6,0,6,1.0,-1.0,False,60
mkg_w,mkgw_mhyper_adamf,relation_x_direction,69,tail,6,2,4,0,4,1.0,-1.0,False,60
mkg_w,mkgw_mhyper_adamf,relation_x_direction,71,head,12,4,10,0,10,1.0,-1.0,False,60
mkg_w,mkgw_mhyper_adamf,relation_x_direction,71,tail,12,4,7,0,7,1.0,-1.0,False,60
mkg_w,mkgw_mhyper_adamf,relation_x_direction,72,head,81,27,61,0,61,1.0,-1.0,True,60
mkg_w,mkgw_mhyper_adamf,relation_x_direction,72,tail,81,27,46,0,46,1.0,-1.0,True,60
mkg_w,mkgw_mhyper_adamf,relation_x_direction,73,head,6,2,5,0,5,1.0,-1.0,False,60
mkg_w,mkgw_mhyper_adamf,relation_x_direction,73,tail,6,2,0,0,0,,,False,60
mkg_w,mkgw_mhyper_adamf,relation_x_direction,74,head,3,1,0,0,0,,,False,60
mkg_w,mkgw_mhyper_adamf,relation_x_direction,74,tail,3,1,0,0,0,,,False,60
mkg_w,mkgw_mhyper_adamf,relation_x_direction,75,head,6,2,2,0,2,1.0,-1.0,False,60
mkg_w,mkgw_mhyper_adamf,relation_x_direction,75,tail,6,2,2,0,2,1.0,-1.0,False,60
mkg_w,mkgw_mhyper_adamf,relation_x_direction,77,head,36,12,23,0,23,1.0,-1.0,False,60
mkg_w,mkgw_mhyper_adamf,relation_x_direction,77,tail,36,12,18,0,18,1.0,-1.0,False,60
mkg_w,mkgw_mhyper_adamf,relation_x_direction,79,head,24,8,21,0,21,1.0,-1.0,False,60
mkg_w,mkgw_mhyper_adamf,relation_x_direction,79,tail,24,8,1,0,1,1.0,-1.0,False,60
mkg_w,mkgw_mhyper_adamf,relation_x_direction,80,head,15,5,10,0,10,1.0,-1.0,False,60
mkg_w,mkgw_mhyper_adamf,relation_x_direction,80,tail,15,5,0,0,0,,,False,60
mkg_w,mkgw_mhyper_adamf,relation_x_direction,81,head,6,2,3,0,3,1.0,-1.0,False,60
mkg_w,mkgw_mhyper_adamf,relation_x_direction,81,tail,6,2,3,0,3,1.0,-1.0,False,60
mkg_w,mkgw_mhyper_adamf,relation_x_direction,82,head,3,1,1,0,1,1.0,-1.0,False,60
mkg_w,mkgw_mhyper_adamf,relation_x_direction,82,tail,3,1,2,0,2,1.0,-1.0,False,60
mkg_w,mkgw_mhyper_adamf,relation_x_direction,84,head,18,6,3,0,3,1.0,-1.0,False,60
mkg_w,mkgw_mhyper_adamf,relation_x_direction,84,tail,18,6,3,0,3,1.0,-1.0,False,60
mkg_w,mkgw_mhyper_adamf,relation_x_direction,86,head,18,6,14,0,14,1.0,-1.0,False,60
mkg_w,mkgw_mhyper_adamf,relation_x_direction,86,tail,18,6,0,0,0,,,False,60
mkg_w,mkgw_mhyper_adamf,relation_x_direction,87,head,6,2,6,0,6,1.0,-1.0,False,60
mkg_w,mkgw_mhyper_adamf,relation_x_direction,87,tail,6,2,3,0,3,1.0,-1.0,False,60
mkg_w,mkgw_mhyper_adamf,relation_x_direction,88,head,3,1,3,0,3,1.0,-1.0,False,60
mkg_w,mkgw_mhyper_adamf,relation_x_direction,88,tail,3,1,2,0,2,1.0,-1.0,False,60
mkg_w,mkgw_mhyper_adamf,relation_x_direction,89,head,24,8,20,0,20,1.0,-1.0,False,60
mkg_w,mkgw_mhyper_adamf,relation_x_direction,89,tail,24,8,16,0,16,1.0,-1.0,False,60
mkg_w,mkgw_mhyper_adamf,relation_x_direction,93,head,18,6,12,0,12,1.0,-1.0,False,60
mkg_w,mkgw_mhyper_adamf,relation_x_direction,93,tail,18,6,5,0,5,1.0,-1.0,False,60
mkg_w,mkgw_mhyper_adamf,relation_x_direction,94,head,3,1,3,0,3,1.0,-1.0,False,60
mkg_w,mkgw_mhyper_adamf,relation_x_direction,94,tail,3,1,0,0,0,,,False,60
mkg_w,mkgw_mhyper_adamf,relation_x_direction,100,head,3,1,3,0,3,1.0,-1.0,False,60
mkg_w,mkgw_mhyper_adamf,relation_x_direction,100,tail,3,1,1,0,1,1.0,-1.0,False,60
mkg_w,mkgw_mhyper_adamf,relation_x_direction,101,head,3,1,0,0,0,,,False,60
mkg_w,mkgw_mhyper_adamf,relation_x_direction,101,tail,3,1,3,0,3,1.0,-1.0,False,60
mkg_w,mkgw_mhyper_adamf,relation_x_direction,104,head,21,7,10,0,10,1.0,-1.0,False,60
mkg_w,mkgw_mhyper_adamf,relation_x_direction,104,tail,21,7,7,0,7,1.0,-1.0,False,60
mkg_w,mkgw_mhyper_adamf,relation_x_direction,105,head,3,1,3,0,3,1.0,-1.0,False,60
mkg_w,mkgw_mhyper_adamf,relation_x_direction,105,tail,3,1,1,0,1,1.0,-1.0,False,60
mkg_w,mkgw_mhyper_adamf,relation_x_direction,107,head,9,3,7,0,7,1.0,-1.0,False,60
mkg_w,mkgw_mhyper_adamf,relation_x_direction,107,tail,9,3,9,0,9,1.0,-1.0,False,60
mkg_w,mkgw_mhyper_adamf,relation_x_direction,109,head,3,1,0,0,0,,,False,60
mkg_w,mkgw_mhyper_adamf,relation_x_direction,109,tail,3,1,3,0,3,1.0,-1.0,False,60
mkg_w,mkgw_mhyper_adamf,relation_x_direction,112,head,3,1,3,0,3,1.0,-1.0,False,60
mkg_w,mkgw_mhyper_adamf,relation_x_direction,112,tail,3,1,2,0,2,1.0,-1.0,False,60
mkg_w,mkgw_mhyper_adamf,relation_x_direction,114,head,3,1,3,0,3,1.0,-1.0,False,60
mkg_w,mkgw_mhyper_adamf,relation_x_direction,114,tail,3,1,3,0,3,1.0,-1.0,False,60
mkg_w,mkgw_mhyper_adamf,relation_x_direction,116,head,3,1,1,0,1,1.0,-1.0,False,60
mkg_w,mkgw_mhyper_adamf,relation_x_direction,116,tail,3,1,3,0,3,1.0,-1.0,False,60
mkg_w,mkgw_mhyper_adamf,relation_x_direction,117,head,3,1,2,0,2,1.0,-1.0,False,60
mkg_w,mkgw_mhyper_adamf,relation_x_direction,117,tail,3,1,0,0,0,,,False,60
mkg_w,mkgw_mhyper_adamf,relation_x_direction,123,head,3,1,1,0,1,1.0,-1.0,False,60
mkg_w,mkgw_mhyper_adamf,relation_x_direction,123,tail,3,1,3,0,3,1.0,-1.0,False,60
mkg_w,mkgw_mhyper_adamf,relation_x_direction,127,head,6,2,6,0,6,1.0,-1.0,False,60
mkg_w,mkgw_mhyper_adamf,relation_x_direction,127,tail,6,2,0,0,0,,,False,60
mkg_w,mkgw_mhyper_adamf,relation_x_direction,130,head,3,1,0,0,0,,,False,60
mkg_w,mkgw_mhyper_adamf,relation_x_direction,130,tail,3,1,1,0,1,1.0,-1.0,False,60
mkg_w,mkgw_mhyper_adamf,relation_x_direction,136,head,3,1,3,0,3,1.0,-1.0,False,60
mkg_w,mkgw_mhyper_adamf,relation_x_direction,136,tail,3,1,3,0,3,1.0,-1.0,False,60
mkg_w,mkgw_mhyper_adamf,relation_x_direction,138,head,3,1,3,0,3,1.0,-1.0,False,60
mkg_w,mkgw_mhyper_adamf,relation_x_direction,138,tail,3,1,3,0,3,1.0,-1.0,False,60
mkg_w,mkgw_mhyper_adamf,relation_x_direction,141,head,3,1,0,0,0,,,False,60
mkg_w,mkgw_mhyper_adamf,relation_x_direction,141,tail,3,1,0,0,0,,,False,60
mkg_w,mkgw_mhyper_adamf,relation_x_direction,144,head,3,1,2,0,2,1.0,-1.0,False,60
mkg_w,mkgw_mhyper_adamf,relation_x_direction,144,tail,3,1,0,0,0,,,False,60
mkg_w,mkgw_mhyper_adamf,relation_x_direction,147,head,3,1,2,0,2,1.0,-1.0,False,60
mkg_w,mkgw_mhyper_adamf,relation_x_direction,147,tail,3,1,3,0,3,1.0,-1.0,False,60
mkg_w,mkgw_mhyper_adamf,relation_x_direction,152,head,6,2,5,0,5,1.0,-1.0,False,60
mkg_w,mkgw_mhyper_adamf,relation_x_direction,152,tail,6,2,1,0,1,1.0,-1.0,False,60
mkg_w,mkgw_mhyper_adamf,relation_x_direction,155,head,3,1,2,0,2,1.0,-1.0,False,60
mkg_w,mkgw_mhyper_adamf,relation_x_direction,155,tail,3,1,3,0,3,1.0,-1.0,False,60
mkg_w,mkgw_mhyper_adamf,relation_x_direction,160,head,3,1,3,0,3,1.0,-1.0,False,60
mkg_w,mkgw_mhyper_adamf,relation_x_direction,160,tail,3,1,2,0,2,1.0,-1.0,False,60
mkg_w,mkgw_mhyper_adamf,relation_x_direction,168,head,3,1,3,0,3,1.0,-1.0,False,60
mkg_w,mkgw_mhyper_adamf,relation_x_direction,168,tail,3,1,3,0,3,1.0,-1.0,False,60
mkg_w,mkgw_mhyper_native,direction,,head,12828,4276,10212,2470,7742,0.7581276929103016,-0.5162553858206033,True,60
mkg_w,mkgw_mhyper_native,direction,,tail,12828,4276,6096,1297,4799,0.7872375328083989,-0.574475065616798,True,60
mkg_w,mkgw_mhyper_native,relation,0,,4974,829,4340,713,3627,0.8357142857142857,-0.6714285714285714,True,60
mkg_w,mkgw_mhyper_native,relation,1,,804,134,321,74,247,0.7694704049844237,-0.5389408099688473,True,60
mkg_w,mkgw_mhyper_native,relation,2,,816,136,502,151,351,0.6992031872509961,-0.398406374501992,True,60
mkg_w,mkgw_mhyper_native,relation,3,,852,142,482,208,274,0.5684647302904564,-0.13692946058091288,True,60
mkg_w,mkgw_mhyper_native,relation,4,,198,33,128,47,81,0.6328125,-0.265625,True,60
mkg_w,mkgw_mhyper_native,relation,5,,924,154,520,104,416,0.8,-0.6,True,60
mkg_w,mkgw_mhyper_native,relation,6,,348,58,235,48,187,0.7957446808510639,-0.5914893617021276,True,60
mkg_w,mkgw_mhyper_native,relation,7,,720,120,583,82,501,0.8593481989708405,-0.7186963979416809,True,60
mkg_w,mkgw_mhyper_native,relation,8,,570,95,98,48,50,0.5102040816326531,-0.02040816326530612,True,60
mkg_w,mkgw_mhyper_native,relation,9,,426,71,198,81,117,0.5909090909090909,-0.18181818181818182,True,60
mkg_w,mkgw_mhyper_native,relation,10,,252,42,151,28,123,0.8145695364238411,-0.6291390728476821,True,60
mkg_w,mkgw_mhyper_native,relation,11,,1068,178,821,128,693,0.8440925700365408,-0.6881851400730816,True,60
mkg_w,mkgw_mhyper_native,relation,12,,108,18,59,20,39,0.6610169491525424,-0.3220338983050847,True,60
mkg_w,mkgw_mhyper_native,relation,13,,2772,462,1402,364,1038,0.7403708987161198,-0.48074179743223966,True,60
mkg_w,mkgw_mhyper_native,relation,14,,456,76,88,35,53,0.6022727272727273,-0.20454545454545456,True,60
mkg_w,mkgw_mhyper_native,relation,15,,246,41,144,28,116,0.8055555555555556,-0.6111111111111112,True,60
mkg_w,mkgw_mhyper_native,relation,16,,774,129,511,206,305,0.5968688845401174,-0.19373776908023482,True,60
mkg_w,mkgw_mhyper_native,relation,18,,1008,168,807,213,594,0.7360594795539034,-0.4721189591078067,True,60
mkg_w,mkgw_mhyper_native,relation,19,,138,23,80,14,66,0.825,-0.65,True,60
mkg_w,mkgw_mhyper_native,relation,20,,36,6,16,3,13,0.8125,-0.625,False,60
mkg_w,mkgw_mhyper_native,relation,21,,756,126,371,93,278,0.7493261455525606,-0.49865229110512127,True,60
mkg_w,mkgw_mhyper_native,relation,22,,1128,188,504,103,401,0.7956349206349206,-0.5912698412698413,True,60
mkg_w,mkgw_mhyper_native,relation,23,,36,6,2,0,2,1.0,-1.0,False,60
mkg_w,mkgw_mhyper_native,relation,24,,24,4,7,7,0,1.0,1.0,False,60
mkg_w,mkgw_mhyper_native,relation,25,,24,4,12,2,10,0.8333333333333334,-0.6666666666666666,False,60
mkg_w,mkgw_mhyper_native,relation,26,,48,8,2,1,1,0.5,0.0,False,60
mkg_w,mkgw_mhyper_native,relation,27,,78,13,63,6,57,0.9047619047619048,-0.8095238095238095,True,60
mkg_w,mkgw_mhyper_native,relation,28,,6,1,0,0,0,,,False,60
mkg_w,mkgw_mhyper_native,relation,29,,450,75,190,81,109,0.5736842105263158,-0.14736842105263157,True,60
mkg_w,mkgw_mhyper_native,relation,30,,750,125,595,169,426,0.7159663865546219,-0.4319327731092437,True,60
mkg_w,mkgw_mhyper_native,relation,31,,450,75,394,84,310,0.7868020304568528,-0.5736040609137056,True,60
mkg_w,mkgw_mhyper_native,relation,32,,486,81,325,70,255,0.7846153846153846,-0.5692307692307692,True,60
mkg_w,mkgw_mhyper_native,relation,33,,84,14,62,9,53,0.8548387096774194,-0.7096774193548387,True,60
mkg_w,mkgw_mhyper_native,relation,34,,552,92,296,72,224,0.7567567567567568,-0.5135135135135135,True,60
mkg_w,mkgw_mhyper_native,relation,35,,30,5,17,6,11,0.6470588235294118,-0.29411764705882354,False,60
mkg_w,mkgw_mhyper_native,relation,36,,18,3,10,0,10,1.0,-1.0,False,60
mkg_w,mkgw_mhyper_native,relation,37,,246,41,137,28,109,0.7956204379562044,-0.5912408759124088,True,60
mkg_w,mkgw_mhyper_native,relation,38,,42,7,23,8,15,0.6521739130434783,-0.30434782608695654,False,60
mkg_w,mkgw_mhyper_native,relation,39,,84,14,19,4,15,0.7894736842105263,-0.5789473684210527,True,60
mkg_w,mkgw_mhyper_native,relation,40,,90,15,56,5,51,0.9107142857142857,-0.8214285714285714,True,60
mkg_w,mkgw_mhyper_native,relation,41,,66,11,28,4,24,0.8571428571428571,-0.7142857142857143,True,60
mkg_w,mkgw_mhyper_native,relation,43,,6,1,5,0,5,1.0,-1.0,False,60
mkg_w,mkgw_mhyper_native,relation,44,,78,13,53,17,36,0.6792452830188679,-0.3584905660377358,True,60
mkg_w,mkgw_mhyper_native,relation,45,,54,9,30,8,22,0.7333333333333333,-0.4666666666666667,False,60
mkg_w,mkgw_mhyper_native,relation,46,,66,11,14,2,12,0.8571428571428571,-0.7142857142857143,True,60
mkg_w,mkgw_mhyper_native,relation,48,,192,32,128,43,85,0.6640625,-0.328125,True,60
mkg_w,mkgw_mhyper_native,relation,49,,78,13,42,8,34,0.8095238095238095,-0.6190476190476191,True,60
mkg_w,mkgw_mhyper_native,relation,50,,234,39,130,37,93,0.7153846153846154,-0.4307692307692308,True,60
mkg_w,mkgw_mhyper_native,relation,51,,30,5,21,6,15,0.7142857142857143,-0.42857142857142855,False,60
mkg_w,mkgw_mhyper_native,relation,52,,24,4,15,4,11,0.7333333333333333,-0.4666666666666667,False,60
mkg_w,mkgw_mhyper_native,relation,53,,102,17,53,7,46,0.8679245283018868,-0.7358490566037735,True,60
mkg_w,mkgw_mhyper_native,relation,54,,12,2,11,8,3,0.7272727272727273,0.45454545454545453,False,60
mkg_w,mkgw_mhyper_native,relation,55,,30,5,27,3,24,0.8888888888888888,-0.7777777777777778,False,60
mkg_w,mkgw_mhyper_native,relation,56,,288,48,167,28,139,0.8323353293413174,-0.6646706586826348,True,60
mkg_w,mkgw_mhyper_native,relation,57,,72,12,45,2,43,0.9555555555555556,-0.9111111111111111,True,60
mkg_w,mkgw_mhyper_native,relation,58,,198,33,139,36,103,0.7410071942446043,-0.48201438848920863,True,60
mkg_w,mkgw_mhyper_native,relation,59,,162,27,115,42,73,0.6347826086956522,-0.26956521739130435,True,60
mkg_w,mkgw_mhyper_native,relation,61,,102,17,72,24,48,0.6666666666666666,-0.3333333333333333,True,60
mkg_w,mkgw_mhyper_native,relation,62,,30,5,25,8,17,0.68,-0.36,False,60
mkg_w,mkgw_mhyper_native,relation,64,,96,16,36,9,27,0.75,-0.5,True,60
mkg_w,mkgw_mhyper_native,relation,65,,12,2,12,5,7,0.5833333333333334,-0.16666666666666666,False,60
mkg_w,mkgw_mhyper_native,relation,66,,30,5,5,4,1,0.8,0.6,False,60
mkg_w,mkgw_mhyper_native,relation,67,,48,8,43,11,32,0.7441860465116279,-0.4883720930232558,False,60
mkg_w,mkgw_mhyper_native,relation,68,,6,1,5,1,4,0.8,-0.6,False,60
mkg_w,mkgw_mhyper_native,relation,69,,12,2,11,1,10,0.9090909090909091,-0.8181818181818182,False,60
mkg_w,mkgw_mhyper_native,relation,71,,24,4,20,3,17,0.85,-0.7,False,60
mkg_w,mkgw_mhyper_native,relation,72,,162,27,132,28,104,0.7878787878787878,-0.5757575757575758,True,60
mkg_w,mkgw_mhyper_native,relation,73,,12,2,7,1,6,0.8571428571428571,-0.7142857142857143,False,60
mkg_w,mkgw_mhyper_native,relation,74,,6,1,0,0,0,,,False,60
mkg_w,mkgw_mhyper_native,relation,75,,12,2,6,0,6,1.0,-1.0,False,60
mkg_w,mkgw_mhyper_native,relation,77,,72,12,53,16,37,0.6981132075471698,-0.39622641509433965,True,60
mkg_w,mkgw_mhyper_native,relation,79,,48,8,29,4,25,0.8620689655172413,-0.7241379310344828,False,60
mkg_w,mkgw_mhyper_native,relation,80,,30,5,16,7,9,0.5625,-0.125,False,60
mkg_w,mkgw_mhyper_native,relation,81,,12,2,9,2,7,0.7777777777777778,-0.5555555555555556,False,60
mkg_w,mkgw_mhyper_native,relation,82,,6,1,2,0,2,1.0,-1.0,False,60
mkg_w,mkgw_mhyper_native,relation,84,,36,6,6,1,5,0.8333333333333334,-0.6666666666666666,False,60
mkg_w,mkgw_mhyper_native,relation,86,,36,6,16,0,16,1.0,-1.0,False,60
mkg_w,mkgw_mhyper_native,relation,87,,12,2,12,1,11,0.9166666666666666,-0.8333333333333334,False,60
mkg_w,mkgw_mhyper_native,relation,88,,6,1,3,1,2,0.6666666666666666,-0.3333333333333333,False,60
mkg_w,mkgw_mhyper_native,relation,89,,48,8,36,10,26,0.7222222222222222,-0.4444444444444444,False,60
mkg_w,mkgw_mhyper_native,relation,93,,36,6,25,4,21,0.84,-0.68,False,60
mkg_w,mkgw_mhyper_native,relation,94,,6,1,3,2,1,0.6666666666666666,0.3333333333333333,False,60
mkg_w,mkgw_mhyper_native,relation,100,,6,1,5,0,5,1.0,-1.0,False,60
mkg_w,mkgw_mhyper_native,relation,101,,6,1,3,0,3,1.0,-1.0,False,60
mkg_w,mkgw_mhyper_native,relation,104,,42,7,19,4,15,0.7894736842105263,-0.5789473684210527,False,60
mkg_w,mkgw_mhyper_native,relation,105,,6,1,3,0,3,1.0,-1.0,False,60
mkg_w,mkgw_mhyper_native,relation,107,,18,3,15,1,14,0.9333333333333333,-0.8666666666666667,False,60
mkg_w,mkgw_mhyper_native,relation,109,,6,1,6,3,3,0.5,0.0,False,60
mkg_w,mkgw_mhyper_native,relation,112,,6,1,6,0,6,1.0,-1.0,False,60
mkg_w,mkgw_mhyper_native,relation,114,,6,1,6,0,6,1.0,-1.0,False,60
mkg_w,mkgw_mhyper_native,relation,116,,6,1,5,2,3,0.6,-0.2,False,60
mkg_w,mkgw_mhyper_native,relation,117,,6,1,5,4,1,0.8,0.6,False,60
mkg_w,mkgw_mhyper_native,relation,123,,6,1,6,3,3,0.5,0.0,False,60
mkg_w,mkgw_mhyper_native,relation,127,,12,2,5,3,2,0.6,0.2,False,60
mkg_w,mkgw_mhyper_native,relation,130,,6,1,0,0,0,,,False,60
mkg_w,mkgw_mhyper_native,relation,136,,6,1,6,0,6,1.0,-1.0,False,60
mkg_w,mkgw_mhyper_native,relation,138,,6,1,5,0,5,1.0,-1.0,False,60
mkg_w,mkgw_mhyper_native,relation,141,,6,1,2,0,2,1.0,-1.0,False,60
mkg_w,mkgw_mhyper_native,relation,144,,6,1,3,3,0,1.0,1.0,False,60
mkg_w,mkgw_mhyper_native,relation,147,,6,1,6,1,5,0.8333333333333334,-0.6666666666666666,False,60
mkg_w,mkgw_mhyper_native,relation,152,,12,2,9,0,9,1.0,-1.0,False,60
mkg_w,mkgw_mhyper_native,relation,155,,6,1,6,2,4,0.6666666666666666,-0.3333333333333333,False,60
mkg_w,mkgw_mhyper_native,relation,160,,6,1,3,0,3,1.0,-1.0,False,60
mkg_w,mkgw_mhyper_native,relation,168,,6,1,6,0,6,1.0,-1.0,False,60
mkg_w,mkgw_mhyper_native,relation_x_direction,0,head,2487,829,2274,374,1900,0.8355321020228672,-0.6710642040457344,True,60
mkg_w,mkgw_mhyper_native,relation_x_direction,0,tail,2487,829,2066,339,1727,0.8359148112294289,-0.6718296224588577,True,60
mkg_w,mkgw_mhyper_native,relation_x_direction,1,head,402,134,200,45,155,0.775,-0.55,True,60
mkg_w,mkgw_mhyper_native,relation_x_direction,1,tail,402,134,121,29,92,0.7603305785123967,-0.5206611570247934,True,60
mkg_w,mkgw_mhyper_native,relation_x_direction,2,head,408,136,384,124,260,0.6770833333333334,-0.3541666666666667,True,60
mkg_w,mkgw_mhyper_native,relation_x_direction,2,tail,408,136,118,27,91,0.7711864406779662,-0.5423728813559322,True,60
mkg_w,mkgw_mhyper_native,relation_x_direction,3,head,426,142,271,157,114,0.5793357933579336,0.15867158671586715,True,60
mkg_w,mkgw_mhyper_native,relation_x_direction,3,tail,426,142,211,51,160,0.7582938388625592,-0.5165876777251185,True,60
mkg_w,mkgw_mhyper_native,relation_x_direction,4,head,99,33,94,31,63,0.6702127659574468,-0.3404255319148936,True,60
mkg_w,mkgw_mhyper_native,relation_x_direction,4,tail,99,33,34,16,18,0.5294117647058824,-0.058823529411764705,True,60
mkg_w,mkgw_mhyper_native,relation_x_direction,5,head,462,154,321,64,257,0.8006230529595015,-0.6012461059190031,True,60
mkg_w,mkgw_mhyper_native,relation_x_direction,5,tail,462,154,199,40,159,0.7989949748743719,-0.5979899497487438,True,60
mkg_w,mkgw_mhyper_native,relation_x_direction,6,head,174,58,144,25,119,0.8263888888888888,-0.6527777777777778,True,60
mkg_w,mkgw_mhyper_native,relation_x_direction,6,tail,174,58,91,23,68,0.7472527472527473,-0.4945054945054945,True,60
mkg_w,mkgw_mhyper_native,relation_x_direction,7,head,360,120,330,57,273,0.8272727272727273,-0.6545454545454545,True,60
mkg_w,mkgw_mhyper_native,relation_x_direction,7,tail,360,120,253,25,228,0.9011857707509882,-0.8023715415019763,True,60
mkg_w,mkgw_mhyper_native,relation_x_direction,8,head,285,95,48,23,25,0.5208333333333334,-0.041666666666666664,True,60
mkg_w,mkgw_mhyper_native,relation_x_direction,8,tail,285,95,50,25,25,0.5,0.0,True,60
mkg_w,mkgw_mhyper_native,relation_x_direction,9,head,213,71,137,53,84,0.6131386861313869,-0.22627737226277372,True,60
mkg_w,mkgw_mhyper_native,relation_x_direction,9,tail,213,71,61,28,33,0.5409836065573771,-0.08196721311475409,True,60
mkg_w,mkgw_mhyper_native,relation_x_direction,10,head,126,42,108,22,86,0.7962962962962963,-0.5925925925925926,True,60
mkg_w,mkgw_mhyper_native,relation_x_direction,10,tail,126,42,43,6,37,0.8604651162790697,-0.7209302325581395,True,60
mkg_w,mkgw_mhyper_native,relation_x_direction,11,head,534,178,482,73,409,0.8485477178423236,-0.6970954356846473,True,60
mkg_w,mkgw_mhyper_native,relation_x_direction,11,tail,534,178,339,55,284,0.8377581120943953,-0.6755162241887905,True,60
mkg_w,mkgw_mhyper_native,relation_x_direction,12,head,54,18,50,14,36,0.72,-0.44,False,60
mkg_w,mkgw_mhyper_native,relation_x_direction,12,tail,54,18,9,6,3,0.6666666666666666,0.3333333333333333,False,60
mkg_w,mkgw_mhyper_native,relation_x_direction,13,head,1386,462,1300,336,964,0.7415384615384616,-0.48307692307692307,True,60
mkg_w,mkgw_mhyper_native,relation_x_direction,13,tail,1386,462,102,28,74,0.7254901960784313,-0.45098039215686275,True,60
mkg_w,mkgw_mhyper_native,relation_x_direction,14,head,228,76,41,15,26,0.6341463414634146,-0.2682926829268293,True,60
mkg_w,mkgw_mhyper_native,relation_x_direction,14,tail,228,76,47,20,27,0.574468085106383,-0.14893617021276595,True,60
mkg_w,mkgw_mhyper_native,relation_x_direction,15,head,123,41,112,21,91,0.8125,-0.625,True,60
mkg_w,mkgw_mhyper_native,relation_x_direction,15,tail,123,41,32,7,25,0.78125,-0.5625,True,60
mkg_w,mkgw_mhyper_native,relation_x_direction,16,head,387,129,295,128,167,0.5661016949152542,-0.13220338983050847,True,60
mkg_w,mkgw_mhyper_native,relation_x_direction,16,tail,387,129,216,78,138,0.6388888888888888,-0.2777777777777778,True,60
mkg_w,mkgw_mhyper_native,relation_x_direction,18,head,504,168,470,128,342,0.7276595744680852,-0.4553191489361702,True,60
mkg_w,mkgw_mhyper_native,relation_x_direction,18,tail,504,168,337,85,252,0.7477744807121661,-0.49554896142433236,True,60
mkg_w,mkgw_mhyper_native,relation_x_direction,19,head,69,23,57,10,47,0.8245614035087719,-0.6491228070175439,True,60
mkg_w,mkgw_mhyper_native,relation_x_direction,19,tail,69,23,23,4,19,0.8260869565217391,-0.6521739130434783,True,60
mkg_w,mkgw_mhyper_native,relation_x_direction,20,head,18,6,16,3,13,0.8125,-0.625,False,60
mkg_w,mkgw_mhyper_native,relation_x_direction,20,tail,18,6,0,0,0,,,False,60
mkg_w,mkgw_mhyper_native,relation_x_direction,21,head,378,126,328,85,243,0.7408536585365854,-0.4817073170731707,True,60
mkg_w,mkgw_mhyper_native,relation_x_direction,21,tail,378,126,43,8,35,0.813953488372093,-0.627906976744186,True,60
mkg_w,mkgw_mhyper_native,relation_x_direction,22,head,564,188,301,70,231,0.7674418604651163,-0.5348837209302325,True,60
mkg_w,mkgw_mhyper_native,relation_x_direction,22,tail,564,188,203,33,170,0.8374384236453202,-0.6748768472906403,True,60
mkg_w,mkgw_mhyper_native,relation_x_direction,23,head,18,6,1,0,1,1.0,-1.0,False,60
mkg_w,mkgw_mhyper_native,relation_x_direction,23,tail,18,6,1,0,1,1.0,-1.0,False,60
mkg_w,mkgw_mhyper_native,relation_x_direction,24,head,12,4,4,4,0,1.0,1.0,False,60
mkg_w,mkgw_mhyper_native,relation_x_direction,24,tail,12,4,3,3,0,1.0,1.0,False,60
mkg_w,mkgw_mhyper_native,relation_x_direction,25,head,12,4,12,2,10,0.8333333333333334,-0.6666666666666666,False,60
mkg_w,mkgw_mhyper_native,relation_x_direction,25,tail,12,4,0,0,0,,,False,60
mkg_w,mkgw_mhyper_native,relation_x_direction,26,head,24,8,1,1,0,1.0,1.0,False,60
mkg_w,mkgw_mhyper_native,relation_x_direction,26,tail,24,8,1,0,1,1.0,-1.0,False,60
mkg_w,mkgw_mhyper_native,relation_x_direction,27,head,39,13,39,6,33,0.8461538461538461,-0.6923076923076923,False,60
mkg_w,mkgw_mhyper_native,relation_x_direction,27,tail,39,13,24,0,24,1.0,-1.0,False,60
mkg_w,mkgw_mhyper_native,relation_x_direction,28,head,3,1,0,0,0,,,False,60
mkg_w,mkgw_mhyper_native,relation_x_direction,28,tail,3,1,0,0,0,,,False,60
mkg_w,mkgw_mhyper_native,relation_x_direction,29,head,225,75,95,38,57,0.6,-0.2,True,60
mkg_w,mkgw_mhyper_native,relation_x_direction,29,tail,225,75,95,43,52,0.5473684210526316,-0.09473684210526316,True,60
mkg_w,mkgw_mhyper_native,relation_x_direction,30,head,375,125,331,109,222,0.6706948640483383,-0.3413897280966767,True,60
mkg_w,mkgw_mhyper_native,relation_x_direction,30,tail,375,125,264,60,204,0.7727272727272727,-0.5454545454545454,True,60
mkg_w,mkgw_mhyper_native,relation_x_direction,31,head,225,75,213,28,185,0.8685446009389671,-0.7370892018779343,True,60
mkg_w,mkgw_mhyper_native,relation_x_direction,31,tail,225,75,181,56,125,0.6906077348066298,-0.3812154696132597,True,60
mkg_w,mkgw_mhyper_native,relation_x_direction,32,head,243,81,223,52,171,0.7668161434977578,-0.5336322869955157,True,60
mkg_w,mkgw_mhyper_native,relation_x_direction,32,tail,243,81,102,18,84,0.8235294117647058,-0.6470588235294118,True,60
mkg_w,mkgw_mhyper_native,relation_x_direction,33,head,42,14,40,2,38,0.95,-0.9,False,60
mkg_w,mkgw_mhyper_native,relation_x_direction,33,tail,42,14,22,7,15,0.6818181818181818,-0.36363636363636365,False,60
mkg_w,mkgw_mhyper_native,relation_x_direction,34,head,276,92,223,49,174,0.7802690582959642,-0.5605381165919282,True,60
mkg_w,mkgw_mhyper_native,relation_x_direction,34,tail,276,92,73,23,50,0.684931506849315,-0.3698630136986301,True,60
mkg_w,mkgw_mhyper_native,relation_x_direction,35,head,15,5,15,4,11,0.7333333333333333,-0.4666666666666667,False,60
mkg_w,mkgw_mhyper_native,relation_x_direction,35,tail,15,5,2,2,0,1.0,1.0,False,60
mkg_w,mkgw_mhyper_native,relation_x_direction,36,head,9,3,7,0,7,1.0,-1.0,False,60
mkg_w,mkgw_mhyper_native,relation_x_direction,36,tail,9,3,3,0,3,1.0,-1.0,False,60
mkg_w,mkgw_mhyper_native,relation_x_direction,37,head,123,41,96,22,74,0.7708333333333334,-0.5416666666666666,True,60
mkg_w,mkgw_mhyper_native,relation_x_direction,37,tail,123,41,41,6,35,0.8536585365853658,-0.7073170731707317,True,60
mkg_w,mkgw_mhyper_native,relation_x_direction,38,head,21,7,13,6,7,0.5384615384615384,-0.07692307692307693,False,60
mkg_w,mkgw_mhyper_native,relation_x_direction,38,tail,21,7,10,2,8,0.8,-0.6,False,60
mkg_w,mkgw_mhyper_native,relation_x_direction,39,head,42,14,10,1,9,0.9,-0.8,False,60
mkg_w,mkgw_mhyper_native,relation_x_direction,39,tail,42,14,9,3,6,0.6666666666666666,-0.3333333333333333,False,60
mkg_w,mkgw_mhyper_native,relation_x_direction,40,head,45,15,34,3,31,0.9117647058823529,-0.8235294117647058,False,60
mkg_w,mkgw_mhyper_native,relation_x_direction,40,tail,45,15,22,2,20,0.9090909090909091,-0.8181818181818182,False,60
mkg_w,mkgw_mhyper_native,relation_x_direction,41,head,33,11,26,4,22,0.8461538461538461,-0.6923076923076923,False,60
mkg_w,mkgw_mhyper_native,relation_x_direction,41,tail,33,11,2,0,2,1.0,-1.0,False,60
mkg_w,mkgw_mhyper_native,relation_x_direction,43,head,3,1,3,0,3,1.0,-1.0,False,60
mkg_w,mkgw_mhyper_native,relation_x_direction,43,tail,3,1,2,0,2,1.0,-1.0,False,60
mkg_w,mkgw_mhyper_native,relation_x_direction,44,head,39,13,37,14,23,0.6216216216216216,-0.24324324324324326,False,60
mkg_w,mkgw_mhyper_native,relation_x_direction,44,tail,39,13,16,3,13,0.8125,-0.625,False,60
mkg_w,mkgw_mhyper_native,relation_x_direction,45,head,27,9,24,6,18,0.75,-0.5,False,60
mkg_w,mkgw_mhyper_native,relation_x_direction,45,tail,27,9,6,2,4,0.6666666666666666,-0.3333333333333333,False,60
mkg_w,mkgw_mhyper_native,relation_x_direction,46,head,33,11,9,1,8,0.8888888888888888,-0.7777777777777778,False,60
mkg_w,mkgw_mhyper_native,relation_x_direction,46,tail,33,11,5,1,4,0.8,-0.6,False,60
mkg_w,mkgw_mhyper_native,relation_x_direction,48,head,96,32,69,32,37,0.5362318840579711,-0.07246376811594203,True,60
mkg_w,mkgw_mhyper_native,relation_x_direction,48,tail,96,32,59,11,48,0.8135593220338984,-0.6271186440677966,True,60
mkg_w,mkgw_mhyper_native,relation_x_direction,49,head,39,13,37,8,29,0.7837837837837838,-0.5675675675675675,False,60
mkg_w,mkgw_mhyper_native,relation_x_direction,49,tail,39,13,5,0,5,1.0,-1.0,False,60
mkg_w,mkgw_mhyper_native,relation_x_direction,50,head,117,39,78,28,50,0.6410256410256411,-0.28205128205128205,True,60
mkg_w,mkgw_mhyper_native,relation_x_direction,50,tail,117,39,52,9,43,0.8269230769230769,-0.6538461538461539,True,60
mkg_w,mkgw_mhyper_native,relation_x_direction,51,head,15,5,15,4,11,0.7333333333333333,-0.4666666666666667,False,60
mkg_w,mkgw_mhyper_native,relation_x_direction,51,tail,15,5,6,2,4,0.6666666666666666,-0.3333333333333333,False,60
mkg_w,mkgw_mhyper_native,relation_x_direction,52,head,12,4,7,2,5,0.7142857142857143,-0.42857142857142855,False,60
mkg_w,mkgw_mhyper_native,relation_x_direction,52,tail,12,4,8,2,6,0.75,-0.5,False,60
mkg_w,mkgw_mhyper_native,relation_x_direction,53,head,51,17,42,4,38,0.9047619047619048,-0.8095238095238095,False,60
mkg_w,mkgw_mhyper_native,relation_x_direction,53,tail,51,17,11,3,8,0.7272727272727273,-0.45454545454545453,False,60
mkg_w,mkgw_mhyper_native,relation_x_direction,54,head,6,2,6,5,1,0.8333333333333334,0.6666666666666666,False,60
mkg_w,mkgw_mhyper_native,relation_x_direction,54,tail,6,2,5,3,2,0.6,0.2,False,60
mkg_w,mkgw_mhyper_native,relation_x_direction,55,head,15,5,15,3,12,0.8,-0.6,False,60
mkg_w,mkgw_mhyper_native,relation_x_direction,55,tail,15,5,12,0,12,1.0,-1.0,False,60
mkg_w,mkgw_mhyper_native,relation_x_direction,56,head,144,48,113,22,91,0.8053097345132744,-0.6106194690265486,True,60
mkg_w,mkgw_mhyper_native,relation_x_direction,56,tail,144,48,54,6,48,0.8888888888888888,-0.7777777777777778,True,60
mkg_w,mkgw_mhyper_native,relation_x_direction,57,head,36,12,31,2,29,0.9354838709677419,-0.8709677419354839,False,60
mkg_w,mkgw_mhyper_native,relation_x_direction,57,tail,36,12,14,0,14,1.0,-1.0,False,60
mkg_w,mkgw_mhyper_native,relation_x_direction,58,head,99,33,77,17,60,0.7792207792207793,-0.5584415584415584,True,60
mkg_w,mkgw_mhyper_native,relation_x_direction,58,tail,99,33,62,19,43,0.6935483870967742,-0.3870967741935484,True,60
mkg_w,mkgw_mhyper_native,relation_x_direction,59,head,81,27,72,22,50,0.6944444444444444,-0.3888888888888889,True,60
mkg_w,mkgw_mhyper_native,relation_x_direction,59,tail,81,27,43,20,23,0.5348837209302325,-0.06976744186046512,True,60
mkg_w,mkgw_mhyper_native,relation_x_direction,61,head,51,17,51,14,37,0.7254901960784313,-0.45098039215686275,False,60
mkg_w,mkgw_mhyper_native,relation_x_direction,61,tail,51,17,21,10,11,0.5238095238095238,-0.047619047619047616,False,60
mkg_w,mkgw_mhyper_native,relation_x_direction,62,head,15,5,10,7,3,0.7,0.4,False,60
mkg_w,mkgw_mhyper_native,relation_x_direction,62,tail,15,5,15,1,14,0.9333333333333333,-0.8666666666666667,False,60
mkg_w,mkgw_mhyper_native,relation_x_direction,64,head,48,16,25,5,20,0.8,-0.6,False,60
mkg_w,mkgw_mhyper_native,relation_x_direction,64,tail,48,16,11,4,7,0.6363636363636364,-0.2727272727272727,False,60
mkg_w,mkgw_mhyper_native,relation_x_direction,65,head,6,2,6,4,2,0.6666666666666666,0.3333333333333333,False,60
mkg_w,mkgw_mhyper_native,relation_x_direction,65,tail,6,2,6,1,5,0.8333333333333334,-0.6666666666666666,False,60
mkg_w,mkgw_mhyper_native,relation_x_direction,66,head,15,5,3,3,0,1.0,1.0,False,60
mkg_w,mkgw_mhyper_native,relation_x_direction,66,tail,15,5,2,1,1,0.5,0.0,False,60
mkg_w,mkgw_mhyper_native,relation_x_direction,67,head,24,8,22,8,14,0.6363636363636364,-0.2727272727272727,False,60
mkg_w,mkgw_mhyper_native,relation_x_direction,67,tail,24,8,21,3,18,0.8571428571428571,-0.7142857142857143,False,60
mkg_w,mkgw_mhyper_native,relation_x_direction,68,head,3,1,3,1,2,0.6666666666666666,-0.3333333333333333,False,60
mkg_w,mkgw_mhyper_native,relation_x_direction,68,tail,3,1,2,0,2,1.0,-1.0,False,60
mkg_w,mkgw_mhyper_native,relation_x_direction,69,head,6,2,6,0,6,1.0,-1.0,False,60
mkg_w,mkgw_mhyper_native,relation_x_direction,69,tail,6,2,5,1,4,0.8,-0.6,False,60
mkg_w,mkgw_mhyper_native,relation_x_direction,71,head,12,4,12,2,10,0.8333333333333334,-0.6666666666666666,False,60
mkg_w,mkgw_mhyper_native,relation_x_direction,71,tail,12,4,8,1,7,0.875,-0.75,False,60
mkg_w,mkgw_mhyper_native,relation_x_direction,72,head,81,27,74,15,59,0.7972972972972973,-0.5945945945945946,True,60
mkg_w,mkgw_mhyper_native,relation_x_direction,72,tail,81,27,58,13,45,0.7758620689655172,-0.5517241379310345,True,60
mkg_w,mkgw_mhyper_native,relation_x_direction,73,head,6,2,6,1,5,0.8333333333333334,-0.6666666666666666,False,60
mkg_w,mkgw_mhyper_native,relation_x_direction,73,tail,6,2,1,0,1,1.0,-1.0,False,60
mkg_w,mkgw_mhyper_native,relation_x_direction,74,head,3,1,0,0,0,,,False,60
mkg_w,mkgw_mhyper_native,relation_x_direction,74,tail,3,1,0,0,0,,,False,60
mkg_w,mkgw_mhyper_native,relation_x_direction,75,head,6,2,2,0,2,1.0,-1.0,False,60
mkg_w,mkgw_mhyper_native,relation_x_direction,75,tail,6,2,4,0,4,1.0,-1.0,False,60
mkg_w,mkgw_mhyper_native,relation_x_direction,77,head,36,12,29,9,20,0.6896551724137931,-0.3793103448275862,False,60
mkg_w,mkgw_mhyper_native,relation_x_direction,77,tail,36,12,24,7,17,0.7083333333333334,-0.4166666666666667,False,60
mkg_w,mkgw_mhyper_native,relation_x_direction,79,head,24,8,22,4,18,0.8181818181818182,-0.6363636363636364,False,60
mkg_w,mkgw_mhyper_native,relation_x_direction,79,tail,24,8,7,0,7,1.0,-1.0,False,60
mkg_w,mkgw_mhyper_native,relation_x_direction,80,head,15,5,14,7,7,0.5,0.0,False,60
mkg_w,mkgw_mhyper_native,relation_x_direction,80,tail,15,5,2,0,2,1.0,-1.0,False,60
mkg_w,mkgw_mhyper_native,relation_x_direction,81,head,6,2,5,1,4,0.8,-0.6,False,60
mkg_w,mkgw_mhyper_native,relation_x_direction,81,tail,6,2,4,1,3,0.75,-0.5,False,60
mkg_w,mkgw_mhyper_native,relation_x_direction,82,head,3,1,1,0,1,1.0,-1.0,False,60
mkg_w,mkgw_mhyper_native,relation_x_direction,82,tail,3,1,1,0,1,1.0,-1.0,False,60
mkg_w,mkgw_mhyper_native,relation_x_direction,84,head,18,6,3,1,2,0.6666666666666666,-0.3333333333333333,False,60
mkg_w,mkgw_mhyper_native,relation_x_direction,84,tail,18,6,3,0,3,1.0,-1.0,False,60
mkg_w,mkgw_mhyper_native,relation_x_direction,86,head,18,6,16,0,16,1.0,-1.0,False,60
mkg_w,mkgw_mhyper_native,relation_x_direction,86,tail,18,6,0,0,0,,,False,60
mkg_w,mkgw_mhyper_native,relation_x_direction,87,head,6,2,6,0,6,1.0,-1.0,False,60
mkg_w,mkgw_mhyper_native,relation_x_direction,87,tail,6,2,6,1,5,0.8333333333333334,-0.6666666666666666,False,60
mkg_w,mkgw_mhyper_native,relation_x_direction,88,head,3,1,2,0,2,1.0,-1.0,False,60
mkg_w,mkgw_mhyper_native,relation_x_direction,88,tail,3,1,1,1,0,1.0,1.0,False,60
mkg_w,mkgw_mhyper_native,relation_x_direction,89,head,24,8,20,5,15,0.75,-0.5,False,60
mkg_w,mkgw_mhyper_native,relation_x_direction,89,tail,24,8,16,5,11,0.6875,-0.375,False,60
mkg_w,mkgw_mhyper_native,relation_x_direction,93,head,18,6,17,2,15,0.8823529411764706,-0.7647058823529411,False,60
mkg_w,mkgw_mhyper_native,relation_x_direction,93,tail,18,6,8,2,6,0.75,-0.5,False,60
mkg_w,mkgw_mhyper_native,relation_x_direction,94,head,3,1,3,2,1,0.6666666666666666,0.3333333333333333,False,60
mkg_w,mkgw_mhyper_native,relation_x_direction,94,tail,3,1,0,0,0,,,False,60
mkg_w,mkgw_mhyper_native,relation_x_direction,100,head,3,1,3,0,3,1.0,-1.0,False,60
mkg_w,mkgw_mhyper_native,relation_x_direction,100,tail,3,1,2,0,2,1.0,-1.0,False,60
mkg_w,mkgw_mhyper_native,relation_x_direction,101,head,3,1,0,0,0,,,False,60
mkg_w,mkgw_mhyper_native,relation_x_direction,101,tail,3,1,3,0,3,1.0,-1.0,False,60
mkg_w,mkgw_mhyper_native,relation_x_direction,104,head,21,7,11,1,10,0.9090909090909091,-0.8181818181818182,False,60
mkg_w,mkgw_mhyper_native,relation_x_direction,104,tail,21,7,8,3,5,0.625,-0.25,False,60
mkg_w,mkgw_mhyper_native,relation_x_direction,105,head,3,1,3,0,3,1.0,-1.0,False,60
mkg_w,mkgw_mhyper_native,relation_x_direction,105,tail,3,1,0,0,0,,,False,60
mkg_w,mkgw_mhyper_native,relation_x_direction,107,head,9,3,8,1,7,0.875,-0.75,False,60
mkg_w,mkgw_mhyper_native,relation_x_direction,107,tail,9,3,7,0,7,1.0,-1.0,False,60
mkg_w,mkgw_mhyper_native,relation_x_direction,109,head,3,1,3,3,0,1.0,1.0,False,60
mkg_w,mkgw_mhyper_native,relation_x_direction,109,tail,3,1,3,0,3,1.0,-1.0,False,60
mkg_w,mkgw_mhyper_native,relation_x_direction,112,head,3,1,3,0,3,1.0,-1.0,False,60
mkg_w,mkgw_mhyper_native,relation_x_direction,112,tail,3,1,3,0,3,1.0,-1.0,False,60
mkg_w,mkgw_mhyper_native,relation_x_direction,114,head,3,1,3,0,3,1.0,-1.0,False,60
mkg_w,mkgw_mhyper_native,relation_x_direction,114,tail,3,1,3,0,3,1.0,-1.0,False,60
mkg_w,mkgw_mhyper_native,relation_x_direction,116,head,3,1,2,2,0,1.0,1.0,False,60
mkg_w,mkgw_mhyper_native,relation_x_direction,116,tail,3,1,3,0,3,1.0,-1.0,False,60
mkg_w,mkgw_mhyper_native,relation_x_direction,117,head,3,1,2,1,1,0.5,0.0,False,60
mkg_w,mkgw_mhyper_native,relation_x_direction,117,tail,3,1,3,3,0,1.0,1.0,False,60
mkg_w,mkgw_mhyper_native,relation_x_direction,123,head,3,1,3,3,0,1.0,1.0,False,60
mkg_w,mkgw_mhyper_native,relation_x_direction,123,tail,3,1,3,0,3,1.0,-1.0,False,60
mkg_w,mkgw_mhyper_native,relation_x_direction,127,head,6,2,5,3,2,0.6,0.2,False,60
mkg_w,mkgw_mhyper_native,relation_x_direction,127,tail,6,2,0,0,0,,,False,60
mkg_w,mkgw_mhyper_native,relation_x_direction,130,head,3,1,0,0,0,,,False,60
mkg_w,mkgw_mhyper_native,relation_x_direction,130,tail,3,1,0,0,0,,,False,60
mkg_w,mkgw_mhyper_native,relation_x_direction,136,head,3,1,3,0,3,1.0,-1.0,False,60
mkg_w,mkgw_mhyper_native,relation_x_direction,136,tail,3,1,3,0,3,1.0,-1.0,False,60
mkg_w,mkgw_mhyper_native,relation_x_direction,138,head,3,1,3,0,3,1.0,-1.0,False,60
mkg_w,mkgw_mhyper_native,relation_x_direction,138,tail,3,1,2,0,2,1.0,-1.0,False,60
mkg_w,mkgw_mhyper_native,relation_x_direction,141,head,3,1,0,0,0,,,False,60
mkg_w,mkgw_mhyper_native,relation_x_direction,141,tail,3,1,2,0,2,1.0,-1.0,False,60
mkg_w,mkgw_mhyper_native,relation_x_direction,144,head,3,1,3,3,0,1.0,1.0,False,60
mkg_w,mkgw_mhyper_native,relation_x_direction,144,tail,3,1,0,0,0,,,False,60
mkg_w,mkgw_mhyper_native,relation_x_direction,147,head,3,1,3,1,2,0.6666666666666666,-0.3333333333333333,False,60
mkg_w,mkgw_mhyper_native,relation_x_direction,147,tail,3,1,3,0,3,1.0,-1.0,False,60
mkg_w,mkgw_mhyper_native,relation_x_direction,152,head,6,2,6,0,6,1.0,-1.0,False,60
mkg_w,mkgw_mhyper_native,relation_x_direction,152,tail,6,2,3,0,3,1.0,-1.0,False,60
mkg_w,mkgw_mhyper_native,relation_x_direction,155,head,3,1,3,2,1,0.6666666666666666,0.3333333333333333,False,60
mkg_w,mkgw_mhyper_native,relation_x_direction,155,tail,3,1,3,0,3,1.0,-1.0,False,60
mkg_w,mkgw_mhyper_native,relation_x_direction,160,head,3,1,3,0,3,1.0,-1.0,False,60
mkg_w,mkgw_mhyper_native,relation_x_direction,160,tail,3,1,0,0,0,,,False,60
mkg_w,mkgw_mhyper_native,relation_x_direction,168,head,3,1,3,0,3,1.0,-1.0,False,60
mkg_w,mkgw_mhyper_native,relation_x_direction,168,tail,3,1,3,0,3,1.0,-1.0,False,60
mkg_w,mkgw_native_adamf,direction,,head,12828,4276,9630,3992,5638,0.5854620976116304,-0.17092419522326063,True,60
mkg_w,mkgw_native_adamf,direction,,tail,12828,4276,6074,1464,4610,0.7589726703984195,-0.517945340796839,True,60
mkg_w,mkgw_native_adamf,relation,0,,4974,829,4121,1696,2425,0.5884494054841058,-0.1768988109682116,True,60
mkg_w,mkgw_native_adamf,relation,1,,804,134,341,113,228,0.6686217008797654,-0.33724340175953077,True,60
mkg_w,mkgw_native_adamf,relation,2,,816,136,518,121,397,0.7664092664092664,-0.5328185328185329,True,60
mkg_w,mkgw_native_adamf,relation,3,,852,142,491,116,375,0.7637474541751528,-0.5274949083503055,True,60
mkg_w,mkgw_native_adamf,relation,4,,198,33,134,51,83,0.6194029850746269,-0.23880597014925373,True,60
mkg_w,mkgw_native_adamf,relation,5,,924,154,515,213,302,0.5864077669902913,-0.17281553398058253,True,60
mkg_w,mkgw_native_adamf,relation,6,,348,58,216,72,144,0.6666666666666666,-0.3333333333333333,True,60
mkg_w,mkgw_native_adamf,relation,7,,720,120,527,253,274,0.5199240986717267,-0.03984819734345351,True,60
mkg_w,mkgw_native_adamf,relation,8,,570,95,114,38,76,0.6666666666666666,-0.3333333333333333,True,60
mkg_w,mkgw_native_adamf,relation,9,,426,71,221,30,191,0.8642533936651584,-0.7285067873303167,True,60
mkg_w,mkgw_native_adamf,relation,10,,252,42,137,59,78,0.5693430656934306,-0.1386861313868613,True,60
mkg_w,mkgw_native_adamf,relation,11,,1068,178,732,330,402,0.5491803278688525,-0.09836065573770492,True,60
mkg_w,mkgw_native_adamf,relation,12,,108,18,76,19,57,0.75,-0.5,True,60
mkg_w,mkgw_native_adamf,relation,13,,2772,462,1403,459,944,0.6728439059158945,-0.34568781183178904,True,60
mkg_w,mkgw_native_adamf,relation,14,,456,76,98,22,76,0.7755102040816326,-0.5510204081632653,True,60
mkg_w,mkgw_native_adamf,relation,15,,246,41,131,47,84,0.6412213740458015,-0.2824427480916031,True,60
mkg_w,mkgw_native_adamf,relation,16,,774,129,469,130,339,0.7228144989339019,-0.44562899786780386,True,60
mkg_w,mkgw_native_adamf,relation,18,,1008,168,726,162,564,0.7768595041322314,-0.5537190082644629,True,60
mkg_w,mkgw_native_adamf,relation,19,,138,23,88,26,62,0.7045454545454546,-0.4090909090909091,True,60
mkg_w,mkgw_native_adamf,relation,20,,36,6,21,1,20,0.9523809523809523,-0.9047619047619048,False,60
mkg_w,mkgw_native_adamf,relation,21,,756,126,354,136,218,0.615819209039548,-0.23163841807909605,True,60
mkg_w,mkgw_native_adamf,relation,22,,1128,188,538,207,331,0.6152416356877324,-0.23048327137546468,True,60
mkg_w,mkgw_native_adamf,relation,23,,36,6,8,0,8,1.0,-1.0,False,60
mkg_w,mkgw_native_adamf,relation,24,,24,4,5,0,5,1.0,-1.0,False,60
mkg_w,mkgw_native_adamf,relation,25,,24,4,13,4,9,0.6923076923076923,-0.38461538461538464,False,60
mkg_w,mkgw_native_adamf,relation,26,,48,8,7,1,6,0.8571428571428571,-0.7142857142857143,False,60
mkg_w,mkgw_native_adamf,relation,27,,78,13,57,15,42,0.7368421052631579,-0.47368421052631576,True,60
mkg_w,mkgw_native_adamf,relation,28,,6,1,0,0,0,,,False,60
mkg_w,mkgw_native_adamf,relation,29,,450,75,196,38,158,0.8061224489795918,-0.6122448979591837,True,60
mkg_w,mkgw_native_adamf,relation,30,,750,125,585,205,380,0.6495726495726496,-0.29914529914529914,True,60
mkg_w,mkgw_native_adamf,relation,31,,450,75,346,117,229,0.661849710982659,-0.3236994219653179,True,60
mkg_w,mkgw_native_adamf,relation,32,,486,81,297,103,194,0.6531986531986532,-0.3063973063973064,True,60
mkg_w,mkgw_native_adamf,relation,33,,84,14,52,21,31,0.5961538461538461,-0.19230769230769232,True,60
mkg_w,mkgw_native_adamf,relation,34,,552,92,295,94,201,0.6813559322033899,-0.36271186440677966,True,60
mkg_w,mkgw_native_adamf,relation,35,,30,5,17,2,15,0.8823529411764706,-0.7647058823529411,False,60
mkg_w,mkgw_native_adamf,relation,36,,18,3,8,2,6,0.75,-0.5,False,60
mkg_w,mkgw_native_adamf,relation,37,,246,41,140,46,94,0.6714285714285714,-0.34285714285714286,True,60
mkg_w,mkgw_native_adamf,relation,38,,42,7,35,7,28,0.8,-0.6,False,60
mkg_w,mkgw_native_adamf,relation,39,,84,14,27,10,17,0.6296296296296297,-0.25925925925925924,True,60
mkg_w,mkgw_native_adamf,relation,40,,90,15,48,11,37,0.7708333333333334,-0.5416666666666666,True,60
mkg_w,mkgw_native_adamf,relation,41,,66,11,26,5,21,0.8076923076923077,-0.6153846153846154,True,60
mkg_w,mkgw_native_adamf,relation,43,,6,1,2,0,2,1.0,-1.0,False,60
mkg_w,mkgw_native_adamf,relation,44,,78,13,51,14,37,0.7254901960784313,-0.45098039215686275,True,60
mkg_w,mkgw_native_adamf,relation,45,,54,9,25,14,11,0.56,0.12,False,60
mkg_w,mkgw_native_adamf,relation,46,,66,11,11,5,6,0.5454545454545454,-0.09090909090909091,True,60
mkg_w,mkgw_native_adamf,relation,48,,192,32,122,40,82,0.6721311475409836,-0.3442622950819672,True,60
mkg_w,mkgw_native_adamf,relation,49,,78,13,47,12,35,0.7446808510638298,-0.48936170212765956,True,60
mkg_w,mkgw_native_adamf,relation,50,,234,39,124,30,94,0.7580645161290323,-0.5161290322580645,True,60
mkg_w,mkgw_native_adamf,relation,51,,30,5,19,11,8,0.5789473684210527,0.15789473684210525,False,60
mkg_w,mkgw_native_adamf,relation,52,,24,4,15,5,10,0.6666666666666666,-0.3333333333333333,False,60
mkg_w,mkgw_native_adamf,relation,53,,102,17,45,5,40,0.8888888888888888,-0.7777777777777778,True,60
mkg_w,mkgw_native_adamf,relation,54,,12,2,12,5,7,0.5833333333333334,-0.16666666666666666,False,60
mkg_w,mkgw_native_adamf,relation,55,,30,5,22,10,12,0.5454545454545454,-0.09090909090909091,False,60
mkg_w,mkgw_native_adamf,relation,56,,288,48,156,70,86,0.5512820512820513,-0.10256410256410256,True,60
mkg_w,mkgw_native_adamf,relation,57,,72,12,43,6,37,0.8604651162790697,-0.7209302325581395,True,60
mkg_w,mkgw_native_adamf,relation,58,,198,33,129,48,81,0.627906976744186,-0.2558139534883721,True,60
mkg_w,mkgw_native_adamf,relation,59,,162,27,105,18,87,0.8285714285714286,-0.6571428571428571,True,60
mkg_w,mkgw_native_adamf,relation,61,,102,17,74,30,44,0.5945945945945946,-0.1891891891891892,True,60
mkg_w,mkgw_native_adamf,relation,62,,30,5,23,1,22,0.9565217391304348,-0.9130434782608695,False,60
mkg_w,mkgw_native_adamf,relation,64,,96,16,36,8,28,0.7777777777777778,-0.5555555555555556,True,60
mkg_w,mkgw_native_adamf,relation,65,,12,2,11,3,8,0.7272727272727273,-0.45454545454545453,False,60
mkg_w,mkgw_native_adamf,relation,66,,30,5,5,0,5,1.0,-1.0,False,60
mkg_w,mkgw_native_adamf,relation,67,,48,8,41,17,24,0.5853658536585366,-0.17073170731707318,False,60
mkg_w,mkgw_native_adamf,relation,68,,6,1,6,4,2,0.6666666666666666,0.3333333333333333,False,60
mkg_w,mkgw_native_adamf,relation,69,,12,2,8,2,6,0.75,-0.5,False,60
mkg_w,mkgw_native_adamf,relation,71,,24,4,17,5,12,0.7058823529411765,-0.4117647058823529,False,60
mkg_w,mkgw_native_adamf,relation,72,,162,27,118,31,87,0.7372881355932204,-0.4745762711864407,True,60
mkg_w,mkgw_native_adamf,relation,73,,12,2,6,3,3,0.5,0.0,False,60
mkg_w,mkgw_native_adamf,relation,74,,6,1,0,0,0,,,False,60
mkg_w,mkgw_native_adamf,relation,75,,12,2,0,0,0,,,False,60
mkg_w,mkgw_native_adamf,relation,77,,72,12,41,9,32,0.7804878048780488,-0.5609756097560976,True,60
mkg_w,mkgw_native_adamf,relation,79,,48,8,22,8,14,0.6363636363636364,-0.2727272727272727,False,60
mkg_w,mkgw_native_adamf,relation,80,,30,5,22,10,12,0.5454545454545454,-0.09090909090909091,False,60
mkg_w,mkgw_native_adamf,relation,81,,12,2,8,1,7,0.875,-0.75,False,60
mkg_w,mkgw_native_adamf,relation,82,,6,1,3,0,3,1.0,-1.0,False,60
mkg_w,mkgw_native_adamf,relation,84,,36,6,7,0,7,1.0,-1.0,False,60
mkg_w,mkgw_native_adamf,relation,86,,36,6,8,2,6,0.75,-0.5,False,60
mkg_w,mkgw_native_adamf,relation,87,,12,2,8,2,6,0.75,-0.5,False,60
mkg_w,mkgw_native_adamf,relation,88,,6,1,4,1,3,0.75,-0.5,False,60
mkg_w,mkgw_native_adamf,relation,89,,48,8,25,5,20,0.8,-0.6,False,60
mkg_w,mkgw_native_adamf,relation,93,,36,6,23,7,16,0.6956521739130435,-0.391304347826087,False,60
mkg_w,mkgw_native_adamf,relation,94,,6,1,3,0,3,1.0,-1.0,False,60
mkg_w,mkgw_native_adamf,relation,100,,6,1,6,2,4,0.6666666666666666,-0.3333333333333333,False,60
mkg_w,mkgw_native_adamf,relation,101,,6,1,4,2,2,0.5,0.0,False,60
mkg_w,mkgw_native_adamf,relation,104,,42,7,19,4,15,0.7894736842105263,-0.5789473684210527,False,60
mkg_w,mkgw_native_adamf,relation,105,,6,1,3,0,3,1.0,-1.0,False,60
mkg_w,mkgw_native_adamf,relation,107,,18,3,12,3,9,0.75,-0.5,False,60
mkg_w,mkgw_native_adamf,relation,109,,6,1,5,1,4,0.8,-0.6,False,60
mkg_w,mkgw_native_adamf,relation,112,,6,1,4,1,3,0.75,-0.5,False,60
mkg_w,mkgw_native_adamf,relation,114,,6,1,6,1,5,0.8333333333333334,-0.6666666666666666,False,60
mkg_w,mkgw_native_adamf,relation,116,,6,1,6,2,4,0.6666666666666666,-0.3333333333333333,False,60
mkg_w,mkgw_native_adamf,relation,117,,6,1,6,0,6,1.0,-1.0,False,60
mkg_w,mkgw_native_adamf,relation,123,,6,1,6,4,2,0.6666666666666666,0.3333333333333333,False,60
mkg_w,mkgw_native_adamf,relation,127,,12,2,5,0,5,1.0,-1.0,False,60
mkg_w,mkgw_native_adamf,relation,130,,6,1,2,0,2,1.0,-1.0,False,60
mkg_w,mkgw_native_adamf,relation,136,,6,1,3,0,3,1.0,-1.0,False,60
mkg_w,mkgw_native_adamf,relation,138,,6,1,6,1,5,0.8333333333333334,-0.6666666666666666,False,60
mkg_w,mkgw_native_adamf,relation,141,,6,1,0,0,0,,,False,60
mkg_w,mkgw_native_adamf,relation,144,,6,1,3,1,2,0.6666666666666666,-0.3333333333333333,False,60
mkg_w,mkgw_native_adamf,relation,147,,6,1,6,5,1,0.8333333333333334,0.6666666666666666,False,60
mkg_w,mkgw_native_adamf,relation,152,,12,2,6,1,5,0.8333333333333334,-0.6666666666666666,False,60
mkg_w,mkgw_native_adamf,relation,155,,6,1,6,2,4,0.6666666666666666,-0.3333333333333333,False,60
mkg_w,mkgw_native_adamf,relation,160,,6,1,4,1,3,0.75,-0.5,False,60
mkg_w,mkgw_native_adamf,relation,168,,6,1,6,1,5,0.8333333333333334,-0.6666666666666666,False,60
mkg_w,mkgw_native_adamf,relation_x_direction,0,head,2487,829,2164,995,1169,0.5402033271719039,-0.08040665434380777,True,60
mkg_w,mkgw_native_adamf,relation_x_direction,0,tail,2487,829,1957,701,1256,0.6417986714358712,-0.2835973428717425,True,60
mkg_w,mkgw_native_adamf,relation_x_direction,1,head,402,134,196,66,130,0.6632653061224489,-0.32653061224489793,True,60
mkg_w,mkgw_native_adamf,relation_x_direction,1,tail,402,134,145,47,98,0.6758620689655173,-0.35172413793103446,True,60
mkg_w,mkgw_native_adamf,relation_x_direction,2,head,408,136,371,110,261,0.7035040431266847,-0.40700808625336926,True,60
mkg_w,mkgw_native_adamf,relation_x_direction,2,tail,408,136,147,11,136,0.9251700680272109,-0.8503401360544217,True,60
mkg_w,mkgw_native_adamf,relation_x_direction,3,head,426,142,271,80,191,0.7047970479704797,-0.4095940959409594,True,60
mkg_w,mkgw_native_adamf,relation_x_direction,3,tail,426,142,220,36,184,0.8363636363636363,-0.6727272727272727,True,60
mkg_w,mkgw_native_adamf,relation_x_direction,4,head,99,33,94,46,48,0.5106382978723404,-0.02127659574468085,True,60
mkg_w,mkgw_native_adamf,relation_x_direction,4,tail,99,33,40,5,35,0.875,-0.75,True,60
mkg_w,mkgw_native_adamf,relation_x_direction,5,head,462,154,307,151,156,0.50814332247557,-0.016286644951140065,True,60
mkg_w,mkgw_native_adamf,relation_x_direction,5,tail,462,154,208,62,146,0.7019230769230769,-0.40384615384615385,True,60
mkg_w,mkgw_native_adamf,relation_x_direction,6,head,174,58,132,53,79,0.5984848484848485,-0.19696969696969696,True,60
mkg_w,mkgw_native_adamf,relation_x_direction,6,tail,174,58,84,19,65,0.7738095238095238,-0.5476190476190477,True,60
mkg_w,mkgw_native_adamf,relation_x_direction,7,head,360,120,316,185,131,0.5854430379746836,0.17088607594936708,True,60
mkg_w,mkgw_native_adamf,relation_x_direction,7,tail,360,120,211,68,143,0.6777251184834123,-0.35545023696682465,True,60
mkg_w,mkgw_native_adamf,relation_x_direction,8,head,285,95,58,19,39,0.6724137931034483,-0.3448275862068966,True,60
mkg_w,mkgw_native_adamf,relation_x_direction,8,tail,285,95,56,19,37,0.6607142857142857,-0.32142857142857145,True,60
mkg_w,mkgw_native_adamf,relation_x_direction,9,head,213,71,135,25,110,0.8148148148148148,-0.6296296296296297,True,60
mkg_w,mkgw_native_adamf,relation_x_direction,9,tail,213,71,86,5,81,0.9418604651162791,-0.8837209302325582,True,60
mkg_w,mkgw_native_adamf,relation_x_direction,10,head,126,42,95,46,49,0.5157894736842106,-0.031578947368421054,True,60
mkg_w,mkgw_native_adamf,relation_x_direction,10,tail,126,42,42,13,29,0.6904761904761905,-0.38095238095238093,True,60
mkg_w,mkgw_native_adamf,relation_x_direction,11,head,534,178,452,273,179,0.6039823008849557,0.2079646017699115,True,60
mkg_w,mkgw_native_adamf,relation_x_direction,11,tail,534,178,280,57,223,0.7964285714285714,-0.5928571428571429,True,60
mkg_w,mkgw_native_adamf,relation_x_direction,12,head,54,18,53,15,38,0.7169811320754716,-0.4339622641509434,False,60
mkg_w,mkgw_native_adamf,relation_x_direction,12,tail,54,18,23,4,19,0.8260869565217391,-0.6521739130434783,False,60
mkg_w,mkgw_native_adamf,relation_x_direction,13,head,1386,462,1232,454,778,0.6314935064935064,-0.262987012987013,True,60
mkg_w,mkgw_native_adamf,relation_x_direction,13,tail,1386,462,171,5,166,0.9707602339181286,-0.9415204678362573,True,60
mkg_w,mkgw_native_adamf,relation_x_direction,14,head,228,76,50,11,39,0.78,-0.56,True,60
mkg_w,mkgw_native_adamf,relation_x_direction,14,tail,228,76,48,11,37,0.7708333333333334,-0.5416666666666666,True,60
mkg_w,mkgw_native_adamf,relation_x_direction,15,head,123,41,96,45,51,0.53125,-0.0625,True,60
mkg_w,mkgw_native_adamf,relation_x_direction,15,tail,123,41,35,2,33,0.9428571428571428,-0.8857142857142857,True,60
mkg_w,mkgw_native_adamf,relation_x_direction,16,head,387,129,264,94,170,0.6439393939393939,-0.2878787878787879,True,60
mkg_w,mkgw_native_adamf,relation_x_direction,16,tail,387,129,205,36,169,0.824390243902439,-0.6487804878048781,True,60
mkg_w,mkgw_native_adamf,relation_x_direction,18,head,504,168,416,118,298,0.7163461538461539,-0.4326923076923077,True,60
mkg_w,mkgw_native_adamf,relation_x_direction,18,tail,504,168,310,44,266,0.8580645161290322,-0.7161290322580646,True,60
mkg_w,mkgw_native_adamf,relation_x_direction,19,head,69,23,58,23,35,0.603448275862069,-0.20689655172413793,True,60
mkg_w,mkgw_native_adamf,relation_x_direction,19,tail,69,23,30,3,27,0.9,-0.8,True,60
mkg_w,mkgw_native_adamf,relation_x_direction,20,head,18,6,15,0,15,1.0,-1.0,False,60
mkg_w,mkgw_native_adamf,relation_x_direction,20,tail,18,6,6,1,5,0.8333333333333334,-0.6666666666666666,False,60
mkg_w,mkgw_native_adamf,relation_x_direction,21,head,378,126,290,134,156,0.5379310344827586,-0.07586206896551724,True,60
mkg_w,mkgw_native_adamf,relation_x_direction,21,tail,378,126,64,2,62,0.96875,-0.9375,True,60
mkg_w,mkgw_native_adamf,relation_x_direction,22,head,564,188,319,147,172,0.5391849529780565,-0.07836990595611286,True,60
mkg_w,mkgw_native_adamf,relation_x_direction,22,tail,564,188,219,60,159,0.726027397260274,-0.4520547945205479,True,60
mkg_w,mkgw_native_adamf,relation_x_direction,23,head,18,6,3,0,3,1.0,-1.0,False,60
mkg_w,mkgw_native_adamf,relation_x_direction,23,tail,18,6,5,0,5,1.0,-1.0,False,60
mkg_w,mkgw_native_adamf,relation_x_direction,24,head,12,4,2,0,2,1.0,-1.0,False,60
mkg_w,mkgw_native_adamf,relation_x_direction,24,tail,12,4,3,0,3,1.0,-1.0,False,60
mkg_w,mkgw_native_adamf,relation_x_direction,25,head,12,4,12,3,9,0.75,-0.5,False,60
mkg_w,mkgw_native_adamf,relation_x_direction,25,tail,12,4,1,1,0,1.0,1.0,False,60
mkg_w,mkgw_native_adamf,relation_x_direction,26,head,24,8,1,0,1,1.0,-1.0,False,60
mkg_w,mkgw_native_adamf,relation_x_direction,26,tail,24,8,6,1,5,0.8333333333333334,-0.6666666666666666,False,60
mkg_w,mkgw_native_adamf,relation_x_direction,27,head,39,13,38,14,24,0.631578947368421,-0.2631578947368421,False,60
mkg_w,mkgw_native_adamf,relation_x_direction,27,tail,39,13,19,1,18,0.9473684210526315,-0.8947368421052632,False,60
mkg_w,mkgw_native_adamf,relation_x_direction,28,head,3,1,0,0,0,,,False,60
mkg_w,mkgw_native_adamf,relation_x_direction,28,tail,3,1,0,0,0,,,False,60
mkg_w,mkgw_native_adamf,relation_x_direction,29,head,225,75,90,18,72,0.8,-0.6,True,60
mkg_w,mkgw_native_adamf,relation_x_direction,29,tail,225,75,106,20,86,0.8113207547169812,-0.6226415094339622,True,60
mkg_w,mkgw_native_adamf,relation_x_direction,30,head,375,125,323,155,168,0.5201238390092879,-0.04024767801857585,True,60
mkg_w,mkgw_native_adamf,relation_x_direction,30,tail,375,125,262,50,212,0.8091603053435115,-0.6183206106870229,True,60
mkg_w,mkgw_native_adamf,relation_x_direction,31,head,225,75,196,86,110,0.5612244897959183,-0.12244897959183673,True,60
mkg_w,mkgw_native_adamf,relation_x_direction,31,tail,225,75,150,31,119,0.7933333333333333,-0.5866666666666667,True,60
mkg_w,mkgw_native_adamf,relation_x_direction,32,head,243,81,212,94,118,0.5566037735849056,-0.11320754716981132,True,60
mkg_w,mkgw_native_adamf,relation_x_direction,32,tail,243,81,85,9,76,0.8941176470588236,-0.788235294117647,True,60
mkg_w,mkgw_native_adamf,relation_x_direction,33,head,42,14,26,16,10,0.6153846153846154,0.23076923076923078,False,60
mkg_w,mkgw_native_adamf,relation_x_direction,33,tail,42,14,26,5,21,0.8076923076923077,-0.6153846153846154,False,60
mkg_w,mkgw_native_adamf,relation_x_direction,34,head,276,92,211,81,130,0.6161137440758294,-0.23222748815165878,True,60
mkg_w,mkgw_native_adamf,relation_x_direction,34,tail,276,92,84,13,71,0.8452380952380952,-0.6904761904761905,True,60
mkg_w,mkgw_native_adamf,relation_x_direction,35,head,15,5,13,1,12,0.9230769230769231,-0.8461538461538461,False,60
mkg_w,mkgw_native_adamf,relation_x_direction,35,tail,15,5,4,1,3,0.75,-0.5,False,60
mkg_w,mkgw_native_adamf,relation_x_direction,36,head,9,3,4,1,3,0.75,-0.5,False,60
mkg_w,mkgw_native_adamf,relation_x_direction,36,tail,9,3,4,1,3,0.75,-0.5,False,60
mkg_w,mkgw_native_adamf,relation_x_direction,37,head,123,41,95,37,58,0.6105263157894737,-0.22105263157894736,True,60
mkg_w,mkgw_native_adamf,relation_x_direction,37,tail,123,41,45,9,36,0.8,-0.6,True,60
mkg_w,mkgw_native_adamf,relation_x_direction,38,head,21,7,17,5,12,0.7058823529411765,-0.4117647058823529,False,60
mkg_w,mkgw_native_adamf,relation_x_direction,38,tail,21,7,18,2,16,0.8888888888888888,-0.7777777777777778,False,60
mkg_w,mkgw_native_adamf,relation_x_direction,39,head,42,14,13,5,8,0.6153846153846154,-0.23076923076923078,False,60
mkg_w,mkgw_native_adamf,relation_x_direction,39,tail,42,14,14,5,9,0.6428571428571429,-0.2857142857142857,False,60
mkg_w,mkgw_native_adamf,relation_x_direction,40,head,45,15,31,10,21,0.6774193548387096,-0.3548387096774194,False,60
mkg_w,mkgw_native_adamf,relation_x_direction,40,tail,45,15,17,1,16,0.9411764705882353,-0.8823529411764706,False,60
mkg_w,mkgw_native_adamf,relation_x_direction,41,head,33,11,19,5,14,0.7368421052631579,-0.47368421052631576,False,60
mkg_w,mkgw_native_adamf,relation_x_direction,41,tail,33,11,7,0,7,1.0,-1.0,False,60
mkg_w,mkgw_native_adamf,relation_x_direction,43,head,3,1,1,0,1,1.0,-1.0,False,60
mkg_w,mkgw_native_adamf,relation_x_direction,43,tail,3,1,1,0,1,1.0,-1.0,False,60
mkg_w,mkgw_native_adamf,relation_x_direction,44,head,39,13,37,12,25,0.6756756756756757,-0.35135135135135137,False,60
mkg_w,mkgw_native_adamf,relation_x_direction,44,tail,39,13,14,2,12,0.8571428571428571,-0.7142857142857143,False,60
mkg_w,mkgw_native_adamf,relation_x_direction,45,head,27,9,23,14,9,0.6086956521739131,0.21739130434782608,False,60
mkg_w,mkgw_native_adamf,relation_x_direction,45,tail,27,9,2,0,2,1.0,-1.0,False,60
mkg_w,mkgw_native_adamf,relation_x_direction,46,head,33,11,7,5,2,0.7142857142857143,0.42857142857142855,False,60
mkg_w,mkgw_native_adamf,relation_x_direction,46,tail,33,11,4,0,4,1.0,-1.0,False,60
mkg_w,mkgw_native_adamf,relation_x_direction,48,head,96,32,64,30,34,0.53125,-0.0625,True,60
mkg_w,mkgw_native_adamf,relation_x_direction,48,tail,96,32,58,10,48,0.8275862068965517,-0.6551724137931034,True,60
mkg_w,mkgw_native_adamf,relation_x_direction,49,head,39,13,35,12,23,0.6571428571428571,-0.3142857142857143,False,60
mkg_w,mkgw_native_adamf,relation_x_direction,49,tail,39,13,12,0,12,1.0,-1.0,False,60
mkg_w,mkgw_native_adamf,relation_x_direction,50,head,117,39,70,24,46,0.6571428571428571,-0.3142857142857143,True,60
mkg_w,mkgw_native_adamf,relation_x_direction,50,tail,117,39,54,6,48,0.8888888888888888,-0.7777777777777778,True,60
mkg_w,mkgw_native_adamf,relation_x_direction,51,head,15,5,11,10,1,0.9090909090909091,0.8181818181818182,False,60
mkg_w,mkgw_native_adamf,relation_x_direction,51,tail,15,5,8,1,7,0.875,-0.75,False,60
mkg_w,mkgw_native_adamf,relation_x_direction,52,head,12,4,9,2,7,0.7777777777777778,-0.5555555555555556,False,60
mkg_w,mkgw_native_adamf,relation_x_direction,52,tail,12,4,6,3,3,0.5,0.0,False,60
mkg_w,mkgw_native_adamf,relation_x_direction,53,head,51,17,35,5,30,0.8571428571428571,-0.7142857142857143,False,60
mkg_w,mkgw_native_adamf,relation_x_direction,53,tail,51,17,10,0,10,1.0,-1.0,False,60
mkg_w,mkgw_native_adamf,relation_x_direction,54,head,6,2,6,4,2,0.6666666666666666,0.3333333333333333,False,60
mkg_w,mkgw_native_adamf,relation_x_direction,54,tail,6,2,6,1,5,0.8333333333333334,-0.6666666666666666,False,60
mkg_w,mkgw_native_adamf,relation_x_direction,55,head,15,5,14,9,5,0.6428571428571429,0.2857142857142857,False,60
mkg_w,mkgw_native_adamf,relation_x_direction,55,tail,15,5,8,1,7,0.875,-0.75,False,60
mkg_w,mkgw_native_adamf,relation_x_direction,56,head,144,48,98,52,46,0.5306122448979592,0.061224489795918366,True,60
mkg_w,mkgw_native_adamf,relation_x_direction,56,tail,144,48,58,18,40,0.6896551724137931,-0.3793103448275862,True,60
mkg_w,mkgw_native_adamf,relation_x_direction,57,head,36,12,29,6,23,0.7931034482758621,-0.5862068965517241,False,60
mkg_w,mkgw_native_adamf,relation_x_direction,57,tail,36,12,14,0,14,1.0,-1.0,False,60
mkg_w,mkgw_native_adamf,relation_x_direction,58,head,99,33,70,39,31,0.5571428571428572,0.11428571428571428,True,60
mkg_w,mkgw_native_adamf,relation_x_direction,58,tail,99,33,59,9,50,0.847457627118644,-0.6949152542372882,True,60
mkg_w,mkgw_native_adamf,relation_x_direction,59,head,81,27,55,17,38,0.6909090909090909,-0.38181818181818183,True,60
mkg_w,mkgw_native_adamf,relation_x_direction,59,tail,81,27,50,1,49,0.98,-0.96,True,60
mkg_w,mkgw_native_adamf,relation_x_direction,61,head,51,17,42,25,17,0.5952380952380952,0.19047619047619047,False,60
mkg_w,mkgw_native_adamf,relation_x_direction,61,tail,51,17,32,5,27,0.84375,-0.6875,False,60
mkg_w,mkgw_native_adamf,relation_x_direction,62,head,15,5,11,0,11,1.0,-1.0,False,60
mkg_w,mkgw_native_adamf,relation_x_direction,62,tail,15,5,12,1,11,0.9166666666666666,-0.8333333333333334,False,60
mkg_w,mkgw_native_adamf,relation_x_direction,64,head,48,16,20,6,14,0.7,-0.4,False,60
mkg_w,mkgw_native_adamf,relation_x_direction,64,tail,48,16,16,2,14,0.875,-0.75,False,60
mkg_w,mkgw_native_adamf,relation_x_direction,65,head,6,2,6,2,4,0.6666666666666666,-0.3333333333333333,False,60
mkg_w,mkgw_native_adamf,relation_x_direction,65,tail,6,2,5,1,4,0.8,-0.6,False,60
mkg_w,mkgw_native_adamf,relation_x_direction,66,head,15,5,3,0,3,1.0,-1.0,False,60
mkg_w,mkgw_native_adamf,relation_x_direction,66,tail,15,5,2,0,2,1.0,-1.0,False,60
mkg_w,mkgw_native_adamf,relation_x_direction,67,head,24,8,22,10,12,0.5454545454545454,-0.09090909090909091,False,60
mkg_w,mkgw_native_adamf,relation_x_direction,67,tail,24,8,19,7,12,0.631578947368421,-0.2631578947368421,False,60
mkg_w,mkgw_native_adamf,relation_x_direction,68,head,3,1,3,1,2,0.6666666666666666,-0.3333333333333333,False,60
mkg_w,mkgw_native_adamf,relation_x_direction,68,tail,3,1,3,3,0,1.0,1.0,False,60
mkg_w,mkgw_native_adamf,relation_x_direction,69,head,6,2,6,2,4,0.6666666666666666,-0.3333333333333333,False,60
mkg_w,mkgw_native_adamf,relation_x_direction,69,tail,6,2,2,0,2,1.0,-1.0,False,60
mkg_w,mkgw_native_adamf,relation_x_direction,71,head,12,4,12,4,8,0.6666666666666666,-0.3333333333333333,False,60
mkg_w,mkgw_native_adamf,relation_x_direction,71,tail,12,4,5,1,4,0.8,-0.6,False,60
mkg_w,mkgw_native_adamf,relation_x_direction,72,head,81,27,68,25,43,0.6323529411764706,-0.2647058823529412,True,60
mkg_w,mkgw_native_adamf,relation_x_direction,72,tail,81,27,50,6,44,0.88,-0.76,True,60
mkg_w,mkgw_native_adamf,relation_x_direction,73,head,6,2,5,3,2,0.6,0.2,False,60
mkg_w,mkgw_native_adamf,relation_x_direction,73,tail,6,2,1,0,1,1.0,-1.0,False,60
mkg_w,mkgw_native_adamf,relation_x_direction,74,head,3,1,0,0,0,,,False,60
mkg_w,mkgw_native_adamf,relation_x_direction,74,tail,3,1,0,0,0,,,False,60
mkg_w,mkgw_native_adamf,relation_x_direction,75,head,6,2,0,0,0,,,False,60
mkg_w,mkgw_native_adamf,relation_x_direction,75,tail,6,2,0,0,0,,,False,60
mkg_w,mkgw_native_adamf,relation_x_direction,77,head,36,12,25,6,19,0.76,-0.52,False,60
mkg_w,mkgw_native_adamf,relation_x_direction,77,tail,36,12,16,3,13,0.8125,-0.625,False,60
mkg_w,mkgw_native_adamf,relation_x_direction,79,head,24,8,17,8,9,0.5294117647058824,-0.058823529411764705,False,60
mkg_w,mkgw_native_adamf,relation_x_direction,79,tail,24,8,5,0,5,1.0,-1.0,False,60
mkg_w,mkgw_native_adamf,relation_x_direction,80,head,15,5,15,8,7,0.5333333333333333,0.06666666666666667,False,60
mkg_w,mkgw_native_adamf,relation_x_direction,80,tail,15,5,7,2,5,0.7142857142857143,-0.42857142857142855,False,60
mkg_w,mkgw_native_adamf,relation_x_direction,81,head,6,2,5,1,4,0.8,-0.6,False,60
mkg_w,mkgw_native_adamf,relation_x_direction,81,tail,6,2,3,0,3,1.0,-1.0,False,60
mkg_w,mkgw_native_adamf,relation_x_direction,82,head,3,1,1,0,1,1.0,-1.0,False,60
mkg_w,mkgw_native_adamf,relation_x_direction,82,tail,3,1,2,0,2,1.0,-1.0,False,60
mkg_w,mkgw_native_adamf,relation_x_direction,84,head,18,6,4,0,4,1.0,-1.0,False,60
mkg_w,mkgw_native_adamf,relation_x_direction,84,tail,18,6,3,0,3,1.0,-1.0,False,60
mkg_w,mkgw_native_adamf,relation_x_direction,86,head,18,6,6,2,4,0.6666666666666666,-0.3333333333333333,False,60
mkg_w,mkgw_native_adamf,relation_x_direction,86,tail,18,6,2,0,2,1.0,-1.0,False,60
mkg_w,mkgw_native_adamf,relation_x_direction,87,head,6,2,3,0,3,1.0,-1.0,False,60
mkg_w,mkgw_native_adamf,relation_x_direction,87,tail,6,2,5,2,3,0.6,-0.2,False,60
mkg_w,mkgw_native_adamf,relation_x_direction,88,head,3,1,2,1,1,0.5,0.0,False,60
mkg_w,mkgw_native_adamf,relation_x_direction,88,tail,3,1,2,0,2,1.0,-1.0,False,60
mkg_w,mkgw_native_adamf,relation_x_direction,89,head,24,8,15,4,11,0.7333333333333333,-0.4666666666666667,False,60
mkg_w,mkgw_native_adamf,relation_x_direction,89,tail,24,8,10,1,9,0.9,-0.8,False,60
mkg_w,mkgw_native_adamf,relation_x_direction,93,head,18,6,16,7,9,0.5625,-0.125,False,60
mkg_w,mkgw_native_adamf,relation_x_direction,93,tail,18,6,7,0,7,1.0,-1.0,False,60
mkg_w,mkgw_native_adamf,relation_x_direction,94,head,3,1,3,0,3,1.0,-1.0,False,60
mkg_w,mkgw_native_adamf,relation_x_direction,94,tail,3,1,0,0,0,,,False,60
mkg_w,mkgw_native_adamf,relation_x_direction,100,head,3,1,3,0,3,1.0,-1.0,False,60
mkg_w,mkgw_native_adamf,relation_x_direction,100,tail,3,1,3,2,1,0.6666666666666666,0.3333333333333333,False,60
mkg_w,mkgw_native_adamf,relation_x_direction,101,head,3,1,1,0,1,1.0,-1.0,False,60
mkg_w,mkgw_native_adamf,relation_x_direction,101,tail,3,1,3,2,1,0.6666666666666666,0.3333333333333333,False,60
mkg_w,mkgw_native_adamf,relation_x_direction,104,head,21,7,10,0,10,1.0,-1.0,False,60
mkg_w,mkgw_native_adamf,relation_x_direction,104,tail,21,7,9,4,5,0.5555555555555556,-0.1111111111111111,False,60
mkg_w,mkgw_native_adamf,relation_x_direction,105,head,3,1,3,0,3,1.0,-1.0,False,60
mkg_w,mkgw_native_adamf,relation_x_direction,105,tail,3,1,0,0,0,,,False,60
mkg_w,mkgw_native_adamf,relation_x_direction,107,head,9,3,6,2,4,0.6666666666666666,-0.3333333333333333,False,60
mkg_w,mkgw_native_adamf,relation_x_direction,107,tail,9,3,6,1,5,0.8333333333333334,-0.6666666666666666,False,60
mkg_w,mkgw_native_adamf,relation_x_direction,109,head,3,1,3,1,2,0.6666666666666666,-0.3333333333333333,False,60
mkg_w,mkgw_native_adamf,relation_x_direction,109,tail,3,1,2,0,2,1.0,-1.0,False,60
mkg_w,mkgw_native_adamf,relation_x_direction,112,head,3,1,3,0,3,1.0,-1.0,False,60
mkg_w,mkgw_native_adamf,relation_x_direction,112,tail,3,1,1,1,0,1.0,1.0,False,60
mkg_w,mkgw_native_adamf,relation_x_direction,114,head,3,1,3,1,2,0.6666666666666666,-0.3333333333333333,False,60
mkg_w,mkgw_native_adamf,relation_x_direction,114,tail,3,1,3,0,3,1.0,-1.0,False,60
mkg_w,mkgw_native_adamf,relation_x_direction,116,head,3,1,3,0,3,1.0,-1.0,False,60
mkg_w,mkgw_native_adamf,relation_x_direction,116,tail,3,1,3,2,1,0.6666666666666666,0.3333333333333333,False,60
mkg_w,mkgw_native_adamf,relation_x_direction,117,head,3,1,3,0,3,1.0,-1.0,False,60
mkg_w,mkgw_native_adamf,relation_x_direction,117,tail,3,1,3,0,3,1.0,-1.0,False,60
mkg_w,mkgw_native_adamf,relation_x_direction,123,head,3,1,3,3,0,1.0,1.0,False,60
mkg_w,mkgw_native_adamf,relation_x_direction,123,tail,3,1,3,1,2,0.6666666666666666,-0.3333333333333333,False,60
mkg_w,mkgw_native_adamf,relation_x_direction,127,head,6,2,4,0,4,1.0,-1.0,False,60
mkg_w,mkgw_native_adamf,relation_x_direction,127,tail,6,2,1,0,1,1.0,-1.0,False,60
mkg_w,mkgw_native_adamf,relation_x_direction,130,head,3,1,0,0,0,,,False,60
mkg_w,mkgw_native_adamf,relation_x_direction,130,tail,3,1,2,0,2,1.0,-1.0,False,60
mkg_w,mkgw_native_adamf,relation_x_direction,136,head,3,1,0,0,0,,,False,60
mkg_w,mkgw_native_adamf,relation_x_direction,136,tail,3,1,3,0,3,1.0,-1.0,False,60
mkg_w,mkgw_native_adamf,relation_x_direction,138,head,3,1,3,1,2,0.6666666666666666,-0.3333333333333333,False,60
mkg_w,mkgw_native_adamf,relation_x_direction,138,tail,3,1,3,0,3,1.0,-1.0,False,60
mkg_w,mkgw_native_adamf,relation_x_direction,141,head,3,1,0,0,0,,,False,60
mkg_w,mkgw_native_adamf,relation_x_direction,141,tail,3,1,0,0,0,,,False,60
mkg_w,mkgw_native_adamf,relation_x_direction,144,head,3,1,3,1,2,0.6666666666666666,-0.3333333333333333,False,60
mkg_w,mkgw_native_adamf,relation_x_direction,144,tail,3,1,0,0,0,,,False,60
mkg_w,mkgw_native_adamf,relation_x_direction,147,head,3,1,3,3,0,1.0,1.0,False,60
mkg_w,mkgw_native_adamf,relation_x_direction,147,tail,3,1,3,2,1,0.6666666666666666,0.3333333333333333,False,60
mkg_w,mkgw_native_adamf,relation_x_direction,152,head,6,2,4,1,3,0.75,-0.5,False,60
mkg_w,mkgw_native_adamf,relation_x_direction,152,tail,6,2,2,0,2,1.0,-1.0,False,60
mkg_w,mkgw_native_adamf,relation_x_direction,155,head,3,1,3,1,2,0.6666666666666666,-0.3333333333333333,False,60
mkg_w,mkgw_native_adamf,relation_x_direction,155,tail,3,1,3,1,2,0.6666666666666666,-0.3333333333333333,False,60
mkg_w,mkgw_native_adamf,relation_x_direction,160,head,3,1,2,1,1,0.5,0.0,False,60
mkg_w,mkgw_native_adamf,relation_x_direction,160,tail,3,1,2,0,2,1.0,-1.0,False,60
mkg_w,mkgw_native_adamf,relation_x_direction,168,head,3,1,3,0,3,1.0,-1.0,False,60
mkg_w,mkgw_native_adamf,relation_x_direction,168,tail,3,1,3,1,2,0.6666666666666666,-0.3333333333333333,False,60
