pair,label,split,pool,eligible_units,strata,random_seed,random_draws,decile,quota_fraction,n,method,accepted_n,active_n,harm_n,delta_sum,loss_sum,movement_sum,accepted,intervention,harm_all,harm_accepted,harm_active,utility,mean_loss,mean_movement,accepted_random_lo,accepted_random_hi,accepted_valid_draws,intervention_random_lo,intervention_random_hi,intervention_valid_draws,harm_all_random_lo,harm_all_random_hi,harm_all_valid_draws,harm_accepted_random_lo,harm_accepted_random_hi,harm_accepted_valid_draws,harm_active_random_lo,harm_active_random_hi,harm_active_valid_draws,utility_random_lo,utility_random_hi,utility_valid_draws,mean_loss_random_lo,mean_loss_random_hi,mean_loss_valid_draws,mean_movement_random_lo,mean_movement_random_hi,mean_movement_valid_draws,accepted_n_exact_expectation,active_n_exact_expectation,harm_n_exact_expectation,delta_sum_exact_expectation,loss_sum_exact_expectation,movement_sum_exact_expectation
mkgw_mhyper_native,W-N,dev_oof,All,22386,150,2026091200,512,0,0.0,25656,Confidence,0.0,0.0,0.0,0.0,0.0,0.0,0.0,0.0,0.0,,,0.0,0.0,0.0,,,,,,,,,,,,,,,,,,,,,,,,,,,,,,
mkgw_mhyper_native,W-N,dev_oof,All,22386,150,2026091200,512,0,0.0,25656,Random,0.0,0.0,0.0,0.0,0.0,0.0,0.0,0.0,0.0,,,0.0,0.0,0.0,0.0,0.0,512.0,0.0,0.0,512.0,0.0,0.0,512.0,,,0.0,,,0.0,0.0,0.0,512.0,0.0,0.0,512.0,0.0,0.0,512.0,0.0,0.0,0.0,0.0,0.0,0.0
mkgw_mhyper_native,W-N,dev_oof,All,22386,150,2026091200,512,1,0.1,25656,Confidence,2292.0,2292.0,422.0,13.175965423514528,14.447882708675627,750.449999999999,0.08933582787652011,0.08933582787652011,0.01644839413782351,0.18411867364746945,0.18411867364746945,0.0005135627308822313,0.0005631385527235589,0.029250467726847484,,,,,,,,,,,,,,,,,,,,,,,,,,,,,,
mkgw_mhyper_native,W-N,dev_oof,All,22386,150,2026091200,512,1,0.1,25656,Random,2292.0,2056.51171875,501.01953125,7.20334897869097,16.44393329001721,334.6668945312497,0.08933582787652014,0.08015714525841909,0.019528357158169626,0.21859490892233857,0.24362464047176224,0.0002807666424497571,0.0006409390898821799,0.013044390962396714,0.08933582787652011,0.08933582787652011,512.0,0.07903706735266604,0.0811593779232928,512.0,0.018154622700343,0.021017500779544746,512.0,0.20321771378708553,0.23526396160558463,512.0,0.22674290481288292,0.26170727524766674,512.0,5.3176803695414414e-06,0.0005652907937196501,512.0,0.0004597581838581278,0.0008298016329965651,512.0,0.012674082086061746,0.01340885173058934,512.0,2292.0,2056.474683006085,499.1405578314556,7.331941638219577,16.39472867921166,334.8712647341885
mkgw_mhyper_native,W-N,dev_oof,All,22386,150,2026091200,512,2,0.2,25656,Confidence,4635.0,4635.0,930.0,34.6987503189403,30.068410707173925,1349.6499999999974,0.18065949485500468,0.18065949485500468,0.0362488306828812,0.20064724919093851,0.20064724919093851,0.0013524614249664911,0.001171983579169548,0.05260562831306507,,,,,,,,,,,,,,,,,,,,,,,,,,,,,,
mkgw_mhyper_native,W-N,dev_oof,All,22386,150,2026091200,512,2,0.2,25656,Random,4635.0,4156.978515625,1011.59765625,14.658805714863723,32.91850962597641,675.6765624999998,0.18065949485500474,0.16202753802716713,0.03942928189312441,0.21825192152103562,0.24335053021394568,0.0005713597487863939,0.0012830725610374345,0.026336005710165263,0.18065949485500468,0.18065949485500468,512.0,0.16062519488618646,0.16344032584970378,512.0,0.0375740567508575,0.04124668693483006,512.0,0.20798274002157496,0.22831175836030204,512.0,0.2314825940449519,0.2542904547029058,512.0,0.00019648168983043543,0.0009818561771486277,512.0,0.0010505406682762397,0.0015561543766700874,512.0,0.025886927034611783,0.026788421811661987,512.0,4635.0,4157.783750568536,1010.2307733801733,14.698697905197026,32.99509405555898,675.7792938913689
mkgw_mhyper_native,W-N,dev_oof,All,22386,150,2026091200,512,3,0.3,25656,Confidence,7032.0,7032.0,1478.0,42.16227487660971,51.938909952497454,1868.700000000001,0.27408793264733394,0.27408793264733394,0.05760835671967571,0.2101820250284414,0.2101820250284414,0.0016433689926960442,0.0020244352179801003,0.07283676333021519,,,,,,,,,,,,,,,,,,,,,,,,,,,,,,
mkgw_mhyper_native,W-N,dev_oof,All,22386,150,2026091200,512,3,0.3,25656,Random,7032.0,6297.845703125,1538.765625,22.432928425929163,50.08363089838038,1020.5400390625006,0.2740879326473339,0.24547262640805267,0.05997683290458372,0.2188233255119454,0.24433232491415563,0.0008743735744437629,0.0019521215660422658,0.039777831269975805,0.27408793264733394,0.27408793264733394,512.0,0.24368568755846587,0.24723261615216713,512.0,0.05780324290614281,0.062216440598690366,512.0,0.21089306029579066,0.22699445392491466,512.0,0.23588564338025053,0.2530578851710435,512.0,0.0004257639618366723,0.0013182124224857504,512.0,0.0016731944211837795,0.0022345786221200986,512.0,0.03927151543498594,0.04035732382288742,512.0,7032.0,6297.97238301055,1536.5778912857934,22.28300019091483,50.131154634036825,1020.5296514608772
mkgw_mhyper_native,W-N,dev_oof,All,22386,150,2026091200,512,4,0.4,25656,Confidence,9369.0,9369.0,1962.0,53.42199544375627,69.04707825004412,2316.9499999999953,0.365177736202058,0.365177736202058,0.0764733395696913,0.20941402497598463,0.20941402497598463,0.002082241793099325,0.002691264353369353,0.09030830994699077,,,,,,,,,,,,,,,,,,,,,,,,,,,,,,
mkgw_mhyper_native,W-N,dev_oof,All,22386,150,2026091200,512,4,0.4,25656,Random,9369.0,8393.3515625,2047.19140625,29.752115768626652,66.68083368584026,1360.3987304687514,0.3651777362020579,0.32714965553866543,0.07979386522645776,0.21850692776710426,0.24390693139556927,0.001159655276295084,0.0025990346774961122,0.0530245841311486,0.365177736202058,0.365177736202058,512.0,0.3252387355784222,0.32904583723105707,512.0,0.07740879326473339,0.08201687714374804,512.0,0.21197566442523214,0.22459440708720246,512.0,0.23683805023071852,0.2508387816454885,512.0,0.0006981387337384732,0.0016282743339472042,512.0,0.002302315426031529,0.0029077838622540183,512.0,0.05247568794823816,0.05364632054879942,512.0,9369.0,8394.272980340173,2046.0384198114864,29.65197398507935,66.69088493996279,1360.7257533886734
mkgw_mhyper_native,W-N,dev_oof,All,22386,150,2026091200,512,5,0.5,25656,Confidence,11826.0,11826.0,2509.0,65.19861839077922,87.32985738609501,2676.8500000000054,0.4609448082319925,0.4609448082319925,0.0977938883691924,0.21215964823270758,0.21215964823270758,0.0025412620202205807,0.003403876574138409,0.10433621764889325,,,,,,,,,,,,,,,,,,,,,,,,,,,,,,
mkgw_mhyper_native,W-N,dev_oof,All,22386,150,2026091200,512,5,0.5,25656,Random,11826.0,10577.869140625,2590.7578125,37.04257231517016,84.27916511604528,1708.9060546874991,0.4609448082319927,0.41229611555289214,0.10098058202759588,0.2190730435058346,0.24492270971239727,0.00144381713108708,0.0032849690176194758,0.06660843680571787,0.4609448082319925,0.4609448082319925,512.0,0.4103825615840349,0.4143845494231369,512.0,0.09865138758964764,0.10322049423136888,512.0,0.21401995602908844,0.22393243700321325,512.0,0.23930101523483144,0.2502102262917177,512.0,0.000976660621929165,0.0019326255121047495,512.0,0.0029769958349224195,0.003599166969693951,512.0,0.06602115489554092,0.06720737839101952,512.0,11826.0,10580.022218842794,2589.658264989832,37.11177028980097,84.11726843447688,1709.4283836854538
mkgw_mhyper_native,W-N,dev_oof,All,22386,150,2026091200,512,6,0.6,25656,Confidence,14157.0,14157.0,3115.0,72.08196325496466,112.26396103088919,2953.1500000000015,0.551800748362956,0.551800748362956,0.1214140941690053,0.2200324927597655,0.2200324927597655,0.002809555786364385,0.004375739048600296,0.11510562831306523,,,,,,,,,,,,,,,,,,,,,,,,,,,,,,
mkgw_mhyper_native,W-N,dev_oof,All,22386,150,2026091200,512,6,0.6,25656,Random,14157.0,12668.208984375,3099.44921875,44.379486494786015,101.00414536490992,2047.9675781249998,0.5518007483629559,0.49377178766662766,0.12080796767812597,0.2189340410221092,0.2446639093962145,0.0017297897760674308,0.003936862541507243,0.07982411826180998,0.551800748362956,0.551800748362956,512.0,0.49176703305269726,0.4958684128468974,512.0,0.11825693794823823,0.12299072341752416,512.0,0.21431094158366887,0.22288973652610017,512.0,0.23956230451862046,0.248588213129396,512.0,0.0012238478667637343,0.0022044931878774333,512.0,0.003618702050463643,0.004233279839406493,512.0,0.07925412184284363,0.0804083352821951,512.0,14157.0,12670.979013677974,3098.059086599157,44.4675287650829,100.68743760414567,2048.917473448695
mkgw_mhyper_native,W-N,dev_oof,All,22386,150,2026091200,512,7,0.7,25656,Confidence,16482.0,16482.0,3810.0,76.13521552186832,133.8678588536302,3170.2499999999936,0.642422825070159,0.642422825070159,0.14850327408793265,0.23116126683654897,0.23116126683654897,0.002967540361781584,0.005217799300500085,0.12356758652946655,,,,,,,,,,,,,,,,,,,,,,,,,,,,,,
mkgw_mhyper_native,W-N,dev_oof,All,22386,150,2026091200,512,7,0.7,25656,Random,16482.0,14753.716796875,3604.486328125,51.8078910892825,117.55958834120494,2386.843554687499,0.642422825070159,0.5750591205517228,0.14049291893221857,0.21869229026362091,0.24431064796729407,0.002019328464658658,0.004582147970891991,0.09303256761332626,0.642422825070159,0.642422825070159,512.0,0.5732684362332398,0.5771359526036794,512.0,0.13822595104458996,0.14257873401933271,512.0,0.21516351170974396,0.2219390850624924,512.0,0.24033152576702513,0.24784580262967024,512.0,0.0015336858754033153,0.0024902319061389745,512.0,0.004277732897702272,0.004867771878652718,512.0,0.09248431166198932,0.09360320198004358,512.0,16482.0,14755.2796110076,3603.919615124849,51.84253651799658,117.23260045045124,2387.3935753764913
mkgw_mhyper_native,W-N,dev_oof,All,22386,150,2026091200,512,8,0.8,25656,Confidence,18891.0,18873.0,4475.0,79.94903805866971,149.72134995428235,3307.9000000000133,0.7363189897100093,0.7356173994387278,0.17442313688805738,0.23688528929119687,0.23711121708260477,0.0031161926277934876,0.0058357245850593365,0.12893280324290665,,,,,,,,,,,,,,,,,,,,,,,,,,,,,,
mkgw_mhyper_native,W-N,dev_oof,All,22386,150,2026091200,512,8,0.8,25656,Random,18891.0,16907.185546875,4133.103515625,59.36521082081782,134.59319099695452,2733.5243164062476,0.7363189897100091,0.6589953830244386,0.1610969564867867,0.2187869099372717,0.24445845290206503,0.002313891909136961,0.005246070743566981,0.10654522592790187,0.7363189897100093,0.7363189897100093,512.0,0.6573511069535392,0.6607508964764578,512.0,0.15891019644527596,0.1629638291237917,512.0,0.21581705574082896,0.22132232279921657,512.0,0.24128672687935515,0.2472486881094084,512.0,0.0018683674153893712,0.002739434824344532,512.0,0.004995007887223789,0.005476587002829499,512.0,0.10608990099781725,0.10707768163392578,512.0,18891.0,16907.46824344961,4133.866733030469,59.420804844965225,134.38322848854946,2733.8639329459993
mkgw_mhyper_native,W-N,dev_oof,All,22386,150,2026091200,512,9,0.9,25656,Confidence,21222.0,20950.0,5105.0,75.43025990882413,166.84708133953396,3411.750000000035,0.8271749298409729,0.8165731212971624,0.19897879638291238,0.2405522570916973,0.24367541766109785,0.0029400631395706317,0.00650323828108567,0.13298058933582924,,,,,,,,,,,,,,,,,,,,,,,,,,,,,,
mkgw_mhyper_native,W-N,dev_oof,All,22386,150,2026091200,512,9,0.9,25656,Random,21222.0,18996.169921875,4640.76953125,66.60268880681276,151.1462508399514,3072.6057617187507,0.827174929840973,0.7404182227110617,0.18088437524360773,0.21867729390491003,0.24430017698079876,0.0025959888060029888,0.00589126328499966,0.11976168388364332,0.8271749298409729,0.8271749298409729,512.0,0.7390084190832554,0.7418927346429685,512.0,0.17931672903024634,0.18237449329591518,512.0,0.21678211290170576,0.22047874846857035,512.0,0.24224346499763322,0.24632248249656655,512.0,0.002269364070884124,0.002906970762690527,512.0,0.005686490150598336,0.00607896558519288,512.0,0.11938552385406936,0.12017700537885886,512.0,21222.0,18996.77731101207,4641.356948579188,66.79359507069184,150.96902640527645,3073.0519621031785
mkgw_mhyper_native,W-N,dev_oof,All,22386,150,2026091200,512,10,1.0,25656,Confidence,25656.0,23061.0,5863.0,80.28384842312651,172.89908267575737,3800.900000000037,1.0,0.8988540692235735,0.22852354225132523,0.22852354225132523,0.25423875807640606,0.0031292426108172166,0.006739128573267749,0.14814858122856395,,,,,,,,,,,,,,,,,,,,,,,,,,,,,,
mkgw_mhyper_native,W-N,dev_oof,All,22386,150,2026091200,512,10,1.0,25656,Random,25656.0,23061.0,5863.0,80.28384842312579,172.89908267575615,3800.8999999999664,1.0,0.8988540692235731,0.22852354225132523,0.22852354225132523,0.25423875807640606,0.003129242610817217,0.00673912857326775,0.14814858122856273,1.0,1.0,512.0,0.8988540692235735,0.8988540692235735,512.0,0.22852354225132523,0.22852354225132523,512.0,0.22852354225132523,0.22852354225132523,512.0,0.25423875807640606,0.25423875807640606,512.0,0.0031292426108172158,0.0031292426108172184,512.0,0.006739128573267747,0.006739128573267751,512.0,0.14814858122856264,0.14814858122856278,512.0,25656.0,23061.0,5863.0,80.28384842312651,172.89908267575737,3800.900000000037
mkgw_mhyper_native,W-N,dev_oof,Active,20087,138,2026091201,512,0,0.0,25656,Confidence,0.0,0.0,0.0,0.0,0.0,0.0,0.0,0.0,0.0,,,0.0,0.0,0.0,,,,,,,,,,,,,,,,,,,,,,,,,,,,,,
mkgw_mhyper_native,W-N,dev_oof,Active,20087,138,2026091201,512,0,0.0,25656,Random,0.0,0.0,0.0,0.0,0.0,0.0,0.0,0.0,0.0,,,0.0,0.0,0.0,0.0,0.0,512.0,0.0,0.0,512.0,0.0,0.0,512.0,,,0.0,,,0.0,0.0,0.0,512.0,0.0,0.0,512.0,0.0,0.0,512.0,0.0,0.0,0.0,0.0,0.0,0.0
mkgw_mhyper_native,W-N,dev_oof,Active,20087,138,2026091201,512,1,0.1,25656,Confidence,2054.0,2054.0,367.0,14.015981822313085,11.822312138991277,682.8999999999995,0.080059245400686,0.080059245400686,0.014304646086685375,0.17867575462512172,0.17867575462512172,0.0005463042493885674,0.00046080106559835037,0.026617555347676937,,,,,,,,,,,,,,,,,,,,,,,,,,,,,,
mkgw_mhyper_native,W-N,dev_oof,Active,20087,138,2026091201,512,1,0.1,25656,Random,2054.0,2054.0,498.95703125,7.359330662260185,16.400808023386517,334.88515624999974,0.08005924540068601,0.08005924540068601,0.01944796660625195,0.24291968415287246,0.24291968415287246,0.000286846377543662,0.0006392581861313737,0.013052898201200501,0.080059245400686,0.080059245400686,512.0,0.080059245400686,0.080059245400686,512.0,0.018007483629560336,0.020861591830371062,512.0,0.2249269717624148,0.26057692307692304,512.0,0.2249269717624148,0.26057692307692304,512.0,-2.2411536857995636e-05,0.0005772330254538969,512.0,0.0004705934296669409,0.0008498580020893236,512.0,0.012733814702213913,0.013393455721858441,512.0,2054.0,2054.0,498.3258288635485,7.209106469032669,16.417572387101945,334.79330855779455
mkgw_mhyper_native,W-N,dev_oof,Active,20087,138,2026091201,512,2,0.2,25656,Confidence,4157.0,4157.0,814.0,29.919962995154666,26.42538684807998,1232.8999999999974,0.16202837542874962,0.16202837542874962,0.031727471156844406,0.19581428915082993,0.19581428915082993,0.001166197497472508,0.0010299885737480505,0.04805503585905821,,,,,,,,,,,,,,,,,,,,,,,,,,,,,,
mkgw_mhyper_native,W-N,dev_oof,Active,20087,138,2026091201,512,2,0.2,25656,Random,4157.0,4157.0,1010.59765625,14.705616889615227,32.96980928506797,676.1135742187499,0.16202837542874965,0.16202837542874965,0.039390304655830995,0.24310744677652155,0.24310744677652155,0.0005731843190526671,0.0012850720800229173,0.026353039219626985,0.16202837542874962,0.16202837542874962,512.0,0.16202837542874962,0.16202837542874962,512.0,0.03743081540380418,0.041129755222949795,512.0,0.23101395236949723,0.2538429155641087,512.0,0.23101395236949723,0.2538429155641087,512.0,0.00015737494377669005,0.000977804065507383,512.0,0.0010527021915315037,0.0015198800559777241,512.0,0.025914649594636727,0.026744231368880565,512.0,4157.0,4157.0,1009.5935052729878,14.650364485569108,33.01754895815527,675.7806757397428
mkgw_mhyper_native,W-N,dev_oof,Active,20087,138,2026091201,512,3,0.3,25656,Confidence,6256.0,6256.0,1297.0,36.90434814282175,45.72256103971391,1717.4499999999991,0.24384159650763954,0.24384159650763954,0.05055347676956657,0.20732097186700768,0.20732097186700768,0.001438429534721771,0.0017821391113078387,0.06694145618958525,,,,,,,,,,,,,,,,,,,,,,,,,,,,,,
mkgw_mhyper_native,W-N,dev_oof,Active,20087,138,2026091201,512,3,0.3,25656,Random,6256.0,6256.0,1522.623046875,21.894665739212293,49.658070962958575,1016.3615234374995,0.2438415965076395,0.2438415965076395,0.05934763980647802,0.2433860369045716,0.2433860369045716,0.0008533935819774042,0.0019355344154567584,0.03961496427492592,0.24384159650763954,0.24384159650763954,512.0,0.24384159650763954,0.24384159650763954,512.0,0.057162067352666046,0.061623012160898036,512.0,0.23442295396419435,0.25271739130434784,512.0,0.23442295396419435,0.25271739130434784,512.0,0.00040515041585329083,0.0012792486433677228,512.0,0.001667325576098863,0.002212674039215937,512.0,0.039131392266916094,0.04010996453071404,512.0,6256.0,6256.0,1521.7776774392598,21.961613787120008,49.7642912079113,1015.7378185012549
mkgw_mhyper_native,W-N,dev_oof,Active,20087,138,2026091201,512,4,0.4,25656,Confidence,8396.0,8396.0,1749.0,48.519467859376434,62.64234956275596,2139.9499999999994,0.3272528843155597,0.3272528843155597,0.06817118802619271,0.20831348261076704,0.20831348261076704,0.0018911548121054113,0.0024416257235249437,0.08340933894605548,,,,,,,,,,,,,,,,,,,,,,,,,,,,,,
mkgw_mhyper_native,W-N,dev_oof,Active,20087,138,2026091201,512,4,0.4,25656,Random,8396.0,8396.0,2047.609375,29.68487123764729,66.58165916912418,1361.3975585937508,0.3272528843155597,0.3272528843155597,0.07981015649360773,0.243879153763697,0.243879153763697,0.0011570342702544156,0.0025951691288246077,0.053063515691992066,0.3272528843155597,0.3272528843155597,512.0,0.3272528843155597,0.3272528843155597,512.0,0.07755593233551605,0.08232869504209542,512.0,0.23699082896617438,0.25157515483563603,512.0,0.23699082896617438,0.25157515483563603,512.0,0.000638048259252785,0.0016233140653349283,512.0,0.00229006500953503,0.0028947819075424526,512.0,0.05257595689117549,0.05358200810726528,512.0,8396.0,8396.0,2047.002558492177,29.6449068480194,66.78805691629549,1360.9041470144798
mkgw_mhyper_native,W-N,dev_oof,Active,20087,138,2026091201,512,5,0.5,25656,Confidence,10553.0,10553.0,2188.0,55.88037302753077,77.65000181479891,2494.750000000001,0.411326785157468,0.411326785157468,0.08528219519800437,0.2073344072775514,0.2073344072775514,0.0021780625595389292,0.0030265825465699606,0.09723846273776118,,,,,,,,,,,,,,,,,,,,,,,,,,,,,,
mkgw_mhyper_native,W-N,dev_oof,Active,20087,138,2026091201,512,5,0.5,25656,Random,10553.0,10553.0,2576.14453125,37.1344753561009,83.65262081020887,1707.4544921874992,0.41132678515746784,0.41132678515746784,0.10041099669667913,0.24411489919927984,0.24411489919927984,0.0014473992577214267,0.003260548051536051,0.06655185890970913,0.411326785157468,0.411326785157468,512.0,0.411326785157468,0.411326785157468,512.0,0.09805795915185532,0.10305581540380418,512.0,0.23839429546100635,0.2505448687576992,512.0,0.23839429546100635,0.2505448687576992,512.0,0.0009479676977675375,0.0019510673903568618,512.0,0.002943826757530356,0.003554674387769127,512.0,0.06605837815715612,0.06706101886498274,512.0,10553.0,10553.0,2575.5209808537156,36.95707405868487,83.92536098020764,1707.066295649342
mkgw_mhyper_native,W-N,dev_oof,Active,20087,138,2026091201,512,6,0.6,25656,Confidence,12636.0,12636.0,2722.0,67.88594631514715,97.38638331414312,2796.3000000000093,0.49251637043966323,0.49251637043966323,0.106096039912691,0.21541627097182653,0.21541627097182653,0.0026460066384139053,0.003795852171583377,0.1089920486435925,,,,,,,,,,,,,,,,,,,,,,,,,,,,,,
mkgw_mhyper_native,W-N,dev_oof,Active,20087,138,2026091201,512,6,0.6,25656,Random,12636.0,12636.0,3081.95703125,44.641649968647,100.1194575922554,2046.400683593749,0.4925163704396632,0.4925163704396632,0.12012617053515748,0.2439028989593226,0.2439028989593226,0.0017400081839977787,0.003902379856261905,0.0797630450418517,0.49251637043966323,0.49251637043966323,512.0,0.49251637043966323,0.49251637043966323,512.0,0.11778044122232616,0.1225444340505145,512.0,0.23914015511237735,0.24881291547958215,512.0,0.23914015511237735,0.24881291547958215,512.0,0.0012275512106317697,0.0022539896026297977,512.0,0.0035759223378564525,0.0042072723426181576,512.0,0.07925650919862787,0.08025067235734322,512.0,12636.0,12636.0,3082.324539368302,44.32761636761593,100.42970865489477,2045.9089450453362
mkgw_mhyper_native,W-N,dev_oof,Active,20087,138,2026091201,512,7,0.7,25656,Confidence,14759.0,14759.0,3279.0,73.41996215427406,118.60249777774779,3015.1,0.5752650452135952,0.5752650452135952,0.12780636108512627,0.22216952368046616,0.22216952368046616,0.002861707286961103,0.00462279769947567,0.11752026816339257,,,,,,,,,,,,,,,,,,,,,,,,,,,,,,
mkgw_mhyper_native,W-N,dev_oof,Active,20087,138,2026091201,512,7,0.7,25656,Random,14759.0,14759.0,3602.71484375,52.08398125181852,117.14319425316893,2389.0877929687485,0.5752650452135952,0.5752650452135952,0.14042387136537263,0.24410290966528897,0.24410290966528897,0.0020300896964382024,0.004565918079715032,0.09312004182135751,0.5752650452135952,0.5752650452135952,512.0,0.5752650452135952,0.5752650452135952,512.0,0.13829123791705644,0.14251831930152792,512.0,0.24039569076495698,0.24774374957652956,512.0,0.24039569076495698,0.24774374957652956,512.0,0.0015693637025472986,0.0025307732597950137,512.0,0.004276435089932879,0.004841686887224041,512.0,0.09260275374181474,0.0936133847832865,512.0,14759.0,14759.0,3602.7576213682214,51.99023982646934,117.41273688084752,2388.5647868171427
mkgw_mhyper_native,W-N,dev_oof,Active,20087,138,2026091201,512,8,0.8,25656,Confidence,16875.0,16875.0,3911.0,74.07060474700903,140.60520508770938,3202.9499999999957,0.6577408793264733,0.6577408793264733,0.15243997505456813,0.23176296296296298,0.23176296296296298,0.0028870675376913403,0.005480402443393724,0.12484214218896147,,,,,,,,,,,,,,,,,,,,,,,,,,,,,,
mkgw_mhyper_native,W-N,dev_oof,Active,20087,138,2026091201,512,8,0.8,25656,Random,16875.0,16875.0,4119.376953125,59.16609128208207,134.05999133421176,2731.2603515625024,0.6577408793264733,0.6577408793264733,0.16056193300300126,0.24411122685185185,0.24411122685185185,0.0023061307796258985,0.005225288093787488,0.10645698283296307,0.6577408793264733,0.6577408793264733,512.0,0.6577408793264733,0.6577408793264733,512.0,0.15873674773932023,0.16245712503897725,512.0,0.2413362962962963,0.2469925925925926,512.0,0.2413362962962963,0.2469925925925926,512.0,0.0019098374795989354,0.0027104427472645185,512.0,0.004985779477704628,0.005473271842569765,512.0,0.10602393202369814,0.10687017656688497,512.0,16875.0,16875.0,4119.733592587492,59.322158730066235,134.20021661303497,2731.032416320073
mkgw_mhyper_native,W-N,dev_oof,Active,20087,138,2026091201,512,9,0.9,25656,Confidence,18961.0,18961.0,4503.0,80.62433740878858,150.19506777114074,3311.100000000015,0.7390473963205488,0.7390473963205488,0.17551449953227316,0.23748747428933073,0.23748747428933073,0.003142513930807163,0.005854188796817148,0.12905753040224566,,,,,,,,,,,,,,,,,,,,,,,,,,,,,,
mkgw_mhyper_native,W-N,dev_oof,Active,20087,138,2026091201,512,9,0.9,25656,Random,18961.0,18961.0,4625.623046875,66.67914722647558,150.6796640380491,3069.85908203125,0.7390473963205489,0.7390473963205489,0.18029400712796226,0.24395459347476398,0.24395459347476398,0.002598968943969269,0.005873077020503946,0.11965462589769461,0.7390473963205488,0.7390473963205488,512.0,0.7390473963205488,0.7390473963205488,512.0,0.17889674929840974,0.18175085749922046,512.0,0.24206397341912347,0.24592584779283794,512.0,0.24206397341912347,0.24592584779283794,512.0,0.0023150950422339816,0.0028973561822484865,512.0,0.0056846405204485865,0.006058974909838816,512.0,0.11931429295291567,0.11998976847521059,512.0,18961.0,18961.0,4626.209469943932,66.74274714455667,150.75945570165686,3069.5092967606033
mkgw_mhyper_native,W-N,dev_oof,Active,20087,138,2026091201,512,10,1.0,25656,Confidence,23061.0,23061.0,5863.0,80.28384842312651,172.89908267575737,3800.900000000037,0.8988540692235735,0.8988540692235735,0.22852354225132523,0.25423875807640606,0.25423875807640606,0.0031292426108172166,0.006739128573267749,0.14814858122856395,,,,,,,,,,,,,,,,,,,,,,,,,,,,,,
mkgw_mhyper_native,W-N,dev_oof,Active,20087,138,2026091201,512,10,1.0,25656,Random,23061.0,23061.0,5863.0,80.2838484231258,172.89908267575615,3800.8999999999664,0.8988540692235731,0.8988540692235731,0.22852354225132523,0.25423875807640606,0.25423875807640606,0.003129242610817217,0.00673912857326775,0.14814858122856273,0.8988540692235735,0.8988540692235735,512.0,0.8988540692235735,0.8988540692235735,512.0,0.22852354225132523,0.22852354225132523,512.0,0.25423875807640606,0.25423875807640606,512.0,0.25423875807640606,0.25423875807640606,512.0,0.0031292426108172158,0.0031292426108172184,512.0,0.006739128573267747,0.006739128573267751,512.0,0.14814858122856264,0.14814858122856278,512.0,23061.0,23061.0,5863.0,80.28384842312651,172.89908267575737,3800.900000000037
mkgw_mhyper_native,W-N,test,All,19215,69,2026091202,512,0,0.0,25644,Confidence,0.0,0.0,0.0,0.0,0.0,0.0,0.0,0.0,0.0,,,0.0,0.0,0.0,,,,,,,,,,,,,,,,,,,,,,,,,,,,,,
mkgw_mhyper_native,W-N,test,All,19215,69,2026091202,512,0,0.0,25644,Random,0.0,0.0,0.0,0.0,0.0,0.0,0.0,0.0,0.0,,,0.0,0.0,0.0,0.0,0.0,512.0,0.0,0.0,512.0,0.0,0.0,512.0,,,0.0,,,0.0,0.0,0.0,512.0,0.0,0.0,512.0,0.0,0.0,512.0,0.0,0.0,0.0,0.0,0.0,0.0
mkgw_mhyper_native,W-N,test,All,19215,69,2026091202,512,1,0.1,25644,Confidence,2238.0,2238.0,429.0,12.12975923820711,16.157913553997076,674.9000000000019,0.08727187646233037,0.08727187646233037,0.016729059429106224,0.19168900804289543,0.19168900804289543,0.00047300574162404893,0.0006300855386833987,0.026318047106535715,,,,,,,,,,,,,,,,,,,,,,,,,,,,,,
mkgw_mhyper_native,W-N,test,All,19215,69,2026091202,512,1,0.1,25644,Random,2238.0,1997.388671875,476.25390625,5.495020255509999,17.790021700566804,303.54589843750017,0.08727187646233037,0.07788912306484948,0.018571748020979568,0.21280335399910633,0.23843679150350922,0.0002142809333766183,0.0006937303735987676,0.011836916956695512,0.08727187646233037,0.08727187646233037,512.0,0.07657834191233817,0.07916081734518796,512.0,0.017080018717828733,0.019974457962876304,512.0,0.19571045576407506,0.22887622877569255,512.0,0.21953143895974683,0.2564219527726877,512.0,-0.0001260325249417653,0.0005388366905780306,512.0,0.0005225590745399285,0.0009161507907482796,512.0,0.011459893152394313,0.012199101154266097,512.0,2238.0,1997.6872561001921,475.89839585130375,5.56245273867733,17.702748233653477,303.7710048726073
mkgw_mhyper_native,W-N,test,All,19215,69,2026091202,512,2,0.2,25644,Confidence,4515.0,4515.0,888.0,22.03844493048702,34.634035924011364,1213.9000000000003,0.17606457650912494,0.17606457650912494,0.03462798315395414,0.19667774086378736,0.19667774086378736,0.0008593996619282101,0.0013505707348312028,0.04733660895336142,,,,,,,,,,,,,,,,,,,,,,,,,,,,,,
mkgw_mhyper_native,W-N,test,All,19215,69,2026091202,512,2,0.2,25644,Random,4515.0,4026.2734375,961.375,10.916390680175235,35.817402813573835,610.6857421875004,0.17606457650912496,0.15700645131414756,0.037489276243955705,0.21292912513842746,0.2387749064842979,0.0004256898565034803,0.0013967166905932715,0.02381398152345577,0.17606457650912494,0.17606457650912494,512.0,0.1552799875214475,0.15871158945562314,512.0,0.03559409608485416,0.03958918265481204,512.0,0.20216500553709857,0.2248560354374308,512.0,0.22695195466702178,0.2514384182280577,512.0,2.8217871986152066e-06,0.0008037303957329849,512.0,0.0011631144467187553,0.0016807667500834715,512.0,0.02338773202308532,0.024300031196381196,512.0,4515.0,4026.1245122003843,960.9217917026075,11.14444844574235,35.547975652986395,610.8982597452147
mkgw_mhyper_native,W-N,test,All,19215,69,2026091202,512,3,0.3,25644,Confidence,6792.0,6792.0,1353.0,35.04546674850246,51.217973123875815,1669.8499999999824,0.2648572765559195,0.2648572765559195,0.0527608797379504,0.19920494699646643,0.19920494699646643,0.0013666146758891929,0.0019972692685959995,0.06511659647480823,,,,,,,,,,,,,,,,,,,,,,,,,,,,,,
mkgw_mhyper_native,W-N,test,All,19215,69,2026091202,512,3,0.3,25644,Random,6792.0,6054.568359375,1444.294921875,16.381841334919468,53.599244413195926,917.9227539062509,0.26485727655591956,0.23610077832533927,0.056320968720753393,0.21264648437500006,0.23854643580104312,0.0006388177092075908,0.0020901280772576795,0.03579483520146045,0.2648572765559195,0.2648572765559195,512.0,0.2341200670722196,0.2381843706130089,512.0,0.0540389564810482,0.05870574013414444,512.0,0.20403047703180213,0.2216504711425206,512.0,0.22919686765086128,0.2478378693762826,512.0,0.00019295875060360135,0.0010813309962883903,512.0,0.0018180782639826733,0.002410078022711356,512.0,0.03523757994072694,0.036347049992200973,512.0,6792.0,6054.561768300575,1445.9451875539112,16.726444152807368,53.393203072319324,918.025514617822
mkgw_mhyper_native,W-N,test,All,19215,69,2026091202,512,4,0.4,25644,Confidence,9111.0,9111.0,1883.0,42.46542988537713,72.17412826925779,2071.3499999999576,0.3552877866167525,0.3552877866167525,0.07342848229605366,0.20667325211283064,0.20667325211283064,0.0016559596742075,0.0028144645246161986,0.08077328029948361,,,,,,,,,,,,,,,,,,,,,,,,,,,,,,
mkgw_mhyper_native,W-N,test,All,19215,69,2026091202,512,4,0.4,25644,Random,9111.0,8117.23828125,1938.994140625,22.447594997873782,71.36849048040685,1228.6322265625026,0.3552877866167525,0.3165355748420683,0.0756120004923179,0.21281902542256614,0.23887284177164153,0.0008753546637760793,0.002783048295133632,0.04791109914843647,0.3552877866167525,0.3552877866167525,512.0,0.3145111917017626,0.3188357900483544,512.0,0.07314673997816254,0.07815570893776322,512.0,0.20588025463725165,0.21997859729996708,512.0,0.23136319753178558,0.24655380359351314,512.0,0.0003612205392966102,0.0013686783448519475,512.0,0.0024818738569176795,0.0031184749558808007,512.0,0.047343969349555655,0.04848375838402763,512.0,9111.0,8117.912067879029,1941.2584384776785,22.56279014465069,71.34409151744092,1229.0179868817338
mkgw_mhyper_native,W-N,test,All,19215,69,2026091202,512,5,0.5,25644,Confidence,11520.0,11520.0,2422.0,57.46998556261999,95.82160196827174,2422.499999999928,0.44922788956481047,0.44922788956481047,0.09444704414287942,0.21024305555555556,0.21024305555555556,0.002241069472883325,0.0037366090301151045,0.09446654188113898,,,,,,,,,,,,,,,,,,,,,,,,,,,,,,
mkgw_mhyper_native,W-N,test,All,19215,69,2026091202,512,5,0.5,25644,Random,11520.0,10257.1328125,2463.263671875,28.176230589608696,89.98159138213109,1548.5957031250075,0.4492278895648106,0.3999817818008111,0.09605614069080487,0.2138249715169271,0.24015098718257855,0.0010987455385122725,0.003508875034399125,0.06038822738749837,0.44922788956481047,0.44922788956481047,512.0,0.3976709951645609,0.4024810871938855,512.0,0.09358036967711746,0.0986195601310248,512.0,0.20831380208333333,0.21953125,512.0,0.23395892597986725,0.24609101816953963,512.0,0.0005400366696189394,0.0016066506077635333,512.0,0.0031681810260552803,0.003826670489669131,512.0,0.059753402355327084,0.06100301240056181,512.0,11520.0,10258.49448526954,2466.1689311031764,28.37688965052902,89.90311031085352,1548.9863707865989
mkgw_mhyper_native,W-N,test,All,19215,69,2026091202,512,6,0.6,25644,Confidence,13758.0,13758.0,3022.0,60.31238332624516,122.27361925761208,2666.699999999958,0.5364997660271409,0.5364997660271409,0.1178443300577133,0.21965401947957552,0.21965401947957552,0.002351910128148696,0.004768118049353147,0.10398923724847754,,,,,,,,,,,,,,,,,,,,,,,,,,,,,,
mkgw_mhyper_native,W-N,test,All,19215,69,2026091202,512,6,0.6,25644,Random,13758.0,12254.705078125,2938.517578125,33.59456422895769,107.6953693812758,1852.2230468750117,0.5364997660271411,0.47787806419142875,0.11458889323525971,0.21358610104121234,0.23978699570116788,0.001310036040748622,0.004199632248528928,0.07222832034296567,0.5364997660271409,0.5364997660271409,512.0,0.4755888316955233,0.48027706286070815,512.0,0.11201645609109344,0.11722040243331773,512.0,0.2087912487280128,0.21849105974705627,512.0,0.23453796187573106,0.24488672335479802,512.0,0.0007946424243040345,0.0018186078317761812,512.0,0.0038608474672439086,0.004517322256643795,512.0,0.07161124434565634,0.07284876579316851,512.0,13758.0,12256.181741369735,2942.0673269544795,33.93934238920637,107.60585854450696,1852.7573756592067
mkgw_mhyper_native,W-N,test,All,19215,69,2026091202,512,7,0.7,25644,Confidence,16077.0,16077.0,3665.0,59.35368004139215,145.2289740305023,2866.4499999999575,0.6269302760879738,0.6269302760879738,0.1429184214631103,0.2279654164334142,0.2279654164334142,0.0023145250367100356,0.005663273047516077,0.11177858368429097,,,,,,,,,,,,,,,,,,,,,,,,,,,,,,
mkgw_mhyper_native,W-N,test,All,19215,69,2026091202,512,7,0.7,25644,Random,16077.0,14317.486328125,3435.0703125,39.60689260874832,125.64242718968316,2163.2555664062593,0.6269302760879737,0.5583172020014429,0.13395220373186711,0.21366363827206566,0.23992109323785016,0.0015444896509416745,0.004899486319984527,0.084357181656772,0.6269302760879738,0.6269302760879738,512.0,0.5562051552019965,0.560451762595539,512.0,0.13168772422399003,0.13640617688348153,512.0,0.2100516265472414,0.21757790632580706,512.0,0.2359048103699745,0.24399089320562636,512.0,0.001106296927987856,0.0020131539412270986,512.0,0.0046066913842217295,0.005186947533039286,512.0,0.08380015793168039,0.0849105053813762,512.0,16077.0,14319.53204094819,3437.380577878247,39.77568838104968,125.55674698962858,2163.7498479231176
mkgw_mhyper_native,W-N,test,All,19215,69,2026091202,512,8,0.8,25644,Confidence,18354.0,18347.0,4309.0,55.68193695844171,164.16553590117948,2992.499999999893,0.7157229761347683,0.7154500077990953,0.16803150834503197,0.2347717118884167,0.2348612852237423,0.002171343665514027,0.006401713301403037,0.1166939635002298,,,,,,,,,,,,,,,,,,,,,,,,,,,,,,
mkgw_mhyper_native,W-N,test,All,19215,69,2026091202,512,8,0.8,25644,Random,18354.0,16347.234375,3920.732421875,45.352063614390694,143.26018710371804,2470.4040039062493,0.7157229761347684,0.6374681943144596,0.15289082911694746,0.2136173271153427,0.23984056205610327,0.0017685253320227226,0.005586499263130486,0.09633458134090833,0.7157229761347683,0.7157229761347683,512.0,0.6354702854468881,0.63944782405241,512.0,0.15096416315707378,0.15496802370924972,512.0,0.21092541135447315,0.21651955976898768,512.0,0.2367984358930331,0.2428459906442928,512.0,0.0013773606024611925,0.0021533919701532825,512.0,0.005329279347293288,0.005840557221373309,512.0,0.09584264350335385,0.09682708430822035,512.0,18354.0,16347.969297048383,3922.403973729551,45.3576840881147,143.40197440896148,2470.8771027957255
mkgw_mhyper_native,W-N,test,All,19215,69,2026091202,512,9,0.9,25644,Confidence,20631.0,20285.0,4856.0,57.01829208318976,179.03453040348487,3089.39999999983,0.8045156761815629,0.7910232413040087,0.18936203400405552,0.2353739518200766,0.23938871087010105,0.002223455470409833,0.006981536827463924,0.12047262517547301,,,,,,,,,,,,,,,,,,,,,,,,,,,,,,
mkgw_mhyper_native,W-N,test,All,19215,69,2026091202,512,9,0.9,25644,Random,20631.0,18376.501953125,4405.81640625,51.149495358540996,161.0669339280949,2777.8410156250006,0.8045156761815627,0.7166004505196147,0.17180691024216194,0.2135532163370656,0.23975270341426244,0.0019945989455054216,0.00628088184090215,0.10832323411421757,0.8045156761815629,0.8045156761815629,512.0,0.7149732880985805,0.7182966775854001,512.0,0.17012849009514894,0.1733348931523943,512.0,0.21146696718530367,0.21545247443168047,512.0,0.2375836466095429,0.2418949438560224,512.0,0.0016888154542024528,0.0022720370302359476,512.0,0.006075558258211769,0.006467997361291415,512.0,0.10786061066916228,0.10876208859772246,512.0,20631.0,18376.406553148572,4407.427369580853,50.93967979517971,161.24720182829438,2778.0043576683324
mkgw_mhyper_native,W-N,test,All,19215,69,2026091202,512,10,1.0,25644,Confidence,25644.0,22848.0,5804.0,62.475866981845776,189.88392977627984,3499.3999999998223,1.0,0.8909686476368741,0.22632974574949305,0.22632974574949305,0.2540266106442577,0.002436276204252292,0.007404614326013096,0.1364607705506092,,,,,,,,,,,,,,,,,,,,,,,,,,,,,,
mkgw_mhyper_native,W-N,test,All,19215,69,2026091202,512,10,1.0,25644,Random,25644.0,22848.0,5804.0,62.47586698184658,189.88392977627907,3499.3999999999614,1.0,0.8909686476368743,0.22632974574949305,0.22632974574949305,0.2540266106442576,0.0024362762042522915,0.007404614326013095,0.13646077055061562,1.0,1.0,512.0,0.8909686476368741,0.8909686476368741,512.0,0.22632974574949305,0.22632974574949305,512.0,0.22632974574949305,0.22632974574949305,512.0,0.2540266106442577,0.2540266106442577,512.0,0.00243627620425229,0.002436276204252294,512.0,0.007404614326013091,0.007404614326013102,512.0,0.13646077055061542,0.1364607705506158,512.0,25644.0,22848.0,5804.0,62.475866981845776,189.88392977627984,3499.3999999998223
mkgw_mhyper_native,W-N,test,Active,17126,60,2026091203,512,0,0.0,25644,Confidence,0.0,0.0,0.0,0.0,0.0,0.0,0.0,0.0,0.0,,,0.0,0.0,0.0,,,,,,,,,,,,,,,,,,,,,,,,,,,,,,
mkgw_mhyper_native,W-N,test,Active,17126,60,2026091203,512,0,0.0,25644,Random,0.0,0.0,0.0,0.0,0.0,0.0,0.0,0.0,0.0,,,0.0,0.0,0.0,0.0,0.0,512.0,0.0,0.0,512.0,0.0,0.0,512.0,,,0.0,,,0.0,0.0,0.0,512.0,0.0,0.0,512.0,0.0,0.0,512.0,0.0,0.0,0.0,0.0,0.0,0.0
mkgw_mhyper_native,W-N,test,Active,17126,60,2026091203,512,1,0.1,25644,Confidence,1989.0,1989.0,385.0,8.303801773216618,14.671472391530997,611.6000000000014,0.07756200280767431,0.07756200280767431,0.015013258462018406,0.19356460532931122,0.19356460532931122,0.00032381070711342294,0.0005721210572270706,0.02384963344252072,,,,,,,,,,,,,,,,,,,,,,,,,,,,,,
mkgw_mhyper_native,W-N,test,Active,17126,60,2026091203,512,1,0.1,25644,Random,1989.0,1989.0,473.859375,5.409348303620384,17.61361363772173,302.50175781249993,0.07756200280767431,0.07756200280767431,0.018478372133832473,0.23824000754147817,0.23824000754147817,0.00021094011478787946,0.0006868512571253214,0.011796200195464814,0.07756200280767431,0.07756200280767431,512.0,0.07756200280767431,0.07756200280767431,512.0,0.017002027764779284,0.01993546248635158,512.0,0.21920563097033685,0.25702614379084965,512.0,0.21920563097033685,0.25702614379084965,512.0,-9.171770663776897e-05,0.00047261670034814675,512.0,0.0004963612584258334,0.000877617498534499,512.0,0.011499766027140838,0.012096835517080013,512.0,1989.0,1989.0,473.70265838052944,5.562913290544254,17.636066737536463,302.45721254766215
mkgw_mhyper_native,W-N,test,Active,17126,60,2026091203,512,2,0.2,25644,Confidence,4035.0,4035.0,788.0,23.803280394158953,29.055020271209198,1107.5000000000023,0.15734674777725785,0.15734674777725785,0.030728435501481827,0.1952912019826518,0.1952912019826518,0.0009282202618218279,0.001133014360911293,0.04318749025113096,,,,,,,,,,,,,,,,,,,,,,,,,,,,,,
mkgw_mhyper_native,W-N,test,Active,17126,60,2026091203,512,2,0.2,25644,Random,4035.0,4035.0,964.314453125,11.334914894181443,35.39752253576462,611.9506835937502,0.15734674777725785,0.15734674777725785,0.03760390161928716,0.23898747289343247,0.23898747289343247,0.00044201040766578747,0.001380343259076769,0.023863308516368344,0.15734674777725785,0.15734674777725785,512.0,0.15734674777725785,0.15734674777725785,512.0,0.03548588363749805,0.039316214319138974,512.0,0.2255266418835192,0.2498698884758364,512.0,0.2255266418835192,0.2498698884758364,512.0,6.100420890635057e-05,0.0008236842289354286,512.0,0.0011426169721924415,0.0016418363820114297,512.0,0.02347981009202933,0.024288771252534695,512.0,4035.0,4035.0,963.7848344784366,11.151604975757808,35.57463360576008,611.8603053960436
mkgw_mhyper_native,W-N,test,Active,17126,60,2026091203,512,3,0.3,25644,Confidence,6047.0,6047.0,1212.0,31.034674465150882,46.39388585344129,1525.2499999999886,0.23580564654500077,0.23580564654500077,0.047262517547964435,0.20042996527203571,0.20042996527203571,0.0012102119195582157,0.0018091516866885545,0.05947785056933352,,,,,,,,,,,,,,,,,,,,,,,,,,,,,,
mkgw_mhyper_native,W-N,test,Active,17126,60,2026091203,512,3,0.3,25644,Random,6047.0,6047.0,1444.130859375,16.682538463963198,53.356299208495415,917.2666015625008,0.23580564654500072,0.23580564654500072,0.056314571025386055,0.23881773761782701,0.23881773761782701,0.0006505435370442682,0.0020806543132309866,0.035769248228143105,0.23580564654500077,0.23580564654500077,512.0,0.23580564654500077,0.23580564654500077,512.0,0.054125721416315706,0.05848054125721416,512.0,0.22953530676368447,0.248003142053911,512.0,0.22953530676368447,0.248003142053911,512.0,0.00020469375776566796,0.0010947155527522862,512.0,0.0018112646426991115,0.002347582951824778,512.0,0.03529090625487452,0.03625019497738268,512.0,6047.0,6047.0,1443.452963777627,16.734225919229146,53.33497314336889,917.1599003052019
mkgw_mhyper_native,W-N,test,Active,17126,60,2026091203,512,4,0.4,25644,Confidence,8097.0,8097.0,1648.0,39.63051542363936,62.06848669505124,1916.3499999999726,0.3157463734206832,0.3157463734206832,0.06426454531274373,0.2035321724095344,0.2035321724095344,0.0015454108338652066,0.0024203902158419608,0.07472898143815211,,,,,,,,,,,,,,,,,,,,,,,,,,,,,,
mkgw_mhyper_native,W-N,test,Active,17126,60,2026091203,512,4,0.4,25644,Random,8097.0,8097.0,1936.900390625,22.225429839717105,71.27978542296819,1227.0252929687526,0.31574637342068324,0.31574637342068324,0.07553035371334425,0.23921210209028035,0.23921210209028035,0.0008666912275665705,0.0027795891991486575,0.047848436007204606,0.3157463734206832,0.3157463734206832,512.0,0.3157463734206832,0.3157463734206832,512.0,0.07325495242551865,0.07799972703166433,512.0,0.2320056811164629,0.24703285167345929,512.0,0.2320056811164629,0.24703285167345929,512.0,0.00038810425801153364,0.0013282184344544673,512.0,0.00246770944653315,0.003103137896561347,512.0,0.04734630907814708,0.04834878529090645,512.0,8097.0,8097.0,1935.6160947416975,22.302769385592864,71.31183394511694,1226.9579923554406
mkgw_mhyper_native,W-N,test,Active,17126,60,2026091203,512,5,0.5,25644,Confidence,10241.0,10241.0,2156.0,49.7069095399326,84.25728018638046,2244.54999999994,0.3993526750896896,0.3993526750896896,0.08407424738730307,0.21052631578947367,0.21052631578947367,0.0019383446240809781,0.0032856527915450183,0.08752729683356497,,,,,,,,,,,,,,,,,,,,,,,,,,,,,,
mkgw_mhyper_native,W-N,test,Active,17126,60,2026091203,512,5,0.5,25644,Random,10241.0,10241.0,2462.4765625,28.65740115631666,89.82001096846834,1546.742968750005,0.39935267508968947,0.39935267508968947,0.09602544698564966,0.2404527450932526,0.2404527450932526,0.001117509014050719,0.003502574129171281,0.06031597912767152,0.3993526750896896,0.3993526750896896,512.0,0.3993526750896896,0.3993526750896896,512.0,0.0936583606301669,0.0985981126189362,512.0,0.23452543696904601,0.24689483448881944,512.0,0.23452543696904601,0.24689483448881944,512.0,0.0006002389123538533,0.0015648384253298796,512.0,0.003181397576723501,0.003846502575602009,512.0,0.05980258540009393,0.060898699500858224,512.0,10241.0,10241.0,2460.759002169868,28.51204567705666,89.90616647830515,1546.7735652753515
mkgw_mhyper_native,W-N,test,Active,17126,60,2026091203,512,6,0.6,25644,Confidence,12250.0,12250.0,2616.0,58.04909492843164,106.22384722924528,2511.4999999999322,0.47769458742785836,0.47769458742785836,0.1020121665886757,0.21355102040816326,0.21355102040816326,0.002263652118563081,0.00414224954099381,0.0979371392918395,,,,,,,,,,,,,,,,,,,,,,,,,,,,,,
mkgw_mhyper_native,W-N,test,Active,17126,60,2026091203,512,6,0.6,25644,Random,12250.0,12250.0,2942.099609375,33.95986774346909,107.50388840970118,1851.3083007812616,0.4776945874278582,0.4776945874278582,0.11472857625077991,0.2401713966836735,0.2401713966836735,0.001324281225373151,0.004192165356796953,0.07219264938314077,0.47769458742785836,0.47769458742785836,512.0,0.47769458742785836,0.47769458742785836,512.0,0.11248440180939011,0.1170731945094369,512.0,0.2354734693877551,0.2450795918367347,512.0,0.2354734693877551,0.2450795918367347,512.0,0.0008663116900331589,0.001817302233014393,512.0,0.003878420183437672,0.004489049479787107,512.0,0.07170444353455047,0.07275088714709141,512.0,12250.0,12250.0,2940.653703445514,34.08759649652418,107.6002525236386,1851.339537201961
mkgw_mhyper_native,W-N,test,Active,17126,60,2026091203,512,7,0.7,25644,Confidence,14290.0,14290.0,3171.0,59.759191159778204,129.23231360575608,2720.1999999999666,0.5572453595382936,0.5572453595382936,0.12365465605989705,0.2219034289713086,0.2219034289713086,0.002330338136007573,0.005039475651448919,0.10607549524255057,,,,,,,,,,,,,,,,,,,,,,,,,,,,,,
mkgw_mhyper_native,W-N,test,Active,17126,60,2026091203,512,7,0.7,25644,Random,14290.0,14290.0,3429.15234375,39.6181651201486,125.3842865459309,2160.031640625009,0.5572453595382935,0.5572453595382935,0.13372142972040243,0.23996867346046186,0.23996867346046186,0.0015449292278953597,0.004889420002571007,0.08423146313465182,0.5572453595382936,0.5572453595382936,512.0,0.5572453595382936,0.5572453595382936,512.0,0.13159218530650446,0.13593823116518483,512.0,0.236147655703289,0.24394681595521345,512.0,0.236147655703289,0.24394681595521345,512.0,0.0011194566725197608,0.0019884986373756024,512.0,0.004594841688520134,0.005173880910647759,512.0,0.08373493799719278,0.08471270082670451,512.0,14290.0,14290.0,3428.862280140492,39.65159879227553,125.54401290269944,2160.136513185355
mkgw_mhyper_native,W-N,test,Active,17126,60,2026091203,512,8,0.8,25644,Confidence,16312.0,16312.0,3745.0,55.884550157662304,149.18937805470182,2884.899999999961,0.6360942130712838,0.6360942130712838,0.14603805958508814,0.22958558116723884,0.22958558116723884,0.0021792446637678327,0.005817710889670169,0.11249805022617224,,,,,,,,,,,,,,,,,,,,,,,,,,,,,,
mkgw_mhyper_native,W-N,test,Active,17126,60,2026091203,512,8,0.8,25644,Random,16312.0,16312.0,3912.53515625,45.26075223726322,143.18953507265468,2466.1842773437525,0.6360942130712838,0.6360942130712838,0.15257117283770083,0.2398562503831535,0.2398562503831535,0.0017649646013595084,0.005583744153511724,0.09617003109279962,0.6360942130712838,0.6360942130712838,512.0,0.6360942130712838,0.6360942130712838,512.0,0.1508734986741538,0.15453907346747778,512.0,0.23718734673859734,0.24294997547817557,512.0,0.23718734673859734,0.24294997547817557,512.0,0.0013472128457122324,0.0022218284951484196,512.0,0.0053207557439726,0.005841769120489134,512.0,0.09574710458586812,0.09661260918733443,512.0,16312.0,16312.0,3912.484963708775,45.238760906359246,143.33745286299546,2466.4372241613582
mkgw_mhyper_native,W-N,test,Active,17126,60,2026091203,512,9,0.9,25644,Confidence,18348.0,18348.0,4322.0,51.600200184125455,166.2962588006137,2988.449999999892,0.71548900327562,0.71548900327562,0.16853844953985336,0.2355570089383039,0.2355570089383039,0.0020121743949510786,0.0064848018562086145,0.11653603182030463,,,,,,,,,,,,,,,,,,,,,,,,,,,,,,
mkgw_mhyper_native,W-N,test,Active,17126,60,2026091203,512,9,0.9,25644,Random,18348.0,18348.0,4397.9140625,50.828802903863306,161.13132762172668,2774.596386718748,0.7154890032756198,0.7154890032756198,0.1714987545819685,0.2396944660180946,0.2396944660180946,0.001982093390417378,0.006283392903670507,0.10819670826387247,0.71548900327562,0.71548900327562,512.0,0.71548900327562,0.71548900327562,512.0,0.17021525503041648,0.17306192481672125,512.0,0.2379005886200131,0.24187922389361238,512.0,0.2379005886200131,0.24187922389361238,512.0,0.0017016360445947201,0.0022793940166218273,512.0,0.0060890643206530015,0.006457176843889896,512.0,0.1078707982374043,0.10853026048978283,512.0,18348.0,18348.0,4398.6125855375885,50.82291142096043,161.24291930853184,2774.839200942896
mkgw_mhyper_native,W-N,test,Active,17126,60,2026091203,512,10,1.0,25644,Confidence,22848.0,22848.0,5804.0,62.475866981845776,189.88392977627984,3499.3999999998223,0.8909686476368741,0.8909686476368741,0.22632974574949305,0.2540266106442577,0.2540266106442577,0.002436276204252292,0.007404614326013096,0.1364607705506092,,,,,,,,,,,,,,,,,,,,,,,,,,,,,,
mkgw_mhyper_native,W-N,test,Active,17126,60,2026091203,512,10,1.0,25644,Random,22848.0,22848.0,5804.0,62.47586698184658,189.8839297762791,3499.3999999999614,0.8909686476368743,0.8909686476368743,0.22632974574949305,0.2540266106442576,0.2540266106442576,0.0024362762042522915,0.007404614326013095,0.13646077055061562,0.8909686476368741,0.8909686476368741,512.0,0.8909686476368741,0.8909686476368741,512.0,0.22632974574949305,0.22632974574949305,512.0,0.2540266106442577,0.2540266106442577,512.0,0.2540266106442577,0.2540266106442577,512.0,0.00243627620425229,0.002436276204252294,512.0,0.007404614326013092,0.007404614326013102,512.0,0.13646077055061542,0.13646077055061578,512.0,22848.0,22848.0,5804.0,62.475866981845776,189.88392977627984,3499.3999999998223
mkgw_mhyper_adamf,W-A,dev_oof,All,22386,150,2026091204,512,0,0.0,25656,Confidence,0.0,0.0,0.0,0.0,0.0,0.0,0.0,0.0,0.0,,,0.0,0.0,0.0,,,,,,,,,,,,,,,,,,,,,,,,,,,,,,
mkgw_mhyper_adamf,W-A,dev_oof,All,22386,150,2026091204,512,0,0.0,25656,Random,0.0,0.0,0.0,0.0,0.0,0.0,0.0,0.0,0.0,,,0.0,0.0,0.0,0.0,0.0,512.0,0.0,0.0,512.0,0.0,0.0,512.0,,,0.0,,,0.0,0.0,0.0,512.0,0.0,0.0,512.0,0.0,0.0,512.0,0.0,0.0,0.0,0.0,0.0,0.0
mkgw_mhyper_adamf,W-A,dev_oof,All,22386,150,2026091204,512,1,0.1,25656,Confidence,2292.0,227.0,48.0,8.287856787056793,5.326318272818451,63.55,0.08933582787652011,0.008847832865606486,0.0018709073900841909,0.020942408376963352,0.21145374449339208,0.0003230377606429994,0.00020760517121992715,0.0024770034299968816,,,,,,,,,,,,,,,,,,,,,,,,,,,,,,
mkgw_mhyper_adamf,W-A,dev_oof,All,22386,150,2026091204,512,1,0.1,25656,Random,2292.0,758.044921875,126.484375,1.3804829042149982,5.578583563562946,76.11396484374994,0.08933582787652014,0.029546496798994383,0.004930011498285002,0.05518515488656195,0.16686805451148778,5.3807409737098405e-05,0.00021743777531816905,0.00296671206905792,0.08933582787652011,0.08933582787652011,512.0,0.027937909260991583,0.031103835360149674,512.0,0.004239748986591831,0.0057384237605238525,512.0,0.04745855148342059,0.06423429319371726,512.0,0.14299981590574373,0.19343085097347779,512.0,-0.00010905362509702868,0.00022390585670543412,512.0,0.00011644648657525728,0.00034014297753367514,512.0,0.0027634861241035225,0.0031628079201746176,512.0,2292.0,756.7964017545006,126.07030156942592,1.3896927051620314,5.535403268984281,76.06833909060201
mkgw_mhyper_adamf,W-A,dev_oof,All,22386,150,2026091204,512,2,0.2,25656,Confidence,4635.0,623.0,127.0,13.415297037515106,12.312270265728806,144.69999999999996,0.18065949485500468,0.02428281883380106,0.004950109136264422,0.02740021574973031,0.20385232744783308,0.0005228912159929493,0.0004798982797680389,0.005640006236357966,,,,,,,,,,,,,,,,,,,,,,,,,,,,,,
mkgw_mhyper_adamf,W-A,dev_oof,All,22386,150,2026091204,512,2,0.2,25656,Random,4635.0,1545.685546875,259.314453125,2.50708108049043,11.385462300210781,155.15478515624991,0.18065949485500474,0.06024655234155753,0.01010736097306673,0.05594702332793959,0.16777419515012526,9.771909418812096e-05,0.00044377386577061027,0.006047504878244854,0.18065949485500468,0.18065949485500468,512.0,0.058076083567196755,0.06242009666354849,512.0,0.00904271905207359,0.011147489865918304,512.0,0.05005393743257821,0.06170442286947141,512.0,0.15158644306030208,0.18456976744186046,512.0,-0.00011513718792170204,0.00032736060633941825,512.0,0.0003056130142643339,0.0006012415857208932,512.0,0.0057844169005300886,0.006343983863423762,512.0,4635.0,1543.0281779354011,258.0402694863639,2.6869077481778167,11.262056892115513,154.91455532599545
mkgw_mhyper_adamf,W-A,dev_oof,All,22386,150,2026091204,512,3,0.3,25656,Confidence,7032.0,1339.0,271.0,17.684660294868884,21.082746593354344,263.8499999999998,0.27408793264733394,0.05219052073589024,0.010562831306516994,0.03853811149032992,0.20238984316654218,0.0006892992007666388,0.000821747216766228,0.010284144059869028,,,,,,,,,,,,,,,,,,,,,,,,,,,,,,
mkgw_mhyper_adamf,W-A,dev_oof,All,22386,150,2026091204,512,3,0.3,25656,Random,7032.0,2371.86328125,399.587890625,4.250995613680139,16.911010559581324,238.68505859375003,0.2740879326473339,0.09244867794083254,0.015574832032468039,0.056824216528014795,0.168469697946042,0.00016569206476770105,0.0006591444714523439,0.009303284167202608,0.27408793264733394,0.27408793264733394,512.0,0.08987273932023698,0.09499629716245712,512.0,0.014412807920174617,0.016807959151855314,512.0,0.05258461319681457,0.06132323663253697,512.0,0.15700226204247614,0.18161728949238767,512.0,-9.609631676108326e-05,0.0004307055055551433,512.0,0.0005000880004405946,0.0008361877477533543,512.0,0.008985081462425945,0.009623723495478645,512.0,7032.0,2369.085245491594,398.1793127723774,4.213370519580862,16.919917654756198,238.41886337698068
mkgw_mhyper_adamf,W-A,dev_oof,All,22386,150,2026091204,512,4,0.4,25656,Confidence,9369.0,2279.0,460.0,20.06772636472758,31.574524915726805,393.99999999999943,0.365177736202058,0.08882912379170564,0.017929529154973495,0.04909808944391077,0.20184291355857834,0.0007821845324574205,0.001230687750067306,0.01535703149360771,,,,,,,,,,,,,,,,,,,,,,,,,,,,,,
mkgw_mhyper_adamf,W-A,dev_oof,All,22386,150,2026091204,512,4,0.4,25656,Random,9369.0,3154.115234375,530.236328125,5.533616267764122,22.63111889506919,317.16445312500036,0.3651777362020579,0.12293869794102744,0.020667147182920176,0.05659476231454798,0.1681094129707913,0.0002156850743593748,0.0008820984913887283,0.012362194150491126,0.365177736202058,0.365177736202058,512.0,0.12043089335827876,0.1256801527907702,512.0,0.01933270969753664,0.021991931711880262,512.0,0.052940548617782045,0.06022254242715337,512.0,0.1580209008607918,0.17887480025632796,512.0,-7.118495459420993e-05,0.0005046074661046,512.0,0.0007062654758960536,0.0010630517114559677,512.0,0.012024039211100727,0.012700099391955112,512.0,9369.0,3151.8826457360115,529.4778013088447,5.520138947769436,22.621307967927073,316.9211847850832
mkgw_mhyper_adamf,W-A,dev_oof,All,22386,150,2026091204,512,5,0.5,25656,Confidence,11826.0,3530.0,688.0,23.153339564840955,38.346296667365,525.7000000000003,0.4609448082319925,0.13758964764577486,0.0268163392578734,0.05817689835954676,0.19490084985835693,0.0009024532103539505,0.0014946327045277908,0.02049033364515124,,,,,,,,,,,,,,,,,,,,,,,,,,,,,,
mkgw_mhyper_adamf,W-A,dev_oof,All,22386,150,2026091204,512,5,0.5,25656,Random,11826.0,4030.42578125,681.908203125,7.1181465397987145,28.621013019453557,405.2456054687503,0.4609448082319927,0.1570948620693015,0.02657889784553321,0.057661779394977165,0.16919058085290312,0.00027744568677107563,0.0011155680160373216,0.015795354126471414,0.4609448082319925,0.4609448082319925,512.0,0.15444048175865294,0.15991970689117554,512.0,0.025296227003429997,0.02790770190208918,512.0,0.05487907999323524,0.06054456282766785,512.0,0.16184220639289537,0.177136269364719,512.0,-1.5247528126208721e-05,0.0005660730638519989,512.0,0.0009426248427262542,0.0012989730757084887,512.0,0.015434985968194594,0.01615781883380108,512.0,11826.0,4027.5003193528096,680.6622991403129,7.1318014950501425,28.65283882757663,405.03988677546226
mkgw_mhyper_adamf,W-A,dev_oof,All,22386,150,2026091204,512,6,0.6,25656,Confidence,14157.0,4738.0,908.0,19.88516598335368,45.16850022027353,633.8000000000015,0.551800748362956,0.184674150296227,0.03539133146242594,0.0641378823197005,0.19164204305614183,0.0007750688331522326,0.001760543351273524,0.024703772996570065,,,,,,,,,,,,,,,,,,,,,,,,,,,,,,
mkgw_mhyper_adamf,W-A,dev_oof,All,22386,150,2026091204,512,6,0.6,25656,Random,14157.0,4810.705078125,812.185546875,8.462088174989539,34.35379900557275,483.5406250000008,0.5518007483629559,0.1875079933787418,0.031656748786833486,0.057369890999152365,0.16882906088626407,0.00032982881879441595,0.0013390161757706868,0.01884707768163396,0.551800748362956,0.551800748362956,512.0,0.1848992438415965,0.19039990645463048,512.0,0.0302375662613034,0.0330526972248207,512.0,0.0547979797979798,0.05989969626333263,512.0,0.16197476425653967,0.1753225465596585,512.0,6.101369442744675e-05,0.0005896636153178953,512.0,0.0011516856964095808,0.0015072721308508406,512.0,0.01851374922045529,0.01919716635484881,512.0,14157.0,4807.379822806437,811.503479178463,8.411685593535923,34.37340802056078,483.3029590714617
mkgw_mhyper_adamf,W-A,dev_oof,All,22386,150,2026091204,512,7,0.7,25656,Confidence,16482.0,6001.0,1083.0,19.53159823230689,48.20692996526485,705.6999999999991,0.642422825070159,0.23390240099781728,0.04221234798877455,0.0657080451401529,0.18046992167972004,0.0007612877390203808,0.0018789729484434382,0.027506236357966913,,,,,,,,,,,,,,,,,,,,,,,,,,,,,,
mkgw_mhyper_adamf,W-A,dev_oof,All,22386,150,2026091204,512,7,0.7,25656,Random,16482.0,5582.9765625,940.345703125,9.840144110383111,39.89891706777092,560.9520507812506,0.642422825070159,0.21760900228016838,0.0366520776085516,0.057052888188630024,0.1684320711511137,0.0003835416319918582,0.0015551495583010192,0.021864361193531766,0.642422825070159,0.642422825070159,512.0,0.2149117165575304,0.22022139070782662,512.0,0.035382561584034924,0.0377387355784222,512.0,0.055076750394369614,0.058744387817012494,512.0,0.1630340435575954,0.1735210891646284,512.0,0.00011869094818838763,0.0006499475168863934,512.0,0.0013824807707471356,0.0017076019936448697,512.0,0.021546811661989445,0.02218803593701282,512.0,16482.0,5581.377223050855,940.6019677149304,9.785818780972603,39.97239551251852,560.8852804795641
mkgw_mhyper_adamf,W-A,dev_oof,All,22386,150,2026091204,512,8,0.8,25656,Confidence,18891.0,7291.0,1270.0,16.055923281216216,54.16202326319883,771.9999999999958,0.7363189897100093,0.2841830371063299,0.04950109136264422,0.06722778042454079,0.17418735427239063,0.0006258155316969215,0.00211108603302147,0.03009042719052057,,,,,,,,,,,,,,,,,,,,,,,,,,,,,,
mkgw_mhyper_adamf,W-A,dev_oof,All,22386,150,2026091204,512,8,0.8,25656,Random,18891.0,6418.6796875,1083.310546875,11.168969759215077,45.76531381696745,645.4437500000007,0.7363189897100091,0.25018240129014657,0.04222445224801216,0.0573453256511037,0.16877580051229174,0.0004353355846279651,0.0017838054964518018,0.0251576142033053,0.7363189897100093,0.7363189897100093,512.0,0.24777829747427502,0.25246433582787653,512.0,0.041198939819145616,0.04334268787028375,512.0,0.055952570006881586,0.05886400931660579,512.0,0.16470157545516612,0.1730106068495017,512.0,0.00020376988421105097,0.0006523404646338898,512.0,0.0016341697032895867,0.0019138953545133485,512.0,0.02485880495790462,0.02546036989398194,512.0,18891.0,6416.234290607046,1082.9410110009437,11.244916793127546,45.73265909637235,645.3095885305495
mkgw_mhyper_adamf,W-A,dev_oof,All,22386,150,2026091204,512,9,0.9,25656,Confidence,21222.0,8007.0,1356.0,14.481687104719235,56.95457260566934,807.799999999994,0.8271749298409729,0.3120907390084191,0.052853133769878394,0.06389595702572802,0.169351817159985,0.0005644561546897114,0.0022199318913965287,0.03148581228562496,,,,,,,,,,,,,,,,,,,,,,,,,,,,,,
mkgw_mhyper_adamf,W-A,dev_oof,All,22386,150,2026091204,512,9,0.9,25656,Random,21222.0,7194.697265625,1213.1171875,12.493327304408718,51.432728591337735,723.3523437499998,0.827174929840973,0.28042942257659026,0.047283956481914566,0.057163188554330405,0.16861289440267427,0.0004869553829283097,0.002004705666952669,0.028194275949095737,0.8271749298409729,0.8271749298409729,512.0,0.27866970689117554,0.2820870361708762,512.0,0.04646086685375741,0.04817586529466791,512.0,0.056168127414946756,0.058241447554424654,512.0,0.16571423301932126,0.17167258653019504,512.0,0.00031463551525569045,0.0006494809170495846,512.0,0.0018923809361964638,0.002106948094573383,512.0,0.027975473573433128,0.028408997895229198,512.0,21222.0,7193.666066787947,1212.7109789178821,12.609496595391432,51.35690989829043,723.2358047659429
mkgw_mhyper_adamf,W-A,dev_oof,All,22386,150,2026091204,512,10,1.0,25656,Confidence,25656.0,9966.0,1702.0,20.663883989137243,60.6992663756805,1297.7499999999948,1.0,0.3884471468662301,0.06633925787340193,0.06633925787340193,0.17078065422436284,0.0008054211096483178,0.0023658897090614475,0.050582709697536435,,,,,,,,,,,,,,,,,,,,,,,,,,,,,,
mkgw_mhyper_adamf,W-A,dev_oof,All,22386,150,2026091204,512,10,1.0,25656,Random,25656.0,9966.0,1702.0,20.66388398913716,60.69926637567997,1297.7500000000002,1.0,0.3884471468662302,0.06633925787340192,0.06633925787340192,0.17078065422436284,0.0008054211096483175,0.002365889709061448,0.05058270969753664,1.0,1.0,512.0,0.3884471468662301,0.3884471468662301,512.0,0.06633925787340193,0.06633925787340193,512.0,0.06633925787340193,0.06633925787340193,512.0,0.17078065422436284,0.17078065422436284,512.0,0.0008054211096483173,0.000805421109648318,512.0,0.0023658897090614475,0.0023658897090614484,512.0,0.050582709697536636,0.050582709697536664,512.0,25656.0,9966.0,1702.0,20.663883989137243,60.6992663756805,1297.7499999999948
mkgw_mhyper_adamf,W-A,dev_oof,Active,7301,141,2026091205,512,0,0.0,25656,Confidence,0.0,0.0,0.0,0.0,0.0,0.0,0.0,0.0,0.0,,,0.0,0.0,0.0,,,,,,,,,,,,,,,,,,,,,,,,,,,,,,
mkgw_mhyper_adamf,W-A,dev_oof,Active,7301,141,2026091205,512,0,0.0,25656,Random,0.0,0.0,0.0,0.0,0.0,0.0,0.0,0.0,0.0,,,0.0,0.0,0.0,0.0,0.0,512.0,0.0,0.0,512.0,0.0,0.0,512.0,,,0.0,,,0.0,0.0,0.0,512.0,0.0,0.0,512.0,0.0,0.0,512.0,0.0,0.0,0.0,0.0,0.0,0.0
mkgw_mhyper_adamf,W-A,dev_oof,Active,7301,141,2026091205,512,1,0.1,25656,Confidence,728.0,728.0,144.0,17.154301931502452,16.673929143697098,176.3499999999999,0.02837542874961023,0.02837542874961023,0.005612722170252572,0.1978021978021978,0.1978021978021978,0.0006686272969871551,0.0006499036928475639,0.006873635796694727,,,,,,,,,,,,,,,,,,,,,,,,,,,,,,
mkgw_mhyper_adamf,W-A,dev_oof,Active,7301,141,2026091205,512,1,0.1,25656,Random,728.0,728.0,120.8515625,1.6119947755433495,5.251583873823533,73.25517578125006,0.02837542874961024,0.02837542874961024,0.004710460028843156,0.16600489354395603,0.16600489354395603,6.283110288210744e-05,0.00020469223081632116,0.002855284369397022,0.02837542874961023,0.02837542874961023,512.0,0.02837542874961023,0.02837542874961023,512.0,0.003966908325537886,0.005396398503274086,512.0,0.13980082417582418,0.19017857142857134,512.0,0.13980082417582418,0.19017857142857134,512.0,-0.00010308996894515728,0.00023064929165250494,512.0,0.0001048102043753935,0.0003238185337901728,512.0,0.002732304334268787,0.0029744016994075455,512.0,728.0,728.0,121.4027547583783,1.4443947864417832,5.3471433264798796,73.3429487657845
mkgw_mhyper_adamf,W-A,dev_oof,Active,7301,141,2026091205,512,2,0.2,25656,Confidence,1513.0,1513.0,305.0,22.476356626616084,24.181943557585612,298.8999999999996,0.058972560024945435,0.058972560024945435,0.011888057374493296,0.2015862524785195,0.2015862524785195,0.0008760662857271626,0.000942545352260119,0.011650296227003414,,,,,,,,,,,,,,,,,,,,,,,,,,,,,,
mkgw_mhyper_adamf,W-A,dev_oof,Active,7301,141,2026091205,512,2,0.2,25656,Random,1513.0,1513.0,252.3203125,2.8957645736322934,11.011834334769334,151.85908203125,0.058972560024945435,0.058972560024945435,0.009834748694262551,0.16676821711830803,0.16676821711830803,0.00011286890293234707,0.0004292108799021419,0.005919047475493062,0.058972560024945435,0.058972560024945435,512.0,0.058972560024945435,0.058972560024945435,512.0,0.008782545993140007,0.010814234487059555,512.0,0.14892597488433576,0.18337739590218105,512.0,0.14892597488433576,0.18337739590218105,512.0,-0.00012265575597234765,0.00035135546477325604,512.0,0.0003002469784728796,0.0005818525845266156,512.0,0.005743295915185532,0.006070509822263798,512.0,1513.0,1513.0,252.10299803040957,2.7266684645593338,11.063738352749796,151.89777430297872
mkgw_mhyper_adamf,W-A,dev_oof,Active,7301,141,2026091205,512,3,0.3,25656,Confidence,2326.0,2326.0,467.0,24.718933079934345,31.29436613514369,406.04999999999956,0.09066105394449642,0.09066105394449642,0.01820236981602744,0.20077386070507308,0.20077386070507308,0.0009634757202967862,0.0012197679347966826,0.015826707202993433,,,,,,,,,,,,,,,,,,,,,,,,,,,,,,
mkgw_mhyper_adamf,W-A,dev_oof,Active,7301,141,2026091205,512,3,0.3,25656,Random,2326.0,2326.0,390.919921875,4.368145172640112,16.66522398554859,234.2757812500001,0.09066105394449639,0.09066105394449639,0.015236978557647333,0.16806531464961305,0.16806531464961305,0.00017025823092610334,0.0006495643898327327,0.00913142271788276,0.09066105394449642,0.09066105394449642,512.0,0.09066105394449642,0.09066105394449642,512.0,0.014139967259120673,0.01637043966323667,512.0,0.1559651762682717,0.18056749785038692,512.0,0.1559651762682717,0.18056749785038692,512.0,-9.130574939292759e-05,0.0004368198873620547,512.0,0.0004851690598916667,0.0008152058726727273,512.0,0.008926859214218898,0.009339384549423142,512.0,2326.0,2326.0,391.09909725548306,4.232792759506192,16.708349891995965,234.31478453243724
mkgw_mhyper_adamf,W-A,dev_oof,Active,7301,141,2026091205,512,4,0.4,25656,Confidence,3118.0,3118.0,614.0,24.535806565233592,35.18796424881924,486.80000000000035,0.12153102588088556,0.12153102588088556,0.023932023698160273,0.19692110327132778,0.19692110327132778,0.0009563379546785779,0.0013715296323986296,0.018974119114437183,,,,,,,,,,,,,,,,,,,,,,,,,,,,,,
mkgw_mhyper_adamf,W-A,dev_oof,Active,7301,141,2026091205,512,4,0.4,25656,Random,3118.0,3118.0,522.673828125,5.65877600744369,22.377293172631703,313.41123046875,0.12153102588088553,0.12153102588088553,0.02037238182588868,0.1676311187059012,0.1676311187059012,0.00022056345523244818,0.0008722050659741068,0.012215903900403426,0.12153102588088556,0.12153102588088556,512.0,0.12153102588088556,0.12153102588088556,512.0,0.019059869036482695,0.021671343935141876,512.0,0.1568313021167415,0.17831943553559973,512.0,0.1568313021167415,0.17831943553559973,512.0,-6.966694829665146e-05,0.0004946973313465935,512.0,0.000701872508370864,0.0010517769982395233,512.0,0.012013856407857825,0.012423361007171823,512.0,3118.0,3118.0,522.7406234058528,5.593592043525674,22.410921742114812,313.44795913508517
mkgw_mhyper_adamf,W-A,dev_oof,Active,7301,141,2026091205,512,5,0.5,25656,Confidence,4016.0,4016.0,776.0,24.21679195306878,40.21456707728413,579.8000000000013,0.1565325849703773,0.1565325849703773,0.030246336139694418,0.19322709163346613,0.19322709163346613,0.0009439036464401613,0.001567452723623485,0.02259900218272534,,,,,,,,,,,,,,,,,,,,,,,,,,,,,,
mkgw_mhyper_adamf,W-A,dev_oof,Active,7301,141,2026091205,512,5,0.5,25656,Random,4016.0,4016.0,679.50390625,7.358394065577917,28.439825792821676,404.1305664062503,0.15653258497037734,0.15653258497037734,0.026485184995712504,0.1691991798431275,0.1691991798431275,0.0002868098715925288,0.001108505838510355,0.015751892984340918,0.1565325849703773,0.1565325849703773,512.0,0.1565325849703773,0.1565325849703773,512.0,0.02524847988774556,0.027838517305893356,512.0,0.16129855577689242,0.1778448705179283,512.0,0.16129855577689242,0.1778448705179283,512.0,-2.080904021764399e-06,0.0005795763207342562,512.0,0.0009206384706698394,0.0012951955313452333,512.0,0.015523318132210808,0.01599713517305896,512.0,4016.0,4016.0,679.533799368231,7.353415771063233,28.410712794873167,404.1776195306332
mkgw_mhyper_adamf,W-A,dev_oof,Active,7301,141,2026091205,512,6,0.6,25656,Confidence,4767.0,4767.0,923.0,20.87148746804761,44.58641118790021,640.7000000000014,0.1858044901777362,0.1858044901777362,0.035975990021827255,0.19362282357877073,0.19362282357877073,0.0008135129197087469,0.0017378551289328114,0.02497271593389466,,,,,,,,,,,,,,,,,,,,,,,,,,,,,,
mkgw_mhyper_adamf,W-A,dev_oof,Active,7301,141,2026091205,512,6,0.6,25656,Random,4767.0,4767.0,804.51953125,8.683292293196212,33.92868066695492,479.6287109375008,0.18580449017773623,0.18580449017773623,0.03135794867672279,0.16876851924690583,0.16876851924690583,0.0003384507442000391,0.0013224462374085933,0.01869460207894843,0.1858044901777362,0.1858044901777362,512.0,0.1858044901777362,0.1858044901777362,512.0,0.029964725600249455,0.03259374025569067,512.0,0.16127019089574157,0.17541955108034402,512.0,0.16127019089574157,0.17541955108034402,512.0,5.152115623540933e-05,0.0005972468772253821,512.0,0.0011345440832150726,0.0014936694347462297,512.0,0.01846176333021519,0.0189418654505769,512.0,4767.0,4767.0,804.5092861691915,8.722933250044639,33.88783998900735,479.6102512652431
mkgw_mhyper_adamf,W-A,dev_oof,Active,7301,141,2026091205,512,7,0.7,25656,Confidence,5555.0,5555.0,1025.0,21.473709728185867,46.0670235694525,681.5999999999998,0.21651855316495167,0.21651855316495167,0.03995166822575616,0.1845184518451845,0.1845184518451845,0.0008369858796455358,0.0017955653090681518,0.0265668849391955,,,,,,,,,,,,,,,,,,,,,,,,,,,,,,
mkgw_mhyper_adamf,W-A,dev_oof,Active,7301,141,2026091205,512,7,0.7,25656,Random,5555.0,5555.0,935.8125,9.972285257958074,39.60865883725082,558.2760742187502,0.21651855316495172,0.21651855316495172,0.0364753858746492,0.16846309630963097,0.16846309630963097,0.0003886921288571124,0.0015438360943736684,0.021760059020063574,0.21651855316495167,0.21651855316495167,512.0,0.21651855316495167,0.21651855316495167,512.0,0.03527439975054568,0.03761303398815092,512.0,0.1629162916291629,0.17371737173717372,512.0,0.1629162916291629,0.17371737173717372,512.0,0.00010798848699373429,0.0006525532845584459,512.0,0.001367914888300756,0.0017100472113421594,512.0,0.021549637511693212,0.02198554918927351,512.0,5555.0,5555.0,935.4136694624185,10.09649072395593,39.55232070819726,558.368568725034
mkgw_mhyper_adamf,W-A,dev_oof,Active,7301,141,2026091205,512,8,0.8,25656,Confidence,6372.0,6372.0,1128.0,20.31490288183135,48.36198359045178,725.249999999998,0.24836295603367634,0.24836295603367634,0.04396632366697849,0.17702448210922786,0.17702448210922786,0.0007918187902179354,0.0018850165103855541,0.02826824134705324,,,,,,,,,,,,,,,,,,,,,,,,,,,,,,
mkgw_mhyper_adamf,W-A,dev_oof,Active,7301,141,2026091205,512,8,0.8,25656,Random,6372.0,6372.0,1074.8515625,11.4727119024038,45.23108644826254,641.1261718750001,0.2483629560336764,0.2483629560336764,0.04189474440676645,0.16868354715944758,0.16868354715944758,0.00044717461421904504,0.0017629827895331521,0.024989326936194295,0.24836295603367634,0.24836295603367634,512.0,0.24836295603367634,0.24836295603367634,512.0,0.040839374805113814,0.042952915497349545,512.0,0.1644342435655995,0.17294413057124922,512.0,0.1644342435655995,0.17294413057124922,512.0,0.00023086062713026422,0.000677812367828301,512.0,0.0016016989265401475,0.0019041344094492948,512.0,0.024802726457748715,0.025154398581228598,512.0,6372.0,6372.0,1075.146911544635,11.589856829010978,45.235023378372375,641.1604360973494
mkgw_mhyper_adamf,W-A,dev_oof,Active,7301,141,2026091205,512,9,0.9,25656,Confidence,7153.0,7153.0,1250.0,16.840987299400545,52.870516706521435,764.2999999999959,0.27880417835983784,0.27880417835983784,0.0487215466167758,0.1747518523696351,0.1747518523696351,0.0006564151582242184,0.0020607466754958463,0.029790302463361236,,,,,,,,,,,,,,,,,,,,,,,,,,,,,,
mkgw_mhyper_adamf,W-A,dev_oof,Active,7301,141,2026091205,512,9,0.9,25656,Random,7153.0,7153.0,1204.431640625,12.854122317879586,50.892677744768264,719.25625,0.27880417835983795,0.27880417835983795,0.046945417860344556,0.16838132820145396,0.16838132820145396,0.0005010181757826473,0.001983655976955419,0.028034621531025893,0.27880417835983784,0.27880417835983784,512.0,0.27880417835983784,0.27880417835983784,512.0,0.04611007171811662,0.04775588556283131,512.0,0.16538515308262267,0.17128827065566893,512.0,0.16538515308262267,0.17128827065566893,512.0,0.0003243012632884461,0.0006643686060656592,512.0,0.0018734579261469235,0.002083936340258823,512.0,0.0278760816183349,0.028186389148737147,512.0,7153.0,7153.0,1205.1100119595233,12.88488869702034,50.91352727371331,719.3404044916865
mkgw_mhyper_adamf,W-A,dev_oof,Active,7301,141,2026091205,512,10,1.0,25656,Confidence,9966.0,9966.0,1702.0,20.663883989137243,60.6992663756805,1297.7499999999948,0.3884471468662301,0.3884471468662301,0.06633925787340193,0.17078065422436284,0.17078065422436284,0.0008054211096483178,0.0023658897090614475,0.050582709697536435,,,,,,,,,,,,,,,,,,,,,,,,,,,,,,
mkgw_mhyper_adamf,W-A,dev_oof,Active,7301,141,2026091205,512,10,1.0,25656,Random,9966.0,9966.0,1702.0,20.66388398913716,60.69926637567997,1297.75,0.3884471468662302,0.3884471468662302,0.06633925787340192,0.17078065422436284,0.17078065422436284,0.0008054211096483175,0.002365889709061448,0.05058270969753664,0.3884471468662301,0.3884471468662301,512.0,0.3884471468662301,0.3884471468662301,512.0,0.06633925787340193,0.06633925787340193,512.0,0.17078065422436284,0.17078065422436284,512.0,0.17078065422436284,0.17078065422436284,512.0,0.0008054211096483173,0.000805421109648318,512.0,0.0023658897090614475,0.0023658897090614484,512.0,0.050582709697536636,0.05058270969753666,512.0,9966.0,9966.0,1702.0,20.663883989137243,60.6992663756805,1297.7499999999948
mkgw_mhyper_adamf,W-A,test,All,19215,69,2026091206,512,0,0.0,25644,Confidence,0.0,0.0,0.0,0.0,0.0,0.0,0.0,0.0,0.0,,,0.0,0.0,0.0,,,,,,,,,,,,,,,,,,,,,,,,,,,,,,
mkgw_mhyper_adamf,W-A,test,All,19215,69,2026091206,512,0,0.0,25644,Random,0.0,0.0,0.0,0.0,0.0,0.0,0.0,0.0,0.0,,,0.0,0.0,0.0,0.0,0.0,512.0,0.0,0.0,512.0,0.0,0.0,512.0,,,0.0,,,0.0,0.0,0.0,512.0,0.0,0.0,512.0,0.0,0.0,512.0,0.0,0.0,0.0,0.0,0.0,0.0
mkgw_mhyper_adamf,W-A,test,All,19215,69,2026091206,512,1,0.1,25644,Confidence,2238.0,353.0,63.0,7.833699307795883,2.616863858958886,88.05000000000001,0.08727187646233037,0.013765403213227266,0.002456715021057557,0.028150134048257374,0.17847025495750707,0.0003054788374588942,0.00010204585318042764,0.0034335517080018724,,,,,,,,,,,,,,,,,,,,,,,,,,,,,,
mkgw_mhyper_adamf,W-A,test,All,19215,69,2026091206,512,1,0.1,25644,Random,2238.0,726.716796875,115.71875,1.7712565906829159,4.643675279135262,73.91357421874999,0.08727187646233037,0.028338667792661053,0.0045125077990953045,0.05170632260947274,0.15925067081664496,6.907099480123682e-05,0.00018108233033595623,0.002882295048305648,0.08727187646233037,0.08727187646233037,512.0,0.026352168148494774,0.030221494306660428,512.0,0.0037825612228981438,0.0052253938543129,512.0,0.04334226988382484,0.05987488829311886,512.0,0.13453708319485985,0.18403866055588408,512.0,-7.933329230792509e-05,0.00022155905943720703,512.0,9.272016300777866e-05,0.00028563196419897365,512.0,0.0026438933083762304,0.0031083781781313384,512.0,2238.0,725.2844314490911,115.84013165565956,1.81130022860302,4.635302711324043,73.91619459930631
mkgw_mhyper_adamf,W-A,test,All,19215,69,2026091206,512,2,0.2,25644,Confidence,4515.0,911.0,179.0,9.448532993479983,10.359713410131487,188.9000000000001,0.17606457650912494,0.03552487911402277,0.00698019029792544,0.03964562569213732,0.1964873765093304,0.0003684500465403207,0.00040398196108764185,0.007366245515520203,,,,,,,,,,,,,,,,,,,,,,,,,,,,,,
mkgw_mhyper_adamf,W-A,test,All,19215,69,2026091206,512,2,0.2,25644,Random,4515.0,1484.103515625,239.4765625,3.055649658288438,9.755437156393715,151.17236328125009,0.17606457650912496,0.05787332380381376,0.009338502671190144,0.053040213178294576,0.16136755554120263,0.00011915651451756492,0.00038041792062056326,0.00589503834352091,0.17606457650912494,0.17606457650912494,512.0,0.05518249883013571,0.060451762595538916,512.0,0.008189050070191857,0.010411792232101076,512.0,0.046511627906976744,0.05913621262458472,512.0,0.1445676759260942,0.17789768227104089,512.0,-9.432123541579736e-05,0.0003395791852326814,512.0,0.0002397451631057882,0.0005373540709697232,512.0,0.005555734284822968,0.0062447356106691675,512.0,4515.0,1481.4438628981823,238.30526331131912,3.2783428155681946,9.644063825601652,151.1573891986126
mkgw_mhyper_adamf,W-A,test,All,19215,69,2026091206,512,3,0.3,25644,Confidence,6792.0,1613.0,313.0,12.28442960694172,16.755451848364963,295.2500000000006,0.2648572765559195,0.06289970363437841,0.01220558415223834,0.04608362779740872,0.1940483570985741,0.0004790371863571096,0.0006533868292140447,0.011513414443924529,,,,,,,,,,,,,,,,,,,,,,,,,,,,,,
mkgw_mhyper_adamf,W-A,test,All,19215,69,2026091206,512,3,0.3,25644,Random,6792.0,2237.37890625,361.15625,4.373793980733693,14.809426995854269,228.23388671874997,0.26485727655591956,0.08724765661558259,0.01408346006863204,0.05317377061248528,0.16141383869866105,0.0001705581804996761,0.0005775006627614367,0.008900089171687327,0.2648572765559195,0.2648572765559195,512.0,0.08429944626423336,0.09047827951957572,512.0,0.012907502729683357,0.015286226797691468,512.0,0.048733804475853945,0.05771495877502945,512.0,0.14925361873129125,0.1735730056010091,512.0,-8.15885361737877e-05,0.0004036984415109186,512.0,0.00041930740171165277,0.0007539912988373045,512.0,0.008567306192481668,0.009279412338168768,512.0,6792.0,2237.6032943472737,360.77039496697864,4.74538540253337,14.652824939879265,228.3985837979189
mkgw_mhyper_adamf,W-A,test,All,19215,69,2026091206,512,4,0.4,25644,Confidence,9111.0,2478.0,473.0,12.131013834919074,24.548817962937914,405.20000000000175,0.3552877866167525,0.09663079082826392,0.01844486039619404,0.05191526725935682,0.19087974172719935,0.0004730546652206783,0.000957292854583447,0.01580096708781788,,,,,,,,,,,,,,,,,,,,,,,,,,,,,,
mkgw_mhyper_adamf,W-A,test,All,19215,69,2026091206,512,4,0.4,25644,Random,9111.0,3024.34375,490.53125,5.851746960377724,19.99285071401134,308.0511718749999,0.3552877866167525,0.11793572570581812,0.01912849984401809,0.05383945231039403,0.16219047007128762,0.00022819166122202964,0.0007796307406805231,0.012012602241264988,0.3552877866167525,0.3552877866167525,512.0,0.11468569645921073,0.12115504601466229,512.0,0.017677624395570114,0.02052039463422243,512.0,0.049755789704752494,0.05775710679398529,512.0,0.15125457999016204,0.17237794036336515,512.0,-2.328674488012002e-05,0.000493211858189961,512.0,0.0005950954036398782,0.0009600520661046343,512.0,0.011615436359382286,0.01244891592575259,512.0,9111.0,3023.284464926799,489.64132372408744,6.295652516546603,19.71760729942765,307.9245610059208
mkgw_mhyper_adamf,W-A,test,All,19215,69,2026091206,512,5,0.5,25644,Confidence,11520.0,3587.0,670.0,13.98898927431703,31.743228359255035,524.5500000000018,0.44922788956481047,0.13987677429418188,0.0261269692715645,0.058159722222222224,0.18678561471982158,0.0005455073028512334,0.0012378423163022553,0.020455077211043587,,,,,,,,,,,,,,,,,,,,,,,,,,,,,,
mkgw_mhyper_adamf,W-A,test,All,19215,69,2026091206,512,5,0.5,25644,Random,11520.0,3886.732421875,639.677734375,7.43001740341217,25.38959262183842,393.1751953124992,0.4492278895648106,0.15156498291510684,0.02494453807420839,0.055527581108940974,0.1645768996171118,0.00028973706923304354,0.0009900792630571837,0.015332054098911975,0.44922788956481047,0.44922788956481047,512.0,0.14814381531742318,0.15512010606769613,512.0,0.023505498362189986,0.02651692403681173,512.0,0.05232421875,0.059027777777777776,512.0,0.15627242473714797,0.17371390114487353,512.0,2.3075948046968002e-05,0.0005757038491624221,512.0,0.0008127637988224678,0.0011767377931788609,512.0,0.014906654578068898,0.015794922788956424,512.0,11520.0,3886.008412504922,639.5258102184566,7.740479301768063,25.30071470240553,393.20527173425944
mkgw_mhyper_adamf,W-A,test,All,19215,69,2026091206,512,6,0.6,25644,Confidence,13758.0,4634.0,839.0,16.190375748745225,38.07794563520752,613.4999999999981,0.5364997660271409,0.180705038215567,0.03271720480424271,0.06098270097397877,0.18105308588692273,0.0006313514174366412,0.0014848676351274185,0.023923724847917566,,,,,,,,,,,,,,,,,,,,,,,,,,,,,,
mkgw_mhyper_adamf,W-A,test,All,19215,69,2026091206,512,6,0.6,25644,Random,13758.0,4612.087890625,755.509765625,9.279300910843286,30.031696801261404,467.1884765624994,0.5364997660271411,0.17985056506882702,0.029461463329628762,0.05491421468418375,0.16381034786445212,0.00036185076083463167,0.0011711003276111914,0.01821823727041405,0.5364997660271409,0.5364997660271409,512.0,0.17641553579784744,0.183239744189674,512.0,0.02806796911558259,0.03088441740758072,512.0,0.05231683384212822,0.05756650675970344,512.0,0.15681608015174991,0.17135948964861378,512.0,9.127490619741207e-05,0.0006255992652260174,512.0,0.0009890082824526812,0.001344008153497204,512.0,0.01778408204648253,0.018659579238808222,512.0,13758.0,4611.292843954014,755.3659418741162,9.551779530371084,29.936017413729576,467.12146633356576
mkgw_mhyper_adamf,W-A,test,All,19215,69,2026091206,512,7,0.7,25644,Confidence,16077.0,5829.0,1006.0,20.025845429036675,40.81865889161265,689.0999999999998,0.6269302760879738,0.22730463266261114,0.03922944938387147,0.0625738632829508,0.17258534911648654,0.0007809173853157338,0.0015917430545785622,0.026871782873186704,,,,,,,,,,,,,,,,,,,,,,,,,,,,,,
mkgw_mhyper_adamf,W-A,test,All,19215,69,2026091206,512,7,0.7,25644,Random,16077.0,5396.369140625,883.97265625,10.996403905703337,35.0243778606333,546.5986328124977,0.6269302760879737,0.21043398614198255,0.03447093496529403,0.054983682045779685,0.16380791152558674,0.00042881001036122746,0.0013657923046573599,0.02131487415428549,0.6269302760879738,0.6269302760879738,512.0,0.2073389486819529,0.21358699890812666,512.0,0.03310715956948994,0.03572863047886445,512.0,0.05280835976861355,0.05698979909187037,512.0,0.15805524671138838,0.16968806179030022,512.0,0.0001812571060168733,0.0006810747597247776,512.0,0.0012021355226329588,0.0015321297823035396,512.0,0.02089392255498351,0.021693622289814266,512.0,16077.0,5396.974014533539,884.2368706312251,11.102046644384318,35.00079977327796,546.6474435415676
mkgw_mhyper_adamf,W-A,test,All,19215,69,2026091206,512,8,0.8,25644,Confidence,18354.0,6956.0,1174.0,16.71558544623739,47.25664211214985,746.4500000000055,0.7157229761347683,0.2712525347059741,0.04578068944002496,0.06396425847226762,0.16877515813686025,0.0006518322198657538,0.001842795278121582,0.029108173451879795,,,,,,,,,,,,,,,,,,,,,,,,,,,,,,
mkgw_mhyper_adamf,W-A,test,All,19215,69,2026091206,512,8,0.8,25644,Random,18354.0,6152.736328125,1006.212890625,12.308253183288466,40.1369070569981,623.867089843748,0.7157229761347684,0.23992888504620963,0.03923775115524099,0.05482253953497875,0.1635383083474129,0.0004799661980692744,0.001565157816916163,0.02432799445654918,0.7157229761347683,0.7157229761347683,512.0,0.23716171424114801,0.2424826470129465,512.0,0.0380985805646545,0.0403690921853065,512.0,0.053230903345319824,0.05640323635174893,512.0,0.15934916146230493,0.16767223172692106,512.0,0.00026564412288503797,0.0006934025487983084,512.0,0.0014162971144166803,0.0017042991981372684,512.0,0.02395921073155502,0.024676776243955593,512.0,18354.0,6153.13344598263,1006.7020022868845,12.569089231349492,40.00956088755557,623.8886381408739
mkgw_mhyper_adamf,W-A,test,All,19215,69,2026091206,512,9,0.9,25644,Confidence,20631.0,7719.0,1266.0,15.791713346703006,49.883422301753654,784.9500000000122,0.8045156761815629,0.30100608329433787,0.04936827328029948,0.061363966846008436,0.16401088223863194,0.000615805387096514,0.001945227823340885,0.030609499298081898,,,,,,,,,,,,,,,,,,,,,,,,,,,,,,
mkgw_mhyper_adamf,W-A,test,All,19215,69,2026091206,512,9,0.9,25644,Random,20631.0,6908.431640625,1128.8046875,13.834435208210543,45.14076041336969,701.0522460937487,0.8045156761815627,0.26939758386464674,0.044018276692403685,0.05471400744025981,0.16339455548762113,0.0005394803933945775,0.0017602854630077093,0.027337866405153167,0.8045156761815629,0.8045156761815629,512.0,0.2670800187178287,0.2715644985181719,512.0,0.04304223210107628,0.04488379347995632,512.0,0.05350079976734041,0.05578983083708982,512.0,0.16026171083743296,0.1660372541758059,512.0,0.00037032732918842293,0.000711043002075588,512.0,0.0016398729530443471,0.0018600298707339843,512.0,0.02706520043674925,0.02760816370301038,512.0,20631.0,6909.292877431721,1129.1671339425438,14.036131818314665,45.018322001833184,701.1298327401803
mkgw_mhyper_adamf,W-A,test,All,19215,69,2026091206,512,10,1.0,25644,Confidence,25644.0,10156.0,1696.0,26.83634441326924,55.83605624117432,1341.7500000000093,1.0,0.39603805958508814,0.06613632818593043,0.06613632818593043,0.16699487987396613,0.0010464960385770255,0.0021773536203858338,0.052322180627047625,,,,,,,,,,,,,,,,,,,,,,,,,,,,,,
mkgw_mhyper_adamf,W-A,test,All,19215,69,2026091206,512,10,1.0,25644,Random,25644.0,10156.0,1696.0,26.83634441326948,55.83605624117366,1341.7499999999995,1.0,0.3960380595850881,0.06613632818593042,0.06613632818593042,0.16699487987396613,0.0010464960385770249,0.002177353620385833,0.05232218062704713,1.0,1.0,512.0,0.39603805958508814,0.39603805958508814,512.0,0.06613632818593043,0.06613632818593043,512.0,0.06613632818593043,0.06613632818593043,512.0,0.16699487987396613,0.16699487987396613,512.0,0.001046496038577024,0.001046496038577026,512.0,0.0021773536203858325,0.0021773536203858338,512.0,0.05232218062704711,0.05232218062704715,512.0,25644.0,10156.0,1696.0,26.83634441326924,55.83605624117432,1341.7500000000093
mkgw_mhyper_adamf,W-A,test,Active,5585,61,2026091207,512,0,0.0,25644,Confidence,0.0,0.0,0.0,0.0,0.0,0.0,0.0,0.0,0.0,,,0.0,0.0,0.0,,,,,,,,,,,,,,,,,,,,,,,,,,,,,,
mkgw_mhyper_adamf,W-A,test,Active,5585,61,2026091207,512,0,0.0,25644,Random,0.0,0.0,0.0,0.0,0.0,0.0,0.0,0.0,0.0,,,0.0,0.0,0.0,0.0,0.0,512.0,0.0,0.0,512.0,0.0,0.0,512.0,,,0.0,,,0.0,0.0,0.0,512.0,0.0,0.0,512.0,0.0,0.0,512.0,0.0,0.0,0.0,0.0,0.0,0.0
mkgw_mhyper_adamf,W-A,test,Active,5585,61,2026091207,512,1,0.1,25644,Confidence,704.0,704.0,131.0,12.709066091199862,10.552321755716738,169.60000000000025,0.027452815473405084,0.027452815473405084,0.00510840742473873,0.18607954545454544,0.18607954545454544,0.000495596088410539,0.00041149281530637727,0.006613632818593053,,,,,,,,,,,,,,,,,,,,,,,,,,,,,,
mkgw_mhyper_adamf,W-A,test,Active,5585,61,2026091207,512,1,0.1,25644,Random,704.0,704.0,111.25,1.9219453618830462,4.4966960657780195,72.06689453125006,0.027452815473405077,0.027452815473405077,0.004338246763375448,0.15802556818181818,0.15802556818181818,7.494717524111082e-05,0.0001753508058718617,0.002810282893903059,0.027452815473405084,0.027452815473405084,512.0,0.027452815473405084,0.027452815473405084,512.0,0.0036655747933239742,0.005030416471689284,512.0,0.13352272727272727,0.18323863636363635,512.0,0.13352272727272727,0.18323863636363635,512.0,-8.02024337446921e-05,0.00022544275848667566,512.0,7.980285217093739e-05,0.00027801891367601223,512.0,0.002677039463422245,0.0029664833879270024,512.0,704.0,704.0,111.82777519392562,1.8449283358570054,4.537719304003538,71.94319715346019
mkgw_mhyper_adamf,W-A,test,Active,5585,61,2026091207,512,2,0.2,25644,Confidence,1481.0,1481.0,283.0,12.801313715432107,21.219540391254753,295.6000000000011,0.05775230073311496,0.05775230073311496,0.011035719856496646,0.19108710330857528,0.19108710330857528,0.000499193328475749,0.0008274660891925891,0.0115270628607082,,,,,,,,,,,,,,,,,,,,,,,,,,,,,,
mkgw_mhyper_adamf,W-A,test,Active,5585,61,2026091207,512,2,0.2,25644,Random,1481.0,1481.0,238.23828125,3.155557554581136,9.717432054418854,151.39648437499997,0.05775230073311497,0.05775230073311497,0.009290215303774763,0.16086312035786632,0.16086312035786632,0.0001230524705420815,0.00037893589355868245,0.005903778052370933,0.05775230073311496,0.05775230073311496,512.0,0.05775230073311496,0.05775230073311496,512.0,0.008306036499766026,0.010411792232101076,512.0,0.14382174206617152,0.18028359216745443,512.0,0.14382174206617152,0.18028359216745443,512.0,-0.00010122424126092564,0.0003309033863109185,512.0,0.00024246082463815074,0.0005338246354777897,512.0,0.005703722118234293,0.006096942754640469,512.0,1481.0,1481.0,238.2659058027975,3.194391071712936,9.716197897254935,151.17187275145565
mkgw_mhyper_adamf,W-A,test,Active,5585,61,2026091207,512,3,0.3,25644,Confidence,2232.0,2232.0,408.0,15.509369714649514,26.84056398290832,397.65000000000293,0.08703790360318203,0.08703790360318203,0.015910154422087038,0.1827956989247312,0.1827956989247312,0.000604795262620867,0.0010466605827058307,0.015506551240056269,,,,,,,,,,,,,,,,,,,,,,,,,,,,,,
mkgw_mhyper_adamf,W-A,test,Active,5585,61,2026091207,512,3,0.3,25644,Random,2232.0,2232.0,359.146484375,4.715036767726228,14.549316065889824,227.83603515624998,0.08703790360318206,0.08703790360318206,0.014005088300382156,0.16090792310707885,0.16090792310707885,0.00018386510558907455,0.000567357513098184,0.008884574760421537,0.08703790360318203,0.08703790360318203,512.0,0.08703790360318203,0.08703790360318203,512.0,0.012859733270940572,0.015130244891592575,512.0,0.1477486559139785,0.17383512544802868,512.0,0.1477486559139785,0.17383512544802868,512.0,-6.161362443950501e-05,0.0004222818205439828,512.0,0.0004213935108013755,0.0007397571251701043,512.0,0.008655046014662297,0.009097449695835277,512.0,2232.0,2232.0,359.1003791620764,4.958094508661589,14.437703301560175,227.68448071831654
mkgw_mhyper_adamf,W-A,test,Active,5585,61,2026091207,512,4,0.4,25644,Confidence,2991.0,2991.0,525.0,14.582459761732705,31.134260115205777,474.9500000000004,0.1166354702854469,0.1166354702854469,0.020472625175479646,0.17552657973921765,0.17552657973921765,0.0005686499673113674,0.0012140953094371305,0.018520901575417265,,,,,,,,,,,,,,,,,,,,,,,,,,,,,,
mkgw_mhyper_adamf,W-A,test,Active,5585,61,2026091207,512,4,0.4,25644,Random,2991.0,2991.0,481.951171875,6.153261160443314,19.652422779174948,305.24189453124933,0.11663547028544687,0.11663547028544687,0.018793915608914365,0.161133792001003,0.161133792001003,0.0002399493511325578,0.0007663555911392504,0.011903053132555349,0.1166354702854469,0.1166354702854469,512.0,0.1166354702854469,0.1166354702854469,512.0,0.01754796443612541,0.019974457962876304,512.0,0.15045135406218657,0.17125543296556334,512.0,0.15045135406218657,0.17125543296556334,512.0,-2.774352803426115e-05,0.0005015122129717388,512.0,0.000582243531786845,0.0009399732430049012,512.0,0.01164751013882387,0.012140607939478996,512.0,2991.0,2991.0,481.9021461345847,6.365707143167164,19.54633685470552,305.05999426097605
mkgw_mhyper_adamf,W-A,test,Active,5585,61,2026091207,512,5,0.5,25644,Confidence,3862.0,3862.0,712.0,15.594475242625993,36.155192392893085,560.7999999999978,0.15060053033848073,0.15060053033848073,0.02776477928560287,0.184360435007768,0.184360435007768,0.000608113993239198,0.0014098889562039107,0.021868663235064645,,,,,,,,,,,,,,,,,,,,,,,,,,,,,,
mkgw_mhyper_adamf,W-A,test,Active,5585,61,2026091207,512,5,0.5,25644,Random,3862.0,3862.0,633.310546875,7.330424466875433,25.317507682252028,390.4685546874993,0.1506005303384807,0.1506005303384807,0.02469624656352363,0.16398512347876748,0.16398512347876748,0.0002858533952142971,0.0009872682764877577,0.015226507357958925,0.15060053033848073,0.15060053033848073,512.0,0.15060053033848073,0.15060053033848073,512.0,0.02346650288566526,0.025892996412416158,512.0,0.15581952356292075,0.1719316416364578,512.0,0.15581952356292075,0.1719316416364578,512.0,2.5016340684514497e-05,0.0005708242982281899,512.0,0.0007949497738019967,0.0011473246373484166,512.0,0.014962320620807936,0.015476232257058131,512.0,3862.0,3862.0,633.4509052081494,7.569435678853239,25.26361579012967,390.48586753395944
mkgw_mhyper_adamf,W-A,test,Active,5585,61,2026091207,512,6,0.6,25644,Confidence,4607.0,4607.0,818.0,20.016768103708863,37.083471131264034,623.3499999999965,0.17965216034939946,0.17965216034939946,0.03189829979722352,0.17755589320599088,0.17755589320599088,0.0007805634106890058,0.0014460876279544547,0.02430783029168603,,,,,,,,,,,,,,,,,,,,,,,,,,,,,,
mkgw_mhyper_adamf,W-A,test,Active,5585,61,2026091207,512,6,0.6,25644,Random,4607.0,4607.0,753.21875,8.975609353960047,30.07304654405363,466.49628906249865,0.17965216034939946,0.17965216034939946,0.029372124083606302,0.16349441067940093,0.16349441067940093,0.00035000816385743425,0.001172712780535549,0.01819124508900709,0.17965216034939946,0.17965216034939946,512.0,0.17965216034939946,0.17965216034939946,512.0,0.028115738574325377,0.030581227577600997,512.0,0.15650097677447364,0.17022465812893423,512.0,0.15650097677447364,0.17022465812893423,512.0,8.856471967998444e-05,0.0006364555325860178,512.0,0.0009914564466738075,0.0013537400187503476,512.0,0.017950885197317027,0.018447248869131093,512.0,4607.0,4607.0,753.01323362214,9.326964023635416,29.95672423226821,466.4604916748489
mkgw_mhyper_adamf,W-A,test,Active,5585,61,2026091207,512,7,0.7,25644,Confidence,5352.0,5352.0,931.0,18.391393997253893,41.06592134706121,662.1499999999999,0.2087037903603182,0.2087037903603182,0.036304788644517236,0.17395366218236175,0.17395366218236175,0.0007171811728768481,0.001601385171855452,0.025820854780845417,,,,,,,,,,,,,,,,,,,,,,,,,,,,,,
mkgw_mhyper_adamf,W-A,test,Active,5585,61,2026091207,512,7,0.7,25644,Random,5352.0,5352.0,873.73046875,10.58978082169441,35.037753436482525,542.525585937497,0.20870379036031828,0.20870379036031828,0.03407153598307596,0.16325307712070253,0.16325307712070253,0.000412953549434348,0.0013663138916113916,0.02115604375048733,0.2087037903603182,0.2087037903603182,512.0,0.2087037903603182,0.2087037903603182,512.0,0.032912182186866326,0.03529090625487444,512.0,0.1576980568011958,0.16909566517189836,512.0,0.1576980568011958,0.16909566517189836,512.0,0.0001544348773324004,0.0006674449880143227,512.0,0.0011951064431262144,0.0015287460820040556,512.0,0.020902647792855916,0.02140895531118379,512.0,5352.0,5352.0,873.2462907055642,10.745171985485706,35.01420793329186,542.4991677384301
mkgw_mhyper_adamf,W-A,test,Active,5585,61,2026091207,512,8,0.8,25644,Confidence,6117.0,6117.0,1048.0,17.314810513822845,44.2381060482847,701.400000000003,0.2385353299017314,0.2385353299017314,0.04086725939790984,0.17132581330717672,0.17132581330717672,0.0006751992869218081,0.0017250860259040983,0.027351427234440923,,,,,,,,,,,,,,,,,,,,,,,,,,,,,,
mkgw_mhyper_adamf,W-A,test,Active,5585,61,2026091207,512,8,0.8,25644,Random,6117.0,6117.0,996.62890625,12.47669720321332,39.738764544178544,620.3471679687481,0.2385353299017314,0.2385353299017314,0.03886401911753237,0.16292772703122446,0.16292772703122446,0.00048653475289398376,0.0015496320599040145,0.024190733425703756,0.2385353299017314,0.2385353299017314,512.0,0.2385353299017314,0.2385353299017314,512.0,0.037877281235376696,0.0398621509904851,512.0,0.15879107405590975,0.1671121464770312,512.0,0.15879107405590975,0.1671121464770312,512.0,0.0002554774416885693,0.0007047428624942166,512.0,0.0013942564007287585,0.0016867097937042297,512.0,0.02397895219154566,0.02439015949149887,512.0,6117.0,6117.0,996.6494739539271,12.498280095089644,39.78686318971878,620.3486131843694
mkgw_mhyper_adamf,W-A,test,Active,5585,61,2026091207,512,9,0.9,25644,Confidence,6880.0,6880.0,1147.0,17.283090457964633,46.38736621830303,740.2000000000069,0.26828887849009514,0.26828887849009514,0.04472781157385743,0.16671511627906976,0.16671511627906976,0.0006739623482282262,0.0018088974504095706,0.02886445172360033,,,,,,,,,,,,,,,,,,,,,,,,,,,,,,
mkgw_mhyper_adamf,W-A,test,Active,5585,61,2026091207,512,9,0.9,25644,Random,6880.0,6880.0,1120.423828125,13.896974084149418,44.8835834716253,698.3683593749988,0.2682888784900951,0.2682888784900951,0.04369146108738886,0.16285230059956396,0.16285230059956396,0.0005419191266631345,0.0017502567256132127,0.027233206963617137,0.26828887849009514,0.26828887849009514,512.0,0.26828887849009514,0.26828887849009514,512.0,0.04289502417719544,0.044532834191233814,512.0,0.15988372093023256,0.16598837209302325,512.0,0.15988372093023256,0.16598837209302325,512.0,0.0003811856125396309,0.0007067062223521523,512.0,0.00163001227173908,0.0018588836689521805,512.0,0.027075631726719607,0.027394760957728834,512.0,6880.0,6880.0,1120.5188946737148,13.858338158290287,44.9141919308485,698.2404513032861
mkgw_mhyper_adamf,W-A,test,Active,5585,61,2026091207,512,10,1.0,25644,Confidence,10156.0,10156.0,1696.0,26.83634441326924,55.83605624117432,1341.7500000000093,0.39603805958508814,0.39603805958508814,0.06613632818593043,0.16699487987396613,0.16699487987396613,0.0010464960385770255,0.0021773536203858338,0.052322180627047625,,,,,,,,,,,,,,,,,,,,,,,,,,,,,,
mkgw_mhyper_adamf,W-A,test,Active,5585,61,2026091207,512,10,1.0,25644,Random,10156.0,10156.0,1696.0,26.836344413269487,55.83605624117366,1341.7499999999995,0.3960380595850881,0.3960380595850881,0.06613632818593042,0.16699487987396613,0.16699487987396613,0.0010464960385770249,0.002177353620385833,0.05232218062704713,0.39603805958508814,0.39603805958508814,512.0,0.39603805958508814,0.39603805958508814,512.0,0.06613632818593043,0.06613632818593043,512.0,0.16699487987396613,0.16699487987396613,512.0,0.16699487987396613,0.16699487987396613,512.0,0.001046496038577024,0.0010464960385770257,512.0,0.0021773536203858325,0.0021773536203858338,512.0,0.052322180627047105,0.052322180627047146,512.0,10156.0,10156.0,1696.0,26.83634441326924,55.83605624117432,1341.7500000000093
db15k_mhyper_native,D-N,dev_oof,All,40446,183,2026091208,512,0,0.0,47532,Confidence,0.0,0.0,0.0,0.0,0.0,0.0,0.0,0.0,0.0,,,0.0,0.0,0.0,,,,,,,,,,,,,,,,,,,,,,,,,,,,,,
db15k_mhyper_native,D-N,dev_oof,All,40446,183,2026091208,512,0,0.0,47532,Random,0.0,0.0,0.0,0.0,0.0,0.0,0.0,0.0,0.0,,,0.0,0.0,0.0,0.0,0.0,512.0,0.0,0.0,512.0,0.0,0.0,512.0,,,0.0,,,0.0,0.0,0.0,512.0,0.0,0.0,512.0,0.0,0.0,512.0,0.0,0.0,0.0,0.0,0.0,0.0
db15k_mhyper_native,D-N,dev_oof,All,40446,183,2026091208,512,1,0.1,47532,Confidence,4248.0,2272.0,393.0,-0.9099502772117471,14.498406437409283,234.9000000000002,0.08937137086594295,0.04779937726163427,0.008268114112597829,0.0925141242937853,0.17297535211267606,-1.9143950963808533e-05,0.0003050241192756308,0.0049419338550871035,,,,,,,,,,,,,,,,,,,,,,,,,,,,,,
db15k_mhyper_native,D-N,dev_oof,All,40446,183,2026091208,512,1,0.1,47532,Random,4248.0,1588.984375,231.505859375,0.3179018009868354,6.537486882719168,104.54550781250005,0.08937137086594295,0.03342978151561053,0.004870526369077673,0.054497612847222224,0.14570219475388083,6.6881637841209255e-06,0.0001375386451804926,0.00219947630675124,0.08937137086594295,0.08937137086594295,512.0,0.03226826138180594,0.03466927543549608,512.0,0.004291845493562232,0.005406883783556341,512.0,0.0480225988700565,0.06049905838041431,512.0,0.12865570305815732,0.16110254133944685,512.0,-6.959681386216588e-05,0.00010247850170883008,512.0,7.982699825654865e-05,0.00019899597979928553,512.0,0.0021096840023563062,0.0022934286375494387,512.0,4248.0,1590.4896663645798,231.67424856164996,0.3200984421619143,6.559199525487676,104.70288598898517
db15k_mhyper_native,D-N,dev_oof,All,40446,183,2026091208,512,2,0.2,47532,Confidence,8634.0,4811.0,808.0,0.9787352421432873,26.487891814864383,452.750000000002,0.18164604897753092,0.10121602288984263,0.016999074307834722,0.0935835070650915,0.1679484514653918,2.059108058030984e-05,0.0005572644074489688,0.009525161996128965,,,,,,,,,,,,,,,,,,,,,,,,,,,,,,
db15k_mhyper_native,D-N,dev_oof,All,40446,183,2026091208,512,2,0.2,47532,Random,8634.0,3242.8828125,475.4296875,0.7247109275463981,13.21439283358478,212.8416015624998,0.18164604897753098,0.06822525482832617,0.010002307655894976,0.055064823662265464,0.1466071507369859,1.5246800630026062e-05,0.0002780104526126564,0.0044778591593558036,0.18164604897753092,0.18164604897753092,512.0,0.06658672052511992,0.06982664310359336,512.0,0.009214844736177733,0.010755385845325253,512.0,0.05072967338429465,0.05921067871206857,512.0,0.1352014029405468,0.15800220276926435,512.0,-9.745518795133959e-05,0.00012837043081884923,512.0,0.00019780629852119436,0.0003607721887737824,512.0,0.004364428174703358,0.00459293212993352,512.0,8634.0,3245.8792727739205,476.16043274560485,0.6811611987632363,13.196566140790173,213.00478390518686
db15k_mhyper_native,D-N,dev_oof,All,40446,183,2026091208,512,3,0.3,47532,Confidence,13059.0,7211.0,1142.0,0.9841004362308851,33.44875708648439,601.3000000000015,0.27474122696288816,0.15170832281410418,0.024025919380627786,0.08744926870357608,0.1583691582304812,2.0703955992402697e-05,0.0007037102812102246,0.012650424976857729,,,,,,,,,,,,,,,,,,,,,,,,,,,,,,
db15k_mhyper_native,D-N,dev_oof,All,40446,183,2026091208,512,3,0.3,47532,Random,13059.0,4923.525390625,724.931640625,0.9549153331428765,19.9794686862271,322.3721679687503,0.27474122696288816,0.10358338362839772,0.01525144409292687,0.05551203312849376,0.14723963479754107,2.0089946418052604e-05,0.00042033721884682116,0.006782213413463578,0.27474122696288816,0.27474122696288816,512.0,0.1016741353193638,0.10547052511991921,512.0,0.01430615164520744,0.016115459059160144,512.0,0.05207136840493146,0.058656864997319855,512.0,0.1378619613219154,0.15566116560084636,512.0,-0.0001099294416894013,0.00016122207855209355,512.0,0.0003310688921612787,0.0005074706330335198,512.0,0.006644760371959961,0.006912895523016091,512.0,13059.0,4925.7854769390915,725.1346212614553,0.9334503738148535,19.92134542687056,322.50989496700544
db15k_mhyper_native,D-N,dev_oof,All,40446,183,2026091208,512,4,0.4,47532,Confidence,17529.0,9471.0,1480.0,1.1983222608727573,42.243873327729744,725.2499999999991,0.3687831355718253,0.19925523857611716,0.031136918286627957,0.08443151349192766,0.15626649772991236,2.521085291746102e-05,0.0008887459675109346,0.015258141883362768,,,,,,,,,,,,,,,,,,,,,,,,,,,,,,
db15k_mhyper_native,D-N,dev_oof,All,40446,183,2026091208,512,4,0.4,47532,Random,17529.0,6607.81640625,982.119140625,1.1372961335261693,26.777696119296223,432.18007812500105,0.36878313557182535,0.1390182699286796,0.020662272587414796,0.056028246940783843,0.14863013698013305,2.3926957281961004e-05,0.0005633614432234335,0.009092402552490992,0.3687831355718253,0.3687831355718253,512.0,0.13706082218295043,0.1408992889001094,512.0,0.019673062357990406,0.021669612050828915,512.0,0.05334588396371727,0.058759769524787495,512.0,0.14226517427884613,0.15515951763089603,512.0,-0.00011256568484101624,0.00017679868934026603,512.0,0.0004609496825351045,0.0006565936577884908,512.0,0.008945315787259146,0.00923483127156446,512.0,17529.0,6608.4913366790315,982.4008833302227,1.1343264774623183,26.75136012779543,432.24009786373614
db15k_mhyper_native,D-N,dev_oof,All,40446,183,2026091208,512,5,0.5,47532,Confidence,22146.0,11660.0,1764.0,0.4782556750217386,49.72717434852881,836.7999999999956,0.46591769755112344,0.24530842379870402,0.03711184044433224,0.07965321051205636,0.15128644939965694,1.0061762076532412e-05,0.001046183083996651,0.01760498190692577,,,,,,,,,,,,,,,,,,,,,,,,,,,,,,
db15k_mhyper_native,D-N,dev_oof,All,40446,183,2026091208,512,5,0.5,47532,Random,22146.0,8314.7421875,1235.849609375,1.4135631668065913,33.52972368017105,543.2238281250017,0.4659176975511236,0.17492935680173358,0.02600037047410166,0.055804642345118755,0.14863292358385372,2.9739189741786394e-05,0.0007054136935153382,0.011428591856538802,0.46591769755112344,0.46591769755112344,512.0,0.17280989649078515,0.17712751409576707,512.0,0.02503576537911302,0.026997075654296054,512.0,0.053734308678768175,0.05794387248261537,512.0,0.14329009486599864,0.15435099025453639,512.0,-0.00011274141183840883,0.00017810990407731494,512.0,0.000605520525354939,0.0008104939612279384,512.0,0.011260939998316975,0.011583433266010313,512.0,22146.0,8316.67055331283,1237.446968937393,1.3938668731986696,33.556511249886015,543.3791229450123
db15k_mhyper_native,D-N,dev_oof,All,40446,183,2026091208,512,6,0.6,47532,Confidence,26517.0,13682.0,2061.0,0.08098162730121464,58.157182400234525,938.899999999993,0.5578767987881847,0.2878481864848944,0.0433602625599596,0.07772372440321303,0.15063587194854552,1.7037285891865403e-06,0.0012235374568760945,0.019753008499537008,,,,,,,,,,,,,,,,,,,,,,,,,,,,,,
db15k_mhyper_native,D-N,dev_oof,All,40446,183,2026091208,512,6,0.6,47532,Random,26517.0,9962.095703125,1479.41796875,1.7208152264531038,40.12657194257099,650.9596679687514,0.5578767987881845,0.20958713504849366,0.031124673246444502,0.05579130251348192,0.14850444812937114,3.620329938679421e-05,0.0008442012106069797,0.013695187830698313,0.5578767987881847,0.5578767987881847,512.0,0.2075817344105024,0.211635319363797,512.0,0.030117604981906927,0.03207207775814188,512.0,0.05398612211034431,0.057489535015273215,512.0,0.14397572952304286,0.15276997098785022,512.0,-0.00010687722480739405,0.0001831286954163925,512.0,0.0007438916783440313,0.0009427419363940294,512.0,0.013540115080366955,0.013836415467474592,512.0,26517.0,9961.824184290577,1480.2316264003987,1.7363227319250707,40.17420216612214,651.0304401750893
db15k_mhyper_native,D-N,dev_oof,All,40446,183,2026091208,512,7,0.7,47532,Confidence,30951.0,15568.0,2330.0,0.9450547758427552,65.27654863973193,1033.9999999999902,0.651161322898258,0.32752671884204326,0.049019607843137254,0.07528028173564667,0.14966598150051388,1.9882495494461735e-05,0.00137331794664083,0.02175376588403581,,,,,,,,,,,,,,,,,,,,,,,,,,,,,,
db15k_mhyper_native,D-N,dev_oof,All,40446,183,2026091208,512,7,0.7,47532,Random,30951.0,11633.65234375,1735.021484375,1.9333708318846237,46.92171333732341,760.0628906250008,0.6511613228982578,0.24475410973133888,0.03650217715170832,0.05605704127087978,0.14913807726170097,4.0675141628473996e-05,0.0009871605094951485,0.015990551431141156,0.651161322898258,0.651161322898258,512.0,0.24277907514937305,0.2467322014642767,512.0,0.035571299335184714,0.03751157115206598,512.0,0.054627475687376824,0.05760718555135537,512.0,0.14529812336981762,0.152874338939474,512.0,-9.678536712196034e-05,0.0001747002587855495,512.0,0.0008927061034275499,0.00108210290943414,512.0,0.01583120318943031,0.01612808213414124,512.0,30951.0,11634.138739682694,1735.712381222789,1.9416679019826386,46.96399636296026,760.1771648109509
db15k_mhyper_native,D-N,dev_oof,All,40446,183,2026091208,512,8,0.8,47532,Confidence,35412.0,16402.0,2448.0,1.6290129578092947,67.34455605949663,1075.6999999999894,0.7450138853824791,0.34507279306572414,0.05150214592274678,0.06912910877668586,0.14925009145226192,3.427192118592306e-05,0.001416825634509312,0.02263106959521984,,,,,,,,,,,,,,,,,,,,,,,,,,,,,,
db15k_mhyper_native,D-N,dev_oof,All,40446,183,2026091208,512,8,0.8,47532,Random,35412.0,13324.994140625,1986.28515625,2.153929970665911,53.72967963398118,870.3439453124996,0.745013885382479,0.28033733359894386,0.04178837743520154,0.056090736367615496,0.1490644890951957,4.5315365872799575e-05,0.001130389624547278,0.018310694801659935,0.7450138853824791,0.7450138853824791,512.0,0.2786333417487167,0.2820463056467222,512.0,0.04098291677185896,0.04275488092232601,512.0,0.05500960126510787,0.057388032305433184,512.0,0.1462280588859536,0.1521931721580943,512.0,-7.204655171562083e-05,0.00016144562458270527,512.0,0.0010432455265681284,0.0012131693347143327,512.0,0.018190902970630318,0.01843121476058235,512.0,35412.0,13324.436248195689,1986.472076985016,2.1894880106241517,53.7289961531274,870.2657541336388
db15k_mhyper_native,D-N,dev_oof,All,40446,183,2026091208,512,9,0.9,47532,Confidence,39762.0,16655.0,2487.0,2.507224599990977,67.35919341705127,1088.349999999989,0.8365311789952032,0.3503955230160734,0.052322645796516035,0.06254715557567526,0.1493245271690183,5.274814020009629e-05,0.0014171335819458738,0.022897206092737293,,,,,,,,,,,,,,,,,,,,,,,,,,,,,,
db15k_mhyper_native,D-N,dev_oof,All,40446,183,2026091208,512,9,0.9,47532,Random,39762.0,14970.142578125,2228.8515625,2.421997988470781,60.42222101509701,978.0299804687495,0.8365311789952034,0.314948720401519,0.04689160065850374,0.05605481521301746,0.1488862714825953,5.0955103687427035e-05,0.0012711903773267904,0.020576242961978217,0.8365311789952032,0.8365311789952032,512.0,0.31353824791719265,0.3163179542203147,512.0,0.04626356980560464,0.047572687873432634,512.0,0.055304059151954126,0.05686899552336402,512.0,0.14701512373184575,0.15089261183789787,512.0,-2.608683233593315e-05,0.00013210277687153058,512.0,0.0012055084995851557,0.0013331421483544978,512.0,0.02047859862829249,0.02067764874190016,512.0,39762.0,14969.434550257209,2229.172753922594,2.555019833635577,60.32614226434316,977.9841737889711
db15k_mhyper_native,D-N,dev_oof,All,40446,183,2026091208,512,10,1.0,47532,Confidence,47532.0,16792.0,2519.0,2.705721820872582,67.38389902270411,1095.1999999999887,1.0,0.3532777918034166,0.05299587646217285,0.05299587646217285,0.15001191043353979,5.692421570463229e-05,0.0014176533498002212,0.02304131953210445,,,,,,,,,,,,,,,,,,,,,,,,,,,,,,
db15k_mhyper_native,D-N,dev_oof,All,40446,183,2026091208,512,10,1.0,47532,Random,47532.0,16792.0,2519.0,2.7057218208725975,67.38389902270461,1095.1999999999975,1.0,0.3532777918034166,0.05299587646217285,0.05299587646217285,0.15001191043353979,5.6924215704632364e-05,0.0014176533498002214,0.023041319532104587,1.0,1.0,512.0,0.3532777918034166,0.3532777918034166,512.0,0.05299587646217285,0.05299587646217285,512.0,0.05299587646217285,0.05299587646217285,512.0,0.15001191043353979,0.15001191043353979,512.0,5.6924215704632215e-05,5.6924215704632486e-05,512.0,0.0014176533498002212,0.0014176533498002218,512.0,0.023041319532104577,0.023041319532104594,512.0,47532.0,16792.0,2519.0,2.705721820872582,67.38389902270411,1095.1999999999887
db15k_mhyper_native,D-N,dev_oof,Active,14197,99,2026091209,512,0,0.0,47532,Confidence,0.0,0.0,0.0,0.0,0.0,0.0,0.0,0.0,0.0,,,0.0,0.0,0.0,,,,,,,,,,,,,,,,,,,,,,,,,,,,,,
db15k_mhyper_native,D-N,dev_oof,Active,14197,99,2026091209,512,0,0.0,47532,Random,0.0,0.0,0.0,0.0,0.0,0.0,0.0,0.0,0.0,,,0.0,0.0,0.0,0.0,0.0,512.0,0.0,0.0,512.0,0.0,0.0,512.0,,,0.0,,,0.0,0.0,0.0,512.0,0.0,0.0,512.0,0.0,0.0,512.0,0.0,0.0,0.0,0.0,0.0,0.0
db15k_mhyper_native,D-N,dev_oof,Active,14197,99,2026091209,512,1,0.1,47532,Confidence,1563.0,1563.0,255.0,2.408668438867488,9.920659627494508,164.29999999999993,0.032883110325675334,0.032883110325675334,0.00536480686695279,0.16314779270633398,0.16314779270633398,5.067467051391669e-05,0.00020871538389915232,0.003456618698981737,,,,,,,,,,,,,,,,,,,,,,,,,,,,,,
db15k_mhyper_native,D-N,dev_oof,Active,14197,99,2026091209,512,1,0.1,47532,Random,1563.0,1563.0,225.369140625,0.2283954217215924,6.517931317178173,103.11816406249989,0.03288311032567533,0.03288311032567533,0.004741419267546075,0.1441901091650672,0.1441901091650672,4.805087556206191e-06,0.00013712722623029073,0.002169447194784565,0.032883110325675334,0.032883110325675334,512.0,0.032883110325675334,0.032883110325675334,512.0,0.004228730118656905,0.00526434822856181,512.0,0.12859884836852206,0.16009277031349967,512.0,0.12859884836852206,0.16009277031349967,512.0,-8.005487977848703e-05,8.808711350812163e-05,512.0,8.564806103822206e-05,0.00020057319207434572,512.0,0.0021267514516536213,0.002206934275856264,512.0,1563.0,1563.0,225.6592293442756,0.22287791767094786,6.501750028598819,103.0975135889535
db15k_mhyper_native,D-N,dev_oof,Active,14197,99,2026091209,512,2,0.2,47532,Confidence,3213.0,3213.0,537.0,-1.4246262790859157,18.849692741031845,312.40000000000015,0.06759656652360516,0.06759656652360516,0.011297652108053521,0.16713352007469653,0.16713352007469653,-2.997194056816283e-05,0.00039656847473348156,0.006572414373474715,,,,,,,,,,,,,,,,,,,,,,,,,,,,,,
db15k_mhyper_native,D-N,dev_oof,Active,14197,99,2026091209,512,2,0.2,47532,Random,3213.0,3213.0,468.626953125,0.6681748502315031,13.043943366751348,211.02832031250006,0.06759656652360514,0.06759656652360514,0.009859188612408483,0.14585339344070963,0.14585339344070963,1.4057368724890675e-05,0.00027442445861212094,0.004439710517388287,0.06759656652360516,0.06759656652360516,512.0,0.06759656652360516,0.06759656652360516,512.0,0.009172767819574181,0.010566039720609273,512.0,0.13569872393401805,0.15631030189853717,512.0,0.13569872393401805,0.15631030189853717,512.0,-0.00010556105106790978,0.00012920911447871235,512.0,0.00020170963319275694,0.00036176154232182975,512.0,0.004387333796179417,0.004494051375915174,512.0,3213.0,3213.0,468.88526185595595,0.6498383656357656,13.117715732110602,211.09884672000834
db15k_mhyper_native,D-N,dev_oof,Active,14197,99,2026091209,512,3,0.3,47532,Confidence,4841.0,4841.0,790.0,0.5176770196092038,25.652268972764467,443.2000000000015,0.1018471766388959,0.1018471766388959,0.01662038205840276,0.16318942367279488,0.16318942367279488,1.0891126390835726e-05,0.0005396841911294385,0.009324244719346998,,,,,,,,,,,,,,,,,,,,,,,,,,,,,,
db15k_mhyper_native,D-N,dev_oof,Active,14197,99,2026091209,512,3,0.3,47532,Random,4841.0,4841.0,706.517578125,0.9932448810023397,19.580624673205993,317.7974609375004,0.10184717663889592,0.10184717663889592,0.01486404060685433,0.14594455239103493,0.14594455239103493,2.0896341012419825e-05,0.00041194615570996364,0.006685968630343785,0.1018471766388959,0.1018471766388959,512.0,0.1018471766388959,0.1018471766388959,512.0,0.014074728603887907,0.01574623411596398,512.0,0.138194587895063,0.15460648626316875,512.0,0.138194587895063,0.15460648626316875,512.0,-0.0001062425135656248,0.00014930083839304463,512.0,0.000325253108289108,0.0005036845053978622,512.0,0.006624537153917378,0.0067438778086341975,512.0,4841.0,4841.0,707.0560732101395,0.9328773516755486,19.70061431207032,317.87999780596084
db15k_mhyper_native,D-N,dev_oof,Active,14197,99,2026091209,512,4,0.4,47532,Confidence,6563.0,6563.0,1057.0,0.20874817677553292,32.10608113104521,566.1500000000028,0.13807540183455355,0.13807540183455355,0.022237650424976857,0.16105439585555387,0.16105439585555387,4.391739812663741e-06,0.0006754624491089205,0.011910923167550342,,,,,,,,,,,,,,,,,,,,,,,,,,,,,,
db15k_mhyper_native,D-N,dev_oof,Active,14197,99,2026091209,512,4,0.4,47532,Random,6563.0,6563.0,969.900390625,1.5099070013719764,26.291241982697038,429.59589843750103,0.13807540183455355,0.13807540183455355,0.020405208925039973,0.14778308557443243,0.14778308557443243,3.1766115487923424e-05,0.0005531271981548654,0.009038035395891226,0.13807540183455355,0.13807540183455355,512.0,0.13807540183455355,0.13807540183455355,512.0,0.019535260456113774,0.021279348649330974,512.0,0.14148255371019353,0.15411397226877951,512.0,0.14148255371019353,0.15411397226877951,512.0,-0.00011276387196729393,0.0001721277804220936,512.0,0.00045994256181987157,0.0006585883876851344,512.0,0.00896401371707485,0.009102525666919164,512.0,6563.0,6563.0,970.5735809539336,1.3024090160777424,26.44287233413032,429.6732353721601
db15k_mhyper_native,D-N,dev_oof,Active,14197,99,2026091209,512,5,0.5,47532,Confidence,8267.0,8267.0,1317.0,-0.37882469014972237,37.634552439020446,663.2500000000024,0.17392493478077928,0.17392493478077928,0.027707649583438524,0.1593080924156284,0.1593080924156284,-7.969887447398013e-06,0.0007917729621943206,0.013953757468652747,,,,,,,,,,,,,,,,,,,,,,,,,,,,,,
db15k_mhyper_native,D-N,dev_oof,Active,14197,99,2026091209,512,5,0.5,47532,Random,8267.0,8267.0,1225.935546875,1.6347530631185268,33.20574039764163,540.6289062500015,0.17392493478077928,0.17392493478077928,0.025791793883594212,0.14829267532055157,0.14829267532055157,3.439268415211915e-05,0.0006985975847353703,0.01137399870087525,0.17392493478077928,0.17392493478077928,512.0,0.17392493478077928,0.17392493478077928,512.0,0.024888496171000588,0.02674934780779264,512.0,0.14309906858594412,0.15379823394217976,512.0,0.14309906858594412,0.15379823394217976,512.0,-0.00010385830313123048,0.00015739103722125334,512.0,0.0006054766750191062,0.0008026007352863144,512.0,0.011302438357317222,0.011444342758562704,512.0,8267.0,8267.0,1226.7120464452003,1.4616275291355043,33.32507053430622,540.68608664504
db15k_mhyper_native,D-N,dev_oof,Active,14197,99,2026091209,512,6,0.6,47532,Confidence,9883.0,9883.0,1535.0,0.6147456352597274,43.24542114211381,747.95,0.20792308339644872,0.20792308339644872,0.03229403349322562,0.15531721137306487,0.15531721137306487,1.2933300413610354e-05,0.0009098169894410883,0.015735714886813097,,,,,,,,,,,,,,,,,,,,,,,,,,,,,,
db15k_mhyper_native,D-N,dev_oof,Active,14197,99,2026091209,512,6,0.6,47532,Random,9883.0,9883.0,1461.892578125,2.0179255652236843,39.759293661119656,646.8431640625006,0.20792308339644877,0.20792308339644877,0.030755966046558107,0.14791992088687644,0.14791992088687644,4.245404286004548e-05,0.0008364742417975191,0.013608582934917571,0.20792308339644872,0.20792308339644872,512.0,0.20792308339644872,0.20792308339644872,512.0,0.029895649246823194,0.031646574938988474,512.0,0.14378225235252454,0.15220327835677425,512.0,0.14378225235252454,0.15220327835677425,512.0,-9.150037326981446e-05,0.0001793533914783326,512.0,0.0007394541421787003,0.0009301897456219643,512.0,0.013537537869224984,0.013676523184381093,512.0,9883.0,9883.0,1462.6053071689207,1.874919923228263,39.90016842485947,646.843001537101
db15k_mhyper_native,D-N,dev_oof,Active,14197,99,2026091209,512,7,0.7,47532,Confidence,11572.0,11572.0,1776.0,1.4227918272289222,49.09439450539729,833.2999999999979,0.24345703946814778,0.24345703946814778,0.03736430194395355,0.15347390252333218,0.15347390252333218,2.9933346529262858e-05,0.0010328703716527242,0.0175313473028696,,,,,,,,,,,,,,,,,,,,,,,,,,,,,,
db15k_mhyper_native,D-N,dev_oof,Active,14197,99,2026091209,512,7,0.7,47532,Random,11572.0,11572.0,1720.04296875,2.106181862044545,46.59705813686817,756.8361328125009,0.2434570394681477,0.2434570394681477,0.036187052275309266,0.1486383484920498,0.1486383484920498,4.431081928058033e-05,0.0009803302645979169,0.015922665421452945,0.24345703946814778,0.24345703946814778,512.0,0.24345703946814778,0.24345703946814778,512.0,0.03531883783556341,0.03700664815282336,512.0,0.14507215693052194,0.15200483926719668,512.0,0.14507215693052194,0.15200483926719668,512.0,-9.437412060913744e-05,0.00017398934258322976,512.0,0.0008842593080013039,0.0010637159270968594,512.0,0.015859841790793604,0.015987124463519346,512.0,11572.0,11572.0,1719.281503936035,2.1180900018744597,46.61034108359827,756.8042531989777
db15k_mhyper_native,D-N,dev_oof,Active,14197,99,2026091209,512,8,0.8,47532,Confidence,13233.0,13233.0,1999.0,2.9365526010446743,53.82957170063302,917.1499999999949,0.2784019187073971,0.2784019187073971,0.04205587814524952,0.15106173959041788,0.15106173959041788,6.17805394480492e-05,0.00113249119962621,0.019295422031473424,,,,,,,,,,,,,,,,,,,,,,,,,,,,,,
db15k_mhyper_native,D-N,dev_oof,Active,14197,99,2026091209,512,8,0.8,47532,Random,13233.0,13233.0,1965.330078125,2.4845780764096803,53.16259875015445,865.4605468750009,0.27840191870739706,0.27840191870739706,0.04134751489785829,0.14851734890992216,0.14851734890992216,5.227169225805096e-05,0.0011184591170191546,0.018207955627261636,0.2784019187073971,0.2784019187073971,512.0,0.2784019187073971,0.2784019187073971,512.0,0.04056214760582345,0.04206061179836742,512.0,0.1456963651477367,0.1510787425375954,512.0,0.1456963651477367,0.1510787425375954,512.0,-6.238105240263074e-05,0.00016552089064062646,512.0,0.001031642914698228,0.0011927300790965578,512.0,0.01815198182277203,0.018266878103172606,512.0,13233.0,13233.0,1964.2936262668982,2.5274905736702418,53.22532502687917,865.4173901892532
db15k_mhyper_native,D-N,dev_oof,Active,14197,99,2026091209,512,9,0.9,47532,Confidence,14850.0,14850.0,2211.0,2.0021317667059075,60.12947155376557,998.0999999999923,0.31242110578136834,0.31242110578136834,0.046516031305225955,0.14888888888888888,0.14888888888888888,4.212176568850264e-05,0.0012650313799917017,0.02099848523100211,,,,,,,,,,,,,,,,,,,,,,,,,,,,,,
db15k_mhyper_native,D-N,dev_oof,Active,14197,99,2026091209,512,9,0.9,47532,Random,14850.0,14850.0,2201.314453125,2.794954246056236,59.81105033425312,971.6214843750001,0.3124211057813683,0.3124211057813683,0.04631226233116637,0.148236663510101,0.148236663510101,5.880152836102491e-05,0.0012583322884425882,0.020441418084132766,0.31242110578136834,0.31242110578136834,512.0,0.31242110578136834,0.31242110578136834,512.0,0.04573760834806025,0.046878418749474036,512.0,0.1463973063973064,0.15004882154882154,512.0,0.1463973063973064,0.15004882154882154,512.0,-2.1506466366583996e-05,0.00014557797320853064,512.0,0.0011950498628328654,0.001314809249057554,512.0,0.020398652486745734,0.02048514684843891,512.0,14850.0,14850.0,2200.6783478018983,2.828089435879061,59.809205367069765,971.586737415985
db15k_mhyper_native,D-N,dev_oof,Active,14197,99,2026091209,512,10,1.0,47532,Confidence,16792.0,16792.0,2519.0,2.705721820872582,67.38389902270411,1095.1999999999887,0.3532777918034166,0.3532777918034166,0.05299587646217285,0.15001191043353979,0.15001191043353979,5.692421570463229e-05,0.0014176533498002212,0.02304131953210445,,,,,,,,,,,,,,,,,,,,,,,,,,,,,,
db15k_mhyper_native,D-N,dev_oof,Active,14197,99,2026091209,512,10,1.0,47532,Random,16792.0,16792.0,2519.0,2.7057218208725975,67.38389902270461,1095.1999999999975,0.3532777918034166,0.3532777918034166,0.05299587646217285,0.15001191043353979,0.15001191043353979,5.6924215704632364e-05,0.0014176533498002214,0.023041319532104587,0.3532777918034166,0.3532777918034166,512.0,0.3532777918034166,0.3532777918034166,512.0,0.05299587646217285,0.05299587646217285,512.0,0.15001191043353979,0.15001191043353979,512.0,0.15001191043353979,0.15001191043353979,512.0,5.6924215704632215e-05,5.692421570463247e-05,512.0,0.0014176533498002212,0.0014176533498002218,512.0,0.023041319532104577,0.023041319532104594,512.0,16792.0,16792.0,2519.0,2.705721820872582,67.38389902270411,1095.1999999999887
db15k_mhyper_native,D-N,test,All,42909,120,2026091210,512,0,0.0,59412,Confidence,0.0,0.0,0.0,0.0,0.0,0.0,0.0,0.0,0.0,,,0.0,0.0,0.0,,,,,,,,,,,,,,,,,,,,,,,,,,,,,,
db15k_mhyper_native,D-N,test,All,42909,120,2026091210,512,0,0.0,59412,Random,0.0,0.0,0.0,0.0,0.0,0.0,0.0,0.0,0.0,,,0.0,0.0,0.0,0.0,0.0,512.0,0.0,0.0,512.0,0.0,0.0,512.0,,,0.0,,,0.0,0.0,0.0,512.0,0.0,0.0,512.0,0.0,0.0,512.0,0.0,0.0,0.0,0.0,0.0,0.0
db15k_mhyper_native,D-N,test,All,42909,120,2026091210,512,1,0.1,59412,Confidence,5073.0,2514.0,446.0,-5.870143225047281,22.34911871356239,254.0999999999996,0.08538679054736417,0.042314683902241974,0.007506900962768464,0.08791642026414351,0.17740652346857597,-9.880399961366864e-05,0.0003761717954884937,0.004276913754797004,,,,,,,,,,,,,,,,,,,,,,,,,,,,,,
db15k_mhyper_native,D-N,test,All,42909,120,2026091210,512,1,0.1,59412,Random,5073.0,1755.494140625,262.578125,-1.038983356689934,8.357961340360355,112.94316406250007,0.08538679054736419,0.029547804157830065,0.004419614303507709,0.05175993002168342,0.14955804821462446,-1.7487769418466562e-05,0.0001406780000733918,0.001901016024750896,0.08538679054736417,0.08538679054736417,512.0,0.02835748670302296,0.030633542045378038,512.0,0.003884316299737427,0.004901787517673197,512.0,0.04549083382613838,0.057406859846244815,512.0,0.13336086763385904,0.1646738935239787,512.0,-9.438301045380821e-05,5.750759066537043e-05,512.0,8.414529551356537e-05,0.00020636346625148267,512.0,0.0018253888103413485,0.001986698815054202,512.0,5073.0,1754.9855774022412,263.0288697471742,-1.0910330581499348,8.36185715398132,112.88307330732125
db15k_mhyper_native,D-N,test,All,42909,120,2026091210,512,2,0.2,59412,Confidence,10353.0,5257.0,870.0,-5.4655285521883,38.07968551384024,469.5999999999987,0.17425772571197737,0.08848380798491887,0.01464350636235104,0.08403361344537816,0.16549362754422675,-9.199368060641454e-05,0.0006409426633313175,0.00790412711236785,,,,,,,,,,,,,,,,,,,,,,,,,,,,,,
db15k_mhyper_native,D-N,test,All,42909,120,2026091210,512,2,0.2,59412,Random,10353.0,3677.689453125,558.826171875,-2.296218903638597,17.314863429145937,235.2355468750001,0.17425772571197737,0.06190145851216926,0.009405947819884871,0.05397722127644161,0.15195814046398032,-3.8649076005497186e-05,0.0002914371411355608,0.003959394514155393,0.17425772571197737,0.17425772571197737,512.0,0.06048693866558944,0.0635263078166027,512.0,0.008799148320204673,0.010048475055544334,512.0,0.050495025596445475,0.05766444508838018,512.0,0.14201293811610077,0.1620826917681195,512.0,-0.00013633380479115902,6.432227515613785e-05,512.0,0.0002151187357630054,0.000369959498102402,512.0,0.0038501270787046414,0.004074850198613078,512.0,10353.0,3681.149447518357,559.2596669835315,-2.187595693072715,17.127440734763294,235.32686226003878
db15k_mhyper_native,D-N,test,All,42909,120,2026091210,512,3,0.3,59412,Confidence,15624.0,7910.0,1256.0,-4.401472205912884,46.415875928187546,627.7500000000045,0.26297717632801454,0.13313808658183532,0.021140510334612537,0.08038914490527393,0.15878634639696587,-7.40838922425248e-05,0.0007812542235270239,0.010566047263179232,,,,,,,,,,,,,,,,,,,,,,,,,,,,,,
db15k_mhyper_native,D-N,test,All,42909,120,2026091210,512,3,0.3,59412,Random,15624.0,5591.4765625,853.966796875,-3.488161454582223,26.015367313323036,356.9188476562496,0.2629771763280146,0.09411358921598331,0.014373641635948967,0.0546573730718766,0.1527301505169152,-5.87113959230833e-05,0.000437880685944305,0.006007521168387684,0.26297717632801454,0.26297717632801454,512.0,0.09237738167373595,0.09592716959536794,512.0,0.013612990641621222,0.015185905204335824,512.0,0.05176491295442908,0.057746095750128006,512.0,0.14499721433686302,0.1604911128427771,512.0,-0.00017843250084290487,4.9059586277214296e-05,512.0,0.000347618468901767,0.0005314368948163606,512.0,0.0058688059651248745,0.00615776274153368,512.0,15624.0,5593.697933019089,854.1571308865556,-3.2810143190515424,25.85618325288457,356.9629589050641
db15k_mhyper_native,D-N,test,All,42909,120,2026091210,512,4,0.4,59412,Confidence,21126.0,10531.0,1661.0,-5.857737430025904,56.83439330235294,775.3000000000085,0.35558473035750354,0.1772537534504814,0.02795731502053457,0.07862349711256272,0.157724812458456,-9.859519002938639e-05,0.0009566147125555939,0.013049552279001017,,,,,,,,,,,,,,,,,,,,,,,,,,,,,,
db15k_mhyper_native,D-N,test,All,42909,120,2026091210,512,4,0.4,59412,Random,21126.0,7616.87890625,1172.58203125,-4.086001389277471,34.58869186028219,484.4986328124967,0.35558473035750365,0.12820438474129806,0.019736451074698715,0.055504214297548045,0.1539475849992417,-6.877400843731017e-05,0.0005821835969211976,0.008154895186368024,0.35558473035750354,0.35558473035750354,512.0,0.1260818521510806,0.13030490473305056,512.0,0.018911162728068406,0.020667541910725104,512.0,0.0531832812647922,0.058122692416927,512.0,0.14714962629530878,0.16067153397160525,512.0,-0.00018549831438470496,4.999933055246676e-05,512.0,0.0004863692552708741,0.0006763853477417829,512.0,0.008009408873628174,0.008306781458291203,512.0,21126.0,7618.169946592398,1172.0720290951542,-4.007965629465197,34.55232960908582,484.49188524280765
db15k_mhyper_native,D-N,test,All,42909,120,2026091210,512,5,0.5,59412,Confidence,26916.0,13247.0,2060.0,-5.580983345239681,65.50294805844996,918.9000000000136,0.45303978994142596,0.22296842388743016,0.03467313000740591,0.07653440332887503,0.1555069072242772,-9.393697140711777e-05,0.0011025205018927145,0.015466572409614448,,,,,,,,,,,,,,,,,,,,,,,,,,,,,,
db15k_mhyper_native,D-N,test,All,42909,120,2026091210,512,5,0.5,59412,Random,26916.0,9789.23046875,1517.73828125,-4.584127459861777,43.35799960201277,619.2719726562453,0.4530397899414258,0.16476857316282906,0.02554598871019323,0.05638795813828206,0.155042515547491,-7.715827543024607e-05,0.0007297852218745837,0.010423348358180914,0.45303978994142596,0.45303978994142596,512.0,0.1624360398572679,0.16709334814515586,512.0,0.024590991718844678,0.026543459233824816,512.0,0.05427998216674097,0.05858968643186209,512.0,0.14967692123461068,0.16050993407586056,512.0,-0.00020808159190656344,4.635610858211308e-05,512.0,0.0006372914973466789,0.0008300884438806341,512.0,0.010271956843735178,0.010585130108395511,512.0,26916.0,9790.333816708513,1517.3028263315116,-4.595485901467925,43.43654354434251,619.2356741955251
db15k_mhyper_native,D-N,test,All,42909,120,2026091210,512,6,0.6,59412,Confidence,32133.0,15643.0,2409.0,-10.054304932304394,78.40321002476061,1042.7500000000223,0.5408503332660068,0.2632969770416751,0.04054736416885478,0.07496965736159089,0.1539985936201496,-0.00016923020487955958,0.0013196527641681918,0.017551168114186062,,,,,,,,,,,,,,,,,,,,,,,,,,,,,,
db15k_mhyper_native,D-N,test,All,42909,120,2026091210,512,6,0.6,59412,Random,32133.0,11663.662109375,1803.5703125,-5.826989100008038,52.09011793702878,738.971874999996,0.5408503332660067,0.19631828770913284,0.03035700384602437,0.056128289064201906,0.15463158643021713,-9.807764593025047e-05,0.0008767608889959728,0.012438091210529769,0.5408503332660068,0.5408503332660068,512.0,0.1940609641149936,0.19839805089880833,512.0,0.029320675957718978,0.03123948023968222,512.0,0.054212180624280334,0.05775993526903806,512.0,0.149735468640762,0.1590161534804145,512.0,-0.00022651207264482635,1.87550202977541e-05,512.0,0.0007814866185090896,0.0009759953325472689,512.0,0.012294549080993648,0.012592763246482105,512.0,32133.0,11662.382302209246,1803.2002902345348,-5.72464590405301,52.1258798030682,738.8467708405507
db15k_mhyper_native,D-N,test,All,42909,120,2026091210,512,7,0.7,59412,Confidence,37635.0,17831.0,2753.0,-9.7174149750834,83.6837052952266,1152.7500000000264,0.6334578872954959,0.30012455396216253,0.046337440247761395,0.07314999335724724,0.15439403286411307,-0.00016355980231406788,0.0014085320355353564,0.01940264593011557,,,,,,,,,,,,,,,,,,,,,,,,,,,,,,
db15k_mhyper_native,D-N,test,All,42909,120,2026091210,512,7,0.7,59412,Random,37635.0,13688.599609375,2121.47265625,-6.6231765413560835,60.921225809418125,866.536718749997,0.6334578872954958,0.23040125916271123,0.03570781418316166,0.05636967334263318,0.1549808423133665,-0.00011147876761186427,0.0010254027100487799,0.014585213740490058,0.6334578872954959,0.6334578872954959,512.0,0.22824597724365447,0.23270088534302835,512.0,0.034803995825759104,0.03662938463610045,512.0,0.05494287232629202,0.05782449847216686,512.0,0.15136842192033764,0.15869805021471936,512.0,-0.00023945597135859712,9.801603943985576e-06,512.0,0.0009309666749188116,0.0011172215530470164,512.0,0.014454424190399159,0.014736942873493487,512.0,37635.0,13686.854315782559,2121.1151884431342,-6.451597214466665,60.82202615926948,866.3756971782942
db15k_mhyper_native,D-N,test,All,42909,120,2026091210,512,8,0.8,59412,Confidence,42906.0,18789.0,2920.0,-10.243509610836409,85.84329600027797,1200.650000000025,0.722177337911533,0.3162492425772571,0.049148320204672455,0.06805574977858575,0.1554100803661717,-0.0001724148254702149,0.0014448814380979933,0.02020888036087028,,,,,,,,,,,,,,,,,,,,,,,,,,,,,,
db15k_mhyper_native,D-N,test,All,42909,120,2026091210,512,8,0.8,59412,Random,42906.0,15598.763671875,2415.28125,-7.883571550607674,69.75769880025834,988.0516601562496,0.7221773379115332,0.26255240813093317,0.04065308776004847,0.05629238917633897,0.15483769513556023,-0.00013269325305675066,0.001174134834717875,0.01663050663428681,0.722177337911533,0.722177337911533,512.0,0.26052523059314614,0.2646885309365111,512.0,0.0398740995085168,0.04142639534100855,512.0,0.055213723022421106,0.05736318929753414,512.0,0.15203860958700655,0.15771526106520303,512.0,-0.0002376358092805405,-2.3665228942009598e-05,512.0,0.0010954702450786775,0.0012546799273129242,512.0,0.016510595502592026,0.016763637817275943,512.0,42906.0,15599.402801283288,2416.012652346158,-7.545015840445491,69.55076867739075,988.0117938233193
db15k_mhyper_native,D-N,test,All,42909,120,2026091210,512,9,0.9,59412,Confidence,48186.0,19325.0,2995.0,-10.571109234809581,87.11130695835087,1227.4500000000253,0.8110482730761462,0.32527098902578605,0.05041069144280617,0.0621549827750799,0.15498059508408796,-0.0001779288567092436,0.0014662241122727878,0.02065996768329673,,,,,,,,,,,,,,,,,,,,,,,,,,,,,,
db15k_mhyper_native,D-N,test,All,42909,120,2026091210,512,9,0.9,59412,Random,48186.0,17525.892578125,2710.7734375,-8.83962551431881,78.39774176508988,1110.5208984374997,0.8110482730761462,0.29498910284328084,0.04562669894129132,0.056256452859751796,0.15467226842511775,-0.00014878518673531958,0.001319560724518447,0.018691861887118792,0.8110482730761462,0.8110482730761462,512.0,0.2933035413721134,0.2966631320271999,512.0,0.04493662896384568,0.046286945398236044,512.0,0.05540561573901133,0.0570705184078363,512.0,0.1526449801761404,0.15671257929930846,512.0,-0.0002263518341715282,-6.861936935774319e-05,512.0,0.0012564824265055624,0.0013740903873226155,512.0,0.018580968491213913,0.01879494041607759,512.0,48186.0,17525.566671399403,2712.243449582515,-8.64157847536827,78.31635225817269,1110.455582776037
db15k_mhyper_native,D-N,test,All,42909,120,2026091210,512,10,1.0,59412,Confidence,59412.0,20143.0,3164.0,-8.742412122767597,87.45614982495255,1269.2000000000246,1.0,0.3390392513296977,0.05325523463273413,0.05325523463273413,0.15707690016382864,-0.00014714892820924386,0.0014720283751591017,0.021362687672524482,,,,,,,,,,,,,,,,,,,,,,,,,,,,,,
db15k_mhyper_native,D-N,test,All,42909,120,2026091210,512,10,1.0,59412,Random,59412.0,20143.0,3164.0,-8.742412122767666,87.45614982495303,1269.1999999999994,1.0,0.33903925132969776,0.05325523463273414,0.05325523463273414,0.15707690016382864,-0.00014714892820924408,0.001472028375159102,0.021362687672524146,1.0,1.0,512.0,0.3390392513296977,0.3390392513296977,512.0,0.05325523463273413,0.05325523463273413,512.0,0.05325523463273413,0.05325523463273413,512.0,0.15707690016382864,0.15707690016382864,512.0,-0.00014714892820924435,-0.0001471489282092438,512.0,0.0014720283751591008,0.0014720283751591021,512.0,0.021362687672524132,0.021362687672524163,512.0,59412.0,20143.0,3164.0,-8.742412122767597,87.45614982495255,1269.2000000000246
db15k_mhyper_native,D-N,test,Active,11882,76,2026091211,512,0,0.0,59412,Confidence,0.0,0.0,0.0,0.0,0.0,0.0,0.0,0.0,0.0,,,0.0,0.0,0.0,,,,,,,,,,,,,,,,,,,,,,,,,,,,,,
db15k_mhyper_native,D-N,test,Active,11882,76,2026091211,512,0,0.0,59412,Random,0.0,0.0,0.0,0.0,0.0,0.0,0.0,0.0,0.0,,,0.0,0.0,0.0,0.0,0.0,512.0,0.0,0.0,512.0,0.0,0.0,512.0,,,0.0,,,0.0,0.0,0.0,512.0,0.0,0.0,512.0,0.0,0.0,512.0,0.0,0.0,0.0,0.0,0.0,0.0
db15k_mhyper_native,D-N,test,Active,11882,76,2026091211,512,1,0.1,59412,Confidence,1739.0,1739.0,311.0,-1.846260983296835,13.223038634380103,177.15000000000035,0.02927018110819363,0.02927018110819363,0.005234632734127786,0.17883841288096608,0.17883841288096608,-3.1075556845365164e-05,0.0002225651153702973,0.00298172086447183,,,,,,,,,,,,,,,,,,,,,,,,,,,,,,
db15k_mhyper_native,D-N,test,Active,11882,76,2026091211,512,1,0.1,59412,Random,1739.0,1739.0,261.478515625,-1.1976918066612112,8.359344140721541,112.01884765625024,0.02927018110819363,0.02927018110819363,0.004401106100198613,0.15036142359114435,0.15036142359114435,-2.0159089185033515e-05,0.0001407012748387791,0.0018854582854684276,0.02927018110819363,0.02927018110819363,512.0,0.02927018110819363,0.02927018110819363,512.0,0.003921766646468727,0.004847505554433448,512.0,0.1339850488786659,0.16561242093156986,512.0,0.1339850488786659,0.16561242093156986,512.0,-9.269903135890246e-05,5.134462165929161e-05,512.0,8.844567217523471e-05,0.00020318257141031093,512.0,0.0018472699118023338,0.001924611189658659,512.0,1739.0,1739.0,261.2921467162031,-1.1064081133844859,8.325070119076143,111.96861739901173
db15k_mhyper_native,D-N,test,Active,11882,76,2026091211,512,2,0.2,59412,Confidence,3646.0,3646.0,626.0,-6.554409882724877,29.750326645996243,344.3000000000007,0.06136807378980677,0.06136807378980677,0.01053659193428937,0.17169500822819528,0.17169500822819528,-0.0001103213135852164,0.0005007460891065145,0.005795125563859165,,,,,,,,,,,,,,,,,,,,,,,,,,,,,,
db15k_mhyper_native,D-N,test,Active,11882,76,2026091211,512,2,0.2,59412,Random,3646.0,3646.0,555.234375,-2.2182085567527756,17.137104048757273,233.5845703125001,0.06136807378980679,0.06136807378980679,0.009345492072308625,0.1522858955019199,0.1522858955019199,-3.733603576302389e-05,0.0002884451634140794,0.003931605909790955,0.06136807378980677,0.06136807378980677,512.0,0.06136807378980677,0.06136807378980677,512.0,0.008630832155120179,0.009981148589510536,512.0,0.1406404278661547,0.16264399341744376,512.0,0.1406404278661547,0.16264399341744376,512.0,-0.00015092092967205836,5.7743112830483854e-05,512.0,0.00021393296312932958,0.0003720834869980475,512.0,0.0038704302161179597,0.003995173533966204,512.0,3646.0,3646.0,554.7370223645169,-2.063111343315478,16.97038138549563,233.44368123381005
db15k_mhyper_native,D-N,test,Active,11882,76,2026091211,512,3,0.3,59412,Confidence,5571.0,5571.0,916.0,-5.402895442840484,36.7377831289406,492.3999999999978,0.093768935568572,0.093768935568572,0.015417760721739716,0.16442290432597378,0.16442290432597378,-9.093946412914032e-05,0.0006183562769969131,0.008287887968760482,,,,,,,,,,,,,,,,,,,,,,,,,,,,,,
db15k_mhyper_native,D-N,test,Active,11882,76,2026091211,512,3,0.3,59412,Random,5571.0,5571.0,850.85546875,-3.1519344600844006,25.72696072188762,355.74296874999953,0.093768935568572,0.093768935568572,0.014321272954117012,0.15272939665230656,0.15272939665230656,-5.305215209190743e-05,0.00043302633679875467,0.005987729225577308,0.093768935568572,0.093768935568572,512.0,0.093768935568572,0.093768935568572,512.0,0.013482124823268027,0.015071871002491079,512.0,0.14378029079159935,0.1607341590378747,512.0,0.14378029079159935,0.1607341590378747,512.0,-0.00016957137685791798,6.281797277042722e-05,512.0,0.00034204607058930354,0.0005304450946816872,512.0,0.005919490170335943,0.006049661684508164,512.0,5571.0,5571.0,850.7580013592993,-3.2652053118458513,25.72941466705042,355.63704111178083
db15k_mhyper_native,D-N,test,Active,11882,76,2026091211,512,4,0.4,59412,Confidence,7535.0,7535.0,1239.0,-5.749791963007358,45.05658953596932,612.8499999999977,0.12682623039116678,0.12682623039116678,0.020854372853968895,0.16443264764432647,0.16443264764432647,-9.677829332470475e-05,0.000758375236248053,0.010315256177203221,,,,,,,,,,,,,,,,,,,,,,,,,,,,,,
db15k_mhyper_native,D-N,test,Active,11882,76,2026091211,512,4,0.4,59412,Random,7535.0,7535.0,1156.384765625,-4.196678408910773,34.63353688140121,480.32919921874606,0.12682623039116675,0.12682623039116675,0.01946382491121322,0.15346844931984077,0.15346844931984077,-7.063688158807598e-05,0.0005829384111189868,0.008084716879060577,0.12682623039116678,0.12682623039116678,512.0,0.12682623039116678,0.12682623039116678,512.0,0.018611980744630715,0.020265266276173165,512.0,0.14675182481751825,0.15978765759787658,512.0,0.14675182481751825,0.15978765759787658,512.0,-0.00019015731462275636,5.832094012928681e-05,512.0,0.00048642297536599676,0.0006895486870141766,512.0,0.008016898942974433,0.008161840200632818,512.0,7535.0,7535.0,1155.7574744894903,-4.045939426422187,34.46949427550039,480.21526219135944
db15k_mhyper_native,D-N,test,Active,11882,76,2026091211,512,5,0.5,59412,Confidence,9740.0,9740.0,1581.0,-2.939962613044314,51.77874958042608,738.8000000000008,0.16393994479229784,0.16393994479229784,0.026610785699858613,0.16232032854209447,0.16232032854209447,-4.948432325194092e-05,0.0008715200562247708,0.012435198276442481,,,,,,,,,,,,,,,,,,,,,,,,,,,,,,
db15k_mhyper_native,D-N,test,Active,11882,76,2026091211,512,5,0.5,59412,Random,9740.0,9740.0,1512.765625,-4.841049158423279,43.47139249794217,616.7538085937457,0.16393994479229781,0.16393994479229781,0.02546229086716488,0.1553147458932238,0.1553147458932238,-8.148268293313262e-05,0.0007316938076136495,0.010380963586375556,0.16393994479229784,0.16393994479229784,512.0,0.16393994479229784,0.16393994479229784,512.0,0.024574160102336227,0.026328435332929376,512.0,0.14989733059548255,0.16059804928131416,512.0,0.14989733059548255,0.16059804928131416,512.0,-0.00020952537408477074,5.3524683908543226e-05,512.0,0.0006268843247338741,0.00082917070393309,512.0,0.010306082946206059,0.010455905372651899,512.0,9740.0,9740.0,1512.369297883797,-4.871629624724959,43.41107866221305,616.6913763907039
db15k_mhyper_native,D-N,test,Active,11882,76,2026091211,512,6,0.6,59412,Confidence,11592.0,11592.0,1861.0,-3.0394233944982227,57.70568639367917,839.0500000000036,0.19511209856594627,0.19511209856594627,0.03132363832222446,0.16054175293305728,0.16054175293305728,-5.1158408983003816e-05,0.0009712799837352584,0.014122567831414589,,,,,,,,,,,,,,,,,,,,,,,,,,,,,,
db15k_mhyper_native,D-N,test,Active,11882,76,2026091211,512,6,0.6,59412,Random,11592.0,11592.0,1794.552734375,-5.81552843975954,51.94500212026361,735.2612304687464,0.19511209856594633,0.19511209856594633,0.03020522342918939,0.15480958716140442,0.15480958716140442,-9.788474449201395e-05,0.0008743183552188715,0.012375635064780597,0.19511209856594627,0.19511209856594627,512.0,0.19511209856594627,0.19511209856594627,512.0,0.029388002423752776,0.031071164074597726,512.0,0.15062111801242237,0.15924775707384403,512.0,0.15062111801242237,0.15924775707384403,512.0,-0.00022160191906709376,3.038541093272421e-05,512.0,0.0007789481583628426,0.0009679740562975864,512.0,0.012300355988689062,0.012453166027065156,512.0,11592.0,11592.0,1794.9010738629627,-5.959223850676134,51.944569334290556,735.2184330915073
db15k_mhyper_native,D-N,test,Active,11882,76,2026091211,512,7,0.7,59412,Confidence,13541.0,13541.0,2156.0,-9.719795133243434,68.97764049707672,938.2500000000067,0.2279169191409143,0.2279169191409143,0.03628896519221706,0.15922014622258326,0.15922014622258326,-0.00016359986422344701,0.0011610051925044892,0.01579226418905283,,,,,,,,,,,,,,,,,,,,,,,,,,,,,,
db15k_mhyper_native,D-N,test,Active,11882,76,2026091211,512,7,0.7,59412,Random,13541.0,13541.0,2096.93359375,-6.683843584391953,60.69622471079119,859.0156249999969,0.2279169191409144,0.2279169191409144,0.03529478209368478,0.15485810455283952,0.15485810455283952,-0.00011249989201494561,0.0010216155778427112,0.014458621574765962,0.2279169191409143,0.2279169191409143,512.0,0.2279169191409143,0.2279169191409143,512.0,0.03448419511209856,0.03609077290783007,512.0,0.15130160254043276,0.1583505649508899,512.0,0.15130160254043276,0.1583505649508899,512.0,-0.0002252455383422813,-2.5524492913752785e-06,512.0,0.0009319126854781506,0.0011086617795160224,512.0,0.014388318016562231,0.01453260704908092,512.0,13541.0,13541.0,2096.500546993153,-6.751229685001659,60.6805967345716,859.0466541710861
db15k_mhyper_native,D-N,test,Active,11882,76,2026091211,512,8,0.8,59412,Confidence,15481.0,15481.0,2445.0,-9.303572804543501,74.76704567142063,1035.250000000013,0.26057025516730625,0.26057025516730625,0.04115330236315896,0.1579355338802403,0.1579355338802403,-0.00015659416960451595,0.001258450240211079,0.017424930990372532,,,,,,,,,,,,,,,,,,,,,,,,,,,,,,
db15k_mhyper_native,D-N,test,Active,11882,76,2026091211,512,8,0.8,59412,Random,15481.0,15481.0,2395.78125,-7.737211352242505,69.35980929345132,981.9691406249991,0.2605702551673063,0.2605702551673063,0.040324871238133705,0.1547562334474517,0.1547562334474517,-0.0001302297743257677,0.0011674377111265625,0.016528127998131657,0.26057025516730625,0.26057025516730625,512.0,0.26057025516730625,0.26057025516730625,512.0,0.039617838147175656,0.04100181781458291,512.0,0.15204282669078226,0.1573541760868161,512.0,0.15204282669078226,0.1573541760868161,512.0,-0.00022846491078034093,-3.3470696265635015e-05,512.0,0.0010869258891598582,0.0012381291253250207,512.0,0.016468895172692354,0.016594669427051744,512.0,15481.0,15481.0,2395.9215259879365,-7.942051933782844,69.44368222429536,981.9900140490569
db15k_mhyper_native,D-N,test,Active,11882,76,2026091211,512,9,0.9,59412,Confidence,17373.0,17373.0,2734.0,-9.873167724477508,81.62892542323569,1129.850000000019,0.29241567360129267,0.29241567360129267,0.04601763953410085,0.1573706325908018,0.1573706325908018,-0.00016618137286200614,0.0013739467687207245,0.019017201912071954,,,,,,,,,,,,,,,,,,,,,,,,,,,,,,
db15k_mhyper_native,D-N,test,Active,11882,76,2026091211,512,9,0.9,59412,Random,17373.0,17373.0,2686.05078125,-8.801718981317213,78.08929058833995,1102.7339843750008,0.2924156736012927,0.2924156736012927,0.04521057667222109,0.15461064762850402,0.15461064762850402,-0.00014814715850867174,0.0013143689925998094,0.018560795535834534,0.29241567360129267,0.29241567360129267,512.0,0.29241567360129267,0.29241567360129267,512.0,0.04465049148320204,0.04571467043694877,512.0,0.15269527427617569,0.1563345421055661,512.0,0.15269527427617569,0.1563345421055661,512.0,-0.00022554577697606295,-7.2985558042254e-05,512.0,0.0012492712715842257,0.0013670121255962176,512.0,0.018510570255167325,0.0186100661482529,512.0,17373.0,17373.0,2685.96640163625,-8.91002688346302,78.0849412825459,1102.715077883855
db15k_mhyper_native,D-N,test,Active,11882,76,2026091211,512,10,1.0,59412,Confidence,20143.0,20143.0,3164.0,-8.742412122767597,87.45614982495255,1269.2000000000246,0.3390392513296977,0.3390392513296977,0.05325523463273413,0.15707690016382864,0.15707690016382864,-0.00014714892820924386,0.0014720283751591017,0.021362687672524482,,,,,,,,,,,,,,,,,,,,,,,,,,,,,,
db15k_mhyper_native,D-N,test,Active,11882,76,2026091211,512,10,1.0,59412,Random,20143.0,20143.0,3164.0,-8.742412122767664,87.45614982495303,1269.1999999999994,0.33903925132969776,0.33903925132969776,0.05325523463273414,0.15707690016382864,0.15707690016382864,-0.0001471489282092441,0.001472028375159102,0.021362687672524146,0.3390392513296977,0.3390392513296977,512.0,0.3390392513296977,0.3390392513296977,512.0,0.05325523463273413,0.05325523463273413,512.0,0.15707690016382864,0.15707690016382864,512.0,0.15707690016382864,0.15707690016382864,512.0,-0.00014714892820924435,-0.0001471489282092438,512.0,0.0014720283751591008,0.0014720283751591021,512.0,0.021362687672524132,0.02136268767252416,512.0,20143.0,20143.0,3164.0,-8.742412122767597,87.45614982495255,1269.2000000000246
db15k_mhyper_adamf,D-A,dev_oof,All,40446,183,2026091212,512,0,0.0,47532,Confidence,0.0,0.0,0.0,0.0,0.0,0.0,0.0,0.0,0.0,,,0.0,0.0,0.0,,,,,,,,,,,,,,,,,,,,,,,,,,,,,,
db15k_mhyper_adamf,D-A,dev_oof,All,40446,183,2026091212,512,0,0.0,47532,Random,0.0,0.0,0.0,0.0,0.0,0.0,0.0,0.0,0.0,,,0.0,0.0,0.0,0.0,0.0,512.0,0.0,0.0,512.0,0.0,0.0,512.0,,,0.0,,,0.0,0.0,0.0,512.0,0.0,0.0,512.0,0.0,0.0,512.0,0.0,0.0,0.0,0.0,0.0,0.0
db15k_mhyper_adamf,D-A,dev_oof,All,40446,183,2026091212,512,1,0.1,47532,Confidence,4248.0,1932.0,441.0,-7.222544150884678,43.69301078368595,331.7999999999996,0.08937137086594295,0.04064630143903055,0.00927796011108306,0.1038135593220339,0.22826086956521738,-0.0001519511939511209,0.0009192335854516105,0.0069805604645291515,,,,,,,,,,,,,,,,,,,,,,,,,,,,,,
db15k_mhyper_adamf,D-A,dev_oof,All,40446,183,2026091212,512,1,0.1,47532,Random,4248.0,1856.189453125,330.306640625,-9.867917036161137,22.698402712426365,172.58339843749997,0.08937137086594295,0.03905136440976605,0.006949142485588656,0.0777558005237759,0.177950272348785,-0.00020760576109065762,0.0004775393989822934,0.0036308886316060757,0.08937137086594295,0.08937137086594295,512.0,0.037759298998569384,0.040309686106202135,512.0,0.006227383657325591,0.007641694016662459,512.0,0.0696798493408663,0.08550494350282485,512.0,0.1600385593418651,0.19407724016179898,512.0,-0.0003492484162043772,-6.185444765865681e-05,512.0,0.00035569220208989165,0.0005913949831173211,512.0,0.0034746065808297574,0.003785292013801229,512.0,4248.0,1853.7797304725075,329.8972715733122,-9.883319410162624,22.799656463918122,172.43300318684936
db15k_mhyper_adamf,D-A,dev_oof,All,40446,183,2026091212,512,2,0.2,47532,Confidence,8634.0,4209.0,927.0,-25.287578387652196,77.4738513181292,619.2499999999993,0.18164604897753092,0.0885508709921737,0.019502650845746025,0.10736622654621265,0.22024233784746972,-0.0005320116634615037,0.0016299303904344275,0.013028065303374555,,,,,,,,,,,,,,,,,,,,,,,,,,,,,,
db15k_mhyper_adamf,D-A,dev_oof,All,40446,183,2026091212,512,2,0.2,47532,Random,8634.0,3765.755859375,672.099609375,-19.641128084444144,45.689503149058574,349.2526367187502,0.18164604897753098,0.07922569762212825,0.014139939606475638,0.07784336453266158,0.17848150184357392,-0.0004132190542044131,0.0009612367068303163,0.007347737034392626,0.18164604897753092,0.18164604897753092,512.0,0.0773957544391147,0.08085079525372381,512.0,0.013233190271816882,0.015084574602373137,512.0,0.07285151725735464,0.08304378040305768,512.0,0.16805026723735242,0.18960786755311085,512.0,-0.0006130803005834463,-0.00022371497403178588,512.0,0.0008029113559627458,0.0011257449564814142,512.0,0.00714208322814105,0.00755890768324498,512.0,8634.0,3762.7025909421036,671.6834152732491,-19.744298632030457,45.773971879259896,349.15039710946775
db15k_mhyper_adamf,D-A,dev_oof,All,40446,183,2026091212,512,3,0.3,47532,Confidence,13059.0,6728.0,1430.0,-47.72509766570227,120.1627647550685,907.2000000000003,0.27474122696288816,0.14154674745434653,0.030084995371539174,0.10950302473389999,0.21254458977407847,-0.0010040624771880475,0.0025280393157255847,0.019086089371370872,,,,,,,,,,,,,,,,,,,,,,,,,,,,,,
db15k_mhyper_adamf,D-A,dev_oof,All,40446,183,2026091212,512,3,0.3,47532,Random,13059.0,5688.658203125,1018.54296875,-29.89220117209453,68.92980534203373,527.0751953124997,0.27474122696288816,0.1196805983994993,0.02142857377661365,0.07799547965004978,0.17904719452341758,-0.0006288858279074005,0.0014501768354378882,0.0110888495184823,0.27474122696288816,0.27474122696288816,512.0,0.11755554152991668,0.12187578894218631,512.0,0.0203767987881848,0.022621076327526718,512.0,0.07416724098322997,0.08233593690175357,512.0,0.17092448044871034,0.18729804272613226,512.0,-0.000854647711171626,-0.0004199262384266044,512.0,0.0012793223708747537,0.0016351772814688864,512.0,0.01086015736766811,0.01133178700664817,512.0,13059.0,5683.96495516473,1018.3706425076736,-29.86691100516924,68.97606919018135,526.5804583670752
db15k_mhyper_adamf,D-A,dev_oof,All,40446,183,2026091212,512,4,0.4,47532,Confidence,17529.0,9285.0,1903.0,-65.75668513614059,153.26524783576835,1138.9999999999986,0.3687831355718253,0.19534208533198688,0.04003618614827906,0.10856295282103942,0.20495422724824985,-0.0013834192782996842,0.0032244645257041224,0.023962804005722434,,,,,,,,,,,,,,,,,,,,,,,,,,,,,,
db15k_mhyper_adamf,D-A,dev_oof,All,40446,183,2026091212,512,4,0.4,47532,Random,17529.0,7603.7265625,1363.3359375,-39.67087956564343,91.85768479061306,703.6089843750001,0.36878313557182535,0.1599706842232601,0.02868248627240596,0.07777602473044669,0.1792989285136719,-0.0008346141455365535,0.0019325440711649656,0.014802848278528163,0.3687831355718253,0.3687831355718253,512.0,0.15776739880501556,0.16209448371623328,512.0,0.027492531347302868,0.02981622906673399,512.0,0.07454931827257687,0.08085030520851161,512.0,0.17230233955580118,0.1855858355726915,512.0,-0.0010484506194611979,-0.0005967978843873505,512.0,0.001744180632942012,0.002116146180740809,512.0,0.014566555162837686,0.01503692249431963,512.0,17529.0,7598.577916064742,1362.8423775173044,-39.76711430282966,91.97107976877585,703.025679030146
db15k_mhyper_adamf,D-A,dev_oof,All,40446,183,2026091212,512,5,0.5,47532,Confidence,22146.0,11813.0,2341.0,-78.49869898373736,176.756211508552,1337.6999999999903,0.46591769755112344,0.2485273079188757,0.04925103088445679,0.10570757698907252,0.19817150596800134,-0.0016514916053129967,0.003718678185402508,0.028143145670285075,,,,,,,,,,,,,,,,,,,,,,,,,,,,,,
db15k_mhyper_adamf,D-A,dev_oof,All,40446,183,2026091212,512,5,0.5,47532,Random,22146.0,9550.74609375,1717.0078125,-49.805011200700626,115.20319069079424,882.8673828125004,0.4659176975511236,0.20093297344420602,0.036123197267104265,0.07753128386616093,0.1797764616608198,-0.0010478206513654087,0.0024236975235797835,0.018574168619298583,0.46591769755112344,0.46591769755112344,512.0,0.1986824665488513,0.20313578220987966,512.0,0.034855991752924344,0.03734799713876967,512.0,0.07481147837081188,0.08016007405400523,512.0,0.1739509529348249,0.18543197988206567,512.0,-0.0012860237256844612,-0.0007924695420984472,512.0,0.002212078303282433,0.002627904666465784,512.0,0.018329283430110248,0.018824870613481447,512.0,22146.0,9546.324946974039,1716.5295697555778,-49.89789586428165,115.29042855780983,882.330646298092
db15k_mhyper_adamf,D-A,dev_oof,All,40446,183,2026091212,512,6,0.6,47532,Confidence,26517.0,14214.0,2734.0,-90.20976457475341,200.0073454341907,1516.2499999999818,0.5578767987881847,0.299040646301439,0.057519144997054614,0.1031036693441943,0.19234557478542283,-0.0018978743704189474,0.004207846196966059,0.03189956240006694,,,,,,,,,,,,,,,,,,,,,,,,,,,,,,
db15k_mhyper_adamf,D-A,dev_oof,All,40446,183,2026091212,512,6,0.6,47532,Random,26517.0,11448.9453125,2057.02734375,-59.578206803339725,138.03053397946675,1058.82333984375,0.5578767987881845,0.240868158556341,0.04327668399709669,0.07757390895463287,0.17966916158118443,-0.0012534336195266275,0.0029039496334988327,0.022276010684249538,0.5578767987881847,0.5578767987881847,512.0,0.23857138348901794,0.24322351258099806,512.0,0.04209322140873517,0.044489501809307413,512.0,0.07545253988007693,0.07974789757514048,512.0,0.17485575514864823,0.18455723491289908,512.0,-0.001502534753545831,-0.001026921681954183,512.0,0.0027015010310699732,0.0031081848115266336,512.0,0.022024688630817114,0.022517935285702242,512.0,26517.0,11445.522400016227,2056.454637340554,-59.73243243617602,138.198322608363,1058.3675786548156
db15k_mhyper_adamf,D-A,dev_oof,All,40446,183,2026091212,512,7,0.7,47532,Confidence,30951.0,16403.0,3052.0,-94.04745916415486,213.58266334392678,1630.8999999999771,0.651161322898258,0.3450938315240259,0.06420937473701926,0.0986074763335595,0.18606352496494544,-0.0019786135480130197,0.004493449956743389,0.03431162164436542,,,,,,,,,,,,,,,,,,,,,,,,,,,,,,
db15k_mhyper_adamf,D-A,dev_oof,All,40446,183,2026091212,512,7,0.7,47532,Random,30951.0,13350.2421875,2398.791015625,-69.83520911156269,161.15507678841956,1233.9124999999992,0.6511613228982578,0.28086851358032483,0.05046686475690061,0.07750285986317082,0.17968089519607552,-0.001469225134889394,0.003390454363132613,0.025959616679289692,0.651161322898258,0.651161322898258,512.0,0.2787406378860557,0.2830303795337878,512.0,0.049365164520743916,0.05162837667255744,512.0,0.07581095925818229,0.07928661432586992,512.0,0.1759653681574131,0.18340890084003209,512.0,-0.0016909489593749227,-0.0012457708374561869,512.0,0.0032052449064224587,0.003569207202373968,512.0,0.025736793107801012,0.026189724816965358,512.0,30951.0,13347.10927395971,2398.1321694516346,-69.65061295244544,161.1460332738305,1233.773668883104
db15k_mhyper_adamf,D-A,dev_oof,All,40446,183,2026091212,512,8,0.8,47532,Confidence,35412.0,18206.0,3315.0,-95.43388282972207,223.29092199394947,1722.2499999999773,0.7450138853824791,0.3830261718421274,0.06974248927038626,0.09361233480176212,0.1820828298363177,-0.0020077817644896506,0.0046976967515347445,0.03623348481023263,,,,,,,,,,,,,,,,,,,,,,,,,,,,,,
db15k_mhyper_adamf,D-A,dev_oof,All,40446,183,2026091212,512,8,0.8,47532,Random,35412.0,15284.0859375,2748.474609375,-79.89898754258489,184.43268702784002,1412.3217773437489,0.745013885382479,0.3215536046768493,0.05782366846282505,0.07761421578490342,0.1798257228450435,-0.001680951517768765,0.0038801793955196475,0.02971307282133606,0.7450138853824791,0.7450138853824791,512.0,0.31973775561726836,0.32373979634772365,512.0,0.056803837414794243,0.058828263064882605,512.0,0.07624534056252118,0.07896263978312436,512.0,0.1768632648169124,0.18273921887423053,512.0,-0.0018720015580518975,-0.0014951080771490471,512.0,0.0037249769741200082,0.004040738541387092,512.0,0.029505017672304866,0.029931782798956388,512.0,35412.0,15281.397725138864,2747.61359958461,-79.75524810697526,184.395430497879,1412.2428605754935
db15k_mhyper_adamf,D-A,dev_oof,All,40446,183,2026091212,512,9,0.9,47532,Confidence,39762.0,19106.0,3434.0,-99.26890504518366,230.10921228617795,1767.2499999999793,0.8365311789952032,0.4019607843137255,0.07224606580829757,0.08636386499673054,0.1797341149377159,-0.0020884647194560225,0.004841143067537195,0.03718021543381257,,,,,,,,,,,,,,,,,,,,,,,,,,,,,,
db15k_mhyper_adamf,D-A,dev_oof,All,40446,183,2026091212,512,9,0.9,47532,Random,39762.0,17178.640625,3087.83984375,-89.70117154507959,207.33660596294436,1587.8933593749923,0.8365311789952034,0.36141211447025157,0.0649633897952958,0.0776580615600322,0.17974863584537737,-0.0018871743571715815,0.004362042538983096,0.03340682822887724,0.8365311789952032,0.8365311789952032,512.0,0.36000063115374903,0.36302806530337456,512.0,0.06423041319532105,0.06570783892956324,512.0,0.07678185201951612,0.07854798551380715,512.0,0.17790913468337224,0.18173012023455973,512.0,-0.002032142324756633,-0.0017474965114105713,512.0,0.004242290222529865,0.004484093241152499,512.0,0.0332474175292433,0.03357106791214324,512.0,39762.0,17177.294498651936,3086.6055403859964,-89.63420454745209,207.32244600009383,1587.9211240633288
db15k_mhyper_adamf,D-A,dev_oof,All,40446,183,2026091212,512,10,1.0,47532,Confidence,47532.0,19200.0,3463.0,-99.80296598408023,230.8214592374717,1771.9499999999796,1.0,0.4039383993940924,0.07285618109904907,0.07285618109904907,0.18036458333333333,-0.002099700538249605,0.004856127645322555,0.03727909618783093,,,,,,,,,,,,,,,,,,,,,,,,,,,,,,
db15k_mhyper_adamf,D-A,dev_oof,All,40446,183,2026091212,512,10,1.0,47532,Random,47532.0,19200.0,3463.0,-99.80296598408094,230.8214592374716,1771.9499999999803,1.0,0.4039383993940922,0.0728561810990491,0.0728561810990491,0.1803645833333333,-0.0020997005382496067,0.004856127645322556,0.037279096187831165,1.0,1.0,512.0,0.4039383993940924,0.4039383993940924,512.0,0.07285618109904907,0.07285618109904907,512.0,0.07285618109904907,0.07285618109904907,512.0,0.18036458333333333,0.18036458333333333,512.0,-0.002099700538249607,-0.002099700538249605,512.0,0.004856127645322555,0.0048561276453225576,512.0,0.03727909618783116,0.037279096187831186,512.0,47532.0,19200.0,3463.0,-99.80296598408023,230.8214592374717,1771.9499999999796
db15k_mhyper_adamf,D-A,dev_oof,Active,16863,95,2026091213,512,0,0.0,47532,Confidence,0.0,0.0,0.0,0.0,0.0,0.0,0.0,0.0,0.0,,,0.0,0.0,0.0,,,,,,,,,,,,,,,,,,,,,,,,,,,,,,
db15k_mhyper_adamf,D-A,dev_oof,Active,16863,95,2026091213,512,0,0.0,47532,Random,0.0,0.0,0.0,0.0,0.0,0.0,0.0,0.0,0.0,,,0.0,0.0,0.0,0.0,0.0,512.0,0.0,0.0,512.0,0.0,0.0,512.0,,,0.0,,,0.0,0.0,0.0,512.0,0.0,0.0,512.0,0.0,0.0,512.0,0.0,0.0,0.0,0.0,0.0,0.0
db15k_mhyper_adamf,D-A,dev_oof,Active,16863,95,2026091213,512,1,0.1,47532,Confidence,1802.0,1802.0,411.0,-6.641699021984244,42.44477151076653,326.79999999999956,0.03791130185979971,0.03791130185979971,0.00864680636202979,0.22807991120976692,0.22807991120976692,-0.0001397311079269596,0.0008929725555576565,0.0068753681730202715,,,,,,,,,,,,,,,,,,,,,,,,,,,,,,
db15k_mhyper_adamf,D-A,dev_oof,Active,16863,95,2026091213,512,1,0.1,47532,Random,1802.0,1802.0,317.103515625,-9.843238221319769,22.616489447500495,168.35703124999992,0.037911301859799726,0.037911301859799726,0.006671369090823024,0.1759730941315205,0.1759730941315205,-0.00020708655687368008,0.0004758160701737872,0.0035419723817638644,0.03791130185979971,0.03791130185979971,512.0,0.03791130185979971,0.03791130185979971,512.0,0.006054342337793487,0.007326117142135824,512.0,0.15969755826859047,0.19324361820199776,512.0,0.15969755826859047,0.19324361820199776,512.0,-0.0003455441829198629,-4.537491441702737e-05,512.0,0.000355879314527292,0.0005897050280597184,512.0,0.0034632721114196746,0.003624005932845241,512.0,1802.0,1802.0,316.71643609252664,-9.849670263848553,22.550177036227733,168.42222607524988
db15k_mhyper_adamf,D-A,dev_oof,Active,16863,95,2026091213,512,2,0.2,47532,Confidence,3718.0,3718.0,836.0,-23.772388296273437,73.83574607906708,584.3999999999993,0.07822098796600185,0.07822098796600185,0.01758815114028444,0.22485207100591717,0.22485207100591717,-0.0005001343999047681,0.0015533902650649474,0.012294875031557673,,,,,,,,,,,,,,,,,,,,,,,,,,,,,,
db15k_mhyper_adamf,D-A,dev_oof,Active,16863,95,2026091213,512,2,0.2,47532,Random,3718.0,3718.0,661.134765625,-19.303729889200074,45.48995762086981,346.0144531250001,0.07822098796600185,0.07822098796600185,0.013909256198455778,0.17782000151291016,0.17782000151291016,-0.0004061207163426764,0.000957038576556211,0.007279610643882022,0.07822098796600185,0.07822098796600185,512.0,0.07822098796600185,0.07822098796600185,512.0,0.013106959522006228,0.014794769839266177,512.0,0.16756320602474448,0.1891406670252824,512.0,0.16756320602474448,0.1891406670252824,512.0,-0.000614336583015453,-0.0001985183864638026,512.0,0.0007873655636630678,0.0011163662869027838,512.0,0.007171537069763536,0.00738286838340487,512.0,3718.0,3718.0,660.3478091046351,-19.717777356587227,45.60034643958481,346.0032465367157
db15k_mhyper_adamf,D-A,dev_oof,Active,16863,95,2026091213,512,3,0.3,47532,Confidence,5590.0,5590.0,1203.0,-39.10269412178828,106.68659722116132,812.3999999999987,0.11760498190692587,0.11760498190692587,0.0253092653370361,0.2152057245080501,0.2152057245080501,-0.0008226603997683304,0.002244521526995736,0.01709164352436251,,,,,,,,,,,,,,,,,,,,,,,,,,,,,,
db15k_mhyper_adamf,D-A,dev_oof,Active,16863,95,2026091213,512,3,0.3,47532,Random,5590.0,5590.0,994.576171875,-29.137843189484705,68.15227299902331,519.49072265625,0.11760498190692582,0.11760498190692582,0.020924349319931833,0.17792060319767442,0.17792060319767442,-0.0006130152989456509,0.001433818753661182,0.010929283906762826,0.11760498190692587,0.11760498190692587,512.0,0.11760498190692587,0.11760498190692587,512.0,0.019965496928385087,0.0219478456618699,512.0,0.1697674418604651,0.18662343470483006,512.0,0.1697674418604651,0.18662343470483006,512.0,-0.0008287127218007588,-0.00038913662345888244,512.0,0.0012536733084281544,0.001624797531922092,512.0,0.010813294201800909,0.011057235125809995,512.0,5590.0,5590.0,994.4550505362243,-29.59653141049499,68.45057808891852,519.4951861061045
db15k_mhyper_adamf,D-A,dev_oof,Active,16863,95,2026091213,512,4,0.4,47532,Confidence,7520.0,7520.0,1593.0,-56.44793991183167,137.89589304140796,1012.8500000000006,0.15820920642935285,0.15820920642935285,0.03351426407472861,0.21183510638297873,0.21183510638297873,-0.0011875776300562077,0.0029011169957377757,0.021308802490953474,,,,,,,,,,,,,,,,,,,,,,,,,,,,,,
db15k_mhyper_adamf,D-A,dev_oof,Active,16863,95,2026091213,512,4,0.4,47532,Random,7520.0,7520.0,1341.857421875,-39.25535333870176,91.35965272910298,698.0866210937504,0.15820920642935285,0.15820920642935285,0.02823061141704536,0.17843848695146275,0.17843848695146275,-0.0008258721143377473,0.0019220662444059356,0.014686666268908325,0.15820920642935285,0.15820920642935285,512.0,0.15820920642935285,0.15820920642935285,512.0,0.027134877556172683,0.0292902676091896,512.0,0.1715126329787234,0.18513630319148935,512.0,0.1715126329787234,0.18513630319148935,512.0,-0.0010675520969068777,-0.0005655466545317839,512.0,0.0017230630391131424,0.002113136885065712,512.0,0.014549592905831877,0.014823697719431133,512.0,7520.0,7520.0,1342.282513906506,-39.594915276474985,91.5465099368118,698.0129609775568
db15k_mhyper_adamf,D-A,dev_oof,Active,16863,95,2026091213,512,5,0.5,47532,Confidence,9483.0,9483.0,1945.0,-70.6196532985769,160.3803967870259,1182.099999999996,0.19950770007573845,0.19950770007573845,0.04091980139695363,0.20510387008330697,0.20510387008330697,-0.0014857286312079632,0.003374156290226077,0.02486956155852891,,,,,,,,,,,,,,,,,,,,,,,,,,,,,,
db15k_mhyper_adamf,D-A,dev_oof,Active,16863,95,2026091213,512,5,0.5,47532,Random,9483.0,9483.0,1700.32421875,-49.53288808302967,114.90230475421609,878.5155273437506,0.1995077000757384,0.1995077000757384,0.03577220017567113,0.1793023535537277,0.1793023535537277,-0.0010420956005013403,0.0024173673473494948,0.018482612289483932,0.19950770007573845,0.19950770007573845,512.0,0.19950770007573845,0.19950770007573845,512.0,0.03464087351678869,0.03685937894471093,512.0,0.17363176210060108,0.1847516608668143,512.0,0.17363176210060108,0.1847516608668143,512.0,-0.0012822915537774842,-0.0007966809225890484,512.0,0.0022120554819715236,0.0026133459866492744,512.0,0.018333727804426492,0.018621165740974506,512.0,9483.0,9483.0,1700.967284524478,-49.966272544538896,115.17952002555984,878.4749765625219
db15k_mhyper_adamf,D-A,dev_oof,Active,16863,95,2026091213,512,6,0.6,47532,Confidence,11353.0,11353.0,2282.0,-75.95885754937986,176.44220732457543,1334.1999999999896,0.23884961710005892,0.23884961710005892,0.04800976184465203,0.20100413987492294,0.20100413987492294,-0.0015980572572031444,0.0037120720214713337,0.028069511066228847,,,,,,,,,,,,,,,,,,,,,,,,,,,,,,
db15k_mhyper_adamf,D-A,dev_oof,Active,16863,95,2026091213,512,6,0.6,47532,Random,11353.0,11353.0,2033.62890625,-59.54377947461105,137.87150412479292,1052.4445312500002,0.23884961710005903,0.23884961710005903,0.04278441694542624,0.179127006628204,0.179127006628204,-0.0012527093216067296,0.0029006038905325456,0.022141810385634925,0.23884961710005892,0.23884961710005892,512.0,0.23884961710005892,0.23884961710005892,512.0,0.04152518303458722,0.043806803837414796,512.0,0.17385492821280718,0.1834074693913503,512.0,0.17385492821280718,0.1834074693913503,512.0,-0.0015190918185351212,-0.0010095511036140314,512.0,0.0026976169234480137,0.0031050956870634096,512.0,0.02199570815450643,0.02227388916940165,512.0,11353.0,11353.0,2033.7216260977139,-59.71132299093846,137.9980054038462,1052.4477459852014
db15k_mhyper_adamf,D-A,dev_oof,Active,16863,95,2026091213,512,7,0.7,47532,Confidence,13252.0,13252.0,2609.0,-87.74584413063012,195.04612469523568,1469.1499999999835,0.27880164941513086,0.27880164941513086,0.05488933770933266,0.19687594325384847,0.19687594325384847,-0.001846037282896367,0.0041034697613236484,0.030908651014053344,,,,,,,,,,,,,,,,,,,,,,,,,,,,,,
db15k_mhyper_adamf,D-A,dev_oof,Active,16863,95,2026091213,512,7,0.7,47532,Random,13252.0,13252.0,2373.802734375,-69.44953789753004,160.77184382199715,1228.247265625,0.27880164941513097,0.27880164941513097,0.049941149843789445,0.179127885177709,0.179127885177709,-0.001461111207134773,0.003382391732348674,0.025840428882121465,0.27880164941513086,0.27880164941513086,512.0,0.27880164941513086,0.27880164941513086,512.0,0.048872338635024826,0.05095987966001851,512.0,0.17529429520072443,0.18278184424992452,512.0,0.17529429520072443,0.18278184424992452,512.0,-0.0016948325836975164,-0.001228708292695142,512.0,0.00319695874959876,0.003566746766894566,512.0,0.025699633930825496,0.025974080619372158,512.0,13252.0,13252.0,2374.206498519213,-69.81391498692449,161.029327863748,1228.332080643616
db15k_mhyper_adamf,D-A,dev_oof,Active,16863,95,2026091213,512,8,0.8,47532,Confidence,15155.0,15155.0,2878.0,-92.8671818361313,205.99504579535449,1568.7499999999793,0.3188378355634099,0.3188378355634099,0.06054868299251031,0.18990432200593862,0.18990432200593862,-0.001953782332662865,0.00433381818133793,0.033004081460910106,,,,,,,,,,,,,,,,,,,,,,,,,,,,,,
db15k_mhyper_adamf,D-A,dev_oof,Active,16863,95,2026091213,512,8,0.8,47532,Random,15155.0,15155.0,2713.669921875,-79.00408205113558,183.52096495752892,1404.2543945312486,0.3188378355634099,0.3188378355634099,0.05709143149614996,0.17906103080666447,0.17906103080666447,-0.001662124085902878,0.003860998168760605,0.029543347524430816,0.3188378355634099,0.3188378355634099,512.0,0.3188378355634099,0.3188378355634099,512.0,0.056079062526298074,0.05798199107969368,512.0,0.17588584625536127,0.1818541735400858,512.0,0.17588584625536127,0.1818541735400858,512.0,-0.0018512227802814224,-0.0014625460009227553,512.0,0.003695130985413685,0.004008964843050205,512.0,0.029411528023226365,0.029657704283430012,512.0,15155.0,15155.0,2715.6563308995846,-79.58846091082623,183.9441689010732,1404.4574604260424
db15k_mhyper_adamf,D-A,dev_oof,Active,16863,95,2026091213,512,9,0.9,47532,Confidence,17040.0,17040.0,3134.0,-93.61510276307797,217.2455823155663,1663.2999999999784,0.358495329462257,0.358495329462257,0.06593452831776488,0.18392018779342723,0.18392018779342723,-0.001969517435897458,0.0045705121247910105,0.034993267693342975,,,,,,,,,,,,,,,,,,,,,,,,,,,,,,
db15k_mhyper_adamf,D-A,dev_oof,Active,16863,95,2026091213,512,9,0.9,47532,Random,17040.0,17040.0,3051.544921875,-89.36682344465675,206.8039843136741,1579.4064453124936,0.358495329462257,0.358495329462257,0.06419980059486241,0.17908127475792254,0.17908127475792254,-0.0018801401886025563,0.004350837000624292,0.033228276641262586,0.358495329462257,0.358495329462257,512.0,0.358495329462257,0.358495329462257,512.0,0.0634940671547589,0.06486156694437431,512.0,0.17711267605633804,0.18092723004694836,512.0,0.17711267605633804,0.18092723004694836,512.0,-0.0020378770640395584,-0.0017283820422506371,512.0,0.004218047534081472,0.004476166816384116,512.0,0.03312807687452647,0.03331779117226275,512.0,17040.0,17040.0,3051.9451129629097,-89.56077613357095,206.92972891643876,1579.40504067447
db15k_mhyper_adamf,D-A,dev_oof,Active,16863,95,2026091213,512,10,1.0,47532,Confidence,19200.0,19200.0,3463.0,-99.80296598408023,230.8214592374717,1771.9499999999796,0.4039383993940924,0.4039383993940924,0.07285618109904907,0.18036458333333333,0.18036458333333333,-0.002099700538249605,0.004856127645322555,0.03727909618783093,,,,,,,,,,,,,,,,,,,,,,,,,,,,,,
db15k_mhyper_adamf,D-A,dev_oof,Active,16863,95,2026091213,512,10,1.0,47532,Random,19200.0,19200.0,3463.0,-99.80296598408094,230.8214592374716,1771.9499999999803,0.4039383993940922,0.4039383993940922,0.0728561810990491,0.1803645833333333,0.1803645833333333,-0.0020997005382496063,0.004856127645322556,0.037279096187831165,0.4039383993940924,0.4039383993940924,512.0,0.4039383993940924,0.4039383993940924,512.0,0.07285618109904907,0.07285618109904907,512.0,0.18036458333333333,0.18036458333333333,512.0,0.18036458333333333,0.18036458333333333,512.0,-0.002099700538249607,-0.002099700538249605,512.0,0.004856127645322555,0.0048561276453225576,512.0,0.03727909618783116,0.037279096187831186,512.0,19200.0,19200.0,3463.0,-99.80296598408023,230.8214592374717,1771.9499999999796
db15k_mhyper_adamf,D-A,test,All,42909,120,2026091214,512,0,0.0,59412,Confidence,0.0,0.0,0.0,0.0,0.0,0.0,0.0,0.0,0.0,,,0.0,0.0,0.0,,,,,,,,,,,,,,,,,,,,,,,,,,,,,,
db15k_mhyper_adamf,D-A,test,All,42909,120,2026091214,512,0,0.0,59412,Random,0.0,0.0,0.0,0.0,0.0,0.0,0.0,0.0,0.0,,,0.0,0.0,0.0,0.0,0.0,512.0,0.0,0.0,512.0,0.0,0.0,512.0,,,0.0,,,0.0,0.0,0.0,512.0,0.0,0.0,512.0,0.0,0.0,512.0,0.0,0.0,0.0,0.0,0.0,0.0
db15k_mhyper_adamf,D-A,test,All,42909,120,2026091214,512,1,0.1,59412,Confidence,5073.0,2402.0,612.0,-7.9178519309671405,60.74499974151865,526.8500000000015,0.08538679054736417,0.04042954285329563,0.010300949303171077,0.12063867534003549,0.2547876769358868,-0.00013327024727272506,0.0010224365404551041,0.00886773715747663,,,,,,,,,,,,,,,,,,,,,,,,,,,,,,
db15k_mhyper_adamf,D-A,test,All,42909,120,2026091214,512,1,0.1,59412,Random,5073.0,2297.77734375,438.623046875,-17.551818761980357,36.75493811543379,255.5015624999999,0.08538679054736419,0.03867530707180368,0.007382734916767657,0.08646226037354622,0.19089700611756433,-0.0002954254824274616,0.0006186450231507742,0.004300504317309632,0.08538679054736417,0.08538679054736417,512.0,0.03747643573688817,0.0397731098094661,512.0,0.006799973069413587,0.008028681074530399,512.0,0.07963729548590577,0.09402720283855706,512.0,0.17576977595312368,0.2058105133190066,512.0,-0.0004368936222371047,-0.00013600060113974792,512.0,0.0005002303747811819,0.0007542588310048057,512.0,0.004119811654211267,0.004458232343634279,512.0,5073.0,2297.569728332444,439.70099259264214,-17.390567075825487,36.55855102458999,255.6494194303265
db15k_mhyper_adamf,D-A,test,All,42909,120,2026091214,512,2,0.2,59412,Confidence,10353.0,5091.0,1266.0,-42.33468751565588,127.54317841662899,960.3500000000029,0.17425772571197737,0.08568975964451626,0.02130882649969703,0.12228339611706751,0.2486741308190925,-0.0007125612252685633,0.002146757867377449,0.016164242913889498,,,,,,,,,,,,,,,,,,,,,,,,,,,,,,
db15k_mhyper_adamf,D-A,test,All,42909,120,2026091214,512,2,0.2,59412,Random,10353.0,4771.359375,916.951171875,-35.229044381028515,74.24097591609045,526.3213867187492,0.17425772571197737,0.08030969122399514,0.01543377048197334,0.08856864405244858,0.19217912066879633,-0.0005929617649806187,0.0012495956358326687,0.008858839741445306,0.17425772571197737,0.17425772571197737,512.0,0.07841850131286608,0.08190643304382954,512.0,0.014609843129334141,0.016309836396687538,512.0,0.08384043272481406,0.09359605911330049,512.0,0.1818682654956933,0.20237161916848762,512.0,-0.0007779344081136964,-0.000392879508390243,512.0,0.0011043931275685267,0.0014190505649081151,512.0,0.008644865515384076,0.009076554399784527,512.0,10353.0,4769.350583432642,918.9612933437651,-35.03585852552931,74.04816992269657,526.1666024152273
db15k_mhyper_adamf,D-A,test,All,42909,120,2026091214,512,3,0.3,59412,Confidence,15624.0,7955.0,1912.0,-74.36271114043832,186.34235791387403,1372.1999999999987,0.26297717632801454,0.13389550932471556,0.03218205076415539,0.12237583205325141,0.2403519798868636,-0.001251644636444461,0.003136443107686562,0.023096344172894342,,,,,,,,,,,,,,,,,,,,,,,,,,,,,,
db15k_mhyper_adamf,D-A,test,All,42909,120,2026091214,512,3,0.3,59412,Random,15624.0,7246.041015625,1399.240234375,-52.54165586329954,111.46310194164705,795.458203125,0.2629771763280146,0.12196258357949573,0.023551475028192957,0.08955710665482591,0.1931023740420182,-0.0008843610022099833,0.0018761041867240132,0.013388847423500277,0.26297717632801454,0.26297717632801454,512.0,0.11987477277317714,0.12404354339190736,512.0,0.02253374739109944,0.024577947216050628,512.0,0.0856870839733743,0.09346038146441372,512.0,0.18564563292932998,0.20107948742357093,512.0,-0.0011067076239710412,-0.000668064796231963,512.0,0.001704305529922047,0.002066000587821926,512.0,0.01311742577257117,0.013635797481990154,512.0,15624.0,7242.823746225148,1399.6062094795031,-52.67206271416547,111.51820361862082,795.4087854001286
db15k_mhyper_adamf,D-A,test,All,42909,120,2026091214,512,4,0.4,59412,Confidence,21126.0,10978.0,2519.0,-91.6438031578295,224.92370338267276,1702.150000000015,0.35558473035750354,0.1847774860297583,0.04239884198478422,0.11923695919719776,0.22945891783567135,-0.0015425133501284168,0.003785829518997387,0.02864993603985752,,,,,,,,,,,,,,,,,,,,,,,,,,,,,,
db15k_mhyper_adamf,D-A,test,All,42909,120,2026091214,512,4,0.4,59412,Random,21126.0,9866.95703125,1917.91796875,-69.95241547357699,149.09760163336338,1074.8934570312513,0.35558473035750365,0.16607683685534907,0.032281659744664376,0.09078471877070907,0.1943765062578014,-0.0011774122310909741,0.002509553653022343,0.018092194456191545,0.35558473035750354,0.35558473035750354,512.0,0.1638894499427725,0.16823958122938126,512.0,0.03118141116272807,0.03343516461320945,512.0,0.08769052352551358,0.09402868503266118,512.0,0.18834315670065718,0.20060557626184558,512.0,-0.0014258200608723974,-0.0009274029936170414,512.0,0.00230059599663302,0.0027113912143788433,512.0,0.01780736635696496,0.018364156231064455,512.0,21126.0,9865.30390860348,1917.5170504646085,-69.86739338145472,149.10353368526174,1075.0207796190514
db15k_mhyper_adamf,D-A,test,All,42909,120,2026091214,512,5,0.5,59412,Confidence,26916.0,14159.0,3184.0,-124.10193911116997,273.7021424403236,2012.2000000000496,0.45303978994142596,0.23831885814313605,0.05359186696290312,0.11829395155297964,0.22487463803940957,-0.0020888362470741595,0.00460684949909654,0.03386857873830286,,,,,,,,,,,,,,,,,,,,,,,,,,,,,,
db15k_mhyper_adamf,D-A,test,All,42909,120,2026091214,512,5,0.5,59412,Random,26916.0,12585.361328125,2451.58984375,-87.79160676124604,187.44179771926034,1358.678125000004,0.4530397899414258,0.21183197549527033,0.04126422008600956,0.09108299315462923,0.19479593552517055,-0.0014776746576658927,0.0031549484568649524,0.02286874915841927,0.45303978994142596,0.45303978994142596,512.0,0.20933102740187168,0.2146237292129536,512.0,0.04012657375614354,0.04243250521780112,512.0,0.088571853172834,0.09366176252043394,512.0,0.19016875375675932,0.19967785158196574,512.0,-0.0017333739234698705,-0.0012457786031503536,512.0,0.0029446850321252255,0.003369852089825984,512.0,0.022572775701878496,0.023151046926546928,512.0,26916.0,12584.084763703677,2450.77735121573,-87.57067876153059,187.34207031850033,1358.8129626039527
db15k_mhyper_adamf,D-A,test,All,42909,120,2026091214,512,6,0.6,59412,Confidence,32133.0,16986.0,3679.0,-146.84113786095693,314.31060553727553,2262.2000000000776,0.5408503332660068,0.2859018380125227,0.061923517134585604,0.11449288893038309,0.21659013305074767,-0.0024715737201399875,0.005290355576941957,0.0380764828654157,,,,,,,,,,,,,,,,,,,,,,,,,,,,,,
db15k_mhyper_adamf,D-A,test,All,42909,120,2026091214,512,6,0.6,59412,Random,32133.0,15003.482421875,2917.935546875,-105.18032984670194,224.7328063143674,1624.7487304687593,0.5408503332660067,0.2525328624162627,0.04911357212137279,0.09080806482043383,0.19448404066641292,-0.0017703549762119086,0.003782616412751086,0.027347147553840316,0.5408503332660068,0.5408503332660068,512.0,0.2500972025853363,0.25518792499831683,512.0,0.047953275432572544,0.05024994950515047,512.0,0.08866274546416457,0.09290915880870133,512.0,0.190438440388374,0.19855322264395966,512.0,-0.0020050490753347828,-0.001522861083747932,512.0,0.0035716443988642634,0.003997486727414195,512.0,0.027068458392244196,0.02764163805291879,512.0,32133.0,15003.557926496185,2917.422267351469,-105.2487589795287,224.7348581602318,1624.9051455888534
db15k_mhyper_adamf,D-A,test,All,42909,120,2026091214,512,7,0.7,59412,Confidence,37635.0,20035.0,4146.0,-159.0670329473372,341.0176129667205,2448.8500000000945,0.6334578872954959,0.3372214367467852,0.0697838820440315,0.11016341171781587,0.20693785874719242,-0.002677355297706477,0.0057398776840826855,0.041218104086718076,,,,,,,,,,,,,,,,,,,,,,,,,,,,,,
db15k_mhyper_adamf,D-A,test,All,42909,120,2026091214,512,7,0.7,59412,Random,37635.0,17625.68359375,3437.984375,-122.33342570011716,262.2249491090688,1904.3543945312704,0.6334578872954958,0.2966687469492695,0.057866834562041336,0.09135072073867412,0.19505520998216755,-0.002059069307549268,0.004413669782351528,0.03205336286493078,0.6334578872954959,0.6334578872954959,512.0,0.2943980172355753,0.2994007944522992,512.0,0.056773042483000066,0.05902300881976705,512.0,0.08962402019396838,0.09317590009299853,512.0,0.1915710182358393,0.1985177602912152,512.0,-0.002298508714664997,-0.0018242620114359025,512.0,0.004226370608120113,0.0046181119411924125,512.0,0.03179772184070585,0.03232886453915063,512.0,37635.0,17626.038088874524,3435.333108336574,-122.44408964681793,262.32018822687274,1904.5171398077762
db15k_mhyper_adamf,D-A,test,All,42909,120,2026091214,512,8,0.8,59412,Confidence,42906.0,22931.0,4551.0,-169.44204538508365,362.5495697278487,2609.25000000008,0.722177337911533,0.38596579815525484,0.07660068672995354,0.10606908124737799,0.19846496009768436,-0.0028519835283290183,0.006102295322962511,0.04391789537467313,,,,,,,,,,,,,,,,,,,,,,,,,,,,,,
db15k_mhyper_adamf,D-A,test,All,42909,120,2026091214,512,8,0.8,59412,Random,42906.0,20098.279296875,3918.18359375,-139.92628842094666,299.4050513058917,2173.172656250024,0.7221773379115332,0.3382865296047095,0.06594936365969839,0.09132017885027735,0.19495097967829256,-0.002355185626152068,0.005039471004273409,0.03657800875664889,0.722177337911533,0.722177337911533,512.0,0.3360432235911937,0.3405414731030768,512.0,0.06489892614286676,0.06690946273480106,512.0,0.08986563650771454,0.0926496294224584,512.0,0.19214751553661508,0.19737777192766554,512.0,-0.002558384362512783,-0.002140999910534282,512.0,0.004868468278746003,0.005204210904125908,512.0,0.03632978186225044,0.03683750757422785,512.0,42906.0,20099.511251667027,3915.9780244723133,-140.08029383545409,299.790221922797,2173.7593227926764
db15k_mhyper_adamf,D-A,test,All,42909,120,2026091214,512,9,0.9,59412,Confidence,48186.0,24836.0,4835.0,-174.19604186746508,373.63063068980983,2709.900000000071,0.8110482730761462,0.41803002760385105,0.0813808658183532,0.10034034781886855,0.19467708165566114,-0.0029320009740029804,0.006288807491580991,0.04561199757624842,,,,,,,,,,,,,,,,,,,,,,,,,,,,,,
db15k_mhyper_adamf,D-A,test,All,42909,120,2026091214,512,9,0.9,59412,Random,48186.0,22572.154296875,4395.4921875,-157.51753371704348,337.0298981866211,2444.1082031250317,0.8110482730761462,0.37992584489454995,0.07398323886588568,0.09121927919935252,0.19473041498672702,-0.002651274720882034,0.0056727579981589804,0.04113829198015604,0.8110482730761462,0.8110482730761462,512.0,0.3777591227361476,0.3819337844206558,512.0,0.0730454285329563,0.0748501986130748,512.0,0.09006298509940647,0.09228821649441747,512.0,0.1925504175883616,0.1966087201761704,512.0,-0.002804764898997523,-0.002493081063324459,512.0,0.005541682659471893,0.0057959865246135795,512.0,0.04093314481922895,0.04134911718171466,512.0,48186.0,22571.29210676722,4395.238325223434,-157.725585285158,337.2798408209036,2444.2765057775787
db15k_mhyper_adamf,D-A,test,All,42909,120,2026091214,512,10,1.0,59412,Confidence,59412.0,25756.0,5086.0,-177.5832940328174,378.7067588572043,2760.400000000073,1.0,0.4335151147916246,0.08560560156197401,0.08560560156197401,0.1974685510172387,-0.002989013903467606,0.006374246934242313,0.046461994209925146,,,,,,,,,,,,,,,,,,,,,,,,,,,,,,
db15k_mhyper_adamf,D-A,test,All,42909,120,2026091214,512,10,1.0,59412,Random,59412.0,25756.0,5086.0,-177.5832940328161,378.70675885720783,2760.4000000000547,1.0,0.43351511479162474,0.08560560156197401,0.08560560156197401,0.1974685510172387,-0.002989013903467606,0.006374246934242317,0.04646199420992449,1.0,1.0,512.0,0.4335151147916246,0.4335151147916246,512.0,0.08560560156197401,0.08560560156197401,512.0,0.08560560156197401,0.08560560156197401,512.0,0.1974685510172387,0.1974685510172387,512.0,-0.0029890139034676085,-0.0029890139034676037,512.0,0.006374246934242313,0.006374246934242321,512.0,0.046461994209924445,0.046461994209924536,512.0,59412.0,25756.0,5086.0,-177.5832940328174,378.7067588572043,2760.400000000073
db15k_mhyper_adamf,D-A,test,Active,16977,79,2026091215,512,0,0.0,59412,Confidence,0.0,0.0,0.0,0.0,0.0,0.0,0.0,0.0,0.0,,,0.0,0.0,0.0,,,,,,,,,,,,,,,,,,,,,,,,,,,,,,
db15k_mhyper_adamf,D-A,test,Active,16977,79,2026091215,512,0,0.0,59412,Random,0.0,0.0,0.0,0.0,0.0,0.0,0.0,0.0,0.0,,,0.0,0.0,0.0,0.0,0.0,512.0,0.0,0.0,512.0,0.0,0.0,512.0,,,0.0,,,0.0,0.0,0.0,512.0,0.0,0.0,512.0,0.0,0.0,512.0,0.0,0.0,0.0,0.0,0.0,0.0
db15k_mhyper_adamf,D-A,test,Active,16977,79,2026091215,512,1,0.1,59412,Confidence,2267.0,2267.0,578.0,-4.4347768424197005,55.488646658046676,500.7500000000017,0.03815727462465495,0.03815727462465495,0.009728674341883795,0.254962505513895,0.254962505513895,-7.464446311216086e-05,0.000933963621121098,0.0084284319666061,,,,,,,,,,,,,,,,,,,,,,,,,,,,,,
db15k_mhyper_adamf,D-A,test,Active,16977,79,2026091215,512,1,0.1,59412,Random,2267.0,2267.0,431.361328125,-17.069090526461817,35.967976390973355,253.10849609374978,0.038157274624654944,0.038157274624654944,0.007260508451575439,0.19027848616012352,0.19027848616012352,-0.0002873003858894132,0.000605399185197828,0.004260225141280379,0.03815727462465495,0.03815727462465495,512.0,0.03815727462465495,0.03815727462465495,512.0,0.00669898337036289,0.007860364909445904,512.0,0.17556241729157476,0.20599911777679752,512.0,0.17556241729157476,0.20599911777679752,512.0,-0.0004422269680369447,-0.00013257410724841083,512.0,0.00047943510951306437,0.0007333577615691455,512.0,0.004148993469332793,0.004361913418164678,512.0,2267.0,2267.0,432.82366073757714,-17.328003785125407,36.37731541278238,252.9383905319856
db15k_mhyper_adamf,D-A,test,Active,16977,79,2026091215,512,2,0.2,59412,Confidence,4760.0,4760.0,1183.0,-38.62727861924506,121.2646899075988,912.700000000002,0.08011849458021948,0.08011849458021948,0.019911802329495725,0.2485294117647059,0.2485294117647059,-0.0006501595404841625,0.0020410807565407457,0.015362216387261866,,,,,,,,,,,,,,,,,,,,,,,,,,,,,,
db15k_mhyper_adamf,D-A,test,Active,16977,79,2026091215,512,2,0.2,59412,Random,4760.0,4760.0,917.173828125,-34.58222850893799,73.50132751536728,525.2228515624988,0.0801184945802195,0.0801184945802195,0.01543751814658655,0.19268357733718489,0.19268357733718489,-0.0005820748082700123,0.001237146157600607,0.008840349618974256,0.08011849458021948,0.08011849458021948,512.0,0.08011849458021948,0.08011849458021948,512.0,0.014593011512825691,0.016293004780179088,512.0,0.18214285714285713,0.20336134453781513,512.0,0.18214285714285713,0.20336134453781513,512.0,-0.0007946432630352582,-0.0003803472529766132,512.0,0.0010712571867049156,0.001407615253248552,512.0,0.008671922338921402,0.008985937184407166,512.0,4760.0,4760.0,916.8041254649185,-34.9954793961344,73.96507362488356,525.0609842737996
db15k_mhyper_adamf,D-A,test,Active,16977,79,2026091215,512,3,0.3,59412,Confidence,7196.0,7196.0,1746.0,-63.39831013582483,169.37619716897763,1267.0500000000038,0.12112031239480239,0.12112031239480239,0.029388002423752776,0.24263479710950528,0.24263479710950528,-0.0010670960434899486,0.0028508751964077565,0.021326499697030966,,,,,,,,,,,,,,,,,,,,,,,,,,,,,,
db15k_mhyper_adamf,D-A,test,Active,16977,79,2026091215,512,3,0.3,59412,Random,7196.0,7196.0,1388.6796875,-52.02070882917391,110.92843718191341,792.2791015624991,0.12112031239480238,0.12112031239480238,0.023373723953073456,0.1929793895914397,0.1929793895914397,-0.000875592621510367,0.0018671049145275926,0.013335338005158865,0.12112031239480239,0.12112031239480239,512.0,0.12112031239480239,0.12112031239480239,512.0,0.022415926075540295,0.02442856661953814,512.0,0.18507156753752085,0.20168843802112282,512.0,0.18507156753752085,0.20168843802112282,512.0,-0.0011178557694150654,-0.0006372360335861705,512.0,0.001675292094586301,0.002071142771860631,512.0,0.013144461556587871,0.013498682926008197,512.0,7196.0,7196.0,1388.756729665485,-52.34267114028693,111.17920306044809,792.0472923104797
db15k_mhyper_adamf,D-A,test,Active,16977,79,2026091215,512,4,0.4,59412,Confidence,9835.0,9835.0,2267.0,-82.4155450056866,209.61031475353687,1587.8000000000031,0.16553894836060054,0.16553894836060054,0.03815727462465495,0.23050330452465684,0.23050330452465684,-0.0013871868478705749,0.003528080434146921,0.026725240692116122,,,,,,,,,,,,,,,,,,,,,,,,,,,,,,
db15k_mhyper_adamf,D-A,test,Active,16977,79,2026091215,512,4,0.4,59412,Random,9835.0,9835.0,1910.708984375,-69.86945625285843,149.1376238636066,1073.8055664062497,0.1655389483606005,0.1655389483606005,0.03216032088424897,0.19427646002796137,0.19427646002796137,-0.0011760158933019995,0.002510227291853608,0.018073883498388406,0.16553894836060054,0.16553894836060054,512.0,0.16553894836060054,0.16553894836060054,512.0,0.031104827307614623,0.03333417491415876,512.0,0.1879003558718861,0.20136756481952212,512.0,0.1879003558718861,0.20136756481952212,512.0,-0.0014372837090650427,-0.0009273071761419618,512.0,0.00231965916027488,0.0027104649656441507,512.0,0.017873577728405067,0.018261651686528012,512.0,9835.0,9835.0,1910.8432934337354,-70.02456842740277,149.2338537529603,1073.7756019657268
db15k_mhyper_adamf,D-A,test,Active,16977,79,2026091215,512,5,0.5,59412,Confidence,12454.0,12454.0,2808.0,-106.97002902177577,247.93009135834228,1856.4000000000333,0.2096209519962297,0.2096209519962297,0.047263179155726115,0.2254697286012526,0.2254697286012526,-0.00180047850639224,0.004173064218648459,0.031246212886286158,,,,,,,,,,,,,,,,,,,,,,,,,,,,,,
db15k_mhyper_adamf,D-A,test,Active,16977,79,2026091215,512,5,0.5,59412,Random,12454.0,12454.0,2416.794921875,-87.6398284956118,187.17471528459535,1352.976269531254,0.20962095199622965,0.20962095199622965,0.04067856530456811,0.19405772618235106,0.19405772618235106,-0.0014751199841044182,0.0031504530277485245,0.02277277771378267,0.2096209519962297,0.2096209519962297,512.0,0.2096209519962297,0.2096209519962297,512.0,0.03960479364438161,0.04183035413721134,512.0,0.18893528183716074,0.19955235265778065,512.0,0.18893528183716074,0.19955235265778065,512.0,-0.0017296077767303948,-0.001230922782039491,512.0,0.002960462524846916,0.0033465634678751326,512.0,0.022558384669763766,0.022977786474113075,512.0,12454.0,12454.0,2416.149858075621,-87.55061959837703,187.188774231469,1352.756812591081
db15k_mhyper_adamf,D-A,test,Active,16977,79,2026091215,512,6,0.6,59412,Confidence,14847.0,14847.0,3285.0,-132.63511103470972,288.31409800308467,2096.0500000000634,0.2498990103009493,0.2498990103009493,0.055291860230256513,0.22125681955950696,0.22125681955950696,-0.002232463324491849,0.004852792331567438,0.03527990978253658,,,,,,,,,,,,,,,,,,,,,,,,,,,,,,
db15k_mhyper_adamf,D-A,test,Active,16977,79,2026091215,512,6,0.6,59412,Random,14847.0,14847.0,2879.30859375,-105.27568872488084,224.51181996593454,1617.0557617187574,0.2498990103009494,0.2498990103009494,0.048463418059482934,0.19393201278035968,0.19393201278035968,-0.0017719600202800916,0.0037788968552806565,0.027217662454028832,0.2498990103009493,0.2498990103009493,512.0,0.2498990103009493,0.2498990103009493,512.0,0.04739783208779371,0.04953544738436679,512.0,0.18966794638647538,0.19822186300262679,512.0,0.18966794638647538,0.19822186300262679,512.0,-0.0019938657877026436,-0.0015141636012578092,512.0,0.003574108093604933,0.003978528680754757,512.0,0.027025201137817454,0.027398694708139954,512.0,14847.0,14847.0,2877.964214700727,-105.06310787903196,224.30975366882387,1616.599394212695
db15k_mhyper_adamf,D-A,test,Active,16977,79,2026091215,512,7,0.7,59412,Confidence,17436.0,17436.0,3751.0,-147.86954767443768,319.79809829809,2300.0000000000805,0.293476065441325,0.293476065441325,0.06313539352319397,0.21512961688460655,0.21512961688460655,-0.0024888835197340213,0.005382718950684879,0.03871271796943514,,,,,,,,,,,,,,,,,,,,,,,,,,,,,,
db15k_mhyper_adamf,D-A,test,Active,16977,79,2026091215,512,7,0.7,59412,Random,17436.0,17436.0,3388.755859375,-122.6922084785569,262.1663460775966,1894.9418945312727,0.293476065441325,0.293476065441325,0.05703823906576113,0.19435397220549439,0.19435397220549439,-0.002065108201685802,0.004412683398599548,0.031894935274545,0.293476065441325,0.293476065441325,512.0,0.293476065441325,0.293476065441325,512.0,0.05604549585942234,0.05805224533764223,512.0,0.19097126634549208,0.19780913053452626,512.0,0.19097126634549208,0.19780913053452626,512.0,-0.0022867581999195994,-0.0018368313578361955,512.0,0.004216932863892136,0.004605246823903098,512.0,0.03170739917861741,0.03207087793711738,512.0,17436.0,17436.0,3387.9250944770647,-122.62774548961043,262.10386818358467,1894.44613792817
db15k_mhyper_adamf,D-A,test,Active,16977,79,2026091215,512,8,0.8,59412,Confidence,19922.0,19922.0,4137.0,-160.92783794986977,343.699243694209,2454.6000000000945,0.3353194640813304,0.3353194640813304,0.06963239749545547,0.20765987350667603,0.20765987350667603,-0.002708675653906109,0.005785013864105046,0.041314885881641665,,,,,,,,,,,,,,,,,,,,,,,,,,,,,,
db15k_mhyper_adamf,D-A,test,Active,16977,79,2026091215,512,8,0.8,59412,Random,19922.0,19922.0,3872.31640625,-140.1495456059426,299.6676964834395,2165.6180664062726,0.3353194640813303,0.3353194640813303,0.06517734474937723,0.1943738784384098,0.1943738784384098,-0.002358943405472676,0.005043891747179688,0.03645085279752027,0.3353194640813304,0.3353194640813304,512.0,0.3353194640813304,0.3353194640813304,512.0,0.06430603245135662,0.06600055544334478,512.0,0.1917754241542014,0.196828882642305,512.0,0.1917754241542014,0.196828882642305,512.0,-0.0025743339766912733,-0.002150271517487637,512.0,0.004863634351216797,0.005216663331099696,512.0,0.036286903319195145,0.03660765081128433,512.0,19922.0,19922.0,3872.003382669544,-140.09219691030032,299.57853379690056,2165.314011904621
db15k_mhyper_adamf,D-A,test,Active,16977,79,2026091215,512,9,0.9,59412,Confidence,22365.0,22365.0,4474.0,-164.79126259048905,357.90900080126374,2586.350000000084,0.37643910321147245,0.37643910321147245,0.07530465225880294,0.20004471272076907,0.20004471272076907,-0.002773703335866307,0.006024187046409206,0.043532451356629705,,,,,,,,,,,,,,,,,,,,,,,,,,,,,,
db15k_mhyper_adamf,D-A,test,Active,16977,79,2026091215,512,9,0.9,59412,Random,22365.0,22365.0,4343.421875,-157.58189782263017,336.8010435223112,2433.773730468781,0.37643910321147256,0.37643910321147256,0.07310681133441055,0.19420620947909678,0.19420620947909678,-0.002652358072824181,0.00566890600421314,0.04096434609958899,0.37643910321147245,0.37643910321147245,512.0,0.37643910321147245,0.37643910321147245,512.0,0.07238520837541237,0.07374309903723154,512.0,0.19228929130337583,0.19589649005141963,512.0,0.19228929130337583,0.19589649005141963,512.0,-0.0028296459918498596,-0.002472210195930104,512.0,0.005520496609360195,0.005798627964900118,512.0,0.040834048677035474,0.04108784841446224,512.0,22365.0,22365.0,4343.858163404971,-157.64241284477202,336.9057558312504,2433.5550397066636
db15k_mhyper_adamf,D-A,test,Active,16977,79,2026091215,512,10,1.0,59412,Confidence,25756.0,25756.0,5086.0,-177.5832940328174,378.7067588572043,2760.400000000073,0.4335151147916246,0.4335151147916246,0.08560560156197401,0.1974685510172387,0.1974685510172387,-0.002989013903467606,0.006374246934242313,0.046461994209925146,,,,,,,,,,,,,,,,,,,,,,,,,,,,,,
db15k_mhyper_adamf,D-A,test,Active,16977,79,2026091215,512,10,1.0,59412,Random,25756.0,25756.0,5086.0,-177.5832940328161,378.70675885720783,2760.4000000000547,0.43351511479162474,0.43351511479162474,0.08560560156197401,0.1974685510172387,0.1974685510172387,-0.002989013903467606,0.006374246934242319,0.04646199420992449,0.4335151147916246,0.4335151147916246,512.0,0.4335151147916246,0.4335151147916246,512.0,0.08560560156197401,0.08560560156197401,512.0,0.1974685510172387,0.1974685510172387,512.0,0.1974685510172387,0.1974685510172387,512.0,-0.0029890139034676085,-0.0029890139034676037,512.0,0.006374246934242314,0.006374246934242321,512.0,0.046461994209924445,0.04646199420992454,512.0,25756.0,25756.0,5086.0,-177.5832940328174,378.7067588572043,2760.400000000073
mkgw_native_adamf,W-NA,dev_oof,All,22386,150,2026091216,512,0,0.0,25656,Confidence,0.0,0.0,0.0,0.0,0.0,0.0,0.0,0.0,0.0,,,0.0,0.0,0.0,,,,,,,,,,,,,,,,,,,,,,,,,,,,,,
mkgw_native_adamf,W-NA,dev_oof,All,22386,150,2026091216,512,0,0.0,25656,Random,0.0,0.0,0.0,0.0,0.0,0.0,0.0,0.0,0.0,,,0.0,0.0,0.0,0.0,0.0,512.0,0.0,0.0,512.0,0.0,0.0,512.0,,,0.0,,,0.0,0.0,0.0,512.0,0.0,0.0,512.0,0.0,0.0,512.0,0.0,0.0,0.0,0.0,0.0,0.0
mkgw_native_adamf,W-NA,dev_oof,All,22386,150,2026091216,512,1,0.1,25656,Confidence,2292.0,2292.0,505.0,3.482730215937219,42.61469750928765,358.44999999999936,0.08933582787652011,0.08933582787652011,0.019683504833177424,0.22033158813263526,0.22033158813263526,0.00013574720205555108,0.0016610031770068463,0.013971390707826605,,,,,,,,,,,,,,,,,,,,,,,,,,,,,,
mkgw_native_adamf,W-NA,dev_oof,All,22386,150,2026091216,512,1,0.1,25656,Random,2292.0,1763.935546875,454.751953125,-8.456016111360041,27.228263016161286,129.55908203124997,0.08933582787652014,0.06875333438084658,0.017724974786599623,0.19840835651178013,0.25780160109821415,-0.0003295921465294684,0.0010612824686685894,0.005049855083849778,0.08933582787652011,0.08933582787652011,512.0,0.06723573433115061,0.07019800436545058,512.0,0.01648737137511693,0.019137823511069536,512.0,0.18455497382198952,0.21422338568935428,512.0,0.24053789411204224,0.2767277850009121,512.0,-0.0006567955661438669,1.5226227439406972e-05,512.0,0.0008129040580919162,0.0013217551275051364,512.0,0.004902897957592764,0.00521949056750857,512.0,2292.0,1763.493663007685,454.59510368875334,-8.462799542564026,27.18273732970271,129.53234106247524
mkgw_native_adamf,W-NA,dev_oof,All,22386,150,2026091216,512,2,0.2,25656,Confidence,4635.0,4635.0,1013.0,-8.638880909583,87.77532777207674,570.2499999999992,0.18065949485500468,0.18065949485500468,0.03948394137823511,0.21855447680690399,0.21855447680690399,-0.00033671971116241815,0.00342123977908001,0.02222676956657309,,,,,,,,,,,,,,,,,,,,,,,,,,,,,,
mkgw_native_adamf,W-NA,dev_oof,All,22386,150,2026091216,512,2,0.2,25656,Random,4635.0,3565.46875,921.966796875,-17.111799947745375,54.80464056777979,261.16083984375035,0.18065949485500474,0.13897212153102587,0.03593571861845182,0.19891408778317152,0.25857903906492924,-0.0006669706870808148,0.00213613348019098,0.010179328026338893,0.18065949485500468,0.18065949485500468,512.0,0.13668440130963516,0.14094169005300905,512.0,0.03410508263174306,0.03772996570003118,512.0,0.18878101402373246,0.20884573894282632,512.0,0.24617629170839475,0.27090982291725946,512.0,-0.0010645275099572101,-0.00022739892646096097,512.0,0.0017779813640579258,0.0024845252879153227,512.0,0.0099450420954163,0.010417982148425346,512.0,4635.0,3564.445728980257,922.0872375064243,-17.09294346758874,54.75024155723719,261.1067115354088
mkgw_native_adamf,W-NA,dev_oof,All,22386,150,2026091216,512,3,0.3,25656,Confidence,7032.0,7032.0,1584.0,-8.818196192527077,115.14917571578782,736.9499999999969,0.27408793264733394,0.27408793264733394,0.0617399438727783,0.22525597269624573,0.22525597269624573,-0.0003437089254960663,0.004488196746016052,0.02872427502338622,,,,,,,,,,,,,,,,,,,,,,,,,,,,,,
mkgw_native_adamf,W-NA,dev_oof,All,22386,150,2026091216,512,3,0.3,25656,Random,7032.0,5411.47265625,1402.916015625,-25.7937610329084,82.5719930911838,395.96425781250105,0.2740879326473339,0.21092425382951357,0.054681790443755846,0.19950455284769625,0.259247067133679,-0.0010053695444694572,0.0032184281685057607,0.015433592836471057,0.27408793264733394,0.27408793264733394,512.0,0.20811213751169316,0.21322302775179294,512.0,0.05232012004989086,0.056993490801372,512.0,0.19088808304891922,0.2079387087599545,512.0,0.2487969170203044,0.2692641119254121,512.0,-0.0014524719047527516,-0.0005337397764249088,512.0,0.0028186567426842966,0.0036051017482080124,512.0,0.01513349703773002,0.01567752182725294,512.0,7032.0,5408.894272549306,1403.6285943233188,-25.617382360106493,82.49698357530954,395.7495377192981
mkgw_native_adamf,W-NA,dev_oof,All,22386,150,2026091216,512,4,0.4,25656,Confidence,9369.0,9369.0,2245.0,-30.155533777266843,151.78016221822907,876.2499999999926,0.365177736202058,0.365177736202058,0.08750389772372934,0.23962002348169495,0.23962002348169495,-0.001175379395746291,0.005915971399213793,0.03415380417835955,,,,,,,,,,,,,,,,,,,,,,,,,,,,,,
mkgw_native_adamf,W-NA,dev_oof,All,22386,150,2026091216,512,4,0.4,25656,Random,9369.0,7207.68359375,1868.796875,-34.42534437383669,110.02356123478783,527.301367187501,0.3651777362020579,0.2809355937694886,0.07284053925007795,0.19946599156793682,0.25927847812017546,-0.0013418048165667554,0.004288414454115524,0.020552750514012376,0.365177736202058,0.365177736202058,512.0,0.2782887043966324,0.2834034923604615,512.0,0.07054002962270034,0.07521340037418148,512.0,0.193166293094247,0.20596381684277937,512.0,0.2515049859887405,0.2668766590728196,512.0,-0.001824629534208372,-0.0008247971305173057,512.0,0.003850757645431731,0.004701743704811306,512.0,0.020248236280012533,0.020827486747739373,512.0,9369.0,7205.134347877093,1869.271665553357,-34.24525451659512,110.03390770280458,527.030140864023
mkgw_native_adamf,W-NA,dev_oof,All,22386,150,2026091216,512,5,0.5,25656,Confidence,11826.0,11823.0,2942.0,-46.45307914830912,188.20780360114568,1010.0499999999868,0.4609448082319925,0.46082787652011226,0.11467103211724353,0.24877388804329442,0.24883701260255434,-0.0018106126889736952,0.007335820221435364,0.039368958528219006,,,,,,,,,,,,,,,,,,,,,,,,,,,,,,
mkgw_native_adamf,W-NA,dev_oof,All,22386,150,2026091216,512,5,0.5,25656,Random,11826.0,9096.033203125,2359.1796875,-42.624517018322805,138.21175567344906,664.6956054687491,0.4609448082319927,0.3545382445870362,0.09195430649750547,0.19949092571452728,0.2593635740221213,-0.0016613859143406143,0.005387112397624302,0.025907998342249345,0.4609448082319925,0.4609448082319925,512.0,0.3515746803866542,0.3571961724352978,512.0,0.08956092142188962,0.09444184596195822,512.0,0.19429857940131912,0.20488753593776424,512.0,0.25230466219145536,0.26609643598570276,512.0,-0.00216467308962388,-0.0011428606138460503,512.0,0.004987139619258006,0.005796999126528919,512.0,0.025618861085126256,0.02621068171188023,512.0,11826.0,9094.779861143114,2360.373628430857,-42.565600981577425,138.1636081456865,664.6184215933667
mkgw_native_adamf,W-NA,dev_oof,All,22386,150,2026091216,512,6,0.6,25656,Confidence,14157.0,14151.0,3580.0,-60.11266175826602,218.13794774773706,1127.549999999981,0.551800748362956,0.5515668849391955,0.1395385095104459,0.2528784346966165,0.25298565472404777,-0.002343025481691067,0.008502414552063341,0.04394878391019571,,,,,,,,,,,,,,,,,,,,,,,,,,,,,,
mkgw_native_adamf,W-NA,dev_oof,All,22386,150,2026091216,512,6,0.6,25656,Random,14157.0,10888.15234375,2824.37890625,-51.66319061571622,165.97603293592258,795.813378906247,0.5518007483629559,0.42439009758925783,0.11008648683543809,0.199504054972805,0.2593991281818453,-0.0020136884399639923,0.006469287220764048,0.03101860691090763,0.551800748362956,0.551800748362956,512.0,0.42149984409105085,0.42691768007483627,512.0,0.10788899282818834,0.11249707670720299,512.0,0.19552165006710462,0.20387264250900614,512.0,0.2541019885975227,0.2644427410051843,512.0,-0.0025063700709209834,-0.0015103697468868255,512.0,0.0060506412349404645,0.006891646677465421,512.0,0.030725074056750713,0.03130456813221063,512.0,14157.0,10886.909957418717,2824.617656187923,-51.12234239134643,165.63436795134714,795.7410875208458
mkgw_native_adamf,W-NA,dev_oof,All,22386,150,2026091216,512,7,0.7,25656,Confidence,16482.0,16379.0,4229.0,-79.04902846519738,253.40599834419984,1238.9499999999746,0.642422825070159,0.6384081696289367,0.1648347365138759,0.256582938963718,0.2581964710910312,-0.003081112740302361,0.009877065729038036,0.04829084814468251,,,,,,,,,,,,,,,,,,,,,,,,,,,,,,
mkgw_native_adamf,W-NA,dev_oof,All,22386,150,2026091216,512,7,0.7,25656,Random,16482.0,12676.03125,3287.77734375,-60.04682442513849,193.21453809756184,926.7520507812413,0.642422825070159,0.4940766779700655,0.12814847769527596,0.19947684405715327,0.25936983105686756,-0.002340459324334989,0.007530968899967329,0.03612223459546473,0.642422825070159,0.642422825070159,512.0,0.49149419239164327,0.49646184128468973,512.0,0.1259958684128469,0.1300758107265357,512.0,0.19612607693241113,0.20247694454556486,512.0,0.2550060316684303,0.26319349430125455,512.0,-0.0028348677832500412,-0.0019107706149604899,512.0,0.007144544547162483,0.007941359109834517,512.0,0.03585925319613319,0.036391536092921464,512.0,16482.0,12673.550032746509,3287.0607274179624,-59.7844661166158,193.169354440246,926.5416906655707
mkgw_native_adamf,W-NA,dev_oof,All,22386,150,2026091216,512,8,0.8,25656,Confidence,18891.0,18007.0,4671.0,-84.8426388497164,274.73112343158454,1320.3499999999713,0.7363189897100093,0.7018631119426255,0.18206267539756782,0.2472606002858504,0.25939912256344755,-0.003306931667045385,0.010708260189880907,0.051463595260366826,,,,,,,,,,,,,,,,,,,,,,,,,,,,,,
mkgw_native_adamf,W-NA,dev_oof,All,22386,150,2026091216,512,8,0.8,25656,Random,18891.0,14529.380859375,3772.578125,-68.47054927035795,221.0216179765206,1061.7588867187387,0.7363189897100091,0.5663151254823433,0.14704467278609293,0.19970240458419353,0.25965164841096167,-0.0026687928465215917,0.008614812050846613,0.04138442807603446,0.7363189897100093,0.7363189897100093,512.0,0.5641955098222639,0.5682881197380729,512.0,0.1452593935141877,0.14897977081384473,512.0,0.19727780424540786,0.2023304748292838,512.0,0.2567844651086153,0.2628523485286809,512.0,-0.0031029597704365407,-0.0022437113373810105,512.0,0.008281241390045765,0.008935593517948053,512.0,0.041151923526660035,0.04162228133769838,512.0,18891.0,14527.598576315553,3771.802084234854,-68.27465344035278,220.91803409691454,1061.66451684946
mkgw_native_adamf,W-NA,dev_oof,All,22386,150,2026091216,512,9,0.9,25656,Confidence,21222.0,18189.0,4715.0,-85.82431865475112,276.7740285513085,1329.4499999999703,0.8271749298409729,0.708956969130028,0.18377767383847832,0.22217510130996135,0.2592226070702073,-0.0033451948337523824,0.010787886987500332,0.05181828811973691,,,,,,,,,,,,,,,,,,,,,,,,,,,,,,
mkgw_native_adamf,W-NA,dev_oof,All,22386,150,2026091216,512,9,0.9,25656,Random,21222.0,16320.615234375,4236.88671875,-77.0237831458099,248.64176333076708,1192.8135742187346,0.827174929840973,0.6361324927648503,0.1651421390220611,0.1996459673334276,0.2596033130686414,-0.003002174272911207,0.009691369010397848,0.046492577729136904,0.8271749298409729,0.8271749298409729,512.0,0.6346575849703773,0.6376676021203617,512.0,0.16365664951668227,0.16662768942937325,512.0,0.1978501083780982,0.20144189991518235,512.0,0.2574121197517893,0.26196958068827053,512.0,-0.0033210534915214616,-0.002672807835410466,512.0,0.009456376779483818,0.009908905228124926,512.0,0.046305591284689224,0.04668693483005871,512.0,21222.0,16318.950642288133,4236.094218052527,-76.93904893415825,248.48360068585285,1192.7588873223935
mkgw_native_adamf,W-NA,dev_oof,All,22386,150,2026091216,512,10,1.0,25656,Confidence,25656.0,19661.0,5405.0,-87.04533474082294,279.97919936943305,1407.94999999997,1.0,0.7663314624259433,0.21067196757093856,0.21067196757093856,0.2749097197497584,-0.003392786667478287,0.010912815691044318,0.05487800124727042,,,,,,,,,,,,,,,,,,,,,,,,,,,,,,
mkgw_native_adamf,W-NA,dev_oof,All,22386,150,2026091216,512,10,1.0,25656,Random,25656.0,19661.0,5405.0,-87.04533474082338,279.9791993694353,1407.9499999999648,1.0,0.7663314624259434,0.21067196757093856,0.21067196757093856,0.2749097197497585,-0.003392786667478287,0.010912815691044324,0.05487800124727091,1.0,1.0,512.0,0.7663314624259433,0.7663314624259433,512.0,0.21067196757093856,0.21067196757093856,512.0,0.21067196757093856,0.21067196757093856,512.0,0.2749097197497584,0.2749097197497584,512.0,-0.003392786667478288,-0.0033927866674782854,512.0,0.010912815691044318,0.010912815691044325,512.0,0.054878001247270866,0.054878001247270915,512.0,25656.0,19661.0,5405.0,-87.04533474082294,279.97919936943305,1407.94999999997
mkgw_native_adamf,W-NA,dev_oof,Active,17217,128,2026091217,512,0,0.0,25656,Confidence,0.0,0.0,0.0,0.0,0.0,0.0,0.0,0.0,0.0,,,0.0,0.0,0.0,,,,,,,,,,,,,,,,,,,,,,,,,,,,,,
mkgw_native_adamf,W-NA,dev_oof,Active,17217,128,2026091217,512,0,0.0,25656,Random,0.0,0.0,0.0,0.0,0.0,0.0,0.0,0.0,0.0,,,0.0,0.0,0.0,0.0,0.0,512.0,0.0,0.0,512.0,0.0,0.0,512.0,,,0.0,,,0.0,0.0,0.0,512.0,0.0,0.0,512.0,0.0,0.0,512.0,0.0,0.0,0.0,0.0,0.0,0.0
mkgw_native_adamf,W-NA,dev_oof,Active,17217,128,2026091217,512,1,0.1,25656,Confidence,1742.0,1742.0,403.0,1.6062390465093774,33.987173152462844,295.19999999999965,0.06789834736513876,0.06789834736513876,0.01570782662924852,0.23134328358208955,0.23134328358208955,6.260676046575373e-05,0.0013247261128961196,0.01150608044901776,,,,,,,,,,,,,,,,,,,,,,,,,,,,,,
mkgw_native_adamf,W-NA,dev_oof,Active,17217,128,2026091217,512,1,0.1,25656,Random,1742.0,1742.0,447.697265625,-8.535415762503034,26.894653283685038,128.34824218749992,0.06789834736513876,0.06789834736513876,0.0174500025578812,0.257001874641217,0.257001874641217,-0.0003326869255730836,0.0010482792829624651,0.0050026598919356065,0.06789834736513876,0.06789834736513876,512.0,0.06789834736513876,0.06789834736513876,512.0,0.016214530714062987,0.018670096663548488,512.0,0.23880597014925373,0.27497129735935705,512.0,0.23880597014925373,0.27497129735935705,512.0,-0.0006624207155023502,-1.897894214819708e-05,512.0,0.0008333114919745974,0.0013085565014036666,512.0,0.004866308076083563,0.005146749298409725,512.0,1742.0,1742.0,447.58154454069404,-8.560516050174641,26.98080168784227,128.35515787085433
mkgw_native_adamf,W-NA,dev_oof,Active,17217,128,2026091217,512,2,0.2,25656,Confidence,3537.0,3537.0,774.0,-8.148083448675084,72.2004802722186,482.0999999999991,0.13786248830682882,0.13786248830682882,0.030168381665107578,0.21882951653944022,0.21882951653944022,-0.00031758978206560196,0.0028141752522692002,0.018790926099158056,,,,,,,,,,,,,,,,,,,,,,,,,,,,,,
mkgw_native_adamf,W-NA,dev_oof,Active,17217,128,2026091217,512,2,0.2,25656,Random,3537.0,3537.0,912.078125,-17.43928154999202,54.74837170576501,259.49902343750017,0.13786248830682885,0.13786248830682885,0.03555028550826317,0.25786771981905565,0.25786771981905565,-0.0006797350152008122,0.002133940275404,0.010114555013934386,0.13786248830682882,0.13786248830682882,512.0,0.13786248830682882,0.13786248830682882,512.0,0.033784494855004676,0.03730121608980355,512.0,0.2450593723494487,0.27056827820186596,512.0,0.2450593723494487,0.27056827820186596,512.0,-0.0011250789693392634,-0.0002242373045068045,512.0,0.0018166964321205334,0.002479366633048556,512.0,0.009919463283442493,0.010296275724976638,512.0,3537.0,3537.0,912.9792142531795,-17.209646195898745,54.62218975185736,259.6394604978858
mkgw_native_adamf,W-NA,dev_oof,Active,17217,128,2026091217,512,3,0.3,25656,Confidence,5353.0,5353.0,1183.0,-7.606104307188715,96.22493088996163,622.3999999999985,0.2086451512316807,0.2086451512316807,0.04611007171811662,0.22099757145525872,0.22099757145525872,-0.00029646493245980335,0.0037505819648410363,0.02425943249142495,,,,,,,,,,,,,,,,,,,,,,,,,,,,,,
mkgw_native_adamf,W-NA,dev_oof,Active,17217,128,2026091217,512,3,0.3,25656,Random,5353.0,5353.0,1384.33203125,-26.030233761813225,82.64911003872194,392.10439453125144,0.2086451512316807,0.2086451512316807,0.053957438074914245,0.2586086365122361,0.2586086365122361,-0.0010145865981374027,0.003221433974069299,0.01528314602943762,0.2086451512316807,0.2086451512316807,512.0,0.2086451512316807,0.2086451512316807,512.0,0.052047279388836916,0.055746219207982534,512.0,0.249453577433215,0.26718195404446105,512.0,0.249453577433215,0.26718195404446105,512.0,-0.0015171052377976936,-0.0005416508336166162,512.0,0.0028563636432927587,0.0035818785727912542,512.0,0.015062314858122917,0.015495449407546054,512.0,5353.0,5353.0,1386.0023260903918,-25.72011374991062,82.34022044055946,392.1040056888646
mkgw_native_adamf,W-NA,dev_oof,Active,17217,128,2026091217,512,4,0.4,25656,Confidence,7199.0,7199.0,1651.0,-14.369712808596107,122.1876948680219,750.5499999999967,0.2805971312753352,0.2805971312753352,0.06435141877143748,0.22933740797332963,0.22933740797332963,-0.0005600917059789565,0.004762538777206965,0.029254365450576733,,,,,,,,,,,,,,,,,,,,,,,,,,,,,,
mkgw_native_adamf,W-NA,dev_oof,Active,17217,128,2026091217,512,4,0.4,25656,Random,7199.0,7199.0,1866.1015625,-34.85516344791823,110.44173474750984,527.061914062501,0.2805971312753352,0.2805971312753352,0.07273548341518553,0.25921677489929157,0.25921677489929157,-0.0013585579766104707,0.0043047137023507105,0.0205434172927386,0.2805971312753352,0.2805971312753352,512.0,0.2805971312753352,0.2805971312753352,512.0,0.07030616619893983,0.07481485812285625,512.0,0.2505591054313099,0.2666273093485206,512.0,0.2505591054313099,0.2666273093485206,512.0,-0.0019402440141526105,-0.0008569426192967228,512.0,0.003919005894447372,0.0046977063838552395,512.0,0.020298906688493986,0.020802590037418203,512.0,7199.0,7199.0,1866.9326911776782,-34.33506763870201,109.93318582208573,526.9347995439663
mkgw_native_adamf,W-NA,dev_oof,Active,17217,128,2026091217,512,5,0.5,25656,Confidence,9058.0,9058.0,2169.0,-28.346691558265054,149.40381527222917,861.6999999999937,0.35305581540380415,0.35305581540380415,0.08454162768942937,0.23945683373813204,0.23945683373813204,-0.0011048757233499008,0.005823347960408059,0.03358668537574032,,,,,,,,,,,,,,,,,,,,,,,,,,,,,,
mkgw_native_adamf,W-NA,dev_oof,Active,17217,128,2026091217,512,5,0.5,25656,Random,9058.0,9058.0,2348.734375,-42.55189223607613,138.1510279920093,662.0236328124997,0.35305581540380426,0.35305581540380426,0.09154717707358903,0.2592994452417752,0.2592994452417752,-0.0016585552009696026,0.005384745400374544,0.025803852229985158,0.35305581540380415,0.35305581540380415,512.0,0.35305581540380415,0.35305581540380415,512.0,0.08925787340193327,0.09377923292797007,512.0,0.2528151909913888,0.26562155001104,512.0,0.2528151909913888,0.26562155001104,512.0,-0.0022102172278844496,-0.0011127424846805796,512.0,0.004945620874801577,0.005800059222198564,512.0,0.02556083372310568,0.026042641097598965,512.0,9058.0,9058.0,2350.4536028720304,-42.25142822371588,137.7963306238193,661.864040835208
mkgw_native_adamf,W-NA,dev_oof,Active,17217,128,2026091217,512,6,0.6,25656,Confidence,10827.0,10827.0,2662.0,-41.67436563236146,176.40145105748198,958.7999999999889,0.4220065481758653,0.4220065481758653,0.10375740567508575,0.24586681444536806,0.24586681444536806,-0.0016243516383053266,0.006875641216771203,0.03737137511693128,,,,,,,,,,,,,,,,,,,,,,,,,,,,,,
mkgw_native_adamf,W-NA,dev_oof,Active,17217,128,2026091217,512,6,0.6,25656,Random,10827.0,10827.0,2804.107421875,-51.191590001460185,165.4943071175332,791.8392578124972,0.4220065481758653,0.4220065481758653,0.10929636037866386,0.2589920958598873,0.2589920958598873,-0.001995306750914415,0.006450510879230325,0.03086370665000375,0.4220065481758653,0.4220065481758653,512.0,0.4220065481758653,0.4220065481758653,512.0,0.10703149360773308,0.11155285313376988,512.0,0.2536251962685878,0.26433915211970077,512.0,0.2536251962685878,0.26433915211970077,512.0,-0.002493257070973022,-0.001468789569644763,512.0,0.006045180448117731,0.006855244294615223,512.0,0.03063718038665406,0.03109798877455551,512.0,10827.0,10827.0,2806.81733940751,-50.86883309952705,165.14731725281607,791.7119602573215
mkgw_native_adamf,W-NA,dev_oof,Active,17217,128,2026091217,512,7,0.7,25656,Confidence,12670.0,12670.0,3178.0,-52.225202695383665,199.29705250870282,1052.599999999984,0.49384159650763954,0.49384159650763954,0.1238696601184908,0.25082872928176797,0.25082872928176797,-0.0020355941181549606,0.007768048507511023,0.041027439975053946,,,,,,,,,,,,,,,,,,,,,,,,,,,,,,
mkgw_native_adamf,W-NA,dev_oof,Active,17217,128,2026091217,512,7,0.7,25656,Random,12670.0,12670.0,3286.0078125,-59.930268443663834,193.25927047857476,926.4062499999905,0.49384159650763954,0.49384159650763954,0.1280795062558466,0.2593534185082873,0.2593534185082873,-0.0023359162941870818,0.007532712444596778,0.03610875623635769,0.49384159650763954,0.49384159650763954,512.0,0.49384159650763954,0.49384159650763954,512.0,0.12589647645774868,0.13014499532273152,512.0,0.2549329123914759,0.26353591160220996,512.0,0.2549329123914759,0.26353591160220996,512.0,-0.002817319916396251,-0.001814904394348237,512.0,0.0071589375289062345,0.00791094725360566,512.0,0.03586836412535052,0.03633243685687531,512.0,12670.0,12670.0,3287.0262247885858,-59.47437027643706,192.69729540069355,926.3256178167522
mkgw_native_adamf,W-NA,dev_oof,Active,17217,128,2026091217,512,8,0.8,25656,Confidence,14489.0,14489.0,3679.0,-58.93244021223399,221.58315489354894,1143.54999999998,0.5647411911443717,0.5647411911443717,0.14339725600249453,0.25391676444199046,0.25391676444199046,-0.002297023706432569,0.008636699208510639,0.044572419706890395,,,,,,,,,,,,,,,,,,,,,,,,,,,,,,
mkgw_native_adamf,W-NA,dev_oof,Active,17217,128,2026091217,512,8,0.8,25656,Random,14489.0,14489.0,3759.482421875,-68.28247039707209,220.7675096631702,1059.1047851562391,0.5647411911443718,0.5647411911443718,0.14653423845786562,0.2594714902253433,0.2594714902253433,-0.002661462051647651,0.008604907610818913,0.04128097852963204,0.5647411911443717,0.5647411911443717,512.0,0.5647411911443717,0.5647411911443717,512.0,0.14468350483317743,0.1483863423760524,512.0,0.2561943543377735,0.26275105252260333,512.0,0.2561943543377735,0.26275105252260333,512.0,-0.0031093609441859697,-0.0022152870805203094,512.0,0.008260742892338845,0.008956005494794493,512.0,0.04107289717804764,0.041454045837230655,512.0,14489.0,14489.0,3760.7708163320103,-67.99425454233032,220.4583133230444,1059.0072993034019
mkgw_native_adamf,W-NA,dev_oof,Active,17217,128,2026091217,512,9,0.9,25656,Confidence,16281.0,16281.0,4206.0,-78.03292452676405,251.06583028022735,1233.149999999975,0.6345884003741815,0.6345884003741815,0.16393826005612722,0.2583379399299797,0.2583379399299797,-0.003041507815979266,0.009785852443102094,0.04806478016838069,,,,,,,,,,,,,,,,,,,,,,,,,,,,,,
mkgw_native_adamf,W-NA,dev_oof,Active,17217,128,2026091217,512,9,0.9,25656,Random,16281.0,16281.0,4224.78125,-76.89027666623983,248.16473841140686,1190.1190429687358,0.6345884003741815,0.6345884003741815,0.16467030129404428,0.25949150850684843,0.25949150850684843,-0.002996970559176792,0.00967277589692107,0.04638755234521111,0.6345884003741815,0.6345884003741815,512.0,0.6345884003741815,0.6345884003741815,512.0,0.1633146242594325,0.16604303086997194,512.0,0.25735519931208156,0.261654689515386,512.0,0.25735519931208156,0.261654689515386,512.0,-0.003341752827514387,-0.0026701297180518595,512.0,0.009427863883704899,0.009924656828206571,512.0,0.046232411521670826,0.04652323043342632,512.0,16281.0,16281.0,4225.447006338284,-76.63396797617303,248.05671415341072,1190.0744656347629
mkgw_native_adamf,W-NA,dev_oof,Active,17217,128,2026091217,512,10,1.0,25656,Confidence,19661.0,19661.0,5405.0,-87.04533474082294,279.97919936943305,1407.94999999997,0.7663314624259433,0.7663314624259433,0.21067196757093856,0.2749097197497584,0.2749097197497584,-0.003392786667478287,0.010912815691044318,0.05487800124727042,,,,,,,,,,,,,,,,,,,,,,,,,,,,,,
mkgw_native_adamf,W-NA,dev_oof,Active,17217,128,2026091217,512,10,1.0,25656,Random,19661.0,19661.0,5405.0,-87.04533474082339,279.9791993694353,1407.9499999999648,0.7663314624259434,0.7663314624259434,0.21067196757093856,0.2749097197497585,0.2749097197497585,-0.003392786667478287,0.010912815691044322,0.05487800124727091,0.7663314624259433,0.7663314624259433,512.0,0.7663314624259433,0.7663314624259433,512.0,0.21067196757093856,0.21067196757093856,512.0,0.2749097197497584,0.2749097197497584,512.0,0.2749097197497584,0.2749097197497584,512.0,-0.003392786667478288,-0.0033927866674782854,512.0,0.010912815691044318,0.010912815691044324,512.0,0.054878001247270866,0.054878001247270915,512.0,19661.0,19661.0,5405.0,-87.04533474082294,279.97919936943305,1407.94999999997
mkgw_native_adamf,W-NA,test,All,19215,69,2026091218,512,0,0.0,25644,Confidence,0.0,0.0,0.0,0.0,0.0,0.0,0.0,0.0,0.0,,,0.0,0.0,0.0,,,,,,,,,,,,,,,,,,,,,,,,,,,,,,
mkgw_native_adamf,W-NA,test,All,19215,69,2026091218,512,0,0.0,25644,Random,0.0,0.0,0.0,0.0,0.0,0.0,0.0,0.0,0.0,,,0.0,0.0,0.0,0.0,0.0,512.0,0.0,0.0,512.0,0.0,0.0,512.0,,,0.0,,,0.0,0.0,0.0,512.0,0.0,0.0,512.0,0.0,0.0,512.0,0.0,0.0,0.0,0.0,0.0,0.0
mkgw_native_adamf,W-NA,test,All,19215,69,2026091218,512,1,0.1,25644,Confidence,2238.0,2238.0,542.0,5.989544984788155,38.41503432008084,359.4500000000025,0.08727187646233037,0.08727187646233037,0.021135548276399938,0.2421805183199285,0.2421805183199285,0.00023356516084807965,0.001498012569025146,0.014016924036811826,,,,,,,,,,,,,,,,,,,,,,,,,,,,,,
mkgw_native_adamf,W-NA,test,All,19215,69,2026091218,512,1,0.1,25644,Random,2238.0,1788.41015625,454.171875,-7.7834976140785175,28.79371478096129,136.66718750000007,0.08727187646233037,0.0697399062646233,0.017710648689751987,0.20293649463806968,0.2539457251071693,-0.0003035211984900372,0.001122824628800549,0.005329402101856187,0.08727187646233037,0.08727187646233037,512.0,0.06824208391826549,0.0713227265637186,512.0,0.016261113710809547,0.019116557479332396,512.0,0.1863270777479893,0.21904602323503125,512.0,0.23497601229214668,0.27258816840619626,512.0,-0.000635670953605596,2.271516546489716e-05,512.0,0.0008832758082182795,0.0013570307503541084,512.0,0.005166461940414914,0.005521759475900791,512.0,2238.0,1790.0114511058152,455.3025052582009,-7.8056543670905265,28.87984988403434,136.97966744013505
mkgw_native_adamf,W-NA,test,All,19215,69,2026091218,512,2,0.2,25644,Confidence,4515.0,4515.0,1022.0,6.590537175054884,73.03366855639949,588.3000000000094,0.17606457650912494,0.17606457650912494,0.03985337700826704,0.22635658914728682,0.22635658914728682,0.00025700113769516785,0.0028479827077054864,0.022941038839494984,,,,,,,,,,,,,,,,,,,,,,,,,,,,,,
mkgw_native_adamf,W-NA,test,All,19215,69,2026091218,512,2,0.2,25644,Random,4515.0,3608.36328125,922.27734375,-15.933446497265424,58.06929292979306,275.24111328124764,0.17606457650912496,0.1407098456266573,0.03596464450748713,0.20426962209302327,0.2555915607185458,-0.0006213323388420464,0.0022644397492510137,0.010733158371597558,0.17606457650912494,0.17606457650912494,512.0,0.13833840274528156,0.1427624395570114,512.0,0.03422925440648885,0.03802058961160505,512.0,0.19441306755260243,0.2159468438538206,512.0,0.24355525596323943,0.2688386092870471,512.0,-0.0010882635725346689,-0.00019648205623733043,512.0,0.0019385884904826237,0.00259020983520346,512.0,0.010499093355170712,0.011001940024957012,512.0,4515.0,3610.6479022116305,923.1050105164018,-15.753207775074463,57.98644925205841,275.57183488027005
mkgw_native_adamf,W-NA,test,All,19215,69,2026091218,512,3,0.3,25644,Confidence,6792.0,6792.0,1551.0,-7.769170263478494,114.17505797483663,759.4500000000124,0.2648572765559195,0.2648572765559195,0.06048198408984558,0.22835689045936397,0.22835689045936397,-0.00030296249662605266,0.004452310792966645,0.029615114646701468,,,,,,,,,,,,,,,,,,,,,,,,,,,,,,
mkgw_native_adamf,W-NA,test,All,19215,69,2026091218,512,3,0.3,25644,Random,6792.0,5428.9609375,1390.23828125,-24.198684308457874,87.34605582677507,413.8682617187439,0.26485727655591956,0.21170491879192013,0.05421300426025581,0.2046876150250295,0.2560768817421485,-0.0009436392258796535,0.003406101069520163,0.016138990084181286,0.2648572765559195,0.2648572765559195,512.0,0.2092321790672282,0.21400717516768056,512.0,0.0521194041491187,0.05651321946654188,512.0,0.1967829799764429,0.21337234982332154,512.0,0.2465729383000109,0.26665099320943475,512.0,-0.001474311711002219,-0.0004553094807509785,512.0,0.0030245528796767574,0.0038152415920995907,512.0,0.015871792622055642,0.016446780923412688,512.0,6792.0,5431.284353317446,1390.9075157746026,-23.700761183058404,87.09304862008251,414.16400232040496
mkgw_native_adamf,W-NA,test,All,19215,69,2026091218,512,4,0.4,25644,Confidence,9111.0,9111.0,2197.0,-17.383583827584562,146.45722930938643,916.1500000000218,0.3552877866167525,0.3552877866167525,0.08567306192481672,0.2411370870376468,0.2411370870376468,-0.0006778811350641305,0.005711169447410172,0.035725705818125945,,,,,,,,,,,,,,,,,,,,,,,,,,,,,,
mkgw_native_adamf,W-NA,test,All,19215,69,2026091218,512,4,0.4,25644,Random,9111.0,7282.939453125,1869.34375,-32.38701225779417,116.97434967302695,554.2508789062496,0.3552877866167525,0.28400169447531587,0.0728959503197629,0.20517437712655034,0.25667288249747855,-0.001262946976204731,0.004561470506669277,0.02161327713719579,0.3552877866167525,0.3552877866167525,512.0,0.2815210185618468,0.2866557479332397,512.0,0.07068125097488692,0.0752485961628451,512.0,0.19894084074196025,0.2117961804412249,512.0,0.24905801702910088,0.26466241725412515,512.0,-0.0018016088732127709,-0.000727242776345971,512.0,0.004149472952970369,0.004981509222954946,512.0,0.021307128373108653,0.02193885509280922,512.0,9111.0,7285.96428268413,1869.6520500183108,-32.02098361524486,116.6784308612984,554.6192132388011
mkgw_native_adamf,W-NA,test,All,19215,69,2026091218,512,5,0.5,25644,Confidence,11520.0,11520.0,2866.0,-37.41538263823739,190.1471184249402,1050.8500000000447,0.44922788956481047,0.44922788956481047,0.1117610357198565,0.24878472222222223,0.24878472222222223,-0.0014590306753329196,0.007414877492783505,0.04097839650600705,,,,,,,,,,,,,,,,,,,,,,,,,,,,,,
mkgw_native_adamf,W-NA,test,All,19215,69,2026091218,512,5,0.5,25644,Random,11520.0,9208.208984375,2376.8984375,-40.95303788552122,147.18963682813217,698.1744140625075,0.4492278895648106,0.3590784972849399,0.09268828722118233,0.20632798936631944,0.25812771255853384,-0.001596983227480941,0.005739730027613955,0.02722564397373685,0.44922788956481047,0.44922788956481047,512.0,0.35625389954765246,0.3616918187490251,512.0,0.09034374512556544,0.09511874122601778,512.0,0.2011089409722222,0.21173828125,512.0,0.25186895423378874,0.2644176870620149,512.0,-0.0021676198397269308,-0.00105205911674144,512.0,0.005324829614736545,0.006158322539612078,512.0,0.026891280611449367,0.027551230307284683,512.0,11520.0,9210.72976604801,2377.1481036636083,-40.343567915096465,146.70868490644244,698.4436387434521
mkgw_native_adamf,W-NA,test,All,19215,69,2026091218,512,6,0.6,25644,Confidence,13758.0,13758.0,3478.0,-52.024557249159066,224.7010937889175,1163.500000000064,0.5364997660271409,0.5364997660271409,0.13562626735298705,0.2527983718563745,0.2527983718563745,-0.002028722400918697,0.008762326227925343,0.04537123693651786,,,,,,,,,,,,,,,,,,,,,,,,,,,,,,
mkgw_native_adamf,W-NA,test,All,19215,69,2026091218,512,6,0.6,25644,Random,13758.0,10998.140625,2831.990234375,-49.04148824149485,176.1683271818049,835.1224609375146,0.5364997660271411,0.4288777345577913,0.11043480870281547,0.2058431628416194,0.2574967712877828,-0.0019123962034586978,0.0068697678670178244,0.03256599832075794,0.5364997660271409,0.5364997660271409,512.0,0.4260168070503822,0.43158048666354704,512.0,0.10813445640305724,0.11279246607393542,512.0,0.2015554586422445,0.21023767989533362,512.0,0.25253699127644647,0.2626739750401783,512.0,-0.0024174283344102917,-0.0013789185900008915,512.0,0.00644448197534936,0.007270094660995088,512.0,0.0322258130556862,0.0328809858056472,512.0,13758.0,11000.741217153827,2832.450608921809,-48.14922228218699,175.58853479047679,835.4233061835871
mkgw_native_adamf,W-NA,test,All,19215,69,2026091218,512,7,0.7,25644,Confidence,16077.0,16071.0,4087.0,-59.84719399989152,255.8707912275069,1279.3500000000831,0.6269302760879738,0.6266963032288254,0.15937451255654345,0.2542140946694035,0.2543090037956568,-0.0023337698486933208,0.009977803432674579,0.04988886289190778,,,,,,,,,,,,,,,,,,,,,,,,,,,,,,
mkgw_native_adamf,W-NA,test,All,19215,69,2026091218,512,7,0.7,25644,Random,16077.0,12853.677734375,3310.154296875,-57.33971996357268,205.66216185136648,975.654882812524,0.6269302760879737,0.5012352883471768,0.12908104417700048,0.20589377973969025,0.2575257555606199,-0.002235989703773697,0.008019894004498774,0.03804612707894735,0.6269302760879738,0.6269302760879738,512.0,0.49857861488067384,0.5038215566994229,512.0,0.12684351115270628,0.13130654344096085,512.0,0.2023247496423462,0.2094436151023201,512.0,0.2531975557869437,0.2615400954051427,512.0,-0.002721370745645198,-0.0017787233247934051,512.0,0.007649274740601582,0.00839712278236719,512.0,0.037754542973016114,0.038366138277960746,512.0,16077.0,12855.421146520514,3311.1951431655175,-56.46944471437344,205.17391703169264,975.8785171019829
mkgw_native_adamf,W-NA,test,All,19215,69,2026091218,512,8,0.8,25644,Confidence,18354.0,18027.0,4605.0,-76.60491325170148,287.3741147220315,1377.4500000001003,0.7157229761347683,0.7029714553111839,0.17957416939635001,0.2508989865969271,0.25545015809618904,-0.0029872450963851767,0.011206290544456071,0.05371431913898379,,,,,,,,,,,,,,,,,,,,,,,,,,,,,,
mkgw_native_adamf,W-NA,test,All,19215,69,2026091218,512,8,0.8,25644,Random,18354.0,14675.20703125,3778.890625,-64.99599685189108,234.70083475190097,1114.3239257812875,0.7157229761347684,0.5722666912825611,0.14735964065668383,0.2058892135229378,0.2575014588870759,-0.0025345498694388973,0.009152270891900675,0.04345359248874149,0.7157229761347683,0.7157229761347683,512.0,0.5700271018561847,0.5748888628919046,512.0,0.14532736702542504,0.14923568866011544,512.0,0.20304974392502997,0.20851040645090987,512.0,0.2542681334723466,0.260523669168921,512.0,-0.0029622205565132814,-0.0020862491284308507,512.0,0.008787987633807351,0.009474009134685763,512.0,0.0432121548900342,0.0437362540945265,512.0,18354.0,14676.057597626323,3778.9976484237177,-64.41699812235741,234.28051639971673,1114.4706845421185
mkgw_native_adamf,W-NA,test,All,19215,69,2026091218,512,9,0.9,25644,Confidence,20631.0,18356.0,4718.0,-81.2198713698154,293.3318703355047,1393.9000000001013,0.8045156761815629,0.7158009670878178,0.18398065824364374,0.22868498860937425,0.25702767487470035,-0.0031672075873426684,0.011438616063621303,0.05435579472781552,,,,,,,,,,,,,,,,,,,,,,,,,,,,,,
mkgw_native_adamf,W-NA,test,All,19215,69,2026091218,512,9,0.9,25644,Random,20631.0,16495.498046875,4247.26171875,-72.71240916035477,263.6781347271896,1253.0202148437975,0.8045156761815627,0.6432498068505303,0.16562399464787084,0.20586795205031264,0.25747984360315607,-0.0028354550444686754,0.01028225451283691,0.048862120372944864,0.8045156761815629,0.8045156761815629,512.0,0.641388823896428,0.6451889330837624,512.0,0.16405396973951022,0.16718238184370615,512.0,0.20391643643061413,0.20780500218118367,512.0,0.25525638235650244,0.2598048246146377,512.0,-0.0031645472476030407,-0.002507465091496488,512.0,0.010016994954777836,0.010532710231809588,512.0,0.048633208547810336,0.049066740758073976,512.0,20631.0,16496.69404873214,4246.800153681919,-72.36455153034134,263.38711576774085,1253.0628519822528
mkgw_native_adamf,W-NA,test,All,19215,69,2026091218,512,10,1.0,25644,Confidence,25644.0,20282.0,5572.0,-83.332418267215,299.06248321313467,1501.0000000001016,1.0,0.7909062548744346,0.2172827951957573,0.2172827951957573,0.274726358347303,-0.003249587360287592,0.0116620840435632,0.05853221026361338,,,,,,,,,,,,,,,,,,,,,,,,,,,,,,
mkgw_native_adamf,W-NA,test,All,19215,69,2026091218,512,10,1.0,25644,Random,25644.0,20282.0,5572.0,-83.33241826721498,299.06248321313393,1501.0000000000732,1.0,0.7909062548744343,0.21728279519575724,0.21728279519575724,0.2747263583473031,-0.0032495873602875923,0.011662084043563198,0.058532210263611745,1.0,1.0,512.0,0.7909062548744346,0.7909062548744346,512.0,0.2172827951957573,0.2172827951957573,512.0,0.2172827951957573,0.2172827951957573,512.0,0.274726358347303,0.274726358347303,512.0,-0.0032495873602875957,-0.0032495873602875892,512.0,0.011662084043563193,0.011662084043563208,512.0,0.058532210263611675,0.058532210263611835,512.0,25644.0,20282.0,5572.0,-83.332418267215,299.06248321313467,1501.0000000001016
mkgw_native_adamf,W-NA,test,Active,15307,61,2026091219,512,0,0.0,25644,Confidence,0.0,0.0,0.0,0.0,0.0,0.0,0.0,0.0,0.0,,,0.0,0.0,0.0,,,,,,,,,,,,,,,,,,,,,,,,,,,,,,
mkgw_native_adamf,W-NA,test,Active,15307,61,2026091219,512,0,0.0,25644,Random,0.0,0.0,0.0,0.0,0.0,0.0,0.0,0.0,0.0,,,0.0,0.0,0.0,0.0,0.0,512.0,0.0,0.0,512.0,0.0,0.0,512.0,,,0.0,,,0.0,0.0,0.0,512.0,0.0,0.0,512.0,0.0,0.0,512.0,0.0,0.0,0.0,0.0,0.0,0.0
mkgw_native_adamf,W-NA,test,Active,15307,61,2026091219,512,1,0.1,25644,Confidence,1779.0,1779.0,459.0,5.652535990809413,31.83179877093389,304.0500000000013,0.06937295273748245,0.06937295273748245,0.01789892372484792,0.2580101180438449,0.2580101180438449,0.00022042333453476106,0.0012412961617116632,0.01185657463734212,,,,,,,,,,,,,,,,,,,,,,,,,,,,,,
mkgw_native_adamf,W-NA,test,Active,15307,61,2026091219,512,1,0.1,25644,Random,1779.0,1779.0,451.17578125,-7.547656660023043,28.618245101516532,136.45087890625004,0.06937295273748245,0.06937295273748245,0.017593814586257993,0.2536120186902754,0.2536120186902754,-0.0002943244681025988,0.00111598210503496,0.005320967045166514,0.06937295273748245,0.06937295273748245,512.0,0.06937295273748245,0.06937295273748245,512.0,0.016135353299017312,0.019029792544064887,512.0,0.2325885328836425,0.27431141090500283,512.0,0.2325885328836425,0.27431141090500283,512.0,-0.0006231741055408471,4.430242112925398e-05,512.0,0.0008677592283537406,0.0013867759909736031,512.0,0.005164073467477778,0.005487540945250354,512.0,1779.0,1779.0,451.6432165406035,-7.735129440479032,28.765109019090882,136.3556711935333
mkgw_native_adamf,W-NA,test,Active,15307,61,2026091219,512,2,0.2,25644,Confidence,3618.0,3618.0,833.0,8.666714405365704,58.7608996929124,503.9500000000078,0.14108563406644828,0.14108563406644828,0.03248323194509437,0.23023770038695412,0.23023770038695412,0.00033796265814091815,0.0022914092845465763,0.019651770394634525,,,,,,,,,,,,,,,,,,,,,,,,,,,,,,
mkgw_native_adamf,W-NA,test,Active,15307,61,2026091219,512,2,0.2,25644,Random,3618.0,3618.0,924.8046875,-15.910439570271805,58.17919099261786,276.14453124999756,0.1410856340664483,0.1410856340664483,0.036063199481360164,0.25561213032061914,0.25561213032061914,-0.0006204351727605602,0.0022687252765800103,0.010768387585789962,0.14108563406644828,0.14108563406644828,512.0,0.14108563406644828,0.14108563406644828,512.0,0.03407327250038995,0.038059585088129774,512.0,0.24150773908236595,0.2697622996130459,512.0,0.24150773908236595,0.2697622996130459,512.0,-0.001063404920627218,-0.00015468507067340027,512.0,0.0019338461914708564,0.0026277807948015697,512.0,0.010559975042894939,0.010976154266105048,512.0,3618.0,3618.0,926.1581545503209,-15.815256625167983,58.05694425049092,275.941663928899
mkgw_native_adamf,W-NA,test,Active,15307,61,2026091219,512,3,0.3,25644,Confidence,5426.0,5426.0,1236.0,0.3399962065652534,92.1215007167204,660.1000000000108,0.2115894556231477,0.2115894556231477,0.048198408984557795,0.22779211205307778,0.22779211205307778,1.3258314091610257e-05,0.0035923218186211356,0.025740914053970162,,,,,,,,,,,,,,,,,,,,,,,,,,,,,,
mkgw_native_adamf,W-NA,test,Active,15307,61,2026091219,512,3,0.3,25644,Random,5426.0,5426.0,1389.080078125,-23.483702169227136,87.04605486883703,413.93798828124477,0.2115894556231477,0.2115894556231477,0.05416783957748401,0.25600443754607444,0.25600443754607444,-0.0009157581566536865,0.0033944023892074956,0.016141709104712406,0.2115894556231477,0.2115894556231477,512.0,0.2115894556231477,0.2115894556231477,512.0,0.05190297925440649,0.05650444548432382,512.0,0.24530040545521564,0.2670475488389237,512.0,0.24530040545521564,0.2670475488389237,512.0,-0.0014128891404012174,-0.00040283363429346645,512.0,0.003013275642996225,0.003812335178632696,512.0,0.015914053969739314,0.016374444314459335,512.0,5426.0,5426.0,1388.8210869748643,-23.76305144163358,87.17810720498089,413.86824183816674
mkgw_native_adamf,W-NA,test,Active,15307,61,2026091219,512,4,0.4,25644,Confidence,7267.0,7267.0,1680.0,-8.116947368623508,119.40288976410416,791.0000000000133,0.283380127905163,0.283380127905163,0.06551240056153486,0.23118205586899684,0.23118205586899684,-0.00031652423056557124,0.004656172584780228,0.030845421931056514,,,,,,,,,,,,,,,,,,,,,,,,,,,,,,
mkgw_native_adamf,W-NA,test,Active,15307,61,2026091219,512,4,0.4,25644,Random,7267.0,7267.0,1863.2890625,-31.665751455839544,116.3156027404334,553.6455078125001,0.28338012790516304,0.28338012790516304,0.07265984489549213,0.2564041643731939,0.2564041643731939,-0.0012348210675339095,0.0045357823561235945,0.021589670402920723,0.283380127905163,0.283380127905163,512.0,0.283380127905163,0.283380127905163,512.0,0.07034783965060053,0.07481087193885509,512.0,0.24824549332599422,0.26399477088206963,512.0,0.24824549332599422,0.26399477088206963,512.0,-0.0017987102376755663,-0.0006772775358648376,512.0,0.00412468453817124,0.004971403168734519,512.0,0.021330525659023512,0.021851553969739472,512.0,7267.0,7267.0,1862.1577588063155,-31.81554130053802,116.37223664198403,553.5533344098662
mkgw_native_adamf,W-NA,test,Active,15307,61,2026091219,512,5,0.5,25644,Confidence,9186.0,9186.0,2249.0,-17.671986102726258,148.51476262853373,920.6000000000213,0.3582124473561067,0.3582124473561067,0.08770082670410233,0.24482908774221643,0.24482908774221643,-0.0006891275192140952,0.0057914039396558155,0.03589923568866094,,,,,,,,,,,,,,,,,,,,,,,,,,,,,,
mkgw_native_adamf,W-NA,test,Active,15307,61,2026091219,512,5,0.5,25644,Random,9186.0,9186.0,2368.5703125,-39.67166835919215,146.12640062062215,697.2894531250083,0.35821244735610674,0.35821244735610674,0.09236352801824987,0.2578456686806009,0.2578456686806009,-0.0015470156121974795,0.0056982686250437575,0.027191134500273266,0.3582124473561067,0.3582124473561067,512.0,0.3582124473561067,0.3582124473561067,512.0,0.08991479488379349,0.0947375604429886,512.0,0.2510096886566514,0.26447311125625955,512.0,0.2510096886566514,0.26447311125625955,512.0,-0.00213288451797737,-0.0009734951949007789,512.0,0.005273645482671002,0.006110951719386275,512.0,0.026931982140072044,0.027453254172516317,512.0,9186.0,9186.0,2367.321822452578,-39.93296794831219,146.28216603158592,697.2670163915319
mkgw_native_adamf,W-NA,test,Active,15307,61,2026091219,512,6,0.6,25644,Confidence,10983.0,10983.0,2732.0,-32.2584227654893,180.80401488554654,1024.25000000004,0.42828731867103415,0.42828731867103415,0.1065356418655436,0.24874806519165985,0.24874806519165985,-0.0012579325676762322,0.007050538718045021,0.03994111683044923,,,,,,,,,,,,,,,,,,,,,,,,,,,,,,
mkgw_native_adamf,W-NA,test,Active,15307,61,2026091219,512,6,0.6,25644,Random,10983.0,10983.0,2825.623046875,-47.48370775463626,175.01680932460994,834.7290039062652,0.4282873186710343,0.4282873186710343,0.11018651719213071,0.25727242528225436,0.25727242528225436,-0.0018516498110527336,0.006824863879449776,0.03255065527633234,0.42828731867103415,0.42828731867103415,512.0,0.42828731867103415,0.42828731867103415,512.0,0.10782249259085946,0.11265403213227265,512.0,0.2517527087316762,0.2630337794773741,512.0,0.2517527087316762,0.2630337794773741,512.0,-0.0024080774711836817,-0.0013288592787168733,512.0,0.006427095055871624,0.007247609642224878,512.0,0.0322927877866174,0.032799972703167105,512.0,10983.0,10983.0,2825.7246362359474,-47.72074883288086,175.21671167097344,834.6719672760281
mkgw_native_adamf,W-NA,test,Active,15307,61,2026091219,512,7,0.7,25644,Confidence,12816.0,12816.0,3215.0,-42.86527182216822,208.61658901713164,1116.6000000000556,0.49976602714085167,0.49976602714085167,0.12537045702698488,0.25085830212234705,0.25085830212234705,-0.0016715517010672367,0.008135103299685371,0.043542349087508016,,,,,,,,,,,,,,,,,,,,,,,,,,,,,,
mkgw_native_adamf,W-NA,test,Active,15307,61,2026091219,512,7,0.7,25644,Random,12816.0,12816.0,3296.0625,-55.751344978718365,204.26160380395925,973.742968750024,0.49976602714085155,0.49976602714085155,0.12853152784277022,0.2571834035580524,0.2571834035580524,-0.0021740502643393528,0.007965278576039594,0.03797157107900584,0.49976602714085167,0.49976602714085167,512.0,0.49976602714085167,0.49976602714085167,512.0,0.1264837778817657,0.13076060676961473,512.0,0.25308598626716605,0.2616436485642946,512.0,0.25308598626716605,0.2616436485642946,512.0,-0.00270879035523369,-0.001713767571407748,512.0,0.007594159505036427,0.00834366520601589,512.0,0.03773738496334524,0.03820820659803566,512.0,12816.0,12816.0,3296.036225559149,-55.753824392733165,204.37455450545622,973.8495680985529
mkgw_native_adamf,W-NA,test,Active,15307,61,2026091219,512,8,0.8,25644,Confidence,14632.0,14632.0,3698.0,-52.282012701767265,233.92743788906841,1207.7000000000708,0.5705818125097488,0.5705818125097488,0.14420527218842613,0.2527337342810279,0.2527337342810279,-0.002038761998977042,0.009122111912691796,0.047094836998910886,,,,,,,,,,,,,,,,,,,,,,,,,,,,,,
mkgw_native_adamf,W-NA,test,Active,15307,61,2026091219,512,8,0.8,25644,Random,14632.0,14632.0,3761.982421875,-63.90207356087136,233.50586669467617,1111.994238281287,0.5705818125097489,0.5705818125097489,0.14670029721864764,0.2571065077825998,0.2571065077825998,-0.0024918918094240924,0.009105672543077377,0.0433627452145253,0.5705818125097488,0.5705818125097488,512.0,0.5705818125097488,0.5705818125097488,512.0,0.14485942130712837,0.1483865621587896,512.0,0.25388019409513396,0.2600618507381083,512.0,0.25388019409513396,0.2600618507381083,512.0,-0.002914708515438086,-0.0020412150169232986,512.0,0.008741637549878438,0.00943678344442389,512.0,0.043155855170801595,0.04354429886133354,512.0,14632.0,14632.0,3761.7242404919425,-63.72103350825088,233.5320040624665,1112.2836377569956
mkgw_native_adamf,W-NA,test,Active,15307,61,2026091219,512,9,0.9,25644,Confidence,16463.0,16463.0,4193.0,-63.654123065908195,262.2098236839385,1299.250000000086,0.641982530026517,0.641982530026517,0.16350803306816408,0.25469234039968414,0.25469234039968414,-0.00248222286171846,0.010224997024018816,0.05066487287474988,,,,,,,,,,,,,,,,,,,,,,,,,,,,,,
mkgw_native_adamf,W-NA,test,Active,15307,61,2026091219,512,9,0.9,25644,Random,16463.0,16463.0,4232.98046875,-72.12014901582774,262.86092196384243,1251.3323242187962,0.6419825300265172,0.6419825300265172,0.16506709049875215,0.25712084484905545,0.25712084484905545,-0.0028123595779062467,0.010250386911708098,0.04879630027370138,0.641982530026517,0.641982530026517,512.0,0.641982530026517,0.641982530026517,512.0,0.16346026360942129,0.1665282327250039,512.0,0.2546179311182652,0.2593968292534775,512.0,0.2546179311182652,0.2593968292534775,512.0,-0.0031602393873962544,-0.002483450554507012,512.0,0.009998394453645894,0.010499274746080398,512.0,0.048638619170178116,0.048944099984403674,512.0,16463.0,16463.0,4233.2140959934095,-71.78174639388773,262.78755269134626,1251.3621387431863
mkgw_native_adamf,W-NA,test,Active,15307,61,2026091219,512,10,1.0,25644,Confidence,20282.0,20282.0,5572.0,-83.332418267215,299.06248321313467,1501.0000000001016,0.7909062548744346,0.7909062548744346,0.2172827951957573,0.274726358347303,0.274726358347303,-0.003249587360287592,0.0116620840435632,0.05853221026361338,,,,,,,,,,,,,,,,,,,,,,,,,,,,,,
mkgw_native_adamf,W-NA,test,Active,15307,61,2026091219,512,10,1.0,25644,Random,20282.0,20282.0,5572.0,-83.33241826721496,299.0624832131339,1501.0000000000719,0.7909062548744343,0.7909062548744343,0.21728279519575724,0.2747263583473031,0.2747263583473031,-0.0032495873602875923,0.011662084043563198,0.05853221026361175,0.7909062548744346,0.7909062548744346,512.0,0.7909062548744346,0.7909062548744346,512.0,0.2172827951957573,0.2172827951957573,512.0,0.274726358347303,0.274726358347303,512.0,0.274726358347303,0.274726358347303,512.0,-0.0032495873602875953,-0.0032495873602875892,512.0,0.011662084043563193,0.011662084043563205,512.0,0.05853221026361166,0.058532210263611835,512.0,20282.0,20282.0,5572.0,-83.332418267215,299.06248321313467,1501.0000000001016
db15k_native_adamf,D-NA,dev_oof,All,40446,183,2026091220,512,0,0.0,47532,Confidence,0.0,0.0,0.0,0.0,0.0,0.0,0.0,0.0,0.0,,,0.0,0.0,0.0,,,,,,,,,,,,,,,,,,,,,,,,,,,,,,
db15k_native_adamf,D-NA,dev_oof,All,40446,183,2026091220,512,0,0.0,47532,Random,0.0,0.0,0.0,0.0,0.0,0.0,0.0,0.0,0.0,,,0.0,0.0,0.0,0.0,0.0,512.0,0.0,0.0,512.0,0.0,0.0,512.0,,,0.0,,,0.0,0.0,0.0,512.0,0.0,0.0,512.0,0.0,0.0,512.0,0.0,0.0,0.0,0.0,0.0,0.0
db15k_native_adamf,D-NA,dev_oof,All,40446,183,2026091220,512,1,0.1,47532,Confidence,4248.0,2546.0,316.0,-0.5343030550188868,26.634357279250438,235.85000000000085,0.08937137086594295,0.053563914836320795,0.006648152823361104,0.0743879472693032,0.12411626080125687,-1.1240912543526188e-05,0.000560345815014105,0.004961920390473804,,,,,,,,,,,,,,,,,,,,,,,,,,,,,,
db15k_native_adamf,D-NA,dev_oof,All,40446,183,2026091220,512,1,0.1,47532,Random,4248.0,1160.8046875,127.71484375,-4.858205995834642,12.00109166928631,73.39550781250003,0.08937137086594295,0.024421541014474458,0.002686923414752167,0.030064699564500943,0.1100417344483435,-0.00010220916426480359,0.00025248446666006723,0.0015441283306509288,0.08937137086594295,0.08937137086594295,512.0,0.023415804089876292,0.02537238071194143,512.0,0.002288458301775646,0.003134730286964571,512.0,0.025606167608286254,0.03507532956685499,512.0,0.09381748888034305,0.12818291470014082,512.0,-0.00020763533800005778,-8.877209766071227e-06,512.0,0.0001686029890860246,0.00033916503173467467,512.0,0.0014705882352941163,0.0016125978288311024,512.0,4248.0,1161.4717771482208,127.43159773321841,-4.742678618208404,11.927733171462025,73.41053100851147
db15k_native_adamf,D-NA,dev_oof,All,40446,183,2026091220,512,2,0.2,47532,Confidence,8634.0,4771.0,590.0,-16.184014703195817,56.09302909783224,386.3000000000021,0.18164604897753092,0.1003744845577716,0.012412690398047632,0.06833449154505443,0.12366380213791658,-0.00034048671848850917,0.0011801108536950316,0.008127156441975977,,,,,,,,,,,,,,,,,,,,,,,,,,,,,,
db15k_native_adamf,D-NA,dev_oof,All,40446,183,2026091220,512,2,0.2,47532,Random,8634.0,2333.09375,258.46484375,-9.550388719363477,23.97230241777053,147.3237304687502,0.18164604897753098,0.04908469557350838,0.005437701837709333,0.02993570115242066,0.11078385992120543,-0.00020092545483807716,0.0005043402848138205,0.0030994641603288363,0.18164604897753092,0.18164604897753092,512.0,0.047768871497096695,0.050450223007658,512.0,0.004880922326011949,0.005974922157704283,512.0,0.026870511929580728,0.03289321287931434,512.0,0.0990088477914753,0.12173537829259691,512.0,-0.00034562397758633543,-5.97045564814347e-05,512.0,0.0003942118562946829,0.0006404245772420603,512.0,0.0030061590086678486,0.003192822729950355,512.0,8634.0,2334.122440558327,257.9411867897837,-9.50978476174635,23.901728853488468,147.42606508087826
db15k_native_adamf,D-NA,dev_oof,All,40446,183,2026091220,512,3,0.3,47532,Confidence,13059.0,6811.0,814.0,-25.11912171614722,73.60923125002671,494.4499999999995,0.27474122696288816,0.14329293949339392,0.017125305057645375,0.06233249100237384,0.11951255322272794,-0.0005284675948023904,0.0015486247422794477,0.010402465707312958,,,,,,,,,,,,,,,,,,,,,,,,,,,,,,
db15k_native_adamf,D-NA,dev_oof,All,40446,183,2026091220,512,3,0.3,47532,Random,13059.0,3513.7578125,391.638671875,-14.081706920403942,35.79827558842476,221.71933593750077,0.27474122696288816,0.07392404722081966,0.008239473867604982,0.02998994347767823,0.1114602815221236,-0.000296257403862744,0.0007531405282425469,0.004664633003818499,0.27474122696288816,0.27474122696288816,512.0,0.07231128502903307,0.07548598838677102,512.0,0.007573844988639233,0.008878229403349322,512.0,0.027567195037904894,0.03231487862776629,512.0,0.10300712344049144,0.12006768664461613,512.0,-0.0004491714623334059,-0.0001451384980081879,512.0,0.0006209179538487399,0.0009008712842290494,512.0,0.004555878145249536,0.0047737576790372995,512.0,13059.0,3513.754718417392,391.9034750094442,-14.277441547089678,35.882341296756685,221.795095198761
db15k_native_adamf,D-NA,dev_oof,All,40446,183,2026091220,512,4,0.4,47532,Confidence,17529.0,8483.0,971.0,-29.2742378568357,86.93439979590606,578.0499999999959,0.3687831355718253,0.1784692417739628,0.020428343011024152,0.055393918649095784,0.11446422256277261,-0.0006158848324673,0.0018289657450960629,0.012161280821341325,,,,,,,,,,,,,,,,,,,,,,,,,,,,,,
db15k_native_adamf,D-NA,dev_oof,All,40446,183,2026091220,512,4,0.4,47532,Random,17529.0,4697.310546875,525.59765625,-18.949149893225353,47.82039488325617,296.2457031250006,0.36878313557182535,0.09882417207092065,0.011057764374526635,0.029984463246619884,0.11189288508771886,-0.00039866089988271815,0.00100606738372583,0.006232552872275545,0.3687831355718253,0.3687831355718253,512.0,0.09698729277118573,0.10045863839097871,512.0,0.01028780610956829,0.01173945973239081,512.0,0.027896628444292314,0.031832962519253806,512.0,0.10483538275438904,0.11866385376647064,512.0,-0.0005712173198010513,-0.0002481357129967287,512.0,0.0008684284321816648,0.0011610669278873927,512.0,0.00612008751998656,0.006350826811411285,512.0,17529.0,4699.058179531944,525.7363543577361,-19.042367200274807,47.856369740420305,296.4465211888705
db15k_native_adamf,D-NA,dev_oof,All,40446,183,2026091220,512,5,0.5,47532,Confidence,22146.0,10139.0,1184.0,-38.732957430439,104.58241410598043,661.8999999999922,0.46591769755112344,0.21330892872170326,0.024909534629302364,0.0534633793913122,0.1167768024460006,-0.000814881709804742,0.0022002527582677023,0.013925355549945137,,,,,,,,,,,,,,,,,,,,,,,,,,,,,,
db15k_native_adamf,D-NA,dev_oof,All,40446,183,2026091220,512,5,0.5,47532,Random,22146.0,5958.353515625,691.830078125,-23.543773840400924,59.66977283188225,375.2451171875003,0.4659176975511236,0.12535457198571487,0.014555038250546999,0.031239505017836178,0.11610726337358591,-0.0004953247042077109,0.0012553600275999799,0.007894578750894153,0.46591769755112344,0.46591769755112344,512.0,0.12326432719010351,0.12713540351763022,512.0,0.013733379617941598,0.01527392072708912,512.0,0.029475977603178903,0.032782443782172856,512.0,0.11002353778061953,0.12154125437298796,512.0,-0.0006752328370460794,-0.00033412275675287115,512.0,0.0011114393995732758,0.0014028009645094784,512.0,0.007754065682066836,0.008020465160313071,512.0,22146.0,5959.938535102459,692.8275009029807,-23.78997545447107,59.855819567659985,375.44908661786894
db15k_native_adamf,D-NA,dev_oof,All,40446,183,2026091220,512,6,0.6,47532,Confidence,26517.0,11288.0,1299.0,-43.77722101482645,114.36221972738826,719.3499999999899,0.5578767987881847,0.2374821173104435,0.027328957334006563,0.048987442018327866,0.11507795889440113,-0.0009210052388880428,0.0024060047910331624,0.0151340149793821,,,,,,,,,,,,,,,,,,,,,,,,,,,,,,
db15k_native_adamf,D-NA,dev_oof,All,40446,183,2026091220,512,6,0.6,47532,Random,26517.0,7130.779296875,822.7109375,-28.36782621938968,71.73274805219786,449.26279296875,0.5578767987881845,0.15002060289646976,0.0173085697530085,0.031025792416185843,0.11537209897947101,-0.0005968153290286477,0.0015091464287679446,0.00945179653641232,0.5578767987881847,0.5578767987881847,512.0,0.14809654548514684,0.15192817470335773,512.0,0.016489417655474205,0.018135151056130606,512.0,0.029557453708941434,0.03250744805219293,512.0,0.11015839266674929,0.12049079837945212,512.0,-0.0007636606675925407,-0.00042664289538321806,512.0,0.0013657657835517338,0.0016591570656921423,512.0,0.009319800345030726,0.00958220251619962,512.0,26517.0,7131.248528208524,823.1526760784063,-28.541366360899985,71.80703088302994,449.38108537912
db15k_native_adamf,D-NA,dev_oof,All,40446,183,2026091220,512,7,0.7,47532,Confidence,30951.0,11809.0,1360.0,-47.45717689882178,119.53134497409934,745.3999999999886,0.651161322898258,0.2484431540856686,0.02861230329041488,0.043940421957287326,0.11516639850961131,-0.0009984258373058525,0.002514755216992749,0.015682066818143325,,,,,,,,,,,,,,,,,,,,,,,,,,,,,,
db15k_native_adamf,D-NA,dev_oof,All,40446,183,2026091220,512,7,0.7,47532,Random,30951.0,8308.716796875,954.435546875,-33.11372237487686,83.73540456957576,523.5434570312499,0.6511613228982578,0.17480259187231761,0.020079852454662123,0.03083698577994249,0.11486884409750789,-0.0006966616674004219,0.001761663817419336,0.011014547189919396,0.651161322898258,0.651161322898258,512.0,0.17288931667087437,0.17662732474964235,512.0,0.01928279895649247,0.02093326601026677,512.0,0.029612936577170366,0.032147588123162416,512.0,0.11077424644266684,0.11922014446222219,512.0,-0.0008620343603642323,-0.0005487549136910687,512.0,0.0016241643816521769,0.0019062706385973138,512.0,0.010880038710763255,0.01114454472776232,512.0,30951.0,8310.40416323612,955.1333815136549,-33.30362206318627,83.77623440294774,523.7216418040122
db15k_native_adamf,D-NA,dev_oof,All,40446,183,2026091220,512,8,0.8,47532,Confidence,35412.0,11908.0,1378.0,-47.585235207610985,119.73530816445472,750.3499999999884,0.7450138853824791,0.2505259614575444,0.02899099553984684,0.038913362701908955,0.11572052401746726,-0.00100111998669551,0.0025190462880681375,0.015786207186737112,,,,,,,,,,,,,,,,,,,,,,,,,,,,,,
db15k_native_adamf,D-NA,dev_oof,All,40446,183,2026091220,512,8,0.8,47532,Random,35412.0,9495.39453125,1090.34765625,-37.77885255567213,95.65833427147696,598.2864257812462,0.745013885382479,0.19976846190461162,0.02293923370045443,0.030790343845306677,0.1148273461250818,-0.0007948088141814383,0.0020125038767877836,0.012587024021317143,0.7450138853824791,0.7450138853824791,512.0,0.1980534166456282,0.20141536228225196,512.0,0.022237650424976857,0.02373138096440293,512.0,0.029848638879475885,0.03185360894611996,512.0,0.11161301169556614,0.11829802657209443,512.0,-0.0009377764652143638,-0.0006583559298869769,512.0,0.001887498827422389,0.0021333079119602635,512.0,0.012471124715980742,0.012706545064377607,512.0,35412.0,9496.184267182138,1090.9478436463587,-38.073948799428436,95.7616717699618,598.4015414871124
db15k_native_adamf,D-NA,dev_oof,All,40446,183,2026091220,512,9,0.9,47532,Confidence,39762.0,11908.0,1378.0,-47.585235207610985,119.73530816445472,750.3499999999884,0.8365311789952032,0.2505259614575444,0.02899099553984684,0.03465620441627685,0.11572052401746726,-0.00100111998669551,0.0025190462880681375,0.015786207186737112,,,,,,,,,,,,,,,,,,,,,,,,,,,,,,
db15k_native_adamf,D-NA,dev_oof,All,40446,183,2026091220,512,9,0.9,47532,Random,39762.0,10662.30078125,1218.642578125,-42.744203437427906,107.67398958762686,672.0675781249918,0.8365311789952034,0.224318370387318,0.025638361064651182,0.030648422567401037,0.11429309981477027,-0.0008992721416609426,0.0022652947401251124,0.014139265718358029,0.8365311789952032,0.8365311789952032,512.0,0.22294454262391653,0.22572635277286882,512.0,0.025009993267693344,0.026260729613733904,512.0,0.029897263719128816,0.03139240983853931,512.0,0.11192855046624418,0.11661916597187268,512.0,-0.0010029599648945882,-0.0007984417422447369,512.0,0.0021689773574460514,0.0023536741161745054,512.0,0.014052401540015018,0.014232990406462883,512.0,39762.0,10662.68710450529,1219.6052587898803,-42.83838499206755,107.73084252824236,672.1062059942618
db15k_native_adamf,D-NA,dev_oof,All,40446,183,2026091220,512,10,1.0,47532,Confidence,47532.0,12378.0,1566.0,-47.60211802645525,119.81742667729914,776.3499999999884,1.0,0.260414036859379,0.03294622570058066,0.03294622570058066,0.12651478429471644,-0.0010014751751757816,0.002520773934976419,0.016333207102583278,,,,,,,,,,,,,,,,,,,,,,,,,,,,,,
db15k_native_adamf,D-NA,dev_oof,All,40446,183,2026091220,512,10,1.0,47532,Random,47532.0,12378.0,1566.0,-47.60211802645519,119.8174266772986,776.3499999999841,1.0,0.260414036859379,0.03294622570058065,0.03294622570058065,0.12651478429471646,-0.0010014751751757818,0.0025207739349764197,0.01633320710258334,1.0,1.0,512.0,0.260414036859379,0.260414036859379,512.0,0.03294622570058066,0.03294622570058066,512.0,0.03294622570058066,0.03294622570058066,512.0,0.12651478429471644,0.12651478429471644,512.0,-0.001001475175175782,-0.0010014751751757814,512.0,0.0025207739349764184,0.0025207739349764197,512.0,0.016333207102583333,0.016333207102583343,512.0,47532.0,12378.0,1566.0,-47.60211802645525,119.81742667729914,776.3499999999884
db15k_native_adamf,D-NA,dev_oof,Active,11596,81,2026091221,512,0,0.0,47532,Confidence,0.0,0.0,0.0,0.0,0.0,0.0,0.0,0.0,0.0,,,0.0,0.0,0.0,,,,,,,,,,,,,,,,,,,,,,,,,,,,,,
db15k_native_adamf,D-NA,dev_oof,Active,11596,81,2026091221,512,0,0.0,47532,Random,0.0,0.0,0.0,0.0,0.0,0.0,0.0,0.0,0.0,,,0.0,0.0,0.0,0.0,0.0,512.0,0.0,0.0,512.0,0.0,0.0,512.0,,,0.0,,,0.0,0.0,0.0,512.0,0.0,0.0,512.0,0.0,0.0,512.0,0.0,0.0,0.0,0.0,0.0,0.0
db15k_native_adamf,D-NA,dev_oof,Active,11596,81,2026091221,512,1,0.1,47532,Confidence,1141.0,1141.0,150.0,4.540948127076946,10.165987404417937,123.39999999999992,0.024004880922326013,0.024004880922326013,0.0031557687452663467,0.13146362839614373,0.13146362839614373,9.553454782203453e-05,0.0002138767021042232,0.002596145754439113,,,,,,,,,,,,,,,,,,,,,,,,,,,,,,
db15k_native_adamf,D-NA,dev_oof,Active,11596,81,2026091221,512,1,0.1,47532,Random,1141.0,1141.0,122.52734375,-4.603634769579779,11.742885624431707,72.12685546875001,0.024004880922326007,0.024004880922326007,0.002577786412311706,0.10738592791411042,0.10738592791411042,-9.685337813640881e-05,0.0002470522095521271,0.0015174378412174945,0.024004880922326013,0.024004880922326013,512.0,0.024004880922326013,0.024004880922326013,512.0,0.0021669612050828914,0.0029874610788521417,512.0,0.09027169149868536,0.12445223488168274,512.0,0.09027169149868536,0.12445223488168274,512.0,-0.00020332371864630855,2.7121331544524893e-06,512.0,0.00016580183558588546,0.00032846040423416056,512.0,0.0014874190019355373,0.0015520596650677428,512.0,1141.0,1141.0,123.31918114247374,-4.586332742284872,11.690700219297815,72.13911103204438
db15k_native_adamf,D-NA,dev_oof,Active,11596,81,2026091221,512,2,0.2,47532,Confidence,2299.0,2299.0,292.0,-2.15833768276483,26.21557930326371,221.65000000000072,0.04836741563578221,0.04836741563578221,0.006143229824118489,0.12701174423662462,0.12701174423662462,-4.5408097339998945e-05,0.0005515353720286062,0.004663174282588587,,,,,,,,,,,,,,,,,,,,,,,,,,,,,,
db15k_native_adamf,D-NA,dev_oof,Active,11596,81,2026091221,512,2,0.2,47532,Random,2299.0,2299.0,248.130859375,-9.358925126837583,23.752340037328924,145.30615234375006,0.0483674156357822,0.0483674156357822,0.005220290738344693,0.10792990838408004,0.10792990838408004,-0.00019689735603041275,0.0004997126154449406,0.003057017427075449,0.04836741563578221,0.04836741563578221,512.0,0.04836741563578221,0.04836741563578221,512.0,0.004691576201295969,0.005748232769502651,512.0,0.09699869508481948,0.11884515006524575,512.0,0.09699869508481948,0.11884515006524575,512.0,-0.00033882309382173947,-5.092560175909102e-05,512.0,0.0003823513070287473,0.0006343231664028726,512.0,0.0030158629975595443,0.0031013054363376296,512.0,2299.0,2299.0,249.24547853114646,-9.412878583699113,23.71462282193783,145.35471732751373
db15k_native_adamf,D-NA,dev_oof,Active,11596,81,2026091221,512,3,0.3,47532,Confidence,3461.0,3461.0,431.0,-5.446560195053996,39.563702902815905,306.8000000000017,0.07281410418244551,0.07281410418244551,0.009067575528065303,0.12453048251950304,0.12453048251950304,-0.00011458722955175452,0.0008323593137847325,0.006454599006984804,,,,,,,,,,,,,,,,,,,,,,,,,,,,,,
db15k_native_adamf,D-NA,dev_oof,Active,11596,81,2026091221,512,3,0.3,47532,Random,3461.0,3461.0,374.798828125,-13.908459281796041,35.52665943380605,218.66689453125076,0.07281410418244551,0.07281410418244551,0.007885189517062189,0.10829206244582491,0.10829206244582491,-0.00029261254064201047,0.000747426143099513,0.004600414342574495,0.07281410418244551,0.07281410418244551,512.0,0.07281410418244551,0.07281410418244551,512.0,0.007279306572414374,0.00850900446015316,512.0,0.0999711066165848,0.11685928922276796,512.0,0.0999711066165848,0.11685928922276796,512.0,-0.0004384940568678159,-0.0001369264278705646,512.0,0.0006164171268963059,0.0008796984431635712,512.0,0.004553064251451672,0.004649499284692437,512.0,3461.0,3461.0,375.90774092705124,-14.118362305473545,35.654658185233174,218.71390566574033
db15k_native_adamf,D-NA,dev_oof,Active,11596,81,2026091221,512,4,0.4,47532,Confidence,4637.0,4637.0,568.0,-17.16754519726629,55.76630739742889,381.9500000000018,0.09755533114533367,0.09755533114533367,0.011949844315408567,0.12249299115807634,0.12249299115807634,-0.0003611786837765356,0.0011732371328248103,0.008035639148363246,,,,,,,,,,,,,,,,,,,,,,,,,,,,,,
db15k_native_adamf,D-NA,dev_oof,Active,11596,81,2026091221,512,4,0.4,47532,Random,4637.0,4637.0,505.73828125,-18.747923080677342,47.65848413805051,293.17558593750067,0.09755533114533367,0.09755533114533367,0.010639953741689807,0.10906583593918481,0.10906583593918481,-0.0003944273979777273,0.001002661031264212,0.006167962339844761,0.09755533114533367,0.09755533114533367,512.0,0.09755533114533367,0.09755533114533367,512.0,0.009988534040225532,0.011344462677774971,512.0,0.10238839767090792,0.11628747034720724,512.0,0.10238839767090792,0.11628747034720724,512.0,-0.0005667127527405577,-0.00021906645269011548,512.0,0.0008525119700812297,0.0011342456468833588,512.0,0.006112724059580939,0.006223412648321156,512.0,4637.0,4637.0,506.2727749792798,-18.940374448465523,47.68899612662623,293.22599092773544
db15k_native_adamf,D-NA,dev_oof,Active,11596,81,2026091221,512,5,0.5,47532,Confidence,5868.0,5868.0,719.0,-22.712976658457364,66.31749666278856,446.8500000000006,0.12345367331481949,0.12345367331481949,0.01512665151897669,0.12252897068847989,0.12252897068847989,-0.0004778460123381588,0.0013952178882182225,0.00940103509214846,,,,,,,,,,,,,,,,,,,,,,,,,,,,,,
db15k_native_adamf,D-NA,dev_oof,Active,11596,81,2026091221,512,5,0.5,47532,Random,5868.0,5868.0,657.93359375,-23.480883909362355,59.6891849576867,370.12646484375034,0.12345367331481949,0.12345367331481949,0.013841908477446773,0.11212228932344921,0.11212228932344921,-0.0004940015970159547,0.0012557684287992656,0.007786890196998882,0.12345367331481949,0.12345367331481949,512.0,0.12345367331481949,0.12345367331481949,512.0,0.013170074896911554,0.014558613144828748,512.0,0.10668029993183367,0.11792774369461487,512.0,0.10668029993183367,0.11792774369461487,512.0,-0.0006714559061849421,-0.00031500184998099816,512.0,0.0011032756095027618,0.0014053086533327153,512.0,0.0077324486661617614,0.00784466254312886,512.0,5868.0,5868.0,658.5183707085178,-23.744283352446363,59.74605675408119,370.1018459326288
db15k_native_adamf,D-NA,dev_oof,Active,11596,81,2026091221,512,6,0.6,47532,Confidence,7016.0,7016.0,836.0,-27.413970575941537,77.3370876417967,504.2499999999987,0.14760582344525794,0.14760582344525794,0.01758815114028444,0.11915621436716077,0.11915621436716077,-0.0005767476768480505,0.0016270530935327085,0.010608642598670342,,,,,,,,,,,,,,,,,,,,,,,,,,,,,,
db15k_native_adamf,D-NA,dev_oof,Active,11596,81,2026091221,512,6,0.6,47532,Random,7016.0,7016.0,782.625,-28.21023202661776,71.55864456634991,442.7173828124999,0.1476058234452579,0.1476058234452579,0.016465223428427163,0.1115486031927024,0.1115486031927024,-0.0005934997901754141,0.0015054835598407377,0.009314091197772035,0.14760582344525794,0.14760582344525794,512.0,0.14760582344525794,0.14760582344525794,512.0,0.015778843726331735,0.017155810822182947,512.0,0.10689851767388825,0.11622719498289623,512.0,0.10689851767388825,0.11622719498289623,512.0,-0.000765855627034192,-0.0004220026999509159,512.0,0.0013543418652195885,0.0016440108593989474,512.0,0.009261129344441643,0.009368662164436598,512.0,7016.0,7016.0,783.1482601789771,-28.466750655253513,71.59980406592605,442.68014078075
db15k_native_adamf,D-NA,dev_oof,Active,11596,81,2026091221,512,7,0.7,47532,Confidence,8187.0,8187.0,957.0,-31.28357411487742,86.93008034660632,563.2499999999962,0.17224185811663723,0.17224185811663723,0.020133804594799295,0.11689263466471235,0.11689263466471235,-0.0006581581695463566,0.0018288748705420836,0.011849911638475054,,,,,,,,,,,,,,,,,,,,,,,,,,,,,,
db15k_native_adamf,D-NA,dev_oof,Active,11596,81,2026091221,512,7,0.7,47532,Random,8187.0,8187.0,911.263671875,-32.932041717996356,83.43284848874198,516.8650390624996,0.17224185811663725,0.17224185811663725,0.019171582762665153,0.11130617709478441,0.11130617709478441,-0.0006928393864764023,0.0017552985039287652,0.01087404357196202,0.17224185811663723,0.17224185811663723,512.0,0.17224185811663723,0.17224185811663723,512.0,0.018530148110746443,0.019801922915088782,512.0,0.1075821424209112,0.11496579943813362,512.0,0.1075821424209112,0.11496579943813362,512.0,-0.0008590930382969422,-0.0005260737851343373,512.0,0.0016155262075124746,0.0018888761494070124,512.0,0.01082720588235292,0.010924456155852875,512.0,8187.0,8187.0,912.4098928706615,-33.16061910275787,83.49177416537287,516.8740627774391
db15k_native_adamf,D-NA,dev_oof,Active,11596,81,2026091221,512,8,0.8,47532,Confidence,9354.0,9354.0,1060.0,-34.732194021652205,97.13094243818414,621.5999999999938,0.1967937389548094,0.1967937389548094,0.022300765799882185,0.11332050459696387,0.11332050459696387,-0.0007307118156537113,0.0020434852822979075,0.01307750568038361,,,,,,,,,,,,,,,,,,,,,,,,,,,,,,
db15k_native_adamf,D-NA,dev_oof,Active,11596,81,2026091221,512,8,0.8,47532,Random,9354.0,9354.0,1039.529296875,-37.90640732479937,95.58418862746987,590.521582031246,0.19679373895480937,0.19679373895480937,0.021870093765778843,0.11113206081622834,0.11113206081622834,-0.0007974923698729142,0.0020109439667480833,0.012423663679862966,0.1967937389548094,0.1967937389548094,512.0,0.1967937389548094,0.1967937389548094,512.0,0.021269881343095178,0.02246907346629639,512.0,0.1080821039127646,0.1141757536882617,512.0,0.1080821039127646,0.1141757536882617,512.0,-0.0009336916993281924,-0.0006594628107324734,512.0,0.0018987323259068091,0.0021276078619495505,512.0,0.01238323655642507,0.012467627072288073,512.0,9354.0,9354.0,1040.1755566271104,-37.99424652001992,95.57417737061446,590.5514143809719
db15k_native_adamf,D-NA,dev_oof,Active,11596,81,2026091221,512,9,0.9,47532,Confidence,10507.0,10507.0,1173.0,-40.22427289585958,107.79898524500881,679.2499999999912,0.22105108137675672,0.22105108137675672,0.02467811158798283,0.1116398591415247,0.1116398591415247,-0.0008462566880387861,0.002267924456050846,0.014290372801480924,,,,,,,,,,,,,,,,,,,,,,,,,,,,,,
db15k_native_adamf,D-NA,dev_oof,Active,11596,81,2026091221,512,9,0.9,47532,Random,10507.0,10507.0,1165.083984375,-42.603510674663895,107.45269557792118,663.3955078124931,0.22105108137675666,0.22105108137675666,0.024511570823340066,0.11088645516084515,0.11088645516084515,-0.0008963121828381704,0.0022606390553294876,0.013956818728698434,0.22105108137675672,0.22105108137675672,512.0,0.22105108137675672,0.22105108137675672,512.0,0.024084301102415214,0.02493057308760414,512.0,0.10895355477300847,0.11278195488721804,512.0,0.10895355477300847,0.11278195488721804,512.0,-0.0009985646975037158,-0.0007958591236291737,512.0,0.0021726410669183167,0.002343049761954769,512.0,0.013925118867289282,0.013989759530421487,512.0,10507.0,10507.0,1164.9984526552387,-42.69264866594654,107.45573213130822,663.4488574111349
db15k_native_adamf,D-NA,dev_oof,Active,11596,81,2026091221,512,10,1.0,47532,Confidence,12378.0,12378.0,1566.0,-47.60211802645525,119.81742667729914,776.3499999999884,0.260414036859379,0.260414036859379,0.03294622570058066,0.12651478429471644,0.12651478429471644,-0.0010014751751757816,0.002520773934976419,0.016333207102583278,,,,,,,,,,,,,,,,,,,,,,,,,,,,,,
db15k_native_adamf,D-NA,dev_oof,Active,11596,81,2026091221,512,10,1.0,47532,Random,12378.0,12378.0,1566.0,-47.60211802645519,119.8174266772986,776.3499999999839,0.260414036859379,0.260414036859379,0.03294622570058065,0.12651478429471646,0.12651478429471646,-0.0010014751751757818,0.0025207739349764197,0.01633320710258334,0.260414036859379,0.260414036859379,512.0,0.260414036859379,0.260414036859379,512.0,0.03294622570058066,0.03294622570058066,512.0,0.12651478429471644,0.12651478429471644,512.0,0.12651478429471644,0.12651478429471644,512.0,-0.0010014751751757822,-0.0010014751751757814,512.0,0.0025207739349764184,0.0025207739349764197,512.0,0.016333207102583333,0.016333207102583343,512.0,12378.0,12378.0,1566.0,-47.60211802645525,119.81742667729914,776.3499999999884
db15k_native_adamf,D-NA,test,All,42909,120,2026091222,512,0,0.0,59412,Confidence,0.0,0.0,0.0,0.0,0.0,0.0,0.0,0.0,0.0,,,0.0,0.0,0.0,,,,,,,,,,,,,,,,,,,,,,,,,,,,,,
db15k_native_adamf,D-NA,test,All,42909,120,2026091222,512,0,0.0,59412,Random,0.0,0.0,0.0,0.0,0.0,0.0,0.0,0.0,0.0,,,0.0,0.0,0.0,0.0,0.0,512.0,0.0,0.0,512.0,0.0,0.0,512.0,,,0.0,,,0.0,0.0,0.0,512.0,0.0,0.0,512.0,0.0,0.0,512.0,0.0,0.0,0.0,0.0,0.0,0.0
db15k_native_adamf,D-NA,test,All,42909,120,2026091222,512,1,0.1,59412,Confidence,5073.0,3051.0,461.0,2.433417897503014,30.914023472192902,323.59999999999263,0.08538679054736417,0.05135326196727934,0.007759375210395206,0.09087325054208555,0.15109800065552279,4.0958356855568136e-05,0.0005203329878171565,0.005446711102134125,,,,,,,,,,,,,,,,,,,,,,,,,,,,,,
db15k_native_adamf,D-NA,test,All,42909,120,2026091222,512,1,0.1,59412,Random,5073.0,1560.708984375,172.80859375,-4.161129560654016,15.261491818910471,102.59863281250007,0.08538679054736419,0.026269255106291658,0.0029086479793644384,0.03406437881923911,0.11072112105794812,-7.003853700690121e-05,0.0002568755776427401,0.0017269008417912205,0.08538679054736417,0.08538679054736417,512.0,0.025340840234296103,0.027237342624385645,512.0,0.002524742476267421,0.0033196155658789467,512.0,0.02956830277942046,0.03887739010447466,512.0,0.0964156157744107,0.12717454242962373,512.0,-0.00015993432386744537,2.1598465325363665e-05,512.0,0.00017991113571418302,0.0003333496471972458,512.0,0.0016579142260822735,0.0018007094526358305,512.0,5073.0,1560.6175679020364,172.2365275218523,-3.912262103659317,15.018180393236884,102.5333799010621
db15k_native_adamf,D-NA,test,All,42909,120,2026091222,512,2,0.2,59412,Confidence,10353.0,5746.0,793.0,-4.220971710377826,59.828166979273874,519.7499999999973,0.17425772571197737,0.09671446845755066,0.01334747189120043,0.07659615570366078,0.13800904977375567,-7.104577712209363e-05,0.0010070047629986178,0.008748232680266567,,,,,,,,,,,,,,,,,,,,,,,,,,,,,,
db15k_native_adamf,D-NA,test,All,42909,120,2026091222,512,2,0.2,59412,Random,10353.0,3120.904296875,345.65625,-7.929425468898984,30.193206061873664,205.03544921874695,0.17425772571197737,0.05252986428457214,0.005817953443748738,0.03338706172124022,0.11075535355221997,-0.00013346504862483984,0.0005082004655940493,0.003451078051887611,0.17425772571197737,0.17425772571197737,512.0,0.05121860903521174,0.053797633474718914,512.0,0.005315003702955632,0.006332474920891402,512.0,0.030500821018062396,0.036339708297111945,512.0,0.10163041101216148,0.12011557463061089,512.0,-0.00025590945898899754,5.951291154307601e-06,512.0,0.00040177066351929037,0.0006027254941280097,512.0,0.0033509854911465214,0.003548104759981092,512.0,10353.0,3123.2972076476744,344.9520856670569,-7.827520661039461,30.049982909730073,205.20690477551418
db15k_native_adamf,D-NA,test,All,42909,120,2026091222,512,3,0.3,59412,Confidence,15624.0,8172.0,1030.0,-9.665145822015184,82.38214063119209,653.9500000000227,0.26297717632801454,0.13754797010704908,0.017336565003702956,0.0659242191500256,0.1260401370533529,-0.0001626800279744022,0.0013866245982493788,0.011007035615700914,,,,,,,,,,,,,,,,,,,,,,,,,,,,,,
db15k_native_adamf,D-NA,test,All,42909,120,2026091222,512,3,0.3,59412,Random,15624.0,4682.6484375,517.189453125,-11.757885821887738,45.092893460645456,307.61611328124735,0.2629771763280146,0.07881654274389012,0.008705134537214703,0.03310224354358679,0.11044704605710964,-0.00019790422510414962,0.0007589862899859539,0.005177676450569705,0.26297717632801454,0.26297717632801454,512.0,0.07727942166565678,0.08024389012320744,512.0,0.008105264929643842,0.009358378778697905,512.0,0.030821172555043522,0.03558627752176139,512.0,0.10297653494910929,0.11807743785850859,512.0,-0.00034292372694576543,-5.9355641543644485e-05,512.0,0.0006465233926155399,0.0008788433918412268,512.0,0.00506705295226548,0.005294574328418461,512.0,15624.0,4685.515308931773,517.3599515045692,-11.742777047968408,45.08177719030493,307.84581426535084
db15k_native_adamf,D-NA,test,All,42909,120,2026091222,512,4,0.4,59412,Confidence,21126.0,10576.0,1255.0,-12.459090861809653,99.90391708208247,774.9500000000429,0.35558473035750354,0.1780111761933616,0.021123678718104087,0.05940547193032283,0.11866490166414523,-0.0002097066394299073,0.0016815444200175464,0.01304366121322364,,,,,,,,,,,,,,,,,,,,,,,,,,,,,,
db15k_native_adamf,D-NA,test,All,42909,120,2026091222,512,4,0.4,59412,Random,21126.0,6257.30078125,694.0390625,-15.688022398344327,60.18330845103169,411.14160156250017,0.35558473035750365,0.10532048712802128,0.011681799341883795,0.032852364976805826,0.11091437642231865,-0.0002640547767848972,0.0010129823680574915,0.0069201777681697305,0.35558473035750354,0.35558473035750354,512.0,0.10371263381135123,0.10701920487443614,512.0,0.010987258466303104,0.012345149128122264,512.0,0.03089912903531194,0.034717883177127706,512.0,0.1044789548478344,0.11687996925578323,512.0,-0.000420580878026395,-0.00011732508154655586,512.0,0.0008964199861056893,0.001138088071013977,512.0,0.006804833198680397,0.007043105769878143,512.0,21126.0,6259.26217922441,694.1421086905807,-15.658765241584554,60.11761174844459,411.3456177533733
db15k_native_adamf,D-NA,test,All,42909,120,2026091222,512,5,0.5,59412,Confidence,26916.0,12946.0,1539.0,-26.434221640927134,125.60604348353695,894.6000000000621,0.45303978994142596,0.21790210731838686,0.025903857806503738,0.05717788675880517,0.11887841804418353,-0.0004449306813594414,0.002114152755058523,0.015057564128459943,,,,,,,,,,,,,,,,,,,,,,,,,,,,,,
db15k_native_adamf,D-NA,test,All,42909,120,2026091222,512,5,0.5,59412,Random,26916.0,7915.62109375,901.271484375,-19.731096744558908,75.36373095600133,519.2958007812598,0.4530397899414258,0.13323269867619336,0.01516985599500101,0.03348459965726705,0.11385337984416831,-0.00033210625369553104,0.0012684934180973756,0.008740587773198331,0.45303978994142596,0.45303978994142596,512.0,0.13125294553288896,0.135212162526089,512.0,0.014357368881707399,0.01597699118023295,512.0,0.031691187397830285,0.03526619854361718,512.0,0.10837000681854861,0.11904508836376357,512.0,-0.0004784235194207518,-0.0001813572862122696,512.0,0.0011447030594364663,0.00140118136432732,512.0,0.008594307547296981,0.00888223338719467,512.0,26916.0,7915.441818970049,900.3576668357854,-19.688945849992148,75.28923485803989,519.2691426278254
db15k_native_adamf,D-NA,test,All,42909,120,2026091222,512,6,0.6,59412,Confidence,32133.0,14812.0,1709.0,-33.75976442006218,142.20127616233978,987.9000000000789,0.5408503332660068,0.24930990372315356,0.028765232612940148,0.05318519901658731,0.11537942209019714,-0.0005682314081340837,0.0023934773473766207,0.01662795394869856,,,,,,,,,,,,,,,,,,,,,,,,,,,,,,
db15k_native_adamf,D-NA,test,All,42909,120,2026091222,512,6,0.6,59412,Random,32133.0,9479.7578125,1073.328125,-23.43183268078433,90.23752261468383,621.9566406250236,0.5408503332660067,0.15955964809297785,0.01806584738773312,0.033402674042261854,0.11321835081832779,-0.00039439562177311495,0.001518843375322894,0.01046853565988392,0.5408503332660068,0.5408503332660068,512.0,0.1574896485558473,0.16154985524809803,512.0,0.01728607015417761,0.01885519760317781,512.0,0.031960912457598106,0.034862135499330905,512.0,0.1087260088187595,0.11751661292201628,512.0,-0.0005422954590970693,-0.00023018874117041794,512.0,0.0013864891112792686,0.0016504401991211351,512.0,0.010317780919679914,0.010607768632599875,512.0,32133.0,9477.659920254146,1072.7655326732975,-23.604202236921093,90.32102913861475,621.9080521176621
db15k_native_adamf,D-NA,test,All,42909,120,2026091222,512,7,0.7,59412,Confidence,37635.0,15581.0,1778.0,-38.07803882340451,149.02325822040712,1026.3500000000624,0.6334578872954959,0.26225341681815123,0.02992661415202316,0.047243257605951904,0.11411334317437904,-0.0006409149468693953,0.0025083023332055326,0.017275129603448167,,,,,,,,,,,,,,,,,,,,,,,,,,,,,,
db15k_native_adamf,D-NA,test,All,42909,120,2026091222,512,7,0.7,59412,Random,37635.0,11051.509765625,1250.390625,-27.280949561980705,105.17206847096229,725.3156250000369,0.6334578872954958,0.18601477421438428,0.021046095485760453,0.03322414308489438,0.11313793037051681,-0.0004591824810136114,0.001770215923903628,0.01220823444758698,0.6334578872954959,0.6334578872954959,512.0,0.18415092910523126,0.1880764828654144,512.0,0.020207197199219012,0.021830606611458966,512.0,0.03189982728842832,0.03446260130197954,512.0,0.10924726838230216,0.11691972216086562,512.0,-0.0005963120582249563,-0.0003153245486187196,512.0,0.001648293848100077,0.001885611563888492,512.0,0.012071908873628842,0.012348704807110311,512.0,37635.0,11051.406790546785,1249.5476898593088,-27.52019043053724,105.3568636967544,725.4078556056844
db15k_native_adamf,D-NA,test,All,42909,120,2026091222,512,8,0.8,59412,Confidence,42906.0,15815.0,1796.0,-39.38162067380539,150.59809743929762,1038.0500000000518,0.722177337911533,0.2661920150811284,0.03022958324917525,0.041858947466554795,0.11356307303193171,-0.0006628563366627179,0.0025348094230003637,0.017472059516596847,,,,,,,,,,,,,,,,,,,,,,,,,,,,,,
db15k_native_adamf,D-NA,test,All,42909,120,2026091222,512,8,0.8,59412,Random,42906.0,12613.357421875,1422.236328125,-31.31431312467774,120.2332002164935,827.9458007813008,0.7221773379115332,0.2123031950090049,0.02393853645938531,0.03314772591537314,0.11275355917334011,-0.0005270705097400815,0.0020237191176276413,0.013935666208531976,0.722177337911533,0.722177337911533,512.0,0.21048104759981148,0.21400853362956979,512.0,0.02324067528445432,0.024746263381135124,512.0,0.03218139654127628,0.034266186547336035,512.0,0.1098346505985924,0.11591725918306367,512.0,-0.0006539131077975733,-0.0003937093947670026,512.0,0.0019166549514461767,0.002123551643208588,512.0,0.01380912105298679,0.014063846529321574,512.0,42906.0,12613.624891830885,1421.9555556968219,-31.435446817466193,120.38865797732926,828.0467650955212
db15k_native_adamf,D-NA,test,All,42909,120,2026091222,512,9,0.9,59412,Confidence,48186.0,15821.0,1800.0,-39.38171932072174,150.5982104854114,1038.350000000052,0.8110482730761462,0.2662930047801791,0.03029690971520905,0.03735524841240194,0.11377283357562733,-0.0006628579970497835,0.002534811325749199,0.017477109001549383,,,,,,,,,,,,,,,,,,,,,,,,,,,,,,
db15k_native_adamf,D-NA,test,All,42909,120,2026091222,512,9,0.9,59412,Random,48186.0,14175.990234375,1594.556640625,-35.191017223985135,135.21094945225465,930.695800781318,0.8110482730761462,0.23860483125252474,0.026838965876001483,0.033091699676773334,0.1124809870507983,-0.0005923217064563576,0.0022758188489236967,0.015665114804775424,0.8110482730761462,0.8110482730761462,512.0,0.2371406449875446,0.2400958560560156,512.0,0.026223658520164277,0.027486029758297986,512.0,0.03233304279251235,0.033889511476362426,512.0,0.1102972500236098,0.1148543650701631,512.0,-0.0006856691996668108,-0.0005027249813376606,512.0,0.002196124046032359,0.0023501068172036162,512.0,0.015568487847574006,0.015768047700802337,512.0,48186.0,14176.304531576525,1594.6711138420258,-35.35070537484633,135.42046049382245,930.7202899699731
db15k_native_adamf,D-NA,test,All,42909,120,2026091222,512,10,1.0,59412,Confidence,59412.0,16872.0,2233.0,-39.412898025224585,150.707434497312,1099.1000000000518,1.0,0.2839830337305595,0.03758499966336767,0.03758499966336767,0.13234945471787576,-0.0006633827850472057,0.002536649742431024,0.018499629704437685,,,,,,,,,,,,,,,,,,,,,,,,,,,,,,
db15k_native_adamf,D-NA,test,All,42909,120,2026091222,512,10,1.0,59412,Random,59412.0,16872.0,2233.0,-39.41289802522444,150.70743449731265,1099.100000000079,1.0,0.28398303373055944,0.03758499966336767,0.03758499966336767,0.1323494547178758,-0.0006633827850472051,0.002536649742431025,0.018499629704437928,1.0,1.0,512.0,0.2839830337305595,0.2839830337305595,512.0,0.03758499966336767,0.03758499966336767,512.0,0.03758499966336767,0.03758499966336767,512.0,0.13234945471787576,0.13234945471787576,512.0,-0.0006633827850472062,-0.000663382785047204,512.0,0.002536649742431023,0.002536649742431027,512.0,0.018499629704437894,0.01849962970443797,512.0,59412.0,16872.0,2233.0,-39.412898025224585,150.707434497312,1099.1000000000518
db15k_native_adamf,D-NA,test,Active,14981,32,2026091223,512,0,0.0,59412,Confidence,0.0,0.0,0.0,0.0,0.0,0.0,0.0,0.0,0.0,,,0.0,0.0,0.0,,,,,,,,,,,,,,,,,,,,,,,,,,,,,,
db15k_native_adamf,D-NA,test,Active,14981,32,2026091223,512,0,0.0,59412,Random,0.0,0.0,0.0,0.0,0.0,0.0,0.0,0.0,0.0,,,0.0,0.0,0.0,0.0,0.0,512.0,0.0,0.0,512.0,0.0,0.0,512.0,,,0.0,,,0.0,0.0,0.0,512.0,0.0,0.0,512.0,0.0,0.0,512.0,0.0,0.0,0.0,0.0,0.0,0.0
db15k_native_adamf,D-NA,test,Active,14981,32,2026091223,512,1,0.1,59412,Confidence,1549.0,1549.0,236.0,0.9800380934903589,17.622184288807283,190.94999999999803,0.02607217397158823,0.02607217397158823,0.003972261495994075,0.15235635894125243,0.15235635894125243,1.649562535330167e-05,0.0002966098479904276,0.0032139971722883933,,,,,,,,,,,,,,,,,,,,,,,,,,,,,,
db15k_native_adamf,D-NA,test,Active,14981,32,2026091223,512,1,0.1,59412,Random,1549.0,1549.0,169.64453125,-4.144648657857378,15.134862557514277,101.77451171874998,0.02607217397158823,0.02607217397158823,0.0028553916927556724,0.1095187419302776,0.1095187419302776,-6.976113677131519e-05,0.0002547442024761709,0.0017130295515846968,0.02607217397158823,0.02607217397158823,512.0,0.02607217397158823,0.02607217397158823,512.0,0.0025079108597589714,0.0032186258668282495,512.0,0.0961910910264687,0.1234506132989025,512.0,0.0961910910264687,0.1234506132989025,512.0,-0.00016505720651903384,2.9047261031499582e-05,512.0,0.0001808079573626226,0.0003338294282327202,512.0,0.001676891873695549,0.0017479633744024782,512.0,1549.0,1549.0,170.29019256932204,-3.9116903359695425,14.974416170249894,101.77625848416426
db15k_native_adamf,D-NA,test,Active,14981,32,2026091223,512,2,0.2,59412,Confidence,3108.0,3108.0,460.0,-1.9591271101047034,35.300116992288615,335.94999999999146,0.05231266410826096,0.05231266410826096,0.007742543593886757,0.148005148005148,0.148005148005148,-3.297527620858923e-05,0.0005941580319176028,0.005654581566013456,,,,,,,,,,,,,,,,,,,,,,,,,,,,,,
db15k_native_adamf,D-NA,test,Active,14981,32,2026091223,512,2,0.2,59412,Random,3108.0,3108.0,342.171875,-8.053736995826172,30.20961370777089,204.20830078124706,0.05231266410826096,0.05231266410826096,0.005759305779977109,0.11009391087516088,0.11009391087516088,-0.00013555741257365806,0.0005084766327975983,0.0034371558065920483,0.05231266410826096,0.05231266410826096,512.0,0.05231266410826096,0.05231266410826096,512.0,0.005268295967144685,0.006227698108126304,512.0,0.10070785070785071,0.11904761904761904,512.0,0.10070785070785071,0.11904761904761904,512.0,-0.00027197011452926776,2.9789099026046033e-06,512.0,0.0004064351100059975,0.0006139094436661531,512.0,0.0033890459839762462,0.0034849861980744087,512.0,3108.0,3108.0,341.9188373114033,-7.813578181070794,29.982681761583805,204.25279638886002
db15k_native_adamf,D-NA,test,Active,14981,32,2026091223,512,3,0.3,59412,Confidence,4670.0,4670.0,668.0,-7.443144029619336,53.780080932458,455.9999999999868,0.07860364909445904,0.07860364909445904,0.011243519827644247,0.1430406852248394,0.1430406852248394,-0.00012528014592370792,0.0009052056980485087,0.007675217127852737,,,,,,,,,,,,,,,,,,,,,,,,,,,,,,
db15k_native_adamf,D-NA,test,Active,14981,32,2026091223,512,3,0.3,59412,Random,4670.0,4670.0,513.4921875,-11.986415833850383,45.28893627384655,306.8422851562471,0.07860364909445904,0.07860364909445904,0.008642903580084831,0.1099555005353319,0.1099555005353319,-0.00020175075462617616,0.0007622860074369908,0.005164651672326251,0.07860364909445904,0.07860364909445904,512.0,0.07860364909445904,0.07860364909445904,512.0,0.008062344307547297,0.00922751296034471,512.0,0.1025695931477516,0.11739293361884368,512.0,0.1025695931477516,0.11739293361884368,512.0,-0.0003524832176139921,-5.6351955859836333e-05,512.0,0.0006504720049289307,0.0008860028281475834,512.0,0.005110078771965211,0.005224912475594109,512.0,4670.0,4670.0,513.7778039334214,-11.745801872840492,45.01358214845277,306.84072499260793
db15k_native_adamf,D-NA,test,Active,14981,32,2026091223,512,4,0.4,59412,Confidence,6234.0,6234.0,845.0,-9.199895849430156,68.0787966440829,556.5500000000054,0.10492829731367401,0.10492829731367401,0.014222715949639803,0.13554700032082131,0.13554700032082131,-0.0001548491188552844,0.0011458761974699203,0.009367636167777645,,,,,,,,,,,,,,,,,,,,,,,,,,,,,,
db15k_native_adamf,D-NA,test,Active,14981,32,2026091223,512,4,0.4,59412,Random,6234.0,6234.0,685.36328125,-15.920130810213722,60.34087437840745,409.6182617187503,0.10492829731367402,0.10492829731367402,0.011535771918972598,0.10993957029996793,0.10993957029996793,-0.0002679615365618683,0.001015634457321879,0.006894537496107689,0.10492829731367401,0.10492829731367401,512.0,0.10492829731367401,0.10492829731367401,512.0,0.010936763616777756,0.012173045849323369,512.0,0.10423083092717357,0.11601299326275265,512.0,0.10423083092717357,0.11601299326275265,512.0,-0.00043626299952312413,-0.00010792154086739808,512.0,0.0008867095098038644,0.0011359955082272091,512.0,0.006834288527570195,0.006955202652662757,512.0,6234.0,6234.0,685.8604380025884,-15.64897884601639,60.06464575481769,409.5800508707516
db15k_native_adamf,D-NA,test,Active,14981,32,2026091223,512,5,0.5,59412,Confidence,7797.0,7797.0,1003.0,-11.832864944105355,80.43663648294873,634.7000000000196,0.13123611391638054,0.13123611391638054,0.016882111357974818,0.1286392202129024,0.1286392202129024,-0.0001991662449354567,0.0013538786185105487,0.010683026997913209,,,,,,,,,,,,,,,,,,,,,,,,,,,,,,
db15k_native_adamf,D-NA,test,Active,14981,32,2026091223,512,5,0.5,59412,Random,7797.0,7797.0,857.126953125,-19.728026681299614,75.34585607711122,512.2282226562594,0.13123611391638051,0.13123611391638051,0.014426832174055746,0.10993035181800692,0.10993035181800692,-0.00033205457956809407,0.0012681925549907621,0.008621629008554826,0.13123611391638054,0.13123611391638054,512.0,0.13123611391638054,0.13123611391638054,512.0,0.013798138423214167,0.015081128391570726,512.0,0.10513979735795818,0.11491599333076824,512.0,0.10513979735795818,0.11491599333076824,512.0,-0.0004963726412668417,-0.00017955631435567806,512.0,0.0011276572251198713,0.0013964595577418803,512.0,0.008557846058035576,0.008682231704033021,512.0,7797.0,7797.0,857.8581222571589,-19.5853330722134,75.10854906625609,512.2227575262874
db15k_native_adamf,D-NA,test,Active,14981,32,2026091223,512,6,0.6,59412,Confidence,9353.0,9353.0,1137.0,-12.083266906269252,92.02163142592792,712.7000000000337,0.1574261092035279,0.1574261092035279,0.019137547970107048,0.12156527317438255,0.12156527317438255,-0.0002033809147355627,0.001548872810643101,0.011995893085572506,,,,,,,,,,,,,,,,,,,,,,,,,,,,,,
db15k_native_adamf,D-NA,test,Active,14981,32,2026091223,512,6,0.6,59412,Random,9353.0,9353.0,1030.345703125,-23.7588169218637,90.47772175041929,614.6411132812732,0.1574261092035279,0.1574261092035279,0.017342383746128728,0.11016205528974661,0.11016205528974661,-0.0003998992951232699,0.001522886315061255,0.010345403509076843,0.1574261092035279,0.1574261092035279,512.0,0.1574261092035279,0.1574261092035279,512.0,0.016743671312192822,0.018043492897057832,512.0,0.10635892227092911,0.11461563134823051,512.0,0.10635892227092911,0.11461563134823051,512.0,-0.0005405187573879484,-0.00024350138859078149,512.0,0.0013894305750446337,0.00164920211262736,512.0,0.010281403588501025,0.010401286777082464,512.0,9353.0,9353.0,1029.11176699924,-23.49406562605038,90.11670939255077,614.5117954309832
db15k_native_adamf,D-NA,test,Active,14981,32,2026091223,512,7,0.7,59412,Confidence,10913.0,10913.0,1273.0,-15.087928737105743,104.42568406483326,790.7000000000479,0.18368343095670908,0.18368343095670908,0.02142664781525618,0.11664986713094475,0.11664986713094475,-0.0002539542304097782,0.0017576530678117765,0.013308759173231804,,,,,,,,,,,,,,,,,,,,,,,,,,,,,,
db15k_native_adamf,D-NA,test,Active,14981,32,2026091223,512,7,0.7,59412,Random,10913.0,10913.0,1201.83203125,-27.783225815597056,105.6372327315913,717.1196289062874,0.1836834309567091,0.1836834309567091,0.02022877585757086,0.11012847349491432,0.11012847349491432,-0.0004676366022957829,0.001778045390351971,0.012070282584432226,0.18368343095670908,0.18368343095670908,512.0,0.18368343095670908,0.18368343095670908,512.0,0.01967615969837743,0.020908654817208643,512.0,0.10711994868505452,0.11382983597544212,512.0,0.10711994868505452,0.11382983597544212,512.0,-0.0006110399862197244,-0.0003075481814609941,512.0,0.0016571461744523004,0.0018866972112754194,512.0,0.012013376927220714,0.012127558405709912,512.0,10913.0,10913.0,1200.5944010684068,-27.41019600127099,105.15622117504853,716.9311213091269
db15k_native_adamf,D-NA,test,Active,14981,32,2026091223,512,8,0.8,59412,Confidence,12479.0,12479.0,1424.0,-21.951593928565266,118.79058282786082,869.0000000000618,0.21004174240894097,0.21004174240894097,0.023968221908032047,0.11411170766888372,0.11411170766888372,-0.0003694808107548183,0.0019994375349737564,0.014626674745843631,,,,,,,,,,,,,,,,,,,,,,,,,,,,,,
db15k_native_adamf,D-NA,test,Active,14981,32,2026091223,512,8,0.8,59412,Random,12479.0,12479.0,1373.896484375,-31.62310785634619,120.51430344861572,819.9431640625504,0.21004174240894094,0.21004174240894094,0.023124898747306943,0.11009668117437295,0.11009668117437295,-0.0005322680242433547,0.00202845053943001,0.013800968896225538,0.21004174240894097,0.21004174240894097,512.0,0.21004174240894097,0.21004174240894097,512.0,0.022588029354339192,0.02366903992459436,512.0,0.10754066832278228,0.11268731468867697,512.0,0.10754066832278228,0.11268731468867697,512.0,-0.000657030180426509,-0.000395423751139681,512.0,0.0019167132197236837,0.002126613956141563,512.0,0.013752924493369184,0.013847370901502247,512.0,12479.0,12479.0,1373.0533676904251,-31.32946629099598,120.19867338578466,819.839049912875
db15k_native_adamf,D-NA,test,Active,14981,32,2026091223,512,9,0.9,59412,Confidence,14034.0,14034.0,1574.0,-31.901874377030808,136.05885709574198,946.7500000000759,0.23621490607957987,0.23621490607957987,0.026492964384299468,0.11215619210488813,0.11215619210488813,-0.0005369601154149129,0.002290090505213458,0.015935332929375816,,,,,,,,,,,,,,,,,,,,,,,,,,,,,,
db15k_native_adamf,D-NA,test,Active,14981,32,2026091223,512,9,0.9,59412,Random,14034.0,14034.0,1544.490234375,-35.69471100290155,135.50720516961832,922.0552734375692,0.23621490607957982,0.23621490607957982,0.025996267326045243,0.11005345834224028,0.11005345834224028,-0.0006007996869807712,0.002280805311546797,0.01551968076209465,0.23621490607957987,0.23621490607957987,512.0,0.23621490607957987,0.23621490607957987,512.0,0.025597101595637245,0.02642563791826567,512.0,0.1083636169303121,0.11187117001567622,512.0,0.1083636169303121,0.11187117001567622,512.0,-0.000690753740434925,-0.0005040000500332151,512.0,0.0022051458665092497,0.002352819474897121,512.0,0.015481531508787241,0.015558494075272112,512.0,14034.0,14034.0,1544.0820124325062,-35.24430753814194,135.19538715325137,921.9955878175706
db15k_native_adamf,D-NA,test,Active,14981,32,2026091223,512,10,1.0,59412,Confidence,16872.0,16872.0,2233.0,-39.412898025224585,150.707434497312,1099.1000000000518,0.2839830337305595,0.2839830337305595,0.03758499966336767,0.13234945471787576,0.13234945471787576,-0.0006633827850472057,0.002536649742431024,0.018499629704437685,,,,,,,,,,,,,,,,,,,,,,,,,,,,,,
db15k_native_adamf,D-NA,test,Active,14981,32,2026091223,512,10,1.0,59412,Random,16872.0,16872.0,2233.0,-39.412898025224436,150.70743449731265,1099.1000000000788,0.28398303373055944,0.28398303373055944,0.03758499966336767,0.1323494547178758,0.1323494547178758,-0.0006633827850472051,0.002536649742431025,0.018499629704437928,0.2839830337305595,0.2839830337305595,512.0,0.2839830337305595,0.2839830337305595,512.0,0.03758499966336767,0.03758499966336767,512.0,0.13234945471787576,0.13234945471787576,512.0,0.13234945471787576,0.13234945471787576,512.0,-0.0006633827850472061,-0.0006633827850472038,512.0,0.002536649742431023,0.002536649742431027,512.0,0.018499629704437894,0.01849962970443797,512.0,16872.0,16872.0,2233.0,-39.412898025224585,150.707434497312,1099.1000000000518
